task_id,harness,paired_outcome,harness_correct,n_segments,arm_sequence,dominant_mode,dominant_rate,arm_entropy,rate_SE,rate_PD,rate_CV,rate_IC,rate_UN,rate_RR,rate_reason,reason->reason,reason->PD,PD->IC,looping_marker_count,self_correction_marker_count,uncertainty_marker_count,harness_repeated_ngram_rate,harness_mean_entropy,harness_n_tokens,harness_malformed_prediction,harness_missing_boxed_answer,reason->IC,IC->reason,PD->reason,reason->UN,UN->reason,PD->PD,IC->PD,reason->SE,PD->UN,IC->IC,reason->RR,RR->reason,PD->SE,SE->reason,SE->PD,UN->UN,UN->PD,UN->IC,IC->UN,RR->PD,PD->RR,RR->UN,RR->RR,UN->RR,IC->RR,SE->IC
gpqa_0,openclaw,both_correct,True,6,reason|reason|reason|reason|PD|IC,reason,0.6666666666666666,0.8676,0.0,0.1667,0.0,0.1667,0.0,0.0,0.6667,0.6,0.2,0.2,1,5,0,0.1381692573402418,0.3139365549458475,1051,False,False,,,,,,,,,,,,,,,,,,,,,,,,,,
gpqa_1,openclaw,both_correct,True,6,reason|IC|reason|IC|reason|IC,reason,0.5,0.6931,0.0,0.0,0.0,0.5,0.0,0.0,0.5,,,,4,2,0,0.1345238095238095,0.3299891855972895,1882,False,False,0.6,0.4,,,,,,,,,,,,,,,,,,,,,,,,
gpqa_10,openclaw,rescue,True,61,reason|reason|reason|reason|PD|reason|UN|reason|reason|UN|reason|reason|PD|reason|reason|reason|reason|reason|reason|reason|reason|reason|reason|reason|reason|reason|reason|reason|reason|reason|reason|reason|reason|reason|reason|reason|reason|reason|reason|reason|reason|reason|reason|reason|PD|reason|reason|reason|reason|reason|reason|reason|reason|reason|reason|reason|reason|IC|reason|IC|reason,reason,0.8852459016393442,0.4802,0.0,0.0492,0.0,0.0328,0.0328,0.0,0.8852,0.7667,0.05,,32,13,0,0.2732558139534883,0.2793447835890891,3458,False,False,0.0333,0.0333,0.05,0.0333,0.0333,,,,,,,,,,,,,,,,,,,,,
gpqa_100,openclaw,both_wrong,False,2,reason|UN,reason,0.5,0.6931,0.0,0.0,0.0,0.0,0.5,0.0,0.5,,,,5,480,4,0.96234369759977,0.0265833231274897,36994,True,True,,,,1.0,,,,,,,,,,,,,,,,,,,,,,
gpqa_101,openclaw,both_wrong,False,2,PD|PD,PD,1.0,-0.0,0.0,1.0,0.0,0.0,0.0,0.0,0.0,,,,152,304,77,0.9683943849156906,0.0264267748561478,36997,True,True,,,,,,1.0,,,,,,,,,,,,,,,,,,,,
gpqa_102,openclaw,regression,False,2,PD|PD,PD,1.0,-0.0,0.0,1.0,0.0,0.0,0.0,0.0,0.0,,,,1,5,3,0.9866374589266156,0.0149082473185111,36997,True,True,,,,,,1.0,,,,,,,,,,,,,,,,,,,,
gpqa_103,openclaw,both_wrong,False,2,PD|PD,PD,1.0,-0.0,0.0,1.0,0.0,0.0,0.0,0.0,0.0,,,,1,54,8,0.0820476858345021,0.2694338188423879,3870,False,False,,,,,,1.0,,,,,,,,,,,,,,,,,,,,
gpqa_104,openclaw,both_correct,True,2,PD|PD,PD,1.0,-0.0,0.0,1.0,0.0,0.0,0.0,0.0,0.0,,,,6,2,7,0.0997566909975669,0.4262714785931303,2766,False,False,,,,,,1.0,,,,,,,,,,,,,,,,,,,,
gpqa_105,openclaw,both_correct,True,2,reason|PD,reason,0.5,0.6931,0.0,0.5,0.0,0.0,0.0,0.0,0.5,,1.0,,1,0,1,0.086342229199372,0.3354918154758119,1469,False,False,,,,,,,,,,,,,,,,,,,,,,,,,,
gpqa_106,openclaw,both_wrong,False,2,PD|PD,PD,1.0,-0.0,0.0,1.0,0.0,0.0,0.0,0.0,0.0,,,,755,1,1,0.978904282115869,0.0190701474314163,64777,True,True,,,,,,1.0,,,,,,,,,,,,,,,,,,,,
gpqa_107,openclaw,both_wrong,False,2,PD|PD,PD,1.0,-0.0,0.0,1.0,0.0,0.0,0.0,0.0,0.0,,,,0,3,0,0.036144578313253,0.4106245093774393,511,True,True,,,,,,1.0,,,,,,,,,,,,,,,,,,,,
gpqa_108,openclaw,both_wrong,False,2,reason|reason,reason,1.0,-0.0,0.0,0.0,0.0,0.0,0.0,0.0,1.0,1.0,,,0,0,0,0.0,0.0,0,True,True,,,,,,,,,,,,,,,,,,,,,,,,,,
gpqa_109,openclaw,both_wrong,False,2,PD|PD,PD,1.0,-0.0,0.0,1.0,0.0,0.0,0.0,0.0,0.0,,,,16,29,4,0.1444249341527655,0.3402734132873805,11309,False,False,,,,,,1.0,,,,,,,,,,,,,,,,,,,,
gpqa_11,openclaw,both_correct,True,4,reason|PD|reason|PD,reason,0.5,0.6931,0.0,0.5,0.0,0.0,0.0,0.0,0.5,,0.6667,,0,6,0,0.0831024930747922,0.2150614690782764,796,False,False,,,0.3333,,,,,,,,,,,,,,,,,,,,,,,
gpqa_110,openclaw,regression,False,2,PD|PD,PD,1.0,-0.0,0.0,1.0,0.0,0.0,0.0,0.0,0.0,,,,230,230,229,0.9875198927883408,0.0370122567919135,54424,True,True,,,,,,1.0,,,,,,,,,,,,,,,,,,,,
gpqa_111,openclaw,both_wrong,False,6,reason|PD|PD|PD|IC|PD,PD,0.6666666666666666,0.8676,0.0,0.6667,0.0,0.1667,0.0,0.0,0.1667,,0.2,0.2,2,7,0,0.0889952153110047,0.3887905119648778,3482,False,False,,,,,,0.4,0.2,,,,,,,,,,,,,,,,,,,
gpqa_112,openclaw,both_wrong,False,2,PD|reason,PD,0.5,0.6931,0.0,0.5,0.0,0.0,0.0,0.0,0.5,,,,0,0,0,0.0,0.0,0,True,True,,,1.0,,,,,,,,,,,,,,,,,,,,,,,
gpqa_113,openclaw,both_wrong,False,2,PD|PD,PD,1.0,-0.0,0.0,1.0,0.0,0.0,0.0,0.0,0.0,,,,3,9,3,0.0638792102206736,0.3502490288728195,1959,False,False,,,,,,1.0,,,,,,,,,,,,,,,,,,,,
gpqa_114,openclaw,rescue,True,2,PD|PD,PD,1.0,-0.0,0.0,1.0,0.0,0.0,0.0,0.0,0.0,,,,1,2,1,0.0732484076433121,0.1951487707824254,1497,False,False,,,,,,1.0,,,,,,,,,,,,,,,,,,,,
gpqa_115,openclaw,both_correct,True,2,PD|PD,PD,1.0,-0.0,0.0,1.0,0.0,0.0,0.0,0.0,0.0,,,,0,5,1,0.0401396160558464,0.4025292764482571,4161,False,False,,,,,,1.0,,,,,,,,,,,,,,,,,,,,
gpqa_116,openclaw,both_wrong,False,2,reason|PD,reason,0.5,0.6931,0.0,0.5,0.0,0.0,0.0,0.0,0.5,,1.0,,306,909,0,0.9665302591742356,0.0,0,True,True,,,,,,,,,,,,,,,,,,,,,,,,,,
gpqa_117,openclaw,both_correct,True,2,PD|PD,PD,1.0,-0.0,0.0,1.0,0.0,0.0,0.0,0.0,0.0,,,,0,6,0,0.0793650793650793,0.312496458382379,3412,False,False,,,,,,1.0,,,,,,,,,,,,,,,,,,,,
gpqa_118,openclaw,both_correct,True,2,reason|PD,reason,0.5,0.6931,0.0,0.5,0.0,0.0,0.0,0.0,0.5,,1.0,,7,17,0,0.0770901194353963,0.3841608817791287,2029,False,False,,,,,,,,,,,,,,,,,,,,,,,,,,
gpqa_119,openclaw,rescue,True,2,PD|PD,PD,1.0,-0.0,0.0,1.0,0.0,0.0,0.0,0.0,0.0,,,,0,25,1,0.0867992766726944,0.2960303909246122,4291,False,False,,,,,,1.0,,,,,,,,,,,,,,,,,,,,
gpqa_12,openclaw,regression,False,2,PD|PD,PD,1.0,-0.0,0.0,1.0,0.0,0.0,0.0,0.0,0.0,,,,54,3,0,0.940565118544982,0.0299657709260934,24937,True,True,,,,,,1.0,,,,,,,,,,,,,,,,,,,,
gpqa_120,openclaw,both_wrong,False,2,PD|IC,PD,0.5,0.6931,0.0,0.5,0.0,0.5,0.0,0.0,0.0,,,1.0,336,10,1,0.9809607867860296,0.0,0,True,True,,,,,,,,,,,,,,,,,,,,,,,,,,
gpqa_121,openclaw,both_correct,True,2,reason|PD,reason,0.5,0.6931,0.0,0.5,0.0,0.0,0.0,0.0,0.5,,1.0,,2,1,0,0.1370143149284253,0.2382733172457408,1049,False,False,,,,,,,,,,,,,,,,,,,,,,,,,,
gpqa_122,openclaw,both_correct,True,6,PD|PD|PD|PD|PD|PD,PD,1.0,-0.0,0.0,1.0,0.0,0.0,0.0,0.0,0.0,,,,0,5,0,0.0595667870036101,0.3792946235393061,1045,False,False,,,,,,1.0,,,,,,,,,,,,,,,,,,,,
gpqa_123,openclaw,both_wrong,False,2,reason|PD,reason,0.5,0.6931,0.0,0.5,0.0,0.0,0.0,0.0,0.5,,1.0,,2,7,4,0.0818181818181818,0.3501531737218936,4749,False,False,,,,,,,,,,,,,,,,,,,,,,,,,,
gpqa_124,openclaw,regression,False,2,reason|SE,reason,0.5,0.6931,0.5,0.0,0.0,0.0,0.0,0.0,0.5,,,,7,4,1,0.9082053203446984,0.0607184425229938,13762,True,True,,,,,,,,1.0,,,,,,,,,,,,,,,,,,
gpqa_125,openclaw,regression,False,2,PD|PD,PD,1.0,-0.0,0.0,1.0,0.0,0.0,0.0,0.0,0.0,,,,24,565,136,0.937991059333514,0.0929080420829657,66646,True,True,,,,,,1.0,,,,,,,,,,,,,,,,,,,,
gpqa_126,openclaw,both_correct,True,2,PD|PD,PD,1.0,-0.0,0.0,1.0,0.0,0.0,0.0,0.0,0.0,,,,0,5,0,0.0925714285714285,0.2885125391697404,1981,False,False,,,,,,1.0,,,,,,,,,,,,,,,,,,,,
gpqa_127,openclaw,regression,False,2,reason|PD,reason,0.5,0.6931,0.0,0.5,0.0,0.0,0.0,0.0,0.5,,1.0,,0,131,0,0.9547345004352452,0.0320790958206604,13761,True,True,,,,,,,,,,,,,,,,,,,,,,,,,,
gpqa_128,openclaw,regression,False,2,reason|SE,reason,0.5,0.6931,0.5,0.0,0.0,0.0,0.0,0.0,0.5,,,,7,4,1,0.9415271324625232,0.1024630323635174,17382,True,True,,,,,,,,1.0,,,,,,,,,,,,,,,,,,
gpqa_129,openclaw,both_wrong,False,2,PD|UN,PD,0.5,0.6931,0.0,0.5,0.0,0.0,0.5,0.0,0.0,,,,315,315,312,0.9864363221016562,0.0315024809251117,62536,True,True,,,,,,,,,1.0,,,,,,,,,,,,,,,,,
gpqa_13,openclaw,both_correct,True,4,reason|PD|reason|IC,reason,0.5,1.0397,0.0,0.25,0.0,0.25,0.0,0.0,0.5,,0.3333,,0,0,0,0.0878378378378378,0.1358175430789809,1209,False,False,0.3333,,0.3333,,,,,,,,,,,,,,,,,,,,,,,
gpqa_130,openclaw,both_wrong,False,2,reason|PD,reason,0.5,0.6931,0.0,0.5,0.0,0.0,0.0,0.0,0.5,,1.0,,0,186,0,0.970252484555466,0.0405779192541762,17382,True,True,,,,,,,,,,,,,,,,,,,,,,,,,,
gpqa_131,openclaw,regression,False,2,PD|PD,PD,1.0,-0.0,0.0,1.0,0.0,0.0,0.0,0.0,0.0,,,,329,18,1,0.9616875793035388,0.0359357361012934,84104,True,True,,,,,,1.0,,,,,,,,,,,,,,,,,,,,
gpqa_132,openclaw,both_correct,True,10,PD|PD|reason|reason|reason|reason|reason|reason|PD|PD,reason,0.6,0.673,0.0,0.4,0.0,0.0,0.0,0.0,0.6,0.5556,0.1111,,2,6,0,0.132858837485172,0.1076837006662702,5417,False,False,,,0.1111,,,0.2222,,,,,,,,,,,,,,,,,,,,
gpqa_133,openclaw,both_correct,True,2,PD|PD,PD,1.0,-0.0,0.0,1.0,0.0,0.0,0.0,0.0,0.0,,,,0,5,0,0.0925714285714285,0.0,0,False,False,,,,,,1.0,,,,,,,,,,,,,,,,,,,,
gpqa_134,openclaw,both_wrong,False,2,reason|PD,reason,0.5,0.6931,0.0,0.5,0.0,0.0,0.0,0.0,0.5,,1.0,,2,4,0,0.977289558133794,0.0245604860715078,52330,True,True,,,,,,,,,,,,,,,,,,,,,,,,,,
gpqa_135,openclaw,both_wrong,False,2,reason|PD,reason,0.5,0.6931,0.0,0.5,0.0,0.0,0.0,0.0,0.5,,1.0,,259,2,0,0.980135081446166,0.0313966461125399,85143,True,True,,,,,,,,,,,,,,,,,,,,,,,,,,
gpqa_136,openclaw,regression,False,2,reason|PD,reason,0.5,0.6931,0.0,0.5,0.0,0.0,0.0,0.0,0.5,,1.0,,6,315,152,0.9586894094038682,0.0585462372582014,59643,True,True,,,,,,,,,,,,,,,,,,,,,,,,,,
gpqa_137,openclaw,rescue,True,2,PD|PD,PD,1.0,-0.0,0.0,1.0,0.0,0.0,0.0,0.0,0.0,,,,1,18,0,0.1257035647279549,0.2569668850448994,5014,False,False,,,,,,1.0,,,,,,,,,,,,,,,,,,,,
gpqa_138,openclaw,both_correct,True,4,PD|PD|PD|PD,PD,1.0,-0.0,0.0,1.0,0.0,0.0,0.0,0.0,0.0,,,,0,0,0,0.1219110378912685,0.2762824463470985,5489,False,False,,,,,,1.0,,,,,,,,,,,,,,,,,,,,
gpqa_139,openclaw,regression,False,2,PD|PD,PD,1.0,-0.0,0.0,1.0,0.0,0.0,0.0,0.0,0.0,,,,0,4,0,0.9809941520467836,0.0329030993741842,52065,True,True,,,,,,1.0,,,,,,,,,,,,,,,,,,,,
gpqa_14,openclaw,both_correct,True,4,reason|PD|reason|IC,reason,0.5,1.0397,0.0,0.25,0.0,0.25,0.0,0.0,0.5,,0.3333,,0,0,0,0.0878378378378378,0.0,0,False,False,0.3333,,0.3333,,,,,,,,,,,,,,,,,,,,,,,
gpqa_140,openclaw,regression,False,2,PD|PD,PD,1.0,-0.0,0.0,1.0,0.0,0.0,0.0,0.0,0.0,,,,357,538,0,0.9793083628700068,0.0284093677488198,79827,True,True,,,,,,1.0,,,,,,,,,,,,,,,,,,,,
gpqa_141,openclaw,both_correct,True,6,PD|PD|PD|PD|PD|PD,PD,1.0,-0.0,0.0,1.0,0.0,0.0,0.0,0.0,0.0,,,,2,4,1,0.1203319502074688,0.3213225498577078,4573,False,False,,,,,,1.0,,,,,,,,,,,,,,,,,,,,
gpqa_142,openclaw,both_correct,True,2,reason|PD,reason,0.5,0.6931,0.0,0.5,0.0,0.0,0.0,0.0,0.5,,1.0,,2,32,0,0.1166101694915254,0.3359328634008529,10329,False,False,,,,,,,,,,,,,,,,,,,,,,,,,,
gpqa_143,openclaw,regression,False,2,PD|PD,PD,1.0,-0.0,0.0,1.0,0.0,0.0,0.0,0.0,0.0,,,,351,1,0,0.987688404715714,0.0429994380782354,53483,True,True,,,,,,1.0,,,,,,,,,,,,,,,,,,,,
gpqa_144,openclaw,both_correct,True,2,PD|PD,PD,1.0,-0.0,0.0,1.0,0.0,0.0,0.0,0.0,0.0,,,,2,6,0,0.0538302277432712,0.282814263493689,3634,False,False,,,,,,1.0,,,,,,,,,,,,,,,,,,,,
gpqa_145,openclaw,both_correct,True,2,reason|PD,reason,0.5,0.6931,0.0,0.5,0.0,0.0,0.0,0.0,0.5,,1.0,,0,6,0,0.0700729927007299,0.3706586279532826,5026,False,False,,,,,,,,,,,,,,,,,,,,,,,,,,
gpqa_146,openclaw,both_correct,True,2,PD|PD,PD,1.0,-0.0,0.0,1.0,0.0,0.0,0.0,0.0,0.0,,,,3,18,0,0.1724137931034483,0.2364041993760214,4008,False,False,,,,,,1.0,,,,,,,,,,,,,,,,,,,,
gpqa_147,openclaw,both_correct,True,6,IC|PD|reason|reason|IC|IC,IC,0.5,1.0114,0.0,0.1667,0.0,0.5,0.0,0.0,0.3333,0.2,,,0,0,0,0.1599229287090559,0.1480875318864538,4244,False,False,0.2,,0.2,,,,0.2,,,0.2,,,,,,,,,,,,,,,,
gpqa_148,openclaw,both_correct,True,4,PD|PD|reason|PD,PD,0.75,0.5623,0.0,0.75,0.0,0.0,0.0,0.0,0.25,,0.3333,,2,0,1,0.0943820224719101,0.2038387308474667,3396,False,False,,,0.3333,,,0.3333,,,,,,,,,,,,,,,,,,,,
gpqa_149,openclaw,both_wrong,False,4,reason|PD|reason|PD,reason,0.5,0.6931,0.0,0.5,0.0,0.0,0.0,0.0,0.5,,0.6667,,2,0,0,0.1017316017316017,0.1863423231861906,3795,False,False,,,0.3333,,,,,,,,,,,,,,,,,,,,,,,
gpqa_15,openclaw,both_correct,True,2,PD|PD,PD,1.0,-0.0,0.0,1.0,0.0,0.0,0.0,0.0,0.0,,,,1,2,2,0.0564102564102564,0.375327060097909,1343,False,False,,,,,,1.0,,,,,,,,,,,,,,,,,,,,
gpqa_150,openclaw,both_correct,True,14,reason|RR|reason|reason|reason|reason|reason|UN|reason|reason|reason|reason|reason|PD,reason,0.7857142857142857,0.755,0.0,0.0714,0.0,0.0,0.0714,0.0714,0.7857,0.6154,0.0769,,6,7,1,0.1575037147102526,0.0643207393217776,5793,False,False,,,,0.0769,0.0769,,,,,,0.0769,0.0769,,,,,,,,,,,,,,
gpqa_151,openclaw,both_correct,True,4,PD|PD|reason|PD,PD,0.75,0.5623,0.0,0.75,0.0,0.0,0.0,0.0,0.25,,0.3333,,2,0,0,0.075208913649025,0.1908739946274325,2867,False,False,,,0.3333,,,0.3333,,,,,,,,,,,,,,,,,,,,
gpqa_152,openclaw,both_correct,True,4,reason|reason|reason|reason,reason,1.0,-0.0,0.0,0.0,0.0,0.0,0.0,0.0,1.0,1.0,,,0,8,0,0.2111111111111111,0.1745796960334705,2755,False,False,,,,,,,,,,,,,,,,,,,,,,,,,,
gpqa_153,openclaw,both_correct,True,2,reason|PD,reason,0.5,0.6931,0.0,0.5,0.0,0.0,0.0,0.0,0.5,,1.0,,0,2,0,0.1185840707964601,0.3574778949797195,2633,False,False,,,,,,,,,,,,,,,,,,,,,,,,,,
gpqa_154,openclaw,both_correct,True,6,reason|PD|reason|reason|reason|RR,reason,0.6666666666666666,0.8676,0.0,0.1667,0.0,0.0,0.0,0.1667,0.6667,0.4,0.2,,2,5,0,0.0495689655172413,0.2188113682905435,1553,False,False,,,0.2,,,,,,,,0.2,,,,,,,,,,,,,,,
gpqa_155,openclaw,both_correct,True,4,PD|PD|reason|PD,PD,0.75,0.5623,0.0,0.75,0.0,0.0,0.0,0.0,0.25,,0.3333,,0,0,0,0.1497919556171983,0.2393664475520428,1739,False,False,,,0.3333,,,0.3333,,,,,,,,,,,,,,,,,,,,
gpqa_156,openclaw,both_correct,True,4,reason|PD|reason|PD,reason,0.5,0.6931,0.0,0.5,0.0,0.0,0.0,0.0,0.5,,0.6667,,1,0,0,0.0769230769230769,0.219376594263719,1237,False,False,,,0.3333,,,,,,,,,,,,,,,,,,,,,,,
gpqa_157,openclaw,both_correct,True,6,reason|PD|reason|PD|PD|PD,PD,0.6666666666666666,0.6365,0.0,0.6667,0.0,0.0,0.0,0.0,0.3333,,0.4,,1,6,0,0.1200923787528868,0.2739558621913225,1012,False,False,,,0.2,,,0.4,,,,,,,,,,,,,,,,,,,,
gpqa_158,openclaw,both_correct,True,4,reason|reason|reason|IC,reason,0.75,0.5623,0.0,0.0,0.0,0.25,0.0,0.0,0.75,0.6667,,,1,3,0,0.0923623445825932,0.2566572117075992,2334,False,False,0.3333,,,,,,,,,,,,,,,,,,,,,,,,,
gpqa_159,openclaw,both_correct,True,2,reason|PD,reason,0.5,0.6931,0.0,0.5,0.0,0.0,0.0,0.0,0.5,,1.0,,1,3,0,0.1321499013806706,0.1000199892968353,2165,False,False,,,,,,,,,,,,,,,,,,,,,,,,,,
gpqa_16,openclaw,both_correct,True,2,reason|IC,reason,0.5,0.6931,0.0,0.0,0.0,0.5,0.0,0.0,0.5,,,,1,9,1,0.037109375,0.352377523785651,1260,False,False,1.0,,,,,,,,,,,,,,,,,,,,,,,,,
gpqa_160,openclaw,regression,False,2,PD|PD,PD,1.0,-0.0,0.0,1.0,0.0,0.0,0.0,0.0,0.0,,,,1,0,0,0.9556998917478556,0.0101731203590696,68389,True,True,,,,,,1.0,,,,,,,,,,,,,,,,,,,,
gpqa_161,openclaw,both_correct,True,4,reason|PD|reason|IC,reason,0.5,1.0397,0.0,0.25,0.0,0.25,0.0,0.0,0.5,,0.3333,,1,5,0,0.0798722044728434,0.2794556137110305,1551,False,False,0.3333,,0.3333,,,,,,,,,,,,,,,,,,,,,,,
gpqa_162,openclaw,regression,False,2,reason|PD,reason,0.5,0.6931,0.0,0.5,0.0,0.0,0.0,0.0,0.5,,1.0,,191,193,1,0.94703276047261,0.028389973993731,38972,True,True,,,,,,,,,,,,,,,,,,,,,,,,,,
gpqa_163,openclaw,both_correct,True,8,reason|PD|reason|reason|reason|reason|reason|PD,reason,0.75,0.5623,0.0,0.25,0.0,0.0,0.0,0.0,0.75,0.5714,0.2857,,3,0,0,0.1661538461538461,0.1651265921190318,906,False,False,,,0.1429,,,,,,,,,,,,,,,,,,,,,,,
gpqa_164,openclaw,both_correct,True,4,reason|reason|reason|reason,reason,1.0,-0.0,0.0,0.0,0.0,0.0,0.0,0.0,1.0,1.0,,,0,0,0,0.2741935483870967,0.1087728762842964,1415,False,False,,,,,,,,,,,,,,,,,,,,,,,,,,
gpqa_165,openclaw,regression,False,2,PD|PD,PD,1.0,-0.0,0.0,1.0,0.0,0.0,0.0,0.0,0.0,,,,0,2,0,0.1133501259445843,0.0,0,True,True,,,,,,1.0,,,,,,,,,,,,,,,,,,,,
gpqa_166,openclaw,regression,False,2,reason|PD,reason,0.5,0.6931,0.0,0.5,0.0,0.0,0.0,0.0,0.5,,1.0,,2,0,0,0.1307420494699646,0.0,0,True,True,,,,,,,,,,,,,,,,,,,,,,,,,,
gpqa_167,openclaw,regression,False,6,PD|reason|reason|reason|reason|reason,reason,0.8333333333333334,0.4506,0.0,0.1667,0.0,0.0,0.0,0.0,0.8333,0.8,,,2,0,0,0.1304347826086956,0.1424039847201738,868,True,True,,,0.2,,,,,,,,,,,,,,,,,,,,,,,
gpqa_168,openclaw,both_correct,True,8,PD|PD|reason|RR|reason|reason|reason|PD,reason,0.5,0.9743,0.0,0.375,0.0,0.0,0.0,0.125,0.5,0.2857,0.1429,,1,0,0,0.1567460317460317,0.1171747424937498,1484,False,False,,,0.1429,,,0.1429,,,,,0.1429,0.1429,,,,,,,,,,,,,,
gpqa_169,openclaw,both_correct,True,2,PD|IC,PD,0.5,0.6931,0.0,0.5,0.0,0.5,0.0,0.0,0.0,,,1.0,0,1,0,0.1744749596122778,0.3788855937735867,892,False,False,,,,,,,,,,,,,,,,,,,,,,,,,,
gpqa_17,openclaw,both_correct,True,6,reason|PD|reason|RR|reason|PD,reason,0.5,1.0114,0.0,0.3333,0.0,0.0,0.0,0.1667,0.5,,0.4,,2,9,0,0.0824295010845987,0.1625081724065001,1578,False,False,,,0.2,,,,,,,,0.2,0.2,,,,,,,,,,,,,,
gpqa_170,openclaw,both_correct,True,4,PD|PD|reason|PD,PD,0.75,0.5623,0.0,0.75,0.0,0.0,0.0,0.0,0.25,,0.3333,,1,0,0,0.197841726618705,0.1278377672364255,980,False,False,,,0.3333,,,0.3333,,,,,,,,,,,,,,,,,,,,
gpqa_171,openclaw,both_correct,True,6,reason|PD|reason|reason|reason|RR,reason,0.6666666666666666,0.8676,0.0,0.1667,0.0,0.0,0.0,0.1667,0.6667,0.4,0.2,,2,5,0,0.0495689655172413,0.0,0,False,False,,,0.2,,,,,,,,0.2,,,,,,,,,,,,,,,
gpqa_172,openclaw,regression,False,2,PD|IC,PD,0.5,0.6931,0.0,0.5,0.0,0.5,0.0,0.0,0.0,,,1.0,0,1,0,0.1744749596122778,0.1102392044772807,7542,True,False,,,,,,,,,,,,,,,,,,,,,,,,,,
gpqa_173,openclaw,regression,False,4,PD|PD|reason|PD,PD,0.75,0.5623,0.0,0.75,0.0,0.0,0.0,0.0,0.25,,0.3333,,1,0,0,0.197841726618705,0.0841590140264,7808,True,False,,,0.3333,,,0.3333,,,,,,,,,,,,,,,,,,,,
gpqa_174,openclaw,both_correct,True,6,PD|PD|reason|reason|reason|PD,PD,0.5,0.6931,0.0,0.5,0.0,0.0,0.0,0.0,0.5,0.4,0.2,,7,9,1,0.1168032786885246,0.1124018896118856,6670,False,False,,,0.2,,,0.2,,,,,,,,,,,,,,,,,,,,
gpqa_175,openclaw,both_correct,True,6,PD|SE|reason|reason|reason|PD,reason,0.5,1.0114,0.1667,0.3333,0.0,0.0,0.0,0.0,0.5,0.4,0.2,,2,3,0,0.192170818505338,0.047686392243662,5808,False,False,,,,,,,,,,,,,0.2,0.2,,,,,,,,,,,,
gpqa_176,openclaw,both_correct,True,2,reason|PD,reason,0.5,0.6931,0.0,0.5,0.0,0.0,0.0,0.0,0.5,,1.0,,2,0,0,0.0642201834862385,0.3563425983624981,1154,False,False,,,,,,,,,,,,,,,,,,,,,,,,,,
gpqa_177,openclaw,regression,False,2,PD|PD,PD,1.0,-0.0,0.0,1.0,0.0,0.0,0.0,0.0,0.0,,,,1,0,0,0.1125541125541125,0.0,0,True,True,,,,,,1.0,,,,,,,,,,,,,,,,,,,,
gpqa_178,openclaw,both_correct,True,2,PD|PD,PD,1.0,-0.0,0.0,1.0,0.0,0.0,0.0,0.0,0.0,,,,1,3,0,0.2142011834319526,0.1714360946762902,2459,False,False,,,,,,1.0,,,,,,,,,,,,,,,,,,,,
gpqa_179,openclaw,both_correct,True,6,reason|RR|reason|reason|reason|reason,reason,0.8333333333333334,0.4506,0.0,0.0,0.0,0.0,0.0,0.1667,0.8333,0.6,,,0,1,0,0.0609480812641083,0.2394297879202122,1326,False,False,,,,,,,,,,,0.2,0.2,,,,,,,,,,,,,,
gpqa_18,openclaw,both_wrong,False,2,PD|PD,PD,1.0,-0.0,0.0,1.0,0.0,0.0,0.0,0.0,0.0,,,,281,4,0,0.9774617971561744,0.0372142835227099,27044,True,True,,,,,,1.0,,,,,,,,,,,,,,,,,,,,
gpqa_180,openclaw,both_correct,True,4,PD|PD|reason|PD,PD,0.75,0.5623,0.0,0.75,0.0,0.0,0.0,0.0,0.25,,0.3333,,0,1,0,0.1839080459770115,0.1265123593014251,1176,False,False,,,0.3333,,,0.3333,,,,,,,,,,,,,,,,,,,,
gpqa_181,openclaw,both_correct,True,2,PD|PD,PD,1.0,-0.0,0.0,1.0,0.0,0.0,0.0,0.0,0.0,,,,1,0,0,0.2415458937198067,0.1366620410482047,1865,False,False,,,,,,1.0,,,,,,,,,,,,,,,,,,,,
gpqa_182,openclaw,both_correct,True,8,reason|PD|reason|reason|reason|reason|reason|reason,reason,0.875,0.3768,0.0,0.125,0.0,0.0,0.0,0.0,0.875,0.7143,0.1429,,2,0,0,0.0698529411764705,0.1705294147275123,1926,False,False,,,0.1429,,,,,,,,,,,,,,,,,,,,,,,
gpqa_183,openclaw,both_correct,True,6,reason|PD|reason|reason|reason|PD,reason,0.6666666666666666,0.6365,0.0,0.3333,0.0,0.0,0.0,0.0,0.6667,0.4,0.4,,2,0,0,0.2234273318872017,0.114190274422805,1590,False,False,,,0.2,,,,,,,,,,,,,,,,,,,,,,,
gpqa_184,openclaw,both_correct,True,10,PD|PD|reason|reason|reason|reason|reason|reason|reason|IC,reason,0.7,0.8018,0.0,0.2,0.0,0.1,0.0,0.0,0.7,0.6667,,,4,0,0,0.0958549222797927,0.2155645887886313,969,False,False,0.1111,,0.1111,,,0.1111,,,,,,,,,,,,,,,,,,,,
gpqa_185,openclaw,both_correct,True,2,reason|RR,reason,0.5,0.6931,0.0,0.0,0.0,0.0,0.0,0.5,0.5,,,,4,41,7,0.1673151750972762,0.3617763806654615,3847,False,False,,,,,,,,,,,1.0,,,,,,,,,,,,,,,
gpqa_186,openclaw,both_correct,True,6,reason|PD|reason|reason|reason|PD,reason,0.6666666666666666,0.6365,0.0,0.3333,0.0,0.0,0.0,0.0,0.6667,0.4,0.4,,1,1,0,0.2628865979381443,0.1068570043419641,1297,False,False,,,0.2,,,,,,,,,,,,,,,,,,,,,,,
gpqa_187,openclaw,both_correct,True,4,reason|PD|reason|IC,reason,0.5,1.0397,0.0,0.25,0.0,0.25,0.0,0.0,0.5,,0.3333,,1,0,0,0.1310861423220973,0.1737775959882227,784,False,False,0.3333,,0.3333,,,,,,,,,,,,,,,,,,,,,,,
gpqa_188,openclaw,regression,False,2,reason|PD,reason,0.5,0.6931,0.0,0.5,0.0,0.0,0.0,0.0,0.5,,1.0,,4,0,1,0.1076923076923077,0.0,0,True,True,,,,,,,,,,,,,,,,,,,,,,,,,,
gpqa_189,openclaw,regression,False,2,PD|IC,PD,0.5,0.6931,0.0,0.5,0.0,0.5,0.0,0.0,0.0,,,1.0,7,2,1,0.0815709969788519,0.0,0,True,True,,,,,,,,,,,,,,,,,,,,,,,,,,
gpqa_19,openclaw,both_correct,True,4,PD|PD|PD|PD,PD,1.0,-0.0,0.0,1.0,0.0,0.0,0.0,0.0,0.0,,,,0,0,0,0.1097560975609756,0.1318737348427607,1330,False,False,,,,,,1.0,,,,,,,,,,,,,,,,,,,,
gpqa_190,openclaw,regression,False,6,PD|PD|reason|reason|reason|reason,reason,0.6666666666666666,0.6365,0.0,0.3333,0.0,0.0,0.0,0.0,0.6667,0.6,,,1,0,0,0.0830188679245283,0.1671255242289315,589,True,True,,,0.2,,,0.2,,,,,,,,,,,,,,,,,,,,
gpqa_191,openclaw,both_correct,True,9,reason|PD|reason|RR|reason|reason|reason|IC|reason,reason,0.6666666666666666,1.0027,0.0,0.1111,0.0,0.1111,0.0,0.1111,0.6667,0.25,0.125,,1,0,0,0.1676767676767676,0.2197113382656034,885,True,True,0.125,0.125,0.125,,,,,,,,0.125,0.125,,,,,,,,,,,,,,
gpqa_192,openclaw,regression,False,3,reason|PD|reason,reason,0.6666666666666666,0.6365,0.0,0.3333,0.0,0.0,0.0,0.0,0.6667,,0.5,,1,0,0,0.0263157894736842,0.2525162289754785,301,True,True,,,0.5,,,,,,,,,,,,,,,,,,,,,,,
gpqa_193,openclaw,both_correct,True,4,PD|PD|reason|PD,PD,0.75,0.5623,0.0,0.75,0.0,0.0,0.0,0.0,0.25,,0.3333,,0,0,0,0.1101321585903083,0.123720186767409,1634,False,False,,,0.3333,,,0.3333,,,,,,,,,,,,,,,,,,,,
gpqa_194,openclaw,both_correct,True,4,reason|PD|reason|IC,reason,0.5,1.0397,0.0,0.25,0.0,0.25,0.0,0.0,0.5,,0.3333,,1,0,2,0.2324159021406728,0.222674800709214,1259,False,False,0.3333,,0.3333,,,,,,,,,,,,,,,,,,,,,,,
gpqa_195,openclaw,both_correct,True,4,PD|PD|reason|reason,PD,0.5,0.6931,0.0,0.5,0.0,0.0,0.0,0.0,0.5,0.3333,,,0,1,0,0.0835734870317002,0.2146626043153267,2713,False,False,,,0.3333,,,0.3333,,,,,,,,,,,,,,,,,,,,
gpqa_196,openclaw,both_wrong,False,2,reason|reason,reason,1.0,-0.0,0.0,0.0,0.0,0.0,0.0,0.0,1.0,1.0,,,182,547,182,0.9742925152076172,0.0379771715725988,44512,True,True,,,,,,,,,,,,,,,,,,,,,,,,,,
gpqa_197,openclaw,both_correct,True,6,PD|PD|reason|reason|reason|PD,PD,0.5,0.6931,0.0,0.5,0.0,0.0,0.0,0.0,0.5,0.4,0.2,,1,0,0,0.1896207584830339,0.151819793765205,1392,False,False,,,0.2,,,0.2,,,,,,,,,,,,,,,,,,,,
gpqa_2,openclaw,regression,False,4,PD|PD|reason|UN,PD,0.5,1.0397,0.0,0.5,0.0,0.0,0.25,0.0,0.25,,,,363,367,96,0.9251625981924148,0.0295036711826582,30053,True,True,,,0.3333,0.3333,,0.3333,,,,,,,,,,,,,,,,,,,,
gpqa_20,openclaw,both_correct,True,2,PD|PD,PD,1.0,-0.0,0.0,1.0,0.0,0.0,0.0,0.0,0.0,,,,1,6,2,0.099067599067599,0.3309971891022542,2331,False,False,,,,,,1.0,,,,,,,,,,,,,,,,,,,,
gpqa_21,openclaw,both_correct,True,4,reason|PD|reason|IC,reason,0.5,1.0397,0.0,0.25,0.0,0.25,0.0,0.0,0.5,,0.3333,,3,1,0,0.0891089108910891,0.1869822926273388,1932,False,False,0.3333,,0.3333,,,,,,,,,,,,,,,,,,,,,,,
gpqa_22,openclaw,regression,False,2,reason|PD,reason,0.5,0.6931,0.0,0.5,0.0,0.0,0.0,0.0,0.5,,1.0,,80,0,0,0.9661980257253964,0.0226413819304398,22527,True,True,,,,,,,,,,,,,,,,,,,,,,,,,,
gpqa_23,openclaw,both_correct,True,2,PD|PD,PD,1.0,-0.0,0.0,1.0,0.0,0.0,0.0,0.0,0.0,,,,0,4,0,0.1276190476190476,0.259749757404111,1360,False,False,,,,,,1.0,,,,,,,,,,,,,,,,,,,,
gpqa_24,openclaw,regression,False,2,PD|PD,PD,1.0,-0.0,0.0,1.0,0.0,0.0,0.0,0.0,0.0,,,,3,53,3,0.9163250289078104,0.0478178166270083,19438,True,True,,,,,,1.0,,,,,,,,,,,,,,,,,,,,
gpqa_25,openclaw,both_correct,True,4,reason|PD|reason|IC,reason,0.5,1.0397,0.0,0.25,0.0,0.25,0.0,0.0,0.5,,0.3333,,2,0,0,0.0223642172523961,0.155375318684138,1044,False,False,0.3333,,0.3333,,,,,,,,,,,,,,,,,,,,,,,
gpqa_26,openclaw,both_correct,True,4,reason|PD|reason|PD,reason,0.5,0.6931,0.0,0.5,0.0,0.0,0.0,0.0,0.5,,0.6667,,3,3,0,0.0807174887892376,0.3638895952173819,4404,False,False,,,0.3333,,,,,,,,,,,,,,,,,,,,,,,
gpqa_27,openclaw,both_correct,True,6,PD|PD|reason|reason|reason|PD,PD,0.5,0.6931,0.0,0.5,0.0,0.0,0.0,0.0,0.5,0.4,0.2,,0,4,8,0.2028169014084507,0.3287089207886222,1353,False,False,,,0.2,,,0.2,,,,,,,,,,,,,,,,,,,,
gpqa_28,openclaw,both_wrong,False,2,reason|UN,reason,0.5,0.6931,0.0,0.0,0.0,0.0,0.5,0.0,0.5,,,,27,210,105,0.7910373236799401,0.0449482360005796,37677,True,True,,,,1.0,,,,,,,,,,,,,,,,,,,,,,
gpqa_29,openclaw,both_correct,True,2,SE|PD,SE,0.5,0.6931,0.5,0.5,0.0,0.0,0.0,0.0,0.0,,,,0,0,2,0.1373307543520309,0.3800583120298214,942,False,False,,,,,,,,,,,,,,,1.0,,,,,,,,,,,
gpqa_3,openclaw,both_correct,True,4,reason|PD|reason|PD,reason,0.5,0.6931,0.0,0.5,0.0,0.0,0.0,0.0,0.5,,0.6667,,1,1,0,0.0691489361702127,0.2569250042933508,1203,False,False,,,0.3333,,,,,,,,,,,,,,,,,,,,,,,
gpqa_30,openclaw,both_correct,True,10,PD|PD|PD|PD|PD|PD|PD|PD|reason|PD,PD,0.9,0.3251,0.0,0.9,0.0,0.0,0.0,0.0,0.1,,0.1111,,1,16,2,0.0846286701208981,0.2828276007109793,2801,False,False,,,0.1111,,,0.7778,,,,,,,,,,,,,,,,,,,,
gpqa_31,openclaw,both_wrong,False,14,PD|PD|reason|reason|reason|PD|reason|PD|reason|PD|reason|reason|reason|PD,reason,0.5714285714285714,0.6829,0.0,0.4286,0.0,0.0,0.0,0.0,0.5714,0.3077,0.3077,,9,27,0,0.5483503981797497,0.3394012844587303,3879,False,False,,,0.3077,,,0.0769,,,,,,,,,,,,,,,,,,,,
gpqa_32,openclaw,both_correct,True,4,reason|PD|reason|PD,reason,0.5,0.6931,0.0,0.5,0.0,0.0,0.0,0.0,0.5,,0.6667,,2,6,2,0.0795698924731182,0.2508239634604101,1463,False,False,,,0.3333,,,,,,,,,,,,,,,,,,,,,,,
gpqa_33,openclaw,both_correct,True,2,PD|PD,PD,1.0,-0.0,0.0,1.0,0.0,0.0,0.0,0.0,0.0,,,,0,1,0,0.1383399209486166,0.304593275775301,965,False,False,,,,,,1.0,,,,,,,,,,,,,,,,,,,,
gpqa_34,openclaw,both_correct,True,2,PD|PD,PD,1.0,-0.0,0.0,1.0,0.0,0.0,0.0,0.0,0.0,,,,0,2,0,0.184070796460177,0.2218562854561531,1137,False,False,,,,,,1.0,,,,,,,,,,,,,,,,,,,,
gpqa_35,openclaw,both_correct,True,6,reason|PD|reason|reason|reason|IC,reason,0.6666666666666666,0.8676,0.0,0.1667,0.0,0.1667,0.0,0.0,0.6667,0.4,0.2,,1,0,0,0.1320388349514563,0.2216196987580817,955,False,False,0.2,,0.2,,,,,,,,,,,,,,,,,,,,,,,
gpqa_36,openclaw,both_correct,True,2,reason|PD,reason,0.5,0.6931,0.0,0.5,0.0,0.0,0.0,0.0,0.5,,1.0,,0,0,0,0.265527950310559,0.1986248479373951,1205,False,False,,,,,,,,,,,,,,,,,,,,,,,,,,
gpqa_37,openclaw,both_correct,True,6,reason|IC|reason|reason|reason|reason,reason,0.8333333333333334,0.4506,0.0,0.0,0.0,0.1667,0.0,0.0,0.8333,0.6,,,0,3,1,0.1483870967741935,0.2359176507430597,1190,False,False,0.2,0.2,,,,,,,,,,,,,,,,,,,,,,,,
gpqa_38,openclaw,regression,False,2,reason|SE,reason,0.5,0.6931,0.5,0.0,0.0,0.0,0.0,0.0,0.5,,,,2,746,1,0.972630764126949,0.020190973438735,31970,True,True,,,,,,,,1.0,,,,,,,,,,,,,,,,,,
gpqa_39,openclaw,both_correct,True,2,reason|PD,reason,0.5,0.6931,0.0,0.5,0.0,0.0,0.0,0.0,0.5,,1.0,,0,16,0,0.1736613603473227,0.3814919889782708,959,False,False,,,,,,,,,,,,,,,,,,,,,,,,,,
gpqa_4,openclaw,both_correct,True,4,reason|PD|reason|PD,reason,0.5,0.6931,0.0,0.5,0.0,0.0,0.0,0.0,0.5,,0.6667,,2,1,0,0.1032608695652173,0.178240507579292,1597,False,False,,,0.3333,,,,,,,,,,,,,,,,,,,,,,,
gpqa_40,openclaw,both_correct,True,6,PD|PD|reason|reason|reason|PD,PD,0.5,0.6931,0.0,0.5,0.0,0.0,0.0,0.0,0.5,0.4,0.2,,3,5,2,0.1427174975562072,0.4018412470408212,1985,False,False,,,0.2,,,0.2,,,,,,,,,,,,,,,,,,,,
gpqa_41,openclaw,both_correct,True,6,UN|UN|PD|PD|PD|PD,PD,0.6666666666666666,0.6365,0.0,0.6667,0.0,0.0,0.3333,0.0,0.0,,,,3,8,10,0.4166138237159163,0.173102323144569,3627,False,False,,,,,,0.6,,,,,,,,,,0.2,0.2,,,,,,,,,
gpqa_42,openclaw,both_wrong,False,2,PD|PD,PD,1.0,-0.0,0.0,1.0,0.0,0.0,0.0,0.0,0.0,,,,0,5,1,0.1211340206185567,0.4214421929988661,1323,False,False,,,,,,1.0,,,,,,,,,,,,,,,,,,,,
gpqa_43,openclaw,both_wrong,False,12,reason|reason|reason|reason|reason|reason|reason|IC|reason|reason|reason|UN,reason,0.8333333333333334,0.5661,0.0,0.0,0.0,0.0833,0.0833,0.0,0.8333,0.7273,,,11,42,36,0.4321231254932912,0.2996501813106743,3907,False,False,0.0909,0.0909,,0.0909,,,,,,,,,,,,,,,,,,,,,,
gpqa_44,openclaw,both_correct,True,6,reason|reason|reason|PD|reason|IC,reason,0.6666666666666666,0.8676,0.0,0.1667,0.0,0.1667,0.0,0.0,0.6667,0.4,0.2,,0,0,0,0.1093023255813953,0.2070156921567831,1266,False,False,0.2,,0.2,,,,,,,,,,,,,,,,,,,,,,,
gpqa_45,openclaw,both_correct,True,4,reason|PD|reason|PD,reason,0.5,0.6931,0.0,0.5,0.0,0.0,0.0,0.0,0.5,,0.6667,,1,0,0,0.12,0.2117609281034511,896,False,False,,,0.3333,,,,,,,,,,,,,,,,,,,,,,,
gpqa_46,openclaw,both_correct,True,16,PD|PD|reason|UN|reason|UN|IC|UN|reason|RR|reason|UN|reason|RR|PD|PD,reason,0.3125,1.4898,0.0,0.25,0.0,0.0625,0.25,0.125,0.3125,,,,16,24,15,0.1455301455301455,0.3168090985321694,3054,False,False,,,0.0667,0.2,0.2,0.1333,,,,,0.1333,0.0667,,,,,,0.0667,0.0667,0.0667,,,,,,
gpqa_47,openclaw,both_correct,True,2,PD|PD,PD,1.0,-0.0,0.0,1.0,0.0,0.0,0.0,0.0,0.0,,,,1,5,0,0.0385542168674698,0.332017141058767,895,False,False,,,,,,1.0,,,,,,,,,,,,,,,,,,,,
gpqa_48,openclaw,both_correct,True,2,PD|PD,PD,1.0,-0.0,0.0,1.0,0.0,0.0,0.0,0.0,0.0,,,,0,0,0,0.0596745027124773,0.374891686662187,916,False,False,,,,,,1.0,,,,,,,,,,,,,,,,,,,,
gpqa_49,openclaw,both_correct,True,8,IC|PD|reason|IC|reason|reason|reason|PD,reason,0.5,1.0397,0.0,0.25,0.0,0.25,0.0,0.0,0.5,0.2857,0.1429,,3,1,0,0.3325123152709359,0.2451036718696601,1448,False,False,0.1429,0.1429,0.1429,,,,0.1429,,,,,,,,,,,,,,,,,,,
gpqa_5,openclaw,both_correct,True,4,reason|IC|reason|IC,reason,0.5,0.6931,0.0,0.0,0.0,0.5,0.0,0.0,0.5,,,,10,10,0,0.1981468282252316,0.4281143776447704,3013,False,False,0.6667,0.3333,,,,,,,,,,,,,,,,,,,,,,,,
gpqa_50,openclaw,both_correct,True,8,reason|reason|reason|UN|reason|UN|reason|UN,reason,0.625,0.6616,0.0,0.0,0.0,0.0,0.375,0.0,0.625,0.2857,,,3,12,4,0.1336283185840708,0.291306474900613,2534,False,False,,,,0.4286,0.2857,,,,,,,,,,,,,,,,,,,,,
gpqa_51,openclaw,both_correct,True,2,reason|PD,reason,0.5,0.6931,0.0,0.5,0.0,0.0,0.0,0.0,0.5,,1.0,,2,0,0,0.1140583554376657,0.1946482679752794,1203,False,False,,,,,,,,,,,,,,,,,,,,,,,,,,
gpqa_52,openclaw,both_correct,True,4,PD|PD|reason|reason,PD,0.5,0.6931,0.0,0.5,0.0,0.0,0.0,0.0,0.5,0.3333,,,2,3,0,0.1068702290076335,0.3505474623470168,985,False,False,,,0.3333,,,0.3333,,,,,,,,,,,,,,,,,,,,
gpqa_53,openclaw,both_correct,True,6,PD|PD|reason|reason|reason|PD,PD,0.5,0.6931,0.0,0.5,0.0,0.0,0.0,0.0,0.5,0.4,0.2,,3,0,1,0.0972972972972973,0.1435105873853435,1234,False,False,,,0.2,,,0.2,,,,,,,,,,,,,,,,,,,,
gpqa_54,openclaw,both_correct,True,4,reason|PD|reason|PD,reason,0.5,0.6931,0.0,0.5,0.0,0.0,0.0,0.0,0.5,,0.6667,,2,0,1,0.1473684210526315,0.1648672327748392,1208,False,False,,,0.3333,,,,,,,,,,,,,,,,,,,,,,,
gpqa_55,openclaw,both_correct,True,2,PD|PD,PD,1.0,-0.0,0.0,1.0,0.0,0.0,0.0,0.0,0.0,,,,1,20,0,0.058343057176196,0.4351116644384296,1635,False,False,,,,,,1.0,,,,,,,,,,,,,,,,,,,,
gpqa_56,openclaw,both_correct,True,2,PD|PD,PD,1.0,-0.0,0.0,1.0,0.0,0.0,0.0,0.0,0.0,,,,2,1,0,0.1836283185840708,0.1628651082851558,1232,False,False,,,,,,1.0,,,,,,,,,,,,,,,,,,,,
gpqa_57,openclaw,both_correct,True,2,reason|PD,reason,0.5,0.6931,0.0,0.5,0.0,0.0,0.0,0.0,0.5,,1.0,,0,0,0,0.3207885304659498,0.3070337850339402,973,False,False,,,,,,,,,,,,,,,,,,,,,,,,,,
gpqa_58,openclaw,both_correct,True,2,reason|PD,reason,0.5,0.6931,0.0,0.5,0.0,0.0,0.0,0.0,0.5,,1.0,,3,5,6,0.1331945889698231,0.2431465099245639,8415,False,False,,,,,,,,,,,,,,,,,,,,,,,,,,
gpqa_59,openclaw,regression,False,28,PD|PD|PD|PD|reason|PD|reason|reason|reason|reason|reason|reason|reason|reason|reason|reason|reason|reason|reason|PD|UN|PD|reason|reason|reason|reason|PD|PD,reason,0.6428571428571429,0.7679,0.0,0.3214,0.0,0.0,0.0357,0.0,0.6429,0.5556,0.1111,,8,3,0,0.9241761186031971,0.1017208187209548,19166,True,True,,,0.1111,,,0.1481,,,0.037,,,,,,,,0.037,,,,,,,,,
gpqa_6,openclaw,both_correct,True,4,RR|reason|reason|IC,reason,0.5,1.0397,0.0,0.0,0.0,0.25,0.0,0.25,0.5,0.3333,,,7,7,0,0.1595238095238095,0.2184376993027954,2368,False,False,0.3333,,,,,,,,,,,0.3333,,,,,,,,,,,,,,
gpqa_60,openclaw,both_correct,True,11,PD|PD|reason|reason|PD|UN|reason|reason|reason|reason|PD,reason,0.5454545454545454,0.9165,0.0,0.3636,0.0,0.0,0.0909,0.0,0.5455,0.4,0.2,,4,2,2,0.1317365269461078,0.4973293429500663,4004,False,False,,,0.1,,0.1,0.1,,,0.1,,,,,,,,,,,,,,,,,
gpqa_61,openclaw,both_correct,True,2,UN|PD,UN,0.5,0.6931,0.0,0.5,0.0,0.0,0.5,0.0,0.0,,,,2,0,1,0.115473441108545,0.3127828681092456,2407,False,False,,,,,,,,,,,,,,,,,1.0,,,,,,,,,
gpqa_62,openclaw,both_correct,True,2,PD|PD,PD,1.0,-0.0,0.0,1.0,0.0,0.0,0.0,0.0,0.0,,,,0,4,0,0.120754716981132,0.330426169286069,2742,False,False,,,,,,1.0,,,,,,,,,,,,,,,,,,,,
gpqa_63,openclaw,both_correct,True,4,PD|PD|PD|PD,PD,1.0,-0.0,0.0,1.0,0.0,0.0,0.0,0.0,0.0,,,,2,3,2,0.1028368794326241,0.2706781404732278,1818,False,False,,,,,,1.0,,,,,,,,,,,,,,,,,,,,
gpqa_64,openclaw,both_wrong,False,2,reason|RR,reason,0.5,0.6931,0.0,0.0,0.0,0.0,0.0,0.5,0.5,,,,3,11,5,0.0599369085173501,0.4989507373023216,1521,False,False,,,,,,,,,,,1.0,,,,,,,,,,,,,,,
gpqa_65,openclaw,both_wrong,False,2,reason|UN,reason,0.5,0.6931,0.0,0.0,0.0,0.0,0.5,0.0,0.5,,,,210,137,46,0.9157599551318004,0.0349087355608661,34307,True,True,,,,1.0,,,,,,,,,,,,,,,,,,,,,,
gpqa_66,openclaw,both_correct,True,2,PD|PD,PD,1.0,-0.0,0.0,1.0,0.0,0.0,0.0,0.0,0.0,,,,0,0,0,0.0919931856899489,0.3316498918619055,940,False,False,,,,,,1.0,,,,,,,,,,,,,,,,,,,,
gpqa_67,openclaw,both_correct,True,4,PD|RR|reason|PD,PD,0.5,1.0397,0.0,0.5,0.0,0.0,0.0,0.25,0.25,,0.3333,,0,9,0,0.1362984218077474,0.3282653900470043,1453,False,False,,,,,,,,,,,,0.3333,,,,,,,,,0.3333,,,,,
gpqa_68,openclaw,both_correct,True,2,PD|PD,PD,1.0,-0.0,0.0,1.0,0.0,0.0,0.0,0.0,0.0,,,,0,0,0,0.0756302521008403,0.336647300258996,961,False,False,,,,,,1.0,,,,,,,,,,,,,,,,,,,,
gpqa_69,openclaw,regression,False,2,PD|PD,PD,1.0,-0.0,0.0,1.0,0.0,0.0,0.0,0.0,0.0,,,,301,605,0,0.9879400260756191,0.0113270994736693,38718,True,True,,,,,,1.0,,,,,,,,,,,,,,,,,,,,
gpqa_7,openclaw,both_correct,True,10,reason|PD|reason|reason|reason|reason|reason|reason|reason|PD,reason,0.8,0.5004,0.0,0.2,0.0,0.0,0.0,0.0,0.8,0.6667,0.2222,,6,0,0,0.1552287581699346,0.2813258133102296,1282,False,False,,,0.1111,,,,,,,,,,,,,,,,,,,,,,,
gpqa_70,openclaw,both_wrong,False,2,PD|PD,PD,1.0,-0.0,0.0,1.0,0.0,0.0,0.0,0.0,0.0,,,,0,2,0,0.1424657534246575,0.4286777039941022,1166,False,False,,,,,,1.0,,,,,,,,,,,,,,,,,,,,
gpqa_71,openclaw,rescue,True,10,PD|PD|reason|PD|reason|PD|reason|PD|reason|PD,PD,0.6,0.673,0.0,0.6,0.0,0.0,0.0,0.0,0.4,,0.4444,,5,11,0,0.1617933723196881,0.3169960800713849,1954,False,False,,,0.4444,,,0.1111,,,,,,,,,,,,,,,,,,,,
gpqa_72,openclaw,both_correct,True,2,reason|PD,reason,0.5,0.6931,0.0,0.5,0.0,0.0,0.0,0.0,0.5,,1.0,,0,0,0,0.1075837742504409,0.3411767492583164,960,False,False,,,,,,,,,,,,,,,,,,,,,,,,,,
gpqa_73,openclaw,both_correct,True,2,reason|IC,reason,0.5,0.6931,0.0,0.0,0.0,0.5,0.0,0.0,0.5,,,,0,1,0,0.1042047531992687,0.3422792572563063,876,False,False,1.0,,,,,,,,,,,,,,,,,,,,,,,,,
gpqa_74,openclaw,both_correct,True,8,reason|RR|reason|reason|reason|reason|reason|reason,reason,0.875,0.3768,0.0,0.0,0.0,0.0,0.0,0.125,0.875,0.7143,,,1,1,0,0.193158953722334,0.2082823616296693,1363,False,False,,,,,,,,,,,0.1429,0.1429,,,,,,,,,,,,,,
gpqa_75,openclaw,both_correct,True,2,reason|PD,reason,0.5,0.6931,0.0,0.5,0.0,0.0,0.0,0.0,0.5,,1.0,,2,6,0,0.1738197424892703,0.2253928061590437,1279,False,False,,,,,,,,,,,,,,,,,,,,,,,,,,
gpqa_76,openclaw,both_correct,True,14,reason|PD|reason|PD|reason|reason|PD|reason|PD|reason|reason|PD|reason|PD,reason,0.5714285714285714,0.6829,0.0,0.4286,0.0,0.0,0.0,0.0,0.5714,0.1538,0.4615,,16,26,19,0.6125366568914956,0.2109893548204338,5371,False,False,,,0.3846,,,,,,,,,,,,,,,,,,,,,,,
gpqa_77,openclaw,both_correct,True,2,PD|PD,PD,1.0,-0.0,0.0,1.0,0.0,0.0,0.0,0.0,0.0,,,,4,24,7,0.1927525057825751,0.272887888730146,5085,False,False,,,,,,1.0,,,,,,,,,,,,,,,,,,,,
gpqa_78,openclaw,rescue,True,2,PD|PD,PD,1.0,-0.0,0.0,1.0,0.0,0.0,0.0,0.0,0.0,,,,5,39,5,0.1722925457102672,0.2747128381818966,3263,False,False,,,,,,1.0,,,,,,,,,,,,,,,,,,,,
gpqa_79,openclaw,regression,False,2,PD|PD,PD,1.0,-0.0,0.0,1.0,0.0,0.0,0.0,0.0,0.0,,,,0,10,0,0.114074074074074,0.3423757078230233,1484,False,False,,,,,,1.0,,,,,,,,,,,,,,,,,,,,
gpqa_8,openclaw,both_correct,True,8,reason|PD|reason|reason|reason|reason|reason|PD,reason,0.75,0.5623,0.0,0.25,0.0,0.0,0.0,0.0,0.75,0.5714,0.2857,,1,0,0,0.1819887429643527,0.2296389191739134,1426,False,False,,,0.1429,,,,,,,,,,,,,,,,,,,,,,,
gpqa_80,openclaw,both_correct,True,2,reason|PD,reason,0.5,0.6931,0.0,0.5,0.0,0.0,0.0,0.0,0.5,,1.0,,1,1,0,0.0961182994454713,0.2315628900865849,1290,False,False,,,,,,,,,,,,,,,,,,,,,,,,,,
gpqa_81,openclaw,both_wrong,False,2,PD|PD,PD,1.0,-0.0,0.0,1.0,0.0,0.0,0.0,0.0,0.0,,,,1,4,308,0.9855657662675208,0.0135346770369042,65536,True,True,,,,,,1.0,,,,,,,,,,,,,,,,,,,,
gpqa_82,openclaw,both_correct,True,2,reason|PD,reason,0.5,0.6931,0.0,0.5,0.0,0.0,0.0,0.0,0.5,,1.0,,2,10,2,0.1187845303867403,0.3576922399683436,2335,False,False,,,,,,,,,,,,,,,,,,,,,,,,,,
gpqa_83,openclaw,both_wrong,False,2,reason|PD,reason,0.5,0.6931,0.0,0.5,0.0,0.0,0.0,0.0,0.5,,1.0,,16,104,63,0.4597789771267026,0.1693718988797427,15731,False,False,,,,,,,,,,,,,,,,,,,,,,,,,,
gpqa_84,openclaw,both_correct,True,2,PD|PD,PD,1.0,-0.0,0.0,1.0,0.0,0.0,0.0,0.0,0.0,,,,2,9,1,0.0622837370242214,0.2689058029848064,1539,False,False,,,,,,1.0,,,,,,,,,,,,,,,,,,,,
gpqa_85,openclaw,both_correct,True,2,reason|PD,reason,0.5,0.6931,0.0,0.5,0.0,0.0,0.0,0.0,0.5,,1.0,,3,4,0,0.0661654135338345,0.376195648113842,1396,False,False,,,,,,,,,,,,,,,,,,,,,,,,,,
gpqa_86,openclaw,regression,False,6,reason|UN|reason|RR|UN|UN,UN,0.5,1.0114,0.0,0.0,0.0,0.0,0.5,0.1667,0.3333,,,,16,30,6,0.1211048158640226,0.4912522621534428,2103,False,False,,,,0.2,0.2,,,,,,0.2,,,,,0.2,,,,,,0.2,,,,
gpqa_87,openclaw,both_wrong,False,2,PD|PD,PD,1.0,-0.0,0.0,1.0,0.0,0.0,0.0,0.0,0.0,,,,0,3,2,0.0837359098228663,0.348121709328153,1256,False,False,,,,,,1.0,,,,,,,,,,,,,,,,,,,,
gpqa_88,openclaw,rescue,True,2,PD|PD,PD,1.0,-0.0,0.0,1.0,0.0,0.0,0.0,0.0,0.0,,,,12,13,3,0.2432712215320911,0.2134767858369051,13718,False,False,,,,,,1.0,,,,,,,,,,,,,,,,,,,,
gpqa_89,openclaw,regression,False,2,PD|PD,PD,1.0,-0.0,0.0,1.0,0.0,0.0,0.0,0.0,0.0,,,,0,7,2,0.0936416184971098,0.2855514532895876,2105,False,False,,,,,,1.0,,,,,,,,,,,,,,,,,,,,
gpqa_9,openclaw,both_wrong,False,4,reason|PD|reason|PD,reason,0.5,0.6931,0.0,0.5,0.0,0.0,0.0,0.0,0.5,,0.6667,,169,510,1,0.9453320164991575,0.0404943471064899,29636,True,True,,,0.3333,,,,,,,,,,,,,,,,,,,,,,,
gpqa_90,openclaw,regression,False,8,reason|PD|reason|reason|reason|reason|reason|PD,reason,0.75,0.5623,0.0,0.25,0.0,0.0,0.0,0.0,0.75,0.5714,0.2857,,3,1,0,0.0973451327433628,0.0946557995575227,6984,False,False,,,0.1429,,,,,,,,,,,,,,,,,,,,,,,
gpqa_91,openclaw,both_correct,True,2,PD|PD,PD,1.0,-0.0,0.0,1.0,0.0,0.0,0.0,0.0,0.0,,,,0,4,0,0.0667938931297709,0.1781724972787597,2627,False,False,,,,,,1.0,,,,,,,,,,,,,,,,,,,,
gpqa_92,openclaw,both_correct,True,2,reason|UN,reason,0.5,0.6931,0.0,0.0,0.0,0.0,0.5,0.0,0.5,,,,1,2,3,0.1226252158894646,0.2122558105244578,1662,False,False,,,,1.0,,,,,,,,,,,,,,,,,,,,,,
gpqa_93,openclaw,both_correct,True,2,PD|PD,PD,1.0,-0.0,0.0,1.0,0.0,0.0,0.0,0.0,0.0,,,,11,5,0,0.1353305785123967,0.1465349681999294,4123,False,False,,,,,,1.0,,,,,,,,,,,,,,,,,,,,
gpqa_94,openclaw,regression,False,2,PD|PD,PD,1.0,-0.0,0.0,1.0,0.0,0.0,0.0,0.0,0.0,,,,227,458,0,0.9850928885337596,0.0107074688549672,65536,True,True,,,,,,1.0,,,,,,,,,,,,,,,,,,,,
gpqa_95,openclaw,both_correct,True,2,reason|PD,reason,0.5,0.6931,0.0,0.5,0.0,0.0,0.0,0.0,0.5,,1.0,,1,1,3,0.0884244372990353,0.1125523458734713,3896,False,False,,,,,,,,,,,,,,,,,,,,,,,,,,
gpqa_96,openclaw,regression,False,2,reason|PD,reason,0.5,0.6931,0.0,0.5,0.0,0.0,0.0,0.0,0.5,,1.0,,413,1032,616,0.97815070015559,0.016213995496511,65536,True,True,,,,,,,,,,,,,,,,,,,,,,,,,,
gpqa_97,openclaw,rescue,True,2,PD|PD,PD,1.0,-0.0,0.0,1.0,0.0,0.0,0.0,0.0,0.0,,,,3,116,20,0.3033707865168539,0.1954786471236506,5348,False,False,,,,,,1.0,,,,,,,,,,,,,,,,,,,,
gpqa_98,openclaw,both_correct,True,4,reason|PD|reason|SE,reason,0.5,1.0397,0.25,0.25,0.0,0.0,0.0,0.0,0.5,,0.3333,,7,5,0,0.1048632218844984,0.349845809828673,2697,False,False,,,0.3333,,,,,0.3333,,,,,,,,,,,,,,,,,,
gpqa_99,openclaw,both_correct,True,2,reason|PD,reason,0.5,0.6931,0.0,0.5,0.0,0.0,0.0,0.0,0.5,,1.0,,3,3,0,0.0712121212121212,0.336355476853824,1386,False,False,,,,,,,,,,,,,,,,,,,,,,,,,,
gpqa_0,opencode,both_correct,True,7,reason|reason|reason|reason|SE|reason|SE,reason,0.7142857142857143,0.5983,0.2857,0.0,0.0,0.0,0.0,0.0,0.7143,0.5,,,2,6,0,0.4788583509513742,0.327966237093093,717,False,False,,,,,,,,0.3333,,,,,,0.1667,,,,,,,,,,,,
gpqa_1,opencode,both_correct,True,7,reason|RR|reason|reason|reason|reason|RR,reason,0.7142857142857143,0.5983,0.0,0.0,0.0,0.0,0.0,0.2857,0.7143,0.5,,,6,10,3,0.4906511927788523,0.3838656452610808,1547,False,False,,,,,,,,,,,0.3333,0.1667,,,,,,,,,,,,,,
gpqa_10,opencode,both_wrong,False,63,reason|reason|reason|reason|PD|reason|reason|reason|reason|IC|reason|reason|reason|reason|reason|reason|reason|reason|reason|reason|reason|reason|reason|reason|reason|reason|reason|reason|reason|reason|reason|reason|reason|reason|reason|reason|reason|reason|reason|reason|reason|reason|reason|reason|reason|reason|reason|reason|reason|reason|reason|reason|reason|reason|reason|reason|reason|reason|reason|reason|reason|reason|PD,reason,0.9523809523809523,0.2218,0.0,0.0317,0.0,0.0159,0.0,0.0,0.9524,0.9194,0.0323,,20,8,0,0.5052970981114694,0.3092497697762995,2332,False,False,0.0161,0.0161,0.0161,,,,,,,,,,,,,,,,,,,,,,,
gpqa_100,opencode,both_wrong,False,2,reason|PD,reason,0.5,0.6931,0.0,0.5,0.0,0.0,0.0,0.0,0.5,,1.0,,3,39,0,0.8166010498687664,0.0920069503722644,5811,True,False,,,,,,,,,,,,,,,,,,,,,,,,,,
gpqa_101,opencode,rescue,True,4,PD|PD|reason|PD,PD,0.75,0.5623,0.0,0.75,0.0,0.0,0.0,0.0,0.25,,0.3333,,4,2,12,0.5038240917782026,0.4620103281671663,1741,False,False,,,0.3333,,,0.3333,,,,,,,,,,,,,,,,,,,,
gpqa_102,opencode,both_correct,True,4,PD|PD|reason|PD,PD,0.75,0.5623,0.0,0.75,0.0,0.0,0.0,0.0,0.25,,0.3333,,0,33,14,0.4822469528351881,0.5641916362697069,1430,False,False,,,0.3333,,,0.3333,,,,,,,,,,,,,,,,,,,,
gpqa_103,opencode,both_wrong,False,4,PD|PD|reason|PD,PD,0.75,0.5623,0.0,0.75,0.0,0.0,0.0,0.0,0.25,,0.3333,,8,63,24,0.5470867208672087,0.254169911500983,3355,False,False,,,0.3333,,,0.3333,,,,,,,,,,,,,,,,,,,,
gpqa_104,opencode,both_correct,True,63,PD|reason|reason|reason|reason|reason|reason|reason|reason|reason|reason|reason|reason|reason|reason|reason|reason|reason|reason|reason|reason|reason|reason|reason|reason|reason|reason|reason|reason|reason|reason|reason|PD|reason|reason|reason|reason|reason|reason|reason|reason|reason|reason|reason|reason|reason|reason|reason|reason|reason|reason|reason|reason|reason|reason|reason|reason|reason|reason|reason|PD|reason|PD,reason,0.9365079365079365,0.2365,0.0,0.0635,0.0,0.0,0.0,0.0,0.9365,0.9032,0.0484,,4,4,0,0.4967689822294022,0.4656578220983285,2463,False,False,,,0.0484,,,,,,,,,,,,,,,,,,,,,,,
gpqa_105,opencode,both_correct,True,4,reason|PD|reason|PD,reason,0.5,0.6931,0.0,0.5,0.0,0.0,0.0,0.0,0.5,,0.6667,,2,10,2,0.4726618705035971,0.357475724320906,1322,False,False,,,0.3333,,,,,,,,,,,,,,,,,,,,,,,
gpqa_106,opencode,both_wrong,False,10,PD|PD|reason|reason|reason|PD|reason|reason|reason|PD,reason,0.6,0.673,0.0,0.4,0.0,0.0,0.0,0.0,0.6,0.4444,0.2222,,6,0,0,0.4082503556187766,0.2662596272805326,352,True,False,,,0.2222,,,0.1111,,,,,,,,,,,,,,,,,,,,
gpqa_107,opencode,both_wrong,False,17,PD|reason|reason|reason|reason|reason|reason|reason|reason|reason|reason|reason|reason|reason|PD|reason|PD,reason,0.8235294117647058,0.466,0.0,0.1765,0.0,0.0,0.0,0.0,0.8235,0.75,0.125,,0,40,0,0.475733972438586,0.501198360480681,1285,False,False,,,0.125,,,,,,,,,,,,,,,,,,,,,,,
gpqa_108,opencode,both_wrong,False,2,reason|PD,reason,0.5,0.6931,0.0,0.5,0.0,0.0,0.0,0.0,0.5,,1.0,,13,25,45,0.6645882047285009,0.2261044034786356,5800,True,False,,,,,,,,,,,,,,,,,,,,,,,,,,
gpqa_109,opencode,both_wrong,False,2,PD|PD,PD,1.0,-0.0,0.0,1.0,0.0,0.0,0.0,0.0,0.0,,,,4,24,19,0.7521318931210915,0.1785233104493483,5828,True,False,,,,,,1.0,,,,,,,,,,,,,,,,,,,,
gpqa_11,opencode,both_correct,True,13,reason|reason|PD|reason|reason|reason|reason|reason|reason|reason|IC|reason|PD,reason,0.7692307692307693,0.6871,0.0,0.1538,0.0,0.0769,0.0,0.0,0.7692,0.5833,0.1667,,2,12,0,0.4444444444444444,0.2668052547514141,690,False,False,0.0833,0.0833,0.0833,,,,,,,,,,,,,,,,,,,,,,,
gpqa_110,opencode,both_correct,True,45,PD|reason|reason|reason|reason|reason|reason|reason|reason|reason|reason|reason|reason|reason|reason|reason|reason|reason|reason|reason|reason|reason|reason|reason|reason|reason|reason|reason|reason|reason|reason|reason|reason|reason|reason|reason|reason|reason|reason|reason|reason|reason|PD|reason|PD,reason,0.9333333333333333,0.2449,0.0,0.0667,0.0,0.0,0.0,0.0,0.9333,0.9091,0.0455,,0,0,0,0.5135603000577034,0.4874150108631352,1508,False,False,,,0.0455,,,,,,,,,,,,,,,,,,,,,,,
gpqa_111,opencode,both_wrong,False,2,reason|PD,reason,0.5,0.6931,0.0,0.5,0.0,0.0,0.0,0.0,0.5,,1.0,,20,0,0,0.8334655035685964,0.1044121434888101,5807,True,False,,,,,,,,,,,,,,,,,,,,,,,,,,
gpqa_112,opencode,both_wrong,False,2,PD|PD,PD,1.0,-0.0,0.0,1.0,0.0,0.0,0.0,0.0,0.0,,,,23,49,17,0.7180581488396905,0.1874723893566524,5825,True,False,,,,,,1.0,,,,,,,,,,,,,,,,,,,,
gpqa_113,opencode,both_wrong,False,36,PD|reason|reason|reason|reason|reason|reason|reason|reason|reason|reason|reason|reason|reason|reason|reason|reason|reason|reason|reason|reason|reason|reason|reason|reason|reason|reason|reason|reason|reason|reason|reason|reason|PD|reason|PD,reason,0.9166666666666666,0.2868,0.0,0.0833,0.0,0.0,0.0,0.0,0.9167,0.8857,0.0571,,0,6,2,0.4594330400782013,0.3121053560599318,1051,False,False,,,0.0571,,,,,,,,,,,,,,,,,,,,,,,
gpqa_114,opencode,both_wrong,False,18,PD|reason|reason|reason|reason|reason|reason|reason|reason|reason|reason|reason|reason|reason|reason|PD|reason|PD,reason,0.8333333333333334,0.4506,0.0,0.1667,0.0,0.0,0.0,0.0,0.8333,0.7647,0.1176,,2,4,0,0.4100268576544315,0.2537569626564124,1032,False,False,,,0.1176,,,,,,,,,,,,,,,,,,,,,,,
gpqa_115,opencode,both_correct,True,6,PD|reason|reason|PD|reason|PD,PD,0.5,0.6931,0.0,0.5,0.0,0.0,0.0,0.0,0.5,0.2,0.4,,4,10,0,0.4752066115702479,0.4165639467374645,1190,False,False,,,0.4,,,,,,,,,,,,,,,,,,,,,,,
gpqa_116,opencode,both_wrong,False,2,reason|PD,reason,0.5,0.6931,0.0,0.5,0.0,0.0,0.0,0.0,0.5,,1.0,,5,52,1,0.5941870030161777,0.3016921950806177,5089,True,False,,,,,,,,,,,,,,,,,,,,,,,,,,
gpqa_117,opencode,both_correct,True,4,PD|PD|reason|PD,PD,0.75,0.5623,0.0,0.75,0.0,0.0,0.0,0.0,0.25,,0.3333,,0,4,0,0.4148296593186373,0.3077841574012243,822,False,False,,,0.3333,,,0.3333,,,,,,,,,,,,,,,,,,,,
gpqa_118,opencode,regression,False,4,reason|PD|reason|PD,reason,0.5,0.6931,0.0,0.5,0.0,0.0,0.0,0.0,0.5,,0.6667,,2,21,0,0.4718208092485549,0.3568103532112535,1437,False,False,,,0.3333,,,,,,,,,,,,,,,,,,,,,,,
gpqa_119,opencode,rescue,True,6,PD|reason|reason|PD|reason|PD,PD,0.5,0.6931,0.0,0.5,0.0,0.0,0.0,0.0,0.5,0.2,0.4,,10,68,4,0.4945388349514563,0.4797263171585508,1446,False,False,,,0.4,,,,,,,,,,,,,,,,,,,,,,,
gpqa_12,opencode,both_correct,True,7,PD|PD|reason|reason|PD|reason|PD,PD,0.5714285714285714,0.6829,0.0,0.5714,0.0,0.0,0.0,0.0,0.4286,0.1667,0.3333,,0,0,0,0.5175438596491229,0.3178385194961593,1589,False,False,,,0.3333,,,0.1667,,,,,,,,,,,,,,,,,,,,
gpqa_120,opencode,both_wrong,False,2,PD|PD,PD,1.0,-0.0,0.0,1.0,0.0,0.0,0.0,0.0,0.0,,,,43,59,0,0.7873708381171067,0.1515196223420112,5818,True,False,,,,,,1.0,,,,,,,,,,,,,,,,,,,,
gpqa_121,opencode,both_correct,True,4,reason|PD|reason|PD,reason,0.5,0.6931,0.0,0.5,0.0,0.0,0.0,0.0,0.5,,0.6667,,4,5,0,0.4701670644391408,0.1859370792697768,788,False,False,,,0.3333,,,,,,,,,,,,,,,,,,,,,,,
gpqa_122,opencode,both_correct,True,4,PD|PD|reason|PD,PD,0.75,0.5623,0.0,0.75,0.0,0.0,0.0,0.0,0.25,,0.3333,,0,6,0,0.4419291338582677,0.4117064734029937,854,False,False,,,0.3333,,,0.3333,,,,,,,,,,,,,,,,,,,,
gpqa_123,opencode,rescue,True,4,reason|PD|reason|PD,reason,0.5,0.6931,0.0,0.5,0.0,0.0,0.0,0.0,0.5,,0.6667,,0,20,10,0.4876584389593062,0.4166245135052474,1385,False,False,,,0.3333,,,,,,,,,,,,,,,,,,,,,,,
gpqa_124,opencode,regression,False,2,reason|PD,reason,0.5,0.6931,0.0,0.5,0.0,0.0,0.0,0.0,0.5,,1.0,,28,15,0,0.8036750483558994,0.1108839973761311,4734,True,False,,,,,,,,,,,,,,,,,,,,,,,,,,
gpqa_125,opencode,regression,False,2,PD|PD,PD,1.0,-0.0,0.0,1.0,0.0,0.0,0.0,0.0,0.0,,,,34,93,4,0.69700944386149,0.2014201502718734,5803,True,False,,,,,,1.0,,,,,,,,,,,,,,,,,,,,
gpqa_126,opencode,both_correct,True,4,PD|PD|reason|PD,PD,0.75,0.5623,0.0,0.75,0.0,0.0,0.0,0.0,0.25,,0.3333,,0,10,0,0.4691671964399237,0.3445272227317263,1431,False,False,,,0.3333,,,0.3333,,,,,,,,,,,,,,,,,,,,
gpqa_127,opencode,regression,False,2,reason|PD,reason,0.5,0.6931,0.0,0.5,0.0,0.0,0.0,0.0,0.5,,1.0,,22,13,0,0.8173436331921256,0.1255353691667632,5801,True,False,,,,,,,,,,,,,,,,,,,,,,,,,,
gpqa_128,opencode,both_correct,True,43,PD|reason|reason|reason|reason|reason|reason|reason|reason|reason|reason|reason|reason|reason|reason|reason|reason|reason|reason|reason|reason|reason|reason|reason|reason|reason|reason|reason|reason|reason|reason|reason|reason|reason|reason|reason|reason|reason|reason|reason|PD|reason|PD,reason,0.9302325581395349,0.253,0.0,0.0698,0.0,0.0,0.0,0.0,0.9302,0.9048,0.0476,,12,51,2,0.5436860068259386,0.4480003308351668,2793,False,False,,,0.0476,,,,,,,,,,,,,,,,,,,,,,,
gpqa_129,opencode,both_wrong,False,4,PD|PD|reason|PD,PD,0.75,0.5623,0.0,0.75,0.0,0.0,0.0,0.0,0.25,,0.3333,,10,17,10,0.5352964905203711,0.4481238969650067,1988,False,False,,,0.3333,,,0.3333,,,,,,,,,,,,,,,,,,,,
gpqa_13,opencode,both_correct,True,58,reason|reason|reason|reason|reason|PD|reason|reason|reason|reason|reason|reason|reason|reason|reason|reason|reason|reason|reason|reason|reason|reason|reason|reason|reason|reason|reason|reason|reason|reason|reason|reason|reason|reason|reason|reason|reason|reason|reason|reason|reason|reason|reason|reason|reason|reason|reason|reason|reason|reason|reason|reason|reason|reason|reason|reason|reason|PD,reason,0.9655172413793104,0.15,0.0,0.0345,0.0,0.0,0.0,0.0,0.9655,0.9474,0.0351,,2,0,0,0.378657487091222,0.1716718209932925,760,False,False,,,0.0175,,,,,,,,,,,,,,,,,,,,,,,
gpqa_130,opencode,both_wrong,False,2,PD|PD,PD,1.0,-0.0,0.0,1.0,0.0,0.0,0.0,0.0,0.0,,,,30,58,26,0.799819657348963,0.1117876706438713,5778,True,False,,,,,,1.0,,,,,,,,,,,,,,,,,,,,
gpqa_131,opencode,both_correct,True,4,PD|PD|reason|PD,PD,0.75,0.5623,0.0,0.75,0.0,0.0,0.0,0.0,0.25,,0.3333,,18,30,6,0.4706405693950178,0.5332267463457825,1784,False,False,,,0.3333,,,0.3333,,,,,,,,,,,,,,,,,,,,
gpqa_132,opencode,regression,False,4,PD|PD|reason|PD,PD,0.75,0.5623,0.0,0.75,0.0,0.0,0.0,0.0,0.25,,0.3333,,0,8,0,0.4716417910447761,0.3781336986112502,807,False,False,,,0.3333,,,0.3333,,,,,,,,,,,,,,,,,,,,
gpqa_133,opencode,regression,False,4,PD|PD|reason|PD,PD,0.75,0.5623,0.0,0.75,0.0,0.0,0.0,0.0,0.25,,0.3333,,2,25,0,0.4996982498491249,0.3715068143778974,1585,False,False,,,0.3333,,,0.3333,,,,,,,,,,,,,,,,,,,,
gpqa_134,opencode,both_wrong,False,2,reason|PD,reason,0.5,0.6931,0.0,0.5,0.0,0.0,0.0,0.0,0.5,,1.0,,41,59,0,0.7798672566371682,0.1091390592943378,5819,True,False,,,,,,,,,,,,,,,,,,,,,,,,,,
gpqa_135,opencode,rescue,True,4,reason|PD|reason|PD,reason,0.5,0.6931,0.0,0.5,0.0,0.0,0.0,0.0,0.5,,0.6667,,6,6,0,0.5620629370629371,0.4042960877533922,2048,False,False,,,0.3333,,,,,,,,,,,,,,,,,,,,,,,
gpqa_136,opencode,both_correct,True,4,reason|PD|reason|PD,reason,0.5,0.6931,0.0,0.5,0.0,0.0,0.0,0.0,0.5,,0.6667,,2,8,2,0.422037422037422,0.2899925012953086,1041,False,False,,,0.3333,,,,,,,,,,,,,,,,,,,,,,,
gpqa_137,opencode,rescue,True,4,PD|PD|reason|PD,PD,0.75,0.5623,0.0,0.75,0.0,0.0,0.0,0.0,0.25,,0.3333,,4,53,0,0.4824780976220275,0.3081104067212656,1731,False,False,,,0.3333,,,0.3333,,,,,,,,,,,,,,,,,,,,
gpqa_138,opencode,both_correct,True,4,PD|PD|reason|PD,PD,0.75,0.5623,0.0,0.75,0.0,0.0,0.0,0.0,0.25,,0.3333,,2,2,0,0.4365808823529412,0.2681114115599287,1188,False,False,,,0.3333,,,0.3333,,,,,,,,,,,,,,,,,,,,
gpqa_139,opencode,both_correct,True,4,PD|PD|reason|PD,PD,0.75,0.5623,0.0,0.75,0.0,0.0,0.0,0.0,0.25,,0.3333,,0,0,0,0.4352548036758563,0.3444618158595223,1079,False,False,,,0.3333,,,0.3333,,,,,,,,,,,,,,,,,,,,
gpqa_14,opencode,both_correct,True,9,PD|PD|reason|reason|reason|reason|PD|reason|PD,reason,0.5555555555555556,0.687,0.0,0.4444,0.0,0.0,0.0,0.0,0.5556,0.375,0.25,,2,8,0,0.4091456077015644,0.3689736905972957,546,False,False,,,0.25,,,0.125,,,,,,,,,,,,,,,,,,,,
gpqa_140,opencode,both_correct,True,4,PD|PD|reason|PD,PD,0.75,0.5623,0.0,0.75,0.0,0.0,0.0,0.0,0.25,,0.3333,,6,18,0,0.5007541478129713,0.4116123954718301,1775,False,False,,,0.3333,,,0.3333,,,,,,,,,,,,,,,,,,,,
gpqa_141,opencode,both_correct,True,21,PD|reason|reason|reason|reason|reason|reason|reason|reason|reason|reason|reason|reason|reason|PD|reason|reason|reason|PD|reason|PD,reason,0.8095238095238095,0.4869,0.0,0.1905,0.0,0.0,0.0,0.0,0.8095,0.7,0.15,,4,0,0,0.3723776223776224,0.3206128559347195,415,False,False,,,0.15,,,,,,,,,,,,,,,,,,,,,,,
gpqa_142,opencode,regression,,2,reason|PD,reason,0.5,0.6931,0.0,0.5,0.0,0.0,0.0,0.0,0.5,,1.0,,127,362,0,0.9263248938512344,0.0452750193583917,19310,True,False,,,,,,,,,,,,,,,,,,,,,,,,,,
gpqa_143,opencode,regression,False,4,PD|PD|reason|PD,PD,0.75,0.5623,0.0,0.75,0.0,0.0,0.0,0.0,0.25,,0.3333,,2,0,2,0.500406834825061,0.3901871823212723,1112,False,False,,,0.3333,,,0.3333,,,,,,,,,,,,,,,,,,,,
gpqa_144,opencode,both_correct,True,4,PD|PD|reason|PD,PD,0.75,0.5623,0.0,0.75,0.0,0.0,0.0,0.0,0.25,,0.3333,,2,10,0,0.424190800681431,0.3080350072606396,1050,False,False,,,0.3333,,,0.3333,,,,,,,,,,,,,,,,,,,,
gpqa_145,opencode,both_correct,True,4,reason|PD|reason|PD,reason,0.5,0.6931,0.0,0.5,0.0,0.0,0.0,0.0,0.5,,0.6667,,0,2,0,0.4354838709677419,0.3077462293200296,1196,False,False,,,0.3333,,,,,,,,,,,,,,,,,,,,,,,
gpqa_146,opencode,both_correct,True,19,PD|reason|reason|reason|reason|reason|reason|reason|reason|reason|reason|reason|reason|PD|reason|reason|PD|reason|PD,reason,0.7894736842105263,0.5147,0.0,0.2105,0.0,0.0,0.0,0.0,0.7895,0.6667,0.1667,,4,45,0,0.4783904619970194,0.2752099333640827,1376,False,False,,,0.1667,,,,,,,,,,,,,,,,,,,,,,,
gpqa_147,opencode,both_correct,True,7,IC|IC|reason|reason|IC|reason|IC,IC,0.5714285714285714,0.6829,0.0,0.0,0.0,0.5714,0.0,0.0,0.4286,0.1667,,,0,0,0,0.4304123711340206,0.2310902578456647,675,False,False,0.3333,0.3333,,,,,,,,0.1667,,,,,,,,,,,,,,,,
gpqa_148,opencode,both_correct,True,7,PD|PD|reason|reason|reason|reason|PD,reason,0.5714285714285714,0.6829,0.0,0.4286,0.0,0.0,0.0,0.0,0.5714,0.5,0.1667,,2,0,0,0.3123076923076923,0.1620460969260189,493,False,False,,,0.1667,,,0.1667,,,,,,,,,,,,,,,,,,,,
gpqa_149,opencode,both_wrong,False,7,reason|UN|reason|reason|reason|reason|UN,reason,0.7142857142857143,0.5983,0.0,0.0,0.0,0.0,0.2857,0.0,0.7143,0.5,,,10,6,2,0.5683807439824945,0.3247116490984351,1951,False,False,,,,0.3333,0.1667,,,,,,,,,,,,,,,,,,,,,
gpqa_15,opencode,both_correct,True,7,PD|reason|reason|reason|PD|reason|PD,reason,0.5714285714285714,0.6829,0.0,0.4286,0.0,0.0,0.0,0.0,0.5714,0.3333,0.3333,,2,6,2,0.4462257849031396,0.5280482507891977,1255,False,False,,,0.3333,,,,,,,,,,,,,,,,,,,,,,,
gpqa_150,opencode,both_correct,True,19,reason|PD|reason|reason|reason|reason|reason|RR|reason|reason|reason|reason|reason|reason|reason|reason|IC|reason|RR,reason,0.7894736842105263,0.7335,0.0,0.0526,0.0,0.0526,0.0,0.1053,0.7895,0.6111,0.0556,,8,1,0,0.2937771345875543,0.223774611713737,459,False,False,0.0556,0.0556,0.0556,,,,,,,,0.1111,0.0556,,,,,,,,,,,,,,
gpqa_151,opencode,both_correct,True,7,PD|PD|reason|reason|PD|reason|PD,PD,0.5714285714285714,0.6829,0.0,0.5714,0.0,0.0,0.0,0.0,0.4286,0.1667,0.3333,,2,0,0,0.3597883597883597,0.1753434864073509,679,False,False,,,0.3333,,,0.1667,,,,,,,,,,,,,,,,,,,,
gpqa_152,opencode,both_correct,True,7,reason|RR|reason|reason|reason|reason|RR,reason,0.7142857142857143,0.5983,0.0,0.0,0.0,0.0,0.0,0.2857,0.7143,0.5,,,0,12,0,0.4144645340751043,0.2040367342688069,696,False,False,,,,,,,,,,,0.3333,0.1667,,,,,,,,,,,,,,
gpqa_153,opencode,both_correct,True,8,reason|reason|reason|reason|reason|PD|reason|PD,reason,0.75,0.5623,0.0,0.25,0.0,0.0,0.0,0.0,0.75,0.5714,0.2857,,0,2,0,0.4667258207630878,0.361914016838017,735,False,False,,,0.1429,,,,,,,,,,,,,,,,,,,,,,,
gpqa_154,opencode,both_correct,True,7,reason|PD|reason|reason|reason|reason|PD,reason,0.7142857142857143,0.5983,0.0,0.2857,0.0,0.0,0.0,0.0,0.7143,0.5,0.3333,,6,2,0,0.426270136307311,0.2159593758251171,942,False,False,,,0.1667,,,,,,,,,,,,,,,,,,,,,,,
gpqa_155,opencode,both_correct,True,7,PD|PD|reason|reason|PD|reason|PD,PD,0.5714285714285714,0.6829,0.0,0.5714,0.0,0.0,0.0,0.0,0.4286,0.1667,0.3333,,2,0,0,0.4096385542168674,0.2546022071737514,756,False,False,,,0.3333,,,0.1667,,,,,,,,,,,,,,,,,,,,
gpqa_156,opencode,both_correct,True,7,reason|PD|reason|reason|reason|reason|PD,reason,0.7142857142857143,0.5983,0.0,0.2857,0.0,0.0,0.0,0.0,0.7143,0.5,0.3333,,0,1,0,0.4068891280947255,0.2516141768531452,936,False,False,,,0.1667,,,,,,,,,,,,,,,,,,,,,,,
gpqa_157,opencode,both_correct,True,10,reason|reason|reason|reason|reason|reason|reason|PD|reason|PD,reason,0.8,0.5004,0.0,0.2,0.0,0.0,0.0,0.0,0.8,0.6667,0.2222,,4,11,0,0.4193548387096774,0.2549596054936764,559,False,False,,,0.1111,,,,,,,,,,,,,,,,,,,,,,,
gpqa_158,opencode,both_correct,True,7,reason|reason|reason|reason|IC|reason|IC,reason,0.7142857142857143,0.5983,0.0,0.0,0.0,0.2857,0.0,0.0,0.7143,0.5,,,2,4,0,0.4247787610619469,0.3072765122881584,897,False,False,0.3333,0.1667,,,,,,,,,,,,,,,,,,,,,,,,
gpqa_159,opencode,both_correct,True,4,reason|PD|reason|PD,reason,0.5,0.6931,0.0,0.5,0.0,0.0,0.0,0.0,0.5,,0.6667,,0,4,0,0.4427558257345491,0.191477834241471,905,False,False,,,0.3333,,,,,,,,,,,,,,,,,,,,,,,
gpqa_16,opencode,both_correct,True,4,reason|IC|reason|IC,reason,0.5,0.6931,0.0,0.0,0.0,0.5,0.0,0.0,0.5,,,,2,14,0,0.4938356164383561,0.3636392553508691,1354,False,False,0.6667,0.3333,,,,,,,,,,,,,,,,,,,,,,,,
gpqa_160,opencode,regression,False,4,PD|reason|reason|reason,reason,0.75,0.5623,0.0,0.25,0.0,0.0,0.0,0.0,0.75,0.6667,,,0,0,0,0.0,0.0,0,True,False,,,0.3333,,,,,,,,,,,,,,,,,,,,,,,
gpqa_161,opencode,both_correct,True,7,reason|PD|reason|reason|reason|reason|PD,reason,0.7142857142857143,0.5983,0.0,0.2857,0.0,0.0,0.0,0.0,0.7143,0.5,0.3333,,2,4,0,0.3981264637002342,0.2471089319188951,898,False,False,,,0.1667,,,,,,,,,,,,,,,,,,,,,,,
gpqa_162,opencode,both_correct,True,13,reason|PD|reason|reason|RR|reason|reason|UN|reason|reason|RR|reason|RR,reason,0.6153846153846154,1.0318,0.0,0.0769,0.0,0.0,0.0769,0.2308,0.6154,0.25,0.0833,,18,46,8,0.5346102150537635,0.3950824139829114,3180,False,False,,,0.0833,0.0833,0.0833,,,,,,0.25,0.1667,,,,,,,,,,,,,,
gpqa_163,opencode,both_correct,True,7,reason|PD|reason|reason|reason|reason|PD,reason,0.7142857142857143,0.5983,0.0,0.2857,0.0,0.0,0.0,0.0,0.7143,0.5,0.3333,,2,2,0,0.2926208651399491,0.1849754829942425,285,False,False,,,0.1667,,,,,,,,,,,,,,,,,,,,,,,
gpqa_164,opencode,both_correct,True,7,reason|RR|reason|reason|reason|reason|RR,reason,0.7142857142857143,0.5983,0.0,0.0,0.0,0.0,0.0,0.2857,0.7143,0.5,,,0,6,0,0.5169606512890095,0.0949221427768119,995,False,False,,,,,,,,,,,0.3333,0.1667,,,,,,,,,,,,,,
gpqa_165,opencode,both_correct,True,4,PD|PD|reason|PD,PD,0.75,0.5623,0.0,0.75,0.0,0.0,0.0,0.0,0.25,,0.3333,,4,0,0,0.4913294797687861,0.1206225134245646,1015,False,False,,,0.3333,,,0.3333,,,,,,,,,,,,,,,,,,,,
gpqa_166,opencode,both_correct,True,10,reason|PD|reason|reason|reason|reason|reason|reason|reason|PD,reason,0.8,0.5004,0.0,0.2,0.0,0.0,0.0,0.0,0.8,0.6667,0.2222,,2,0,0,0.297423887587822,0.1228921140364728,729,False,False,,,0.1111,,,,,,,,,,,,,,,,,,,,,,,
gpqa_167,opencode,both_correct,True,13,PD|PD|reason|reason|reason|reason|reason|reason|reason|reason|PD|reason|PD,reason,0.6923076923076923,0.6172,0.0,0.3077,0.0,0.0,0.0,0.0,0.6923,0.5833,0.1667,,4,0,0,0.5081481481481481,0.1302126213382293,1320,False,False,,,0.1667,,,0.0833,,,,,,,,,,,,,,,,,,,,
gpqa_168,opencode,both_correct,True,13,PD|PD|reason|reason|RR|reason|reason|reason|reason|reason|reason|reason|RR,reason,0.6923076923076923,0.8305,0.0,0.1538,0.0,0.0,0.0,0.1538,0.6923,0.5833,,,4,0,0,0.4183937823834197,0.1463619308710056,805,False,False,,,0.0833,,,0.0833,,,,,0.1667,0.0833,,,,,,,,,,,,,,
gpqa_169,opencode,both_correct,True,4,PD|PD|reason|PD,PD,0.75,0.5623,0.0,0.75,0.0,0.0,0.0,0.0,0.25,,0.3333,,0,0,0,0.5135608048993876,0.3151041338922,681,False,False,,,0.3333,,,0.3333,,,,,,,,,,,,,,,,,,,,
gpqa_17,opencode,both_correct,True,56,reason|PD|reason|reason|reason|reason|reason|reason|reason|reason|reason|reason|reason|reason|reason|reason|reason|reason|reason|reason|reason|reason|reason|reason|reason|reason|reason|reason|reason|reason|reason|reason|reason|reason|reason|reason|reason|reason|reason|reason|reason|reason|reason|reason|reason|reason|reason|reason|reason|reason|RR|reason|reason|IC|reason|PD,reason,0.9285714285714286,0.3316,0.0,0.0357,0.0,0.0179,0.0,0.0179,0.9286,0.8727,0.0364,,8,18,0,0.4424778761061947,0.2015134639569289,1305,False,False,0.0182,0.0182,0.0182,,,,,,,,0.0182,0.0182,,,,,,,,,,,,,,
gpqa_170,opencode,both_correct,True,7,PD|PD|reason|reason|PD|reason|PD,PD,0.5714285714285714,0.6829,0.0,0.5714,0.0,0.0,0.0,0.0,0.4286,0.1667,0.3333,,4,0,0,0.3500810372771475,0.1360292033014993,683,False,False,,,0.3333,,,0.1667,,,,,,,,,,,,,,,,,,,,
gpqa_171,opencode,both_correct,True,10,reason|reason|UN|reason|reason|reason|reason|UN|reason|UN,reason,0.7,0.6109,0.0,0.0,0.0,0.0,0.3,0.0,0.7,0.4444,,,6,46,16,0.5725671140939598,0.2727197152407206,2394,False,False,,,,0.3333,0.2222,,,,,,,,,,,,,,,,,,,,,
gpqa_172,opencode,both_correct,True,23,PD|reason|reason|reason|reason|reason|reason|reason|reason|reason|reason|reason|reason|PD|reason|reason|reason|reason|reason|reason|IC|reason|IC,reason,0.8260869565217391,0.5826,0.0,0.087,0.0,0.087,0.0,0.0,0.8261,0.7273,0.0455,,2,0,0,0.5038314176245211,0.2585408995666599,1598,False,False,0.0909,0.0455,0.0909,,,,,,,,,,,,,,,,,,,,,,,
gpqa_173,opencode,regression,False,4,reason|reason|reason|reason,reason,1.0,-0.0,0.0,0.0,0.0,0.0,0.0,0.0,1.0,1.0,,,0,0,0,0.0,0.0,0,True,False,,,,,,,,,,,,,,,,,,,,,,,,,,
gpqa_174,opencode,both_correct,True,16,PD|reason|RR|reason|reason|reason|reason|reason|reason|reason|reason|reason|reason|reason|reason|RR,reason,0.8125,0.6019,0.0,0.0625,0.0,0.0,0.0,0.125,0.8125,0.7333,,,10,10,0,0.4571607254534083,0.2728663802909684,2121,False,False,,,0.0667,,,,,,,,0.1333,0.0667,,,,,,,,,,,,,,
gpqa_175,opencode,both_correct,True,16,PD|PD|reason|reason|reason|reason|reason|reason|reason|reason|reason|reason|reason|IC|reason|PD,reason,0.75,0.7029,0.0,0.1875,0.0,0.0625,0.0,0.0,0.75,0.6667,0.0667,,4,2,0,0.4134419551934827,0.1667659386914408,1173,False,False,0.0667,0.0667,0.0667,,,0.0667,,,,,,,,,,,,,,,,,,,,
gpqa_176,opencode,both_correct,True,10,reason|PD|reason|reason|reason|reason|reason|reason|reason|PD,reason,0.8,0.5004,0.0,0.2,0.0,0.0,0.0,0.0,0.8,0.6667,0.2222,,4,0,0,0.4004424778761062,0.2707957161253352,818,False,False,,,0.1111,,,,,,,,,,,,,,,,,,,,,,,
gpqa_177,opencode,both_correct,True,10,PD|PD|reason|reason|reason|reason|reason|RR|reason|PD,reason,0.6,0.8979,0.0,0.3,0.0,0.0,0.0,0.1,0.6,0.4444,0.1111,,4,4,0,0.4030037546933667,0.2561953134075481,666,False,False,,,0.1111,,,0.1111,,,,,0.1111,0.1111,,,,,,,,,,,,,,
gpqa_178,opencode,both_correct,True,4,PD|PD|reason|PD,PD,0.75,0.5623,0.0,0.75,0.0,0.0,0.0,0.0,0.25,,0.3333,,0,2,0,0.541299117882919,0.1433815375290116,1638,False,False,,,0.3333,,,0.3333,,,,,,,,,,,,,,,,,,,,
gpqa_179,opencode,both_correct,True,10,reason|RR|reason|reason|reason|reason|reason|reason|reason|RR,reason,0.8,0.5004,0.0,0.0,0.0,0.0,0.0,0.2,0.8,0.6667,,,4,2,0,0.4052697616060225,0.1916193127942508,1039,False,False,,,,,,,,,,,0.2222,0.1111,,,,,,,,,,,,,,
gpqa_18,opencode,both_wrong,False,2,PD|PD,PD,1.0,-0.0,0.0,1.0,0.0,0.0,0.0,0.0,0.0,,,,4,77,7,0.2337257617728531,0.2998817374511033,5797,True,False,,,,,,1.0,,,,,,,,,,,,,,,,,,,,
gpqa_180,opencode,both_correct,True,4,PD|PD|reason|PD,PD,0.75,0.5623,0.0,0.75,0.0,0.0,0.0,0.0,0.25,,0.3333,,0,0,0,0.4301606922126081,0.1285288334908465,855,False,False,,,0.3333,,,0.3333,,,,,,,,,,,,,,,,,,,,
gpqa_181,opencode,regression,False,1,PD,PD,1.0,-0.0,0.0,1.0,0.0,0.0,0.0,0.0,0.0,,,,0,0,0,0.019108280254777,0.0,0,True,False,,,,,,,,,,,,,,,,,,,,,,,,,,
gpqa_182,opencode,both_correct,True,55,reason|reason|reason|reason|reason|reason|reason|reason|reason|reason|reason|reason|reason|reason|reason|reason|reason|reason|reason|reason|reason|reason|reason|reason|reason|reason|reason|reason|reason|reason|reason|reason|reason|reason|reason|reason|reason|reason|reason|reason|reason|reason|reason|PD|reason|reason|reason|reason|reason|reason|reason|reason|reason|reason|PD,reason,0.9636363636363636,0.1562,0.0,0.0364,0.0,0.0,0.0,0.0,0.9636,0.9444,0.037,,6,0,0,0.3344709897610921,0.1942550491613751,654,False,False,,,0.0185,,,,,,,,,,,,,,,,,,,,,,,
gpqa_183,opencode,both_correct,True,45,reason|reason|reason|reason|reason|reason|reason|reason|reason|reason|reason|reason|reason|reason|reason|reason|reason|reason|reason|reason|reason|reason|reason|reason|reason|reason|reason|reason|reason|reason|reason|reason|reason|reason|reason|reason|PD|reason|reason|reason|reason|reason|PD|reason|PD,reason,0.9333333333333333,0.2449,0.0,0.0667,0.0,0.0,0.0,0.0,0.9333,0.8864,0.0682,,2,0,0,0.3293918918918919,0.1292592130519698,449,False,False,,,0.0455,,,,,,,,,,,,,,,,,,,,,,,
gpqa_184,opencode,both_correct,True,10,PD|PD|reason|reason|reason|reason|reason|reason|reason|PD,reason,0.7,0.6109,0.0,0.3,0.0,0.0,0.0,0.0,0.7,0.6667,0.1111,,4,0,0,0.4053738317757009,0.2220617324845669,727,False,False,,,0.1111,,,0.1111,,,,,,,,,,,,,,,,,,,,
gpqa_185,opencode,regression,False,4,reason|RR|reason|RR,reason,0.5,0.6931,0.0,0.0,0.0,0.0,0.0,0.5,0.5,,,,12,32,0,0.5190434012400355,0.5158303026405865,1467,False,False,,,,,,,,,,,0.6667,0.3333,,,,,,,,,,,,,,
gpqa_186,opencode,both_correct,True,27,reason|reason|reason|reason|reason|reason|reason|reason|reason|reason|reason|reason|reason|reason|reason|PD|reason|reason|reason|reason|reason|RR|reason|reason|reason|reason|RR,reason,0.8888888888888888,0.4196,0.0,0.037,0.0,0.0,0.0,0.0741,0.8889,0.8077,0.0385,,4,0,0,0.3088552915766738,0.1894520426479855,491,False,False,,,0.0385,,,,,,,,0.0769,0.0385,,,,,,,,,,,,,,
gpqa_187,opencode,both_correct,True,11,reason|reason|reason|reason|reason|PD|reason|reason|PD|reason|PD,reason,0.7272727272727273,0.586,0.0,0.2727,0.0,0.0,0.0,0.0,0.7273,0.5,0.3,,6,0,0,0.3577981651376147,0.2136493780075485,486,False,False,,,0.2,,,,,,,,,,,,,,,,,,,,,,,
gpqa_188,opencode,both_correct,True,15,reason|reason|reason|PD|reason|reason|reason|reason|reason|PD|reason|reason|reason|reason|PD,reason,0.8,0.5004,0.0,0.2,0.0,0.0,0.0,0.0,0.8,0.6429,0.2143,,16,10,0,0.4628312863606981,0.2986977967843993,1803,False,False,,,0.1429,,,,,,,,,,,,,,,,,,,,,,,
gpqa_189,opencode,regression,False,1,PD,PD,1.0,-0.0,0.0,1.0,0.0,0.0,0.0,0.0,0.0,,,,0,0,0,0.0045871559633027,0.0,0,True,False,,,,,,,,,,,,,,,,,,,,,,,,,,
gpqa_19,opencode,both_correct,True,7,PD|PD|reason|reason|reason|reason|PD,reason,0.5714285714285714,0.6829,0.0,0.4286,0.0,0.0,0.0,0.0,0.5714,0.5,0.1667,,4,0,0,0.3571428571428571,0.1667369252139598,598,False,False,,,0.1667,,,0.1667,,,,,,,,,,,,,,,,,,,,
gpqa_190,opencode,both_correct,True,10,PD|PD|reason|reason|reason|reason|reason|PD|reason|PD,reason,0.6,0.673,0.0,0.4,0.0,0.0,0.0,0.0,0.6,0.4444,0.2222,,6,0,0,0.4240231548480463,0.1538027384919396,576,False,False,,,0.2222,,,0.1111,,,,,,,,,,,,,,,,,,,,
gpqa_191,opencode,both_correct,True,10,reason|PD|reason|reason|reason|reason|reason|PD|reason|PD,reason,0.7,0.6109,0.0,0.3,0.0,0.0,0.0,0.0,0.7,0.4444,0.3333,,4,0,0,0.4528301886792453,0.2284892181108168,523,False,False,,,0.2222,,,,,,,,,,,,,,,,,,,,,,,
gpqa_192,opencode,both_correct,True,10,reason|RR|reason|reason|reason|reason|reason|RR|reason|RR,reason,0.7,0.6109,0.0,0.0,0.0,0.0,0.0,0.3,0.7,0.4444,,,4,14,0,0.433389544688027,0.3348499823824935,1004,False,False,,,,,,,,,,,0.3333,0.2222,,,,,,,,,,,,,,
gpqa_193,opencode,both_correct,True,7,PD|PD|reason|reason|PD|reason|PD,PD,0.5714285714285714,0.6829,0.0,0.5714,0.0,0.0,0.0,0.0,0.4286,0.1667,0.3333,,4,0,0,0.3698384201077199,0.1372515778388048,655,False,False,,,0.3333,,,0.1667,,,,,,,,,,,,,,,,,,,,
gpqa_194,opencode,both_correct,True,7,reason|PD|reason|reason|reason|reason|PD,reason,0.7142857142857143,0.5983,0.0,0.2857,0.0,0.0,0.0,0.0,0.7143,0.5,0.3333,,0,0,2,0.3731988472622478,0.2187755476264329,599,False,False,,,0.1667,,,,,,,,,,,,,,,,,,,,,,,
gpqa_195,opencode,both_correct,True,7,PD|PD|reason|reason|PD|reason|PD,PD,0.5714285714285714,0.6829,0.0,0.5714,0.0,0.0,0.0,0.0,0.4286,0.1667,0.3333,,0,0,0,0.4198966408268734,0.2275146832245314,874,False,False,,,0.3333,,,0.1667,,,,,,,,,,,,,,,,,,,,
gpqa_196,opencode,both_wrong,False,21,reason|reason|reason|reason|reason|reason|reason|reason|reason|reason|reason|reason|reason|reason|RR|reason|reason|reason|PD|reason|PD,reason,0.8571428571428571,0.501,0.0,0.0952,0.0,0.0,0.0,0.0476,0.8571,0.75,0.1,,0,12,4,0.4671980380134886,0.3627559696750337,1363,False,False,,,0.05,,,,,,,,0.05,0.05,,,,,,,,,,,,,,
gpqa_197,opencode,both_correct,True,10,PD|PD|reason|reason|reason|reason|reason|PD|reason|PD,reason,0.6,0.673,0.0,0.4,0.0,0.0,0.0,0.0,0.6,0.4444,0.2222,,8,0,0,0.4480446927374302,0.1842438882567326,1086,False,False,,,0.2222,,,0.1111,,,,,,,,,,,,,,,,,,,,
gpqa_2,opencode,both_correct,True,7,PD|PD|reason|reason|PD|reason|PD,PD,0.5714285714285714,0.6829,0.0,0.5714,0.0,0.0,0.0,0.0,0.4286,0.1667,0.3333,,0,0,0,0.4329787234042553,0.2072195245657123,988,False,False,,,0.3333,,,0.1667,,,,,,,,,,,,,,,,,,,,
gpqa_20,opencode,both_correct,True,4,PD|PD|reason|PD,PD,0.75,0.5623,0.0,0.75,0.0,0.0,0.0,0.0,0.25,,0.3333,,0,6,0,0.4716981132075472,0.4284797321442098,1339,False,False,,,0.3333,,,0.3333,,,,,,,,,,,,,,,,,,,,
gpqa_21,opencode,both_correct,True,64,reason|reason|reason|reason|reason|reason|reason|reason|reason|reason|reason|reason|reason|reason|reason|reason|reason|reason|reason|reason|reason|reason|reason|reason|reason|reason|reason|reason|reason|reason|reason|reason|reason|PD|reason|reason|reason|reason|reason|reason|reason|reason|reason|reason|reason|reason|reason|reason|reason|reason|reason|reason|reason|reason|reason|reason|reason|reason|reason|reason|reason|IC|reason|IC,reason,0.953125,0.219,0.0,0.0156,0.0,0.0312,0.0,0.0,0.9531,0.9206,0.0159,,2,0,0,0.4014388489208633,0.2414822774930169,626,False,False,0.0317,0.0159,0.0159,,,,,,,,,,,,,,,,,,,,,,,
gpqa_22,opencode,regression,False,2,reason|PD,reason,0.5,0.6931,0.0,0.5,0.0,0.0,0.0,0.0,0.5,,1.0,,21,10,0,0.8318435754189945,0.0647845686856866,5806,True,False,,,,,,,,,,,,,,,,,,,,,,,,,,
gpqa_23,opencode,both_correct,True,47,PD|reason|reason|reason|reason|reason|reason|reason|reason|reason|reason|reason|reason|reason|reason|reason|reason|reason|reason|reason|reason|reason|reason|reason|reason|reason|reason|reason|reason|reason|reason|reason|reason|reason|reason|reason|reason|reason|reason|reason|reason|reason|reason|reason|PD|reason|PD,reason,0.9361702127659575,0.2374,0.0,0.0638,0.0,0.0,0.0,0.0,0.9362,0.913,0.0435,,0,0,0,0.4434611602753195,0.2315402717717704,1046,False,False,,,0.0435,,,,,,,,,,,,,,,,,,,,,,,
gpqa_24,opencode,both_correct,True,4,PD|PD|reason|PD,PD,0.75,0.5623,0.0,0.75,0.0,0.0,0.0,0.0,0.25,,0.3333,,6,6,0,0.4907727797001153,0.3126668728650993,2022,False,False,,,0.3333,,,0.3333,,,,,,,,,,,,,,,,,,,,
gpqa_25,opencode,both_correct,True,21,reason|reason|reason|reason|reason|reason|reason|reason|reason|reason|reason|reason|reason|reason|reason|reason|reason|reason|IC|reason|IC,reason,0.9047619047619048,0.3145,0.0,0.0,0.0,0.0952,0.0,0.0,0.9048,0.85,,,6,0,0,0.3020833333333333,0.2323703908645614,371,False,False,0.1,0.05,,,,,,,,,,,,,,,,,,,,,,,,
gpqa_26,opencode,both_correct,True,18,reason|reason|PD|reason|reason|reason|reason|reason|reason|reason|reason|reason|reason|reason|reason|PD|reason|PD,reason,0.8333333333333334,0.4506,0.0,0.1667,0.0,0.0,0.0,0.0,0.8333,0.7059,0.1765,,2,0,0,0.4195906432748538,0.1632385943386773,726,False,False,,,0.1176,,,,,,,,,,,,,,,,,,,,,,,
gpqa_27,opencode,both_correct,True,17,PD|reason|reason|reason|reason|reason|reason|reason|reason|reason|reason|reason|reason|reason|PD|reason|PD,reason,0.8235294117647058,0.466,0.0,0.1765,0.0,0.0,0.0,0.0,0.8235,0.75,0.125,,0,8,8,0.4446397188049209,0.4017811123221533,804,False,False,,,0.125,,,,,,,,,,,,,,,,,,,,,,,
gpqa_28,opencode,both_wrong,False,2,reason|UN,reason,0.5,0.6931,0.0,0.0,0.0,0.0,0.5,0.0,0.5,,,,34,55,3,0.5700245700245701,0.2672358699473799,5815,True,False,,,,1.0,,,,,,,,,,,,,,,,,,,,,,
gpqa_29,opencode,both_correct,True,21,SE|reason|reason|reason|reason|reason|reason|reason|reason|reason|reason|reason|reason|reason|reason|reason|reason|reason|PD|reason|PD,reason,0.8571428571428571,0.501,0.0476,0.0952,0.0,0.0,0.0,0.0,0.8571,0.8,0.1,,0,0,3,0.4378151260504201,0.4021027879421875,759,False,False,,,0.05,,,,,,,,,,,0.05,,,,,,,,,,,,
gpqa_3,opencode,both_correct,True,14,reason|PD|reason|reason|reason|reason|reason|reason|reason|reason|reason|PD|reason|PD,reason,0.7857142857142857,0.5196,0.0,0.2143,0.0,0.0,0.0,0.0,0.7857,0.6154,0.2308,,2,1,0,0.394273127753304,0.2558719754022679,652,False,False,,,0.1538,,,,,,,,,,,,,,,,,,,,,,,
gpqa_30,opencode,regression,False,15,PD|PD|reason|reason|reason|reason|PD|reason|reason|PD|reason|reason|PD|reason|PD,reason,0.6,0.673,0.0,0.4,0.0,0.0,0.0,0.0,0.6,0.3571,0.2857,,44,52,20,0.5526094276094277,0.4011992629564157,5019,False,False,,,0.2857,,,0.0714,,,,,,,,,,,,,,,,,,,,
gpqa_31,opencode,both_wrong,False,6,PD|PD|reason|reason|reason|PD,PD,0.5,0.6931,0.0,0.5,0.0,0.0,0.0,0.0,0.5,0.4,0.2,,0,2,0,0.3227424749163879,0.5428518016351054,236,True,False,,,0.2,,,0.2,,,,,,,,,,,,,,,,,,,,
gpqa_32,opencode,both_correct,True,7,reason|reason|reason|reason|reason|reason|reason,reason,1.0,-0.0,0.0,0.0,0.0,0.0,0.0,0.0,1.0,1.0,,,8,2,0,0.4087481146304675,0.2217096242211638,780,False,False,,,,,,,,,,,,,,,,,,,,,,,,,,
gpqa_33,opencode,both_correct,True,4,PD|IC|reason|IC,IC,0.5,1.0397,0.0,0.25,0.0,0.5,0.0,0.0,0.25,,,0.3333,0,0,0,0.4533856722276742,0.300988619528544,693,False,False,0.3333,0.3333,,,,,,,,,,,,,,,,,,,,,,,,
gpqa_34,opencode,both_correct,True,4,PD|PD|reason|PD,PD,0.75,0.5623,0.0,0.75,0.0,0.0,0.0,0.0,0.25,,0.3333,,0,3,0,0.515638963360143,0.1999337807708518,905,False,False,,,0.3333,,,0.3333,,,,,,,,,,,,,,,,,,,,
gpqa_35,opencode,both_correct,True,19,reason|RR|reason|reason|reason|reason|reason|reason|reason|reason|reason|reason|reason|RR|reason|reason|PD|reason|PD,reason,0.7894736842105263,0.6606,0.0,0.1053,0.0,0.0,0.0,0.1053,0.7895,0.6111,0.1111,,4,8,0,0.4798567591763653,0.2360173731329329,891,False,False,,,0.0556,,,,,,,,0.1111,0.1111,,,,,,,,,,,,,,
gpqa_36,opencode,both_correct,True,4,reason|PD|reason|PD,reason,0.5,0.6931,0.0,0.5,0.0,0.0,0.0,0.0,0.5,,0.6667,,0,0,0,0.5271966527196653,0.2489603283575945,1011,False,False,,,0.3333,,,,,,,,,,,,,,,,,,,,,,,
gpqa_37,opencode,both_correct,True,14,reason|PD|reason|reason|reason|reason|reason|reason|reason|reason|reason|PD|reason|PD,reason,0.7857142857142857,0.5196,0.0,0.2143,0.0,0.0,0.0,0.0,0.7857,0.6154,0.2308,,0,10,0,0.4391217564870259,0.2418776083961987,806,False,False,,,0.1538,,,,,,,,,,,,,,,,,,,,,,,
gpqa_38,opencode,regression,False,2,reason|UN,reason,0.5,0.6931,0.0,0.0,0.0,0.0,0.5,0.0,0.5,,,,28,112,0,0.8064709406830437,0.099176431667843,5822,True,False,,,,1.0,,,,,,,,,,,,,,,,,,,,,,
gpqa_39,opencode,both_correct,True,9,reason|reason|reason|reason|reason|reason|PD|reason|PD,reason,0.7777777777777778,0.5297,0.0,0.2222,0.0,0.0,0.0,0.0,0.7778,0.625,0.25,,0,24,0,0.4886039886039886,0.3569118850183018,781,False,False,,,0.125,,,,,,,,,,,,,,,,,,,,,,,
gpqa_4,opencode,both_correct,True,10,reason|PD|reason|reason|reason|reason|reason|reason|reason|PD,reason,0.8,0.5004,0.0,0.2,0.0,0.0,0.0,0.0,0.8,0.6667,0.2222,,6,0,0,0.4367141659681475,0.2302003615207974,1333,False,False,,,0.1111,,,,,,,,,,,,,,,,,,,,,,,
gpqa_40,opencode,regression,False,2,PD|PD,PD,1.0,-0.0,0.0,1.0,0.0,0.0,0.0,0.0,0.0,,,,2,43,2,0.7418568579658763,0.1620847004807233,5814,True,False,,,,,,1.0,,,,,,,,,,,,,,,,,,,,
gpqa_41,opencode,both_correct,True,8,UN|reason|reason|reason|reason|PD|reason|PD,reason,0.625,0.9003,0.0,0.25,0.0,0.0,0.125,0.0,0.625,0.4286,0.2857,,2,4,5,0.391304347826087,0.4322094289647993,559,False,False,,,0.1429,,0.1429,,,,,,,,,,,,,,,,,,,,,
gpqa_42,opencode,both_wrong,False,5,PD|reason|PD|reason|PD,PD,0.6,0.673,0.0,0.6,0.0,0.0,0.0,0.0,0.4,,0.5,,0,11,1,0.4700598802395209,0.4232871151747169,893,False,False,,,0.5,,,,,,,,,,,,,,,,,,,,,,,
gpqa_43,opencode,both_wrong,False,4,reason|reason|reason|reason,reason,1.0,-0.0,0.0,0.0,0.0,0.0,0.0,0.0,1.0,1.0,,,2,10,0,0.4894283476898982,0.4665708223774319,849,False,False,,,,,,,,,,,,,,,,,,,,,,,,,,
gpqa_44,opencode,both_correct,True,8,reason|reason|IC|reason|reason|PD|reason|PD,reason,0.625,0.9003,0.0,0.25,0.0,0.125,0.0,0.0,0.625,0.2857,0.2857,,0,0,0,0.4240719910011248,0.2271255522681931,908,False,False,0.1429,0.1429,0.1429,,,,,,,,,,,,,,,,,,,,,,,
gpqa_45,opencode,both_correct,True,8,reason|reason|PD|reason|reason|reason|reason|PD,reason,0.75,0.5623,0.0,0.25,0.0,0.0,0.0,0.0,0.75,0.5714,0.2857,,6,10,2,0.4829178208679593,0.207662336148968,1325,False,False,,,0.1429,,,,,,,,,,,,,,,,,,,,,,,
gpqa_46,opencode,both_correct,True,16,PD|PD|reason|reason|RR|reason|reason|UN|reason|reason|UN|reason|reason|IC|reason|UN,reason,0.5625,1.244,0.0,0.125,0.0,0.0625,0.1875,0.0625,0.5625,0.2667,,,10,10,0,0.4352380952380952,0.2488334742911056,1150,False,False,0.0667,0.0667,0.0667,0.2,0.1333,0.0667,,,,,0.0667,0.0667,,,,,,,,,,,,,,
gpqa_47,opencode,both_correct,True,4,PD|PD|reason|PD,PD,0.75,0.5623,0.0,0.75,0.0,0.0,0.0,0.0,0.25,,0.3333,,0,8,0,0.3721244925575101,0.3522063151230028,628,False,False,,,0.3333,,,0.3333,,,,,,,,,,,,,,,,,,,,
gpqa_48,opencode,both_correct,True,4,PD|PD|reason|PD,PD,0.75,0.5623,0.0,0.75,0.0,0.0,0.0,0.0,0.25,,0.3333,,0,0,0,0.4463840399002494,0.3310419608275017,505,False,False,,,0.3333,,,0.3333,,,,,,,,,,,,,,,,,,,,
gpqa_49,opencode,both_correct,True,4,IC|PD|reason|PD,PD,0.5,1.0397,0.0,0.5,0.0,0.25,0.0,0.0,0.25,,0.3333,,0,4,0,0.4710144927536231,0.30119276581333,690,False,False,,,0.3333,,,,0.3333,,,,,,,,,,,,,,,,,,,
gpqa_5,opencode,both_correct,True,7,reason|PD|reason|reason|reason|reason|PD,reason,0.7142857142857143,0.5983,0.0,0.2857,0.0,0.0,0.0,0.0,0.7143,0.5,0.3333,,2,0,0,0.4005550416281221,0.3517027074165662,961,False,False,,,0.1667,,,,,,,,,,,,,,,,,,,,,,,
gpqa_50,opencode,both_correct,True,90,reason|PD|reason|reason|UN|reason|reason|reason|reason|UN|reason|reason|RR|reason|reason|RR|reason|reason|reason|reason|reason|reason|reason|reason|reason|reason|reason|reason|reason|reason|reason|reason|reason|reason|reason|reason|reason|reason|reason|reason|reason|reason|reason|reason|reason|reason|reason|reason|reason|reason|reason|reason|reason|reason|reason|reason|reason|reason|reason|reason|reason|reason|reason|reason|reason|reason|reason|reason|reason|reason|reason|reason|reason|reason|reason|reason|reason|reason|reason|reason|reason|UN|reason|reason|RR|reason|reason|IC|reason|UN,reason,0.9,0.4466,0.0,0.0111,0.0,0.0111,0.0444,0.0333,0.9,0.809,0.0112,,18,24,18,0.5485926712692512,0.3279834226557545,2007,False,False,0.0112,0.0112,0.0112,0.0449,0.0337,,,,,,0.0337,0.0337,,,,,,,,,,,,,,
gpqa_51,opencode,both_correct,True,8,reason|reason|reason|reason|reason|reason|reason|reason,reason,1.0,-0.0,0.0,0.0,0.0,0.0,0.0,0.0,1.0,1.0,,,4,0,0,0.5112917795844625,0.124615411872335,1361,False,False,,,,,,,,,,,,,,,,,,,,,,,,,,
gpqa_52,opencode,both_correct,True,8,PD|UN|reason|reason|reason|reason|reason|UN,reason,0.625,0.9003,0.0,0.125,0.0,0.0,0.25,0.0,0.625,0.5714,,,0,2,0,0.4196531791907514,0.3015300352058764,771,False,False,,,,0.1429,0.1429,,,,0.1429,,,,,,,,,,,,,,,,,
gpqa_53,opencode,both_correct,True,7,PD|PD|reason|reason|reason|reason|PD,reason,0.5714285714285714,0.6829,0.0,0.4286,0.0,0.0,0.0,0.0,0.5714,0.5,0.1667,,2,0,2,0.3571428571428571,0.2065832487309947,678,False,False,,,0.1667,,,0.1667,,,,,,,,,,,,,,,,,,,,
gpqa_54,opencode,both_correct,True,7,reason|PD|reason|reason|reason|reason|PD,reason,0.7142857142857143,0.5983,0.0,0.2857,0.0,0.0,0.0,0.0,0.7143,0.5,0.3333,,4,0,0,0.3873581847649919,0.1993285505203253,619,False,False,,,0.1667,,,,,,,,,,,,,,,,,,,,,,,
gpqa_55,opencode,both_correct,True,4,PD|SE|reason|SE,SE,0.5,1.0397,0.5,0.25,0.0,0.0,0.0,0.0,0.25,,,,6,50,0,0.4715813168261114,0.5171566938641455,1225,False,False,,,,,,,,0.3333,,,,,0.3333,0.3333,,,,,,,,,,,,
gpqa_56,opencode,both_correct,True,4,PD|PD|reason|PD,PD,0.75,0.5623,0.0,0.75,0.0,0.0,0.0,0.0,0.25,,0.3333,,4,2,0,0.4338422391857506,0.2565546181652137,927,False,False,,,0.3333,,,0.3333,,,,,,,,,,,,,,,,,,,,
gpqa_57,opencode,both_correct,True,4,reason|PD|reason|PD,reason,0.5,0.6931,0.0,0.5,0.0,0.0,0.0,0.0,0.5,,0.6667,,0,0,0,0.5057351407716372,0.3050710359100707,652,False,False,,,0.3333,,,,,,,,,,,,,,,,,,,,,,,
gpqa_58,opencode,regression,False,2,reason|UN,reason,0.5,0.6931,0.0,0.0,0.0,0.0,0.5,0.0,0.5,,,,28,54,14,0.7677351550183921,0.1480321730346659,5823,True,False,,,,1.0,,,,,,,,,,,,,,,,,,,,,,
gpqa_59,opencode,regression,False,13,PD|reason|reason|reason|reason|reason|reason|reason|reason|reason|reason|reason|reason,reason,0.9230769230769231,0.2712,0.0,0.0769,0.0,0.0,0.0,0.0,0.9231,0.9167,,,12,0,0,0.2333901192504258,0.3154042930616516,238,True,False,,,0.0833,,,,,,,,,,,,,,,,,,,,,,,
gpqa_6,opencode,both_correct,True,10,RR|reason|reason|reason|IC|reason|reason|IC|reason|IC,reason,0.6,0.8979,0.0,0.0,0.0,0.3,0.0,0.1,0.6,0.3333,,,10,6,0,0.4863685932388222,0.2659022042831498,1820,False,False,0.3333,0.2222,,,,,,,,,,0.1111,,,,,,,,,,,,,,
gpqa_60,opencode,both_correct,True,4,PD|PD|reason|PD,PD,0.75,0.5623,0.0,0.75,0.0,0.0,0.0,0.0,0.25,,0.3333,,4,8,11,0.4904497843499692,0.598865479389691,1128,False,False,,,0.3333,,,0.3333,,,,,,,,,,,,,,,,,,,,
gpqa_61,opencode,both_correct,True,4,UN|PD|reason|PD,PD,0.5,1.0397,0.0,0.5,0.0,0.0,0.25,0.0,0.25,,0.3333,,5,0,2,0.4722222222222222,0.4207030255173563,739,False,False,,,0.3333,,,,,,,,,,,,,,0.3333,,,,,,,,,
gpqa_62,opencode,both_correct,True,4,PD|PD|reason|PD,PD,0.75,0.5623,0.0,0.75,0.0,0.0,0.0,0.0,0.25,,0.3333,,0,8,0,0.4125984251968504,0.3919859550480659,817,False,False,,,0.3333,,,0.3333,,,,,,,,,,,,,,,,,,,,
gpqa_63,opencode,both_correct,True,20,PD|reason|reason|reason|reason|reason|reason|reason|reason|reason|reason|reason|reason|reason|PD|reason|reason|PD|reason|PD,reason,0.8,0.5004,0.0,0.2,0.0,0.0,0.0,0.0,0.8,0.6842,0.1579,,2,2,0,0.3940149625935162,0.3478820825997859,1089,False,False,,,0.1579,,,,,,,,,,,,,,,,,,,,,,,
gpqa_64,opencode,both_wrong,False,5,reason|reason|UN|reason|UN,reason,0.6,0.673,0.0,0.0,0.0,0.0,0.4,0.0,0.6,0.25,,,0,8,4,0.4437086092715231,0.5213854927147162,1101,False,False,,,,0.5,0.25,,,,,,,,,,,,,,,,,,,,,
gpqa_65,opencode,both_wrong,False,9,reason|reason|reason|reason|reason|reason|reason|reason|reason,reason,1.0,-0.0,0.0,0.0,0.0,0.0,0.0,0.0,1.0,1.0,,,10,0,0,0.2553191489361702,0.5007903288348966,149,True,False,,,,,,,,,,,,,,,,,,,,,,,,,,
gpqa_66,opencode,both_correct,True,52,PD|reason|reason|reason|reason|reason|reason|reason|reason|reason|reason|reason|reason|reason|reason|reason|reason|reason|reason|reason|reason|reason|reason|reason|reason|reason|reason|reason|reason|reason|reason|reason|reason|reason|reason|reason|reason|reason|reason|reason|reason|reason|reason|reason|reason|reason|reason|reason|reason|PD|reason|PD,reason,0.9423076923076923,0.2206,0.0,0.0577,0.0,0.0,0.0,0.0,0.9423,0.9216,0.0392,,0,0,0,0.4524564183835182,0.3586265614467149,775,False,False,,,0.0392,,,,,,,,,,,,,,,,,,,,,,,
gpqa_67,opencode,both_correct,True,40,PD|reason|reason|reason|reason|reason|reason|reason|reason|reason|reason|reason|reason|reason|reason|reason|reason|reason|reason|reason|reason|reason|reason|reason|reason|reason|reason|reason|reason|reason|reason|reason|reason|reason|PD|reason|reason|PD|reason|PD,reason,0.9,0.3251,0.0,0.1,0.0,0.0,0.0,0.0,0.9,0.8462,0.0769,,2,14,0,0.47736298649722,0.3070232441885188,1149,False,False,,,0.0769,,,,,,,,,,,,,,,,,,,,,,,
gpqa_68,opencode,both_correct,True,27,PD|reason|reason|reason|reason|reason|reason|reason|reason|reason|reason|reason|reason|reason|reason|reason|reason|reason|reason|reason|reason|reason|reason|reason|PD|reason|PD,reason,0.8888888888888888,0.3488,0.0,0.1111,0.0,0.0,0.0,0.0,0.8889,0.8462,0.0769,,0,5,0,0.449820788530466,0.3218853746632877,763,False,False,,,0.0769,,,,,,,,,,,,,,,,,,,,,,,
gpqa_69,opencode,both_correct,True,13,PD|reason|reason|reason|reason|reason|reason|reason|reason|reason|PD|reason|PD,reason,0.7692307692307693,0.5402,0.0,0.2308,0.0,0.0,0.0,0.0,0.7692,0.6667,0.1667,,0,8,5,0.4095962551199532,0.5403485019311629,1150,False,False,,,0.1667,,,,,,,,,,,,,,,,,,,,,,,
gpqa_7,opencode,both_correct,True,15,reason|PD|reason|reason|reason|reason|reason|reason|reason|reason|reason|reason|PD|reason|PD,reason,0.8,0.5004,0.0,0.2,0.0,0.0,0.0,0.0,0.8,0.6429,0.2143,,4,0,0,0.3813559322033898,0.2617021879114087,704,False,False,,,0.1429,,,,,,,,,,,,,,,,,,,,,,,
gpqa_70,opencode,both_wrong,False,5,PD|reason|PD|reason|PD,PD,0.6,0.673,0.0,0.6,0.0,0.0,0.0,0.0,0.4,,0.5,,0,6,1,0.4341894060995184,0.4155144174304294,710,False,False,,,0.5,,,,,,,,,,,,,,,,,,,,,,,
gpqa_71,opencode,rescue,True,7,PD|PD|reason|reason|IC|reason|PD,PD,0.42857142857142855,1.0042,0.0,0.4286,0.0,0.1429,0.0,0.0,0.4286,0.1667,0.1667,,2,0,0,0.2453703703703703,0.3767594761817054,167,False,False,0.1667,0.1667,0.1667,,,0.1667,,,,,,,,,,,,,,,,,,,,
gpqa_72,opencode,both_correct,True,6,reason|reason|reason|PD|reason|PD,reason,0.6666666666666666,0.6365,0.0,0.3333,0.0,0.0,0.0,0.0,0.6667,0.4,0.4,,0,0,0,0.4681034482758621,0.4224224013881328,750,False,False,,,0.2,,,,,,,,,,,,,,,,,,,,,,,
gpqa_73,opencode,both_correct,True,6,reason|reason|reason|IC|reason|IC,reason,0.6666666666666666,0.6365,0.0,0.0,0.0,0.3333,0.0,0.0,0.6667,0.4,,,0,0,0,0.4727722772277227,0.323368172419212,760,False,False,0.4,0.2,,,,,,,,,,,,,,,,,,,,,,,,
gpqa_74,opencode,both_correct,True,10,reason|reason|reason|reason|reason|reason|reason|reason|reason|reason,reason,1.0,-0.0,0.0,0.0,0.0,0.0,0.0,0.0,1.0,1.0,,,2,0,0,0.462655601659751,0.2386315997886819,847,False,False,,,,,,,,,,,,,,,,,,,,,,,,,,
gpqa_75,opencode,both_correct,True,4,reason|PD|reason|PD,reason,0.5,0.6931,0.0,0.5,0.0,0.0,0.0,0.0,0.5,,0.6667,,6,14,2,0.4581328200192492,0.3000254896247614,1129,False,False,,,0.3333,,,,,,,,,,,,,,,,,,,,,,,
gpqa_76,opencode,both_correct,True,7,reason|UN|reason|reason|IC|reason|IC,reason,0.5714285714285714,0.9557,0.0,0.0,0.0,0.2857,0.1429,0.0,0.5714,0.1667,,,8,14,6,0.4702861335289802,0.5151858942943939,1083,False,False,0.3333,0.1667,,0.1667,0.1667,,,,,,,,,,,,,,,,,,,,,
gpqa_77,opencode,regression,False,4,PD|PD|reason|PD,PD,0.75,0.5623,0.0,0.75,0.0,0.0,0.0,0.0,0.25,,0.3333,,10,0,0,0.5210181257231007,0.4915637198666013,2114,False,False,,,0.3333,,,0.3333,,,,,,,,,,,,,,,,,,,,
gpqa_78,opencode,rescue,True,7,PD|PD|reason|reason|PD|reason|PD,PD,0.5714285714285714,0.6829,0.0,0.5714,0.0,0.0,0.0,0.0,0.4286,0.1667,0.3333,,4,22,2,0.4966666666666666,0.3582157237282217,1518,False,False,,,0.3333,,,0.1667,,,,,,,,,,,,,,,,,,,,
gpqa_79,opencode,regression,False,4,PD|PD|reason|PD,PD,0.75,0.5623,0.0,0.75,0.0,0.0,0.0,0.0,0.25,,0.3333,,2,37,0,0.5141739980449658,0.4075878766828698,1835,False,False,,,0.3333,,,0.3333,,,,,,,,,,,,,,,,,,,,
gpqa_8,opencode,both_correct,True,14,reason|PD|reason|reason|reason|reason|reason|reason|reason|reason|reason|PD|reason|PD,reason,0.7857142857142857,0.5196,0.0,0.2143,0.0,0.0,0.0,0.0,0.7857,0.6154,0.2308,,6,0,0,0.4534412955465587,0.2756594276614471,1200,False,False,,,0.1538,,,,,,,,,,,,,,,,,,,,,,,
gpqa_80,opencode,both_correct,True,4,reason|PD|reason|PD,reason,0.5,0.6931,0.0,0.5,0.0,0.0,0.0,0.0,0.5,,0.6667,,2,11,0,0.4591467823571945,0.2829986174698919,1296,False,False,,,0.3333,,,,,,,,,,,,,,,,,,,,,,,
gpqa_81,opencode,rescue,True,4,PD|PD|reason|PD,PD,0.75,0.5623,0.0,0.75,0.0,0.0,0.0,0.0,0.25,,0.3333,,2,21,12,0.5221496005809731,0.6016334387715226,2100,False,False,,,0.3333,,,0.3333,,,,,,,,,,,,,,,,,,,,
gpqa_82,opencode,regression,False,2,reason|PD,reason,0.5,0.6931,0.0,0.5,0.0,0.0,0.0,0.0,0.5,,1.0,,45,59,21,0.7290473711608537,0.1858354617278911,5817,True,False,,,,,,,,,,,,,,,,,,,,,,,,,,
gpqa_83,opencode,both_wrong,False,4,reason|PD|reason|PD,reason,0.5,0.6931,0.0,0.5,0.0,0.0,0.0,0.0,0.5,,0.6667,,8,23,0,0.4581151832460733,0.4210302918427575,1352,False,False,,,0.3333,,,,,,,,,,,,,,,,,,,,,,,
gpqa_84,opencode,both_correct,True,4,PD|PD|reason|PD,PD,0.75,0.5623,0.0,0.75,0.0,0.0,0.0,0.0,0.25,,0.3333,,4,21,0,0.4282964388835418,0.2989039453262793,1118,False,False,,,0.3333,,,0.3333,,,,,,,,,,,,,,,,,,,,
gpqa_85,opencode,both_correct,True,4,reason|PD|reason|PD,reason,0.5,0.6931,0.0,0.5,0.0,0.0,0.0,0.0,0.5,,0.6667,,4,5,0,0.5056446821152704,0.4012414789943274,1555,False,False,,,0.3333,,,,,,,,,,,,,,,,,,,,,,,
gpqa_86,opencode,both_correct,True,7,reason|PD|reason|reason|RR|reason|RR,reason,0.5714285714285714,0.9557,0.0,0.1429,0.0,0.0,0.0,0.2857,0.5714,0.1667,0.1667,,4,8,2,0.462159434914228,0.3701815780985594,685,False,False,,,0.1667,,,,,,,,0.3333,0.1667,,,,,,,,,,,,,,
gpqa_87,opencode,both_wrong,False,4,PD|PD|reason|PD,PD,0.75,0.5623,0.0,0.75,0.0,0.0,0.0,0.0,0.25,,0.3333,,22,82,18,0.5551724137931034,0.5275673867731454,2586,False,False,,,0.3333,,,0.3333,,,,,,,,,,,,,,,,,,,,
gpqa_88,opencode,rescue,True,4,PD|PD|reason|PD,PD,0.75,0.5623,0.0,0.75,0.0,0.0,0.0,0.0,0.25,,0.3333,,0,0,0,0.5009953550099535,0.4511020356220128,1217,False,False,,,0.3333,,,0.3333,,,,,,,,,,,,,,,,,,,,
gpqa_89,opencode,regression,False,4,PD|PD|reason|PD,PD,0.75,0.5623,0.0,0.75,0.0,0.0,0.0,0.0,0.25,,0.3333,,2,6,0,0.5155913978494624,0.3034443713665349,1983,False,False,,,0.3333,,,0.3333,,,,,,,,,,,,,,,,,,,,
gpqa_9,opencode,rescue,True,4,reason|PD|reason|PD,reason,0.5,0.6931,0.0,0.5,0.0,0.0,0.0,0.0,0.5,,0.6667,,4,23,2,0.4573170731707317,0.4178353698564436,1434,False,False,,,0.3333,,,,,,,,,,,,,,,,,,,,,,,
gpqa_90,opencode,both_correct,True,10,reason|PD|reason|reason|reason|reason|reason|PD|reason|PD,reason,0.7,0.6109,0.0,0.3,0.0,0.0,0.0,0.0,0.7,0.4444,0.3333,,2,2,2,0.430045871559633,0.2913115640831553,754,False,False,,,0.2222,,,,,,,,,,,,,,,,,,,,,,,
gpqa_91,opencode,both_correct,True,4,PD|PD|reason|PD,PD,0.75,0.5623,0.0,0.75,0.0,0.0,0.0,0.0,0.25,,0.3333,,0,0,0,0.4430590191188694,0.4080325905813483,1046,False,False,,,0.3333,,,0.3333,,,,,,,,,,,,,,,,,,,,
gpqa_92,opencode,both_correct,True,4,reason|PD|reason|PD,reason,0.5,0.6931,0.0,0.5,0.0,0.0,0.0,0.0,0.5,,0.6667,,2,8,1,0.4680851063829787,0.3887723628385044,569,False,False,,,0.3333,,,,,,,,,,,,,,,,,,,,,,,
gpqa_93,opencode,both_correct,True,4,PD|PD|reason|PD,PD,0.75,0.5623,0.0,0.75,0.0,0.0,0.0,0.0,0.25,,0.3333,,16,6,0,0.5706605222734255,0.3541767138243635,2505,False,False,,,0.3333,,,0.3333,,,,,,,,,,,,,,,,,,,,
gpqa_94,opencode,both_correct,True,4,PD|PD|reason|PD,PD,0.75,0.5623,0.0,0.75,0.0,0.0,0.0,0.0,0.25,,0.3333,,2,2,0,0.4860111910471623,0.3376582604563471,1142,False,False,,,0.3333,,,0.3333,,,,,,,,,,,,,,,,,,,,
gpqa_95,opencode,both_correct,True,4,reason|PD|reason|PD,reason,0.5,0.6931,0.0,0.5,0.0,0.0,0.0,0.0,0.5,,0.6667,,0,12,6,0.4600262123197903,0.3927709816539155,1668,False,False,,,0.3333,,,,,,,,,,,,,,,,,,,,,,,
gpqa_96,opencode,regression,False,2,reason|PD,reason,0.5,0.6931,0.0,0.5,0.0,0.0,0.0,0.0,0.5,,1.0,,38,115,3,0.7357659641396666,0.1455279815742773,5805,True,False,,,,,,,,,,,,,,,,,,,,,,,,,,
gpqa_97,opencode,both_wrong,False,4,PD|PD|reason|PD,PD,0.75,0.5623,0.0,0.75,0.0,0.0,0.0,0.0,0.25,,0.3333,,0,42,2,0.4709351305812974,0.3214990749505912,1122,False,False,,,0.3333,,,0.3333,,,,,,,,,,,,,,,,,,,,
gpqa_98,opencode,both_correct,True,4,reason|PD|reason|PD,reason,0.5,0.6931,0.0,0.5,0.0,0.0,0.0,0.0,0.5,,0.6667,,4,0,0,0.5375128468653648,0.4479854656782883,1532,False,False,,,0.3333,,,,,,,,,,,,,,,,,,,,,,,
gpqa_99,opencode,both_correct,True,4,reason|PD|reason|PD,reason,0.5,0.6931,0.0,0.5,0.0,0.0,0.0,0.0,0.5,,0.6667,,2,10,4,0.4661818181818182,0.3934808564617649,1201,False,False,,,0.3333,,,,,,,,,,,,,,,,,,,,,,,
gpqa_0,zeroclaw,both_correct,True,17,reason|reason|reason|reason|reason|reason|reason|reason|reason|reason|reason|reason|reason|reason|reason|reason|UN,reason,0.9411764705882353,0.2237,0.0,0.0,0.0,0.0,0.0588,0.0,0.9412,0.9375,,,2,4,0,0.2012048192771084,0.176317605987249,2125,False,False,,,,0.0625,,,,,,,,,,,,,,,,,,,,,,
gpqa_1,zeroclaw,both_correct,True,17,reason|reason|reason|reason|PD|reason|reason|reason|RR|reason|reason|reason|reason|PD|reason|reason|IC,reason,0.7647058823529411,0.7902,0.0,0.1176,0.0,0.0588,0.0,0.0588,0.7647,0.5625,0.125,,3,4,3,0.0878438331854481,0.2942403229696091,2419,False,False,0.0625,,0.125,,,,,,,,0.0625,0.0625,,,,,,,,,,,,,,
gpqa_10,zeroclaw,rescue,True,17,reason|reason|reason|reason|reason|reason|reason|reason|reason|reason|reason|IC|reason|reason|reason|reason|RR,reason,0.8823529411764706,0.4438,0.0,0.0,0.0,0.0588,0.0,0.0588,0.8824,0.8125,,,10,5,0,0.1290566037735849,0.313620458027403,2755,False,False,0.0625,0.0625,,,,,,,,,0.0625,,,,,,,,,,,,,,,
gpqa_100,zeroclaw,rescue,True,17,reason|reason|reason|RR|RR|reason|reason|reason|reason|PD|reason|PD|PD|PD|reason|PD|PD,reason,0.5294117647058824,0.956,0.0,0.3529,0.0,0.0,0.0,0.1176,0.5294,0.3125,0.1875,,7,13,0,0.1063348416289592,0.400804708940784,2459,False,False,,,0.125,,,0.1875,,,,,0.0625,0.0625,,,,,,,,,,,0.0625,,,
gpqa_101,zeroclaw,rescue,True,17,PD|PD|PD|PD|PD|reason|PD|UN|PD|PD|PD|PD|PD|PD|PD|PD|PD,PD,0.8823529411764706,0.4438,0.0,0.8824,0.0,0.0,0.0588,0.0,0.0588,,0.0625,,6,1,2,0.1274809160305343,0.4229663683773598,1933,False,False,,,0.0625,,,0.75,,,0.0625,,,,,,,,0.0625,,,,,,,,,
gpqa_102,zeroclaw,regression,False,17,PD|PD|reason|reason|PD|PD|RR|PD|PD|reason|PD|reason|PD|UN|RR|PD|PD,PD,0.5882352941176471,1.071,0.0,0.5882,0.0,0.0,0.0588,0.1176,0.2353,0.0625,0.1875,,3,12,7,0.0457589285714285,0.5056891414288549,1246,False,False,,,0.1875,,,0.25,,,0.0625,,,,,,,,,,,0.125,0.0625,,,0.0625,,
gpqa_103,zeroclaw,both_wrong,False,17,PD|reason|reason|PD|reason|PD|reason|reason|reason|reason|PD|PD|reason|PD|PD|PD|PD,PD,0.5294117647058824,0.6914,0.0,0.5294,0.0,0.0,0.0,0.0,0.4706,0.25,0.25,,4,10,4,0.1641577060931899,0.4265125566894891,2303,False,False,,,0.25,,,0.25,,,,,,,,,,,,,,,,,,,,
gpqa_104,zeroclaw,both_correct,True,17,PD|PD|PD|PD|reason|PD|PD|PD|PD|PD|PD|PD|PD|PD|PD|reason|PD,PD,0.8823529411764706,0.3622,0.0,0.8824,0.0,0.0,0.0,0.0,0.1176,,0.125,,2,4,0,0.0788141720896601,0.4267351366549499,2508,False,False,,,0.125,,,0.75,,,,,,,,,,,,,,,,,,,,
gpqa_105,zeroclaw,both_correct,True,17,reason|reason|reason|RR|reason|reason|PD|PD|PD|PD|reason|UN|PD|reason|reason|PD|PD,reason,0.47058823529411764,1.0534,0.0,0.4118,0.0,0.0,0.0588,0.0588,0.4706,0.25,0.125,,3,4,1,0.0591133004926108,0.3139920059328224,1458,False,False,,,0.125,0.0625,,0.25,,,,,0.0625,0.0625,,,,,0.0625,,,,,,,,,
gpqa_106,zeroclaw,nonvalid_or_missing,,1,PD,PD,1.0,-0.0,0.0,1.0,0.0,0.0,0.0,0.0,0.0,,,,0,0,0,0.3685636856368564,0.0,0,True,False,,,,,,,,,,,,,,,,,,,,,,,,,,
gpqa_107,zeroclaw,both_wrong,False,17,PD|PD|reason|PD|reason|reason|PD|reason|reason|PD|PD|PD|PD|PD|PD|PD|PD,PD,0.7058823529411765,0.6058,0.0,0.7059,0.0,0.0,0.0,0.0,0.2941,0.125,0.1875,,3,20,2,0.1099324975891996,0.4742097359050051,1483,False,False,,,0.1875,,,0.5,,,,,,,,,,,,,,,,,,,,
gpqa_108,zeroclaw,nonvalid_or_missing,,1,reason,reason,1.0,-0.0,0.0,0.0,0.0,0.0,0.0,0.0,1.0,,,,0,0,0,0.0045662100456621,0.0,0,True,False,,,,,,,,,,,,,,,,,,,,,,,,,,
gpqa_109,zeroclaw,rescue,True,17,PD|reason|reason|reason|reason|IC|PD|reason|PD|reason|reason|reason|RR|reason|reason|reason|PD,reason,0.6470588235294118,0.9554,0.0,0.2353,0.0,0.0588,0.0,0.0588,0.6471,0.4375,0.125,,10,13,2,0.1272430668841762,0.4715600442752499,2921,False,False,0.0625,,0.1875,,,,0.0625,,,,0.0625,0.0625,,,,,,,,,,,,,,
gpqa_11,zeroclaw,both_correct,True,17,reason|reason|reason|reason|reason|reason|reason|reason|reason|IC|reason|PD|reason|reason|reason|reason|IC,reason,0.8235294117647058,0.5783,0.0,0.0588,0.0,0.1176,0.0,0.0,0.8235,0.6875,0.0625,,1,3,0,0.1342281879194631,0.2419882254292085,857,False,False,0.125,0.0625,0.0625,,,,,,,,,,,,,,,,,,,,,,,
gpqa_110,zeroclaw,regression,False,17,PD|reason|reason|PD|reason|reason|reason|reason|reason|reason|reason|reason|reason|reason|PD|PD|PD,reason,0.7058823529411765,0.6058,0.0,0.2941,0.0,0.0,0.0,0.0,0.7059,0.625,0.125,,4,4,6,0.1493180186647523,0.4906886691822406,2166,False,False,,,0.125,,,0.125,,,,,,,,,,,,,,,,,,,,
gpqa_111,zeroclaw,both_wrong,False,17,reason|reason|reason|PD|PD|reason|reason|PD|PD|PD|PD|IC|reason|reason|PD|reason|PD,reason,0.47058823529411764,0.8761,0.0,0.4706,0.0,0.0588,0.0,0.0,0.4706,0.25,0.25,0.0625,2,1,0,0.0622462787550744,0.3623270215149741,1289,False,False,,0.0625,0.125,,,0.25,,,,,,,,,,,,,,,,,,,,
gpqa_112,zeroclaw,nonvalid_or_missing,,1,PD,PD,1.0,-0.0,0.0,1.0,0.0,0.0,0.0,0.0,0.0,,,,0,0,0,0.0,0.0,0,True,False,,,,,,,,,,,,,,,,,,,,,,,,,,
gpqa_113,zeroclaw,rescue,True,17,PD|PD|reason|reason|reason|PD|reason|PD|reason|PD|reason|PD|reason|IC|PD|reason|PD,PD,0.47058823529411764,0.8761,0.0,0.4706,0.0,0.0588,0.0,0.0,0.4706,0.125,0.3125,,0,13,3,0.0621761658031088,0.3969304750325587,1796,False,False,0.0625,,0.375,,,0.0625,0.0625,,,,,,,,,,,,,,,,,,,
gpqa_114,zeroclaw,rescue,True,17,PD|PD|reason|UN|reason|reason|reason|reason|reason|reason|reason|reason|reason|PD|reason|reason|PD,reason,0.7058823529411765,0.753,0.0,0.2353,0.0,0.0,0.0588,0.0,0.7059,0.5625,0.125,,1,7,0,0.1101083032490974,0.2274797711057523,2031,False,False,,,0.125,0.0625,0.0625,0.0625,,,,,,,,,,,,,,,,,,,,
gpqa_115,zeroclaw,both_correct,True,17,PD|reason|PD|reason|RR|RR|reason|PD|reason|reason|PD|reason|reason|reason|PD|RR|PD,reason,0.47058823529411764,1.0284,0.0,0.3529,0.0,0.0,0.0,0.1765,0.4706,0.1875,0.25,,6,16,1,0.1382521489971346,0.4179603129466687,2392,False,False,,,0.25,,,,,,,,0.0625,0.0625,,,,,,,,0.0625,0.0625,,0.0625,,,
gpqa_116,zeroclaw,nonvalid_or_missing,,1,reason,reason,1.0,-0.0,0.0,0.0,0.0,0.0,0.0,0.0,1.0,,,,0,0,0,0.0535714285714285,0.0,0,True,False,,,,,,,,,,,,,,,,,,,,,,,,,,
gpqa_117,zeroclaw,both_correct,True,17,PD|PD|PD|PD|PD|PD|PD|reason|reason|PD|reason|PD|PD|PD|PD|PD|PD,PD,0.8235294117647058,0.466,0.0,0.8235,0.0,0.0,0.0,0.0,0.1765,0.0625,0.125,,2,4,0,0.0549169859514687,0.3040882247984819,1187,False,False,,,0.125,,,0.6875,,,,,,,,,,,,,,,,,,,,
gpqa_118,zeroclaw,regression,False,17,reason|reason|PD|PD|reason|RR|reason|RR|UN|reason|reason|PD|PD|reason|reason|PD|PD,reason,0.47058823529411764,1.1407,0.0,0.3529,0.0,0.0,0.0588,0.1176,0.4706,0.1875,0.1875,,1,17,1,0.1029572836801752,0.3153528888460132,1847,False,False,,,0.125,,0.0625,0.1875,,,,,0.125,0.0625,,,,,,,,,,0.0625,,,,
gpqa_119,zeroclaw,both_wrong,False,17,PD|reason|PD|PD|reason|RR|reason|reason|reason|RR|PD|PD|RR|reason|PD|PD|PD,PD,0.47058823529411764,1.0284,0.0,0.4706,0.0,0.0,0.0,0.1765,0.3529,0.125,0.125,,0,29,0,0.069701280227596,0.3158598909908934,1262,False,False,,,0.125,,,0.25,,,,,0.125,0.125,,,,,,,,0.0625,0.0625,,,,,
gpqa_12,zeroclaw,both_correct,True,17,PD|reason|PD|PD|reason|PD|reason|PD|reason|reason|PD|reason|reason|reason|PD|reason|PD,reason,0.5294117647058824,0.6914,0.0,0.4706,0.0,0.0,0.0,0.0,0.5294,0.1875,0.375,,5,4,0,0.1092436974789916,0.3580950191849547,2419,False,False,,,0.375,,,0.0625,,,,,,,,,,,,,,,,,,,,
gpqa_120,zeroclaw,both_wrong,False,17,PD|reason|reason|reason|UN|RR|reason|RR|reason|UN|RR|reason|RR|reason|reason|reason|PD,reason,0.5294117647058824,1.1807,0.0,0.1176,0.0,0.0,0.1176,0.2353,0.5294,0.25,0.0625,,2,60,3,0.1371769383697813,0.3107841904895401,3972,False,False,,,0.0625,0.125,,,,,,,0.125,0.25,,,,,,,,,,,,0.125,,
gpqa_121,zeroclaw,both_correct,True,15,reason|PD|reason|reason|PD|PD|PD|reason|reason|reason|PD|PD|PD|reason|reason,reason,0.5333333333333333,0.6909,0.0,0.4667,0.0,0.0,0.0,0.0,0.5333,0.2857,0.2143,,2,5,0,0.13290113452188,0.1872873590455613,984,False,False,,,0.2143,,,0.2857,,,,,,,,,,,,,,,,,,,,
gpqa_122,zeroclaw,both_correct,True,17,PD|reason|reason|reason|PD|reason|PD|reason|reason|reason|reason|PD|PD|reason|reason|PD|PD,reason,0.5882352941176471,0.6775,0.0,0.4118,0.0,0.0,0.0,0.0,0.5882,0.375,0.25,,5,5,2,0.0943570767807585,0.4570392704243343,1720,False,False,,,0.25,,,0.125,,,,,,,,,,,,,,,,,,,,
gpqa_123,zeroclaw,rescue,True,17,reason|reason|reason|PD|PD|reason|reason|PD|PD|PD|PD|PD|PD|PD|PD|reason|PD,PD,0.6470588235294118,0.6492,0.0,0.6471,0.0,0.0,0.0,0.0,0.3529,0.1875,0.1875,,1,22,7,0.11441647597254,0.3704612019336319,2542,False,False,,,0.125,,,0.5,,,,,,,,,,,,,,,,,,,,
gpqa_124,zeroclaw,both_correct,True,17,reason|reason|reason|reason|reason|RR|reason|reason|reason|reason|reason|reason|reason|reason|reason|IC|PD,reason,0.8235294117647058,0.6599,0.0,0.0588,0.0,0.0588,0.0,0.0588,0.8235,0.75,,,11,12,0,0.1170292573143285,0.4684711131903838,2141,False,False,0.0625,,,,,,0.0625,,,,0.0625,0.0625,,,,,,,,,,,,,,
gpqa_125,zeroclaw,nonvalid_or_missing,,1,PD,PD,1.0,-0.0,0.0,1.0,0.0,0.0,0.0,0.0,0.0,,,,0,1,1,0.0,0.0,0,True,False,,,,,,,,,,,,,,,,,,,,,,,,,,
gpqa_126,zeroclaw,both_correct,True,17,PD|reason|PD|reason|reason|RR|reason|RR|RR|reason|reason|PD|PD|reason|PD|reason|PD,reason,0.47058823529411764,1.0284,0.0,0.3529,0.0,0.0,0.0,0.1765,0.4706,0.125,0.25,,1,4,0,0.141025641025641,0.2319621584230633,2147,False,False,,,0.25,,,0.0625,,,,,0.125,0.125,,,,,,,,,,,0.0625,,,
gpqa_127,zeroclaw,regression,False,17,reason|PD|reason|reason|reason|RR|reason|reason|PD|PD|reason|reason|PD|PD|reason|PD|PD,reason,0.5294117647058824,0.8687,0.0,0.4118,0.0,0.0,0.0,0.0588,0.5294,0.25,0.25,,5,24,0,0.0922190201729106,0.4183034194720683,1860,False,False,,,0.1875,,,0.1875,,,,,0.0625,0.0625,,,,,,,,,,,,,,
gpqa_128,zeroclaw,nonvalid_or_missing,,1,PD,PD,1.0,-0.0,0.0,1.0,0.0,0.0,0.0,0.0,0.0,,,,0,1,0,0.0227272727272727,0.0,0,True,False,,,,,,,,,,,,,,,,,,,,,,,,,,
gpqa_129,zeroclaw,both_wrong,False,17,PD|reason|reason|PD|PD|PD|PD|reason|PD|PD|reason|reason|PD|reason|reason|PD|PD,PD,0.5882352941176471,0.6775,0.0,0.5882,0.0,0.0,0.0,0.0,0.4118,0.1875,0.25,,4,6,2,0.1257383966244726,0.3607619847119104,1835,False,False,,,0.25,,,0.3125,,,,,,,,,,,,,,,,,,,,
gpqa_13,zeroclaw,both_correct,True,17,reason|reason|reason|reason|reason|reason|reason|reason|reason|reason|reason|reason|reason|reason|reason|reason|PD,reason,0.9411764705882353,0.2237,0.0,0.0588,0.0,0.0,0.0,0.0,0.9412,0.9375,0.0625,,0,0,0,0.0613636363636363,0.13450701166307,1244,False,False,,,,,,,,,,,,,,,,,,,,,,,,,,
gpqa_130,zeroclaw,both_wrong,False,17,PD|PD|PD|PD|reason|reason|UN|PD|RR|PD|SE|PD|reason|PD|reason|UN|PD,PD,0.5294117647058824,1.2622,0.0588,0.5294,0.0,0.0,0.1176,0.0588,0.2353,0.0625,0.0625,,4,6,2,0.1468584405753217,0.3886643058172996,2306,False,False,,,0.1875,0.125,,0.1875,,,,,,,0.0625,,0.0625,,0.125,,,0.0625,0.0625,,,,,
gpqa_131,zeroclaw,both_correct,True,17,PD|reason|PD|reason|RR|UN|reason|UN|PD|UN|PD|reason|PD|reason|reason|reason|PD,reason,0.4117647058823529,1.2057,0.0,0.3529,0.0,0.0,0.1765,0.0588,0.4118,0.125,0.1875,,1,25,0,0.1500865051903114,0.2588375351158454,4764,False,False,,,0.25,0.0625,0.0625,,,,0.0625,,0.0625,,,,,,0.125,,,,,0.0625,,,,
gpqa_132,zeroclaw,regression,False,17,PD|PD|reason|PD|reason|PD|reason|reason|RR|RR|reason|reason|reason|reason|PD|PD|PD,reason,0.47058823529411764,0.9718,0.0,0.4118,0.0,0.0,0.0,0.1176,0.4706,0.25,0.1875,,10,26,0,0.1410437235543018,0.4695027424722576,2321,False,False,,,0.1875,,,0.1875,,,,,0.0625,0.0625,,,,,,,,,,,0.0625,,,
gpqa_133,zeroclaw,regression,False,17,PD|PD|PD|PD|PD|reason|PD|PD|reason|PD|reason|reason|PD|reason|PD|PD|PD,PD,0.7058823529411765,0.6058,0.0,0.7059,0.0,0.0,0.0,0.0,0.2941,0.0625,0.25,,1,15,0,0.0993520518358531,0.3367042919710046,1652,False,False,,,0.25,,,0.4375,,,,,,,,,,,,,,,,,,,,
gpqa_134,zeroclaw,both_wrong,False,17,reason|reason|reason|reason|PD|reason|PD|PD|PD|reason|PD|PD|PD|reason|PD|PD|PD,PD,0.5882352941176471,0.6775,0.0,0.5882,0.0,0.0,0.0,0.0,0.4118,0.1875,0.25,,5,3,0,0.0958627648839556,0.304507487189845,1664,False,False,,,0.1875,,,0.375,,,,,,,,,,,,,,,,,,,,
gpqa_135,zeroclaw,rescue,True,17,reason|PD|PD|reason|PD|reason|reason|reason|reason|reason|PD|reason|reason|reason|reason|reason|PD,reason,0.7058823529411765,0.6058,0.0,0.2941,0.0,0.0,0.0,0.0,0.7059,0.5,0.25,,2,2,0,0.1724363161332462,0.3404259012925872,2668,False,False,,,0.1875,,,0.0625,,,,,,,,,,,,,,,,,,,,
gpqa_136,zeroclaw,both_correct,True,17,reason|reason|reason|PD|reason|PD|reason|RR|reason|reason|reason|PD|PD|reason|reason|reason|PD,reason,0.6470588235294118,0.8083,0.0,0.2941,0.0,0.0,0.0,0.0588,0.6471,0.375,0.25,,1,10,3,0.0607287449392712,0.2952932612480285,1418,False,False,,,0.1875,,,0.0625,,,,,0.0625,0.0625,,,,,,,,,,,,,,
gpqa_137,zeroclaw,rescue,True,17,PD|PD|PD|reason|reason|reason|reason|RR|reason|reason|reason|reason|reason|reason|reason|reason|PD,reason,0.7058823529411765,0.753,0.0,0.2353,0.0,0.0,0.0,0.0588,0.7059,0.625,0.0625,,0,26,0,0.1155327342747111,0.2422417769288661,1457,False,False,,,0.0625,,,0.125,,,,,0.0625,0.0625,,,,,,,,,,,,,,
gpqa_138,zeroclaw,both_correct,True,17,PD|reason|reason|reason|PD|PD|PD|reason|PD|reason|reason|PD|reason|PD|PD|reason|PD,PD,0.5294117647058824,0.6914,0.0,0.5294,0.0,0.0,0.0,0.0,0.4706,0.1875,0.3125,,0,2,0,0.0942334739803094,0.262025832312574,1383,False,False,,,0.3125,,,0.1875,,,,,,,,,,,,,,,,,,,,
gpqa_139,zeroclaw,both_correct,True,17,PD|reason|PD|reason|PD|RR|RR|PD|reason|reason|PD|reason|PD|reason|RR|reason|PD,PD,0.4117647058823529,1.0368,0.0,0.4118,0.0,0.0,0.0,0.1765,0.4118,0.0625,0.3125,,5,14,0,0.1524390243902439,0.2821585324992298,1948,False,False,,,0.3125,,,,,,,,0.0625,0.0625,,,,,,,,0.0625,0.0625,,0.0625,,,
gpqa_14,zeroclaw,both_correct,True,17,PD|reason|reason|reason|PD|reason|reason|PD|reason|PD|PD|RR|PD|PD|PD|PD|PD,PD,0.5882352941176471,0.8464,0.0,0.5882,0.0,0.0,0.0,0.0588,0.3529,0.1875,0.1875,,3,8,0,0.2077001013171226,0.3285731437986844,1448,False,False,,,0.1875,,,0.3125,,,,,,,,,,,,,,0.0625,0.0625,,,,,
gpqa_140,zeroclaw,regression,False,17,PD|PD|reason|PD|reason|PD|reason|reason|reason|reason|reason|reason|reason|UN|RR|reason|PD,reason,0.5882352941176471,1.0054,0.0,0.2941,0.0,0.0,0.0588,0.0588,0.5882,0.375,0.1875,,10,25,0,0.2143595041322314,0.254272096513924,3843,False,False,,,0.1875,0.0625,,0.0625,,,,,,0.0625,,,,,,,,,,,,0.0625,,
gpqa_141,zeroclaw,both_correct,True,17,PD|reason|PD|PD|PD|PD|reason|PD|PD|reason|PD|reason|reason|PD|reason|reason|PD,PD,0.5882352941176471,0.6775,0.0,0.5882,0.0,0.0,0.0,0.0,0.4118,0.125,0.3125,,2,1,0,0.0503597122302158,0.3134301775631763,1158,False,False,,,0.3125,,,0.25,,,,,,,,,,,,,,,,,,,,
gpqa_142,zeroclaw,nonvalid_or_missing,,1,reason,reason,1.0,-0.0,0.0,0.0,0.0,0.0,0.0,0.0,1.0,,,,0,5,0,0.0613026819923371,0.0,0,True,False,,,,,,,,,,,,,,,,,,,,,,,,,,
gpqa_143,zeroclaw,regression,False,13,PD|PD|reason|reason|PD|PD|reason|PD|RR|PD|PD|PD|PD,PD,0.6923076923076923,0.7903,0.0,0.6923,0.0,0.0,0.0,0.0769,0.2308,0.0833,0.1667,,1,1,0,0.0195599022004889,0.3205229879977139,590,True,False,,,0.1667,,,0.4167,,,,,,,,,,,,,,0.0833,0.0833,,,,,
gpqa_144,zeroclaw,both_correct,True,17,PD|PD|reason|UN|reason|reason|PD|PD|reason|reason|PD|reason|PD|reason|reason|reason|PD,reason,0.5294117647058824,0.8687,0.0,0.4118,0.0,0.0,0.0588,0.0,0.5294,0.25,0.25,,2,3,0,0.033452807646356,0.2833816560492996,2051,False,False,,,0.25,0.0625,0.0625,0.125,,,,,,,,,,,,,,,,,,,,
gpqa_145,zeroclaw,both_correct,True,17,reason|reason|reason|reason|reason|PD|reason|reason|PD|reason|reason|PD|PD|RR|PD|reason|PD,reason,0.5882352941176471,0.8464,0.0,0.3529,0.0,0.0,0.0,0.0588,0.5882,0.375,0.25,,8,21,0,0.0642479213907785,0.3906120893405516,2303,False,False,,,0.1875,,,0.0625,,,,,,,,,,,,,,0.0625,0.0625,,,,,
gpqa_146,zeroclaw,both_correct,True,17,PD|reason|PD|PD|PD|PD|PD|reason|reason|PD|PD|PD|PD|PD|PD|PD|PD,PD,0.8235294117647058,0.466,0.0,0.8235,0.0,0.0,0.0,0.0,0.1765,0.0625,0.125,,5,31,2,0.091091091091091,0.3119280700168798,1819,False,False,,,0.125,,,0.6875,,,,,,,,,,,,,,,,,,,,
gpqa_147,zeroclaw,both_correct,True,17,IC|PD|reason|reason|PD|reason|reason|reason|IC|reason|reason|reason|reason|reason|reason|IC|PD,reason,0.6470588235294118,0.8939,0.0,0.1765,0.0,0.1765,0.0,0.0,0.6471,0.5,0.0625,,1,0,0,0.1035031847133758,0.1375513938465166,1603,False,False,0.125,0.0625,0.125,,,,0.125,,,,,,,,,,,,,,,,,,,
gpqa_148,zeroclaw,both_correct,True,17,PD|reason|reason|reason|PD|reason|reason|reason|reason|PD|reason|reason|reason|reason|reason|reason|PD,reason,0.7647058823529411,0.5456,0.0,0.2353,0.0,0.0,0.0,0.0,0.7647,0.625,0.1875,,0,0,0,0.0726552179656539,0.1698379292778672,1277,False,False,,,0.1875,,,,,,,,,,,,,,,,,,,,,,,
gpqa_149,zeroclaw,both_wrong,False,17,reason|reason|reason|reason|reason|reason|reason|reason|reason|reason|reason|reason|reason|reason|reason|PD|UN,reason,0.8823529411764706,0.4438,0.0,0.0588,0.0,0.0,0.0588,0.0,0.8824,0.875,0.0625,,21,16,4,0.2580181905217807,0.2643203496763885,4577,False,False,,,,,,,,,0.0625,,,,,,,,,,,,,,,,,
gpqa_15,zeroclaw,both_correct,True,17,PD|reason|PD|reason|PD|reason|reason|reason|reason|reason|reason|PD|reason|reason|reason|reason|PD,reason,0.7058823529411765,0.6058,0.0,0.2941,0.0,0.0,0.0,0.0,0.7059,0.5,0.25,,10,23,3,0.1615811373092926,0.4763949160090885,2216,False,False,,,0.25,,,,,,,,,,,,,,,,,,,,,,,
gpqa_150,zeroclaw,both_correct,True,17,reason|PD|reason|reason|RR|reason|reason|reason|reason|reason|reason|reason|reason|reason|reason|reason|IC,reason,0.8235294117647058,0.6599,0.0,0.0588,0.0,0.0588,0.0,0.0588,0.8235,0.6875,0.0625,,4,10,0,0.3222565687789799,0.2039190445609213,2728,False,False,0.0625,,0.0625,,,,,,,,0.0625,0.0625,,,,,,,,,,,,,,
gpqa_151,zeroclaw,both_correct,True,17,PD|reason|PD|PD|reason|reason|reason|reason|reason|reason|reason|reason|reason|reason|reason|reason|PD,reason,0.7647058823529411,0.5456,0.0,0.2353,0.0,0.0,0.0,0.0,0.7647,0.6875,0.125,,2,0,0,0.0695652173913043,0.145398472186048,1037,False,False,,,0.125,,,0.0625,,,,,,,,,,,,,,,,,,,,
gpqa_152,zeroclaw,both_correct,True,17,reason|reason|reason|reason|reason|reason|reason|reason|reason|reason|PD|reason|reason|reason|reason|reason|IC,reason,0.8823529411764706,0.4438,0.0,0.0588,0.0,0.0588,0.0,0.0,0.8824,0.8125,0.0625,,1,4,0,0.1330724070450097,0.1184868849989874,1190,False,False,0.0625,,0.0625,,,,,,,,,,,,,,,,,,,,,,,
gpqa_153,zeroclaw,both_correct,True,17,reason|reason|reason|reason|reason|reason|reason|reason|reason|reason|reason|reason|reason|reason|reason|reason|PD,reason,0.9411764705882353,0.2237,0.0,0.0588,0.0,0.0,0.0,0.0,0.9412,0.9375,0.0625,,2,0,0,0.1046077210460772,0.3329964285834976,1072,False,False,,,,,,,,,,,,,,,,,,,,,,,,,,
gpqa_154,zeroclaw,both_correct,True,17,reason|reason|reason|reason|reason|reason|reason|PD|reason|reason|reason|reason|reason|reason|reason|reason|RR,reason,0.8823529411764706,0.4438,0.0,0.0588,0.0,0.0,0.0,0.0588,0.8824,0.8125,0.0625,,3,2,0,0.1107913669064748,0.1280973611339004,3070,False,False,,,0.0625,,,,,,,,0.0625,,,,,,,,,,,,,,,
gpqa_155,zeroclaw,both_correct,True,17,PD|reason|reason|PD|reason|PD|reason|reason|PD|PD|PD|PD|PD|PD|reason|reason|PD,PD,0.5882352941176471,0.6775,0.0,0.5882,0.0,0.0,0.0,0.0,0.4118,0.1875,0.25,,2,6,1,0.0775716694772344,0.3220792389617198,2067,False,False,,,0.25,,,0.3125,,,,,,,,,,,,,,,,,,,,
gpqa_156,zeroclaw,both_correct,True,17,reason|reason|reason|reason|reason|reason|reason|reason|reason|reason|reason|reason|reason|PD|reason|reason|PD,reason,0.8823529411764706,0.3622,0.0,0.1176,0.0,0.0,0.0,0.0,0.8824,0.8125,0.125,,1,1,0,0.1542792792792792,0.145878029770922,3546,False,False,,,0.0625,,,,,,,,,,,,,,,,,,,,,,,
gpqa_157,zeroclaw,both_correct,True,17,reason|reason|reason|reason|reason|reason|reason|reason|reason|reason|PD|reason|reason|reason|reason|reason|PD,reason,0.8823529411764706,0.3622,0.0,0.1176,0.0,0.0,0.0,0.0,0.8824,0.8125,0.125,,0,6,0,0.1745098039215686,0.1875536320122086,705,False,False,,,0.0625,,,,,,,,,,,,,,,,,,,,,,,
gpqa_158,zeroclaw,both_correct,True,17,reason|reason|reason|reason|reason|reason|reason|reason|reason|reason|reason|reason|RR|reason|reason|reason|RR,reason,0.8823529411764706,0.3622,0.0,0.0,0.0,0.0,0.0,0.1176,0.8824,0.8125,,,4,12,0,0.1425438596491228,0.2775688748636155,3396,False,False,,,,,,,,,,,0.125,0.0625,,,,,,,,,,,,,,
gpqa_159,zeroclaw,both_correct,True,17,reason|reason|reason|PD|reason|reason|reason|PD|reason|reason|reason|reason|reason|reason|reason|reason|PD,reason,0.8235294117647058,0.466,0.0,0.1765,0.0,0.0,0.0,0.0,0.8235,0.6875,0.1875,,0,0,0,0.0796178343949044,0.1838946423669987,1041,False,False,,,0.125,,,,,,,,,,,,,,,,,,,,,,,
gpqa_16,zeroclaw,both_correct,True,17,reason|reason|reason|reason|reason|reason|reason|reason|reason|reason|reason|reason|IC|reason|reason|reason|reason,reason,0.9411764705882353,0.2237,0.0,0.0,0.0,0.0588,0.0,0.0,0.9412,0.875,,,0,11,0,0.0652173913043478,0.3559234941377925,919,False,False,0.0625,0.0625,,,,,,,,,,,,,,,,,,,,,,,,
gpqa_160,zeroclaw,both_correct,True,17,PD|PD|PD|reason|reason|reason|reason|reason|PD|reason|reason|reason|reason|reason|reason|reason|PD,reason,0.7058823529411765,0.6058,0.0,0.2941,0.0,0.0,0.0,0.0,0.7059,0.625,0.125,,4,0,0,0.0667678300455235,0.1188664372378086,3427,False,False,,,0.125,,,0.125,,,,,,,,,,,,,,,,,,,,
gpqa_161,zeroclaw,both_correct,True,17,reason|reason|reason|reason|reason|reason|reason|UN|PD|reason|reason|reason|reason|reason|PD|reason|PD,reason,0.7647058823529411,0.6779,0.0,0.1765,0.0,0.0,0.0588,0.0,0.7647,0.625,0.125,,2,5,0,0.106290672451193,0.2836433693802266,1995,False,False,,,0.125,0.0625,,,,,,,,,,,,,0.0625,,,,,,,,,
gpqa_162,zeroclaw,both_correct,True,17,reason|reason|reason|reason|reason|reason|reason|reason|reason|reason|reason|reason|reason|reason|reason|reason|reason,reason,1.0,-0.0,0.0,0.0,0.0,0.0,0.0,0.0,1.0,1.0,,,5,5,0,0.0697368421052631,0.207380663830699,2810,False,False,,,,,,,,,,,,,,,,,,,,,,,,,,
gpqa_163,zeroclaw,both_correct,True,17,reason|reason|reason|reason|PD|PD|reason|PD|reason|reason|reason|reason|PD|PD|reason|reason|PD,reason,0.6470588235294118,0.6492,0.0,0.3529,0.0,0.0,0.0,0.0,0.6471,0.4375,0.25,,4,0,0,0.1815431164901664,0.0812565257698349,3341,False,False,,,0.1875,,,0.125,,,,,,,,,,,,,,,,,,,,
gpqa_164,zeroclaw,both_correct,True,17,reason|reason|reason|reason|reason|reason|reason|reason|reason|reason|reason|reason|reason|reason|reason|reason|RR,reason,0.9411764705882353,0.2237,0.0,0.0,0.0,0.0,0.0,0.0588,0.9412,0.9375,,,2,4,0,0.2184115523465704,0.1066041140393216,2606,False,False,,,,,,,,,,,0.0625,,,,,,,,,,,,,,,
gpqa_165,zeroclaw,both_correct,True,17,PD|reason|PD|PD|PD|PD|reason|reason|reason|reason|reason|reason|reason|PD|reason|PD|PD,reason,0.5294117647058824,0.6914,0.0,0.4706,0.0,0.0,0.0,0.0,0.5294,0.375,0.1875,,1,1,0,0.0913461538461538,0.1807790456402039,1218,False,False,,,0.1875,,,0.25,,,,,,,,,,,,,,,,,,,,
gpqa_166,zeroclaw,both_correct,True,17,reason|PD|PD|reason|PD|reason|reason|reason|PD|reason|PD|PD|PD|reason|reason|PD|PD,PD,0.5294117647058824,0.6914,0.0,0.5294,0.0,0.0,0.0,0.0,0.4706,0.1875,0.3125,,2,0,0,0.1019522776572668,0.0965062592434517,1640,False,False,,,0.25,,,0.25,,,,,,,,,,,,,,,,,,,,
gpqa_167,zeroclaw,both_correct,True,17,PD|PD|PD|PD|reason|reason|reason|PD|reason|reason|reason|PD|reason|reason|reason|reason|PD,reason,0.5882352941176471,0.6775,0.0,0.4118,0.0,0.0,0.0,0.0,0.5882,0.4375,0.1875,,2,0,0,0.2995215311004784,0.120865671448552,2009,False,False,,,0.1875,,,0.1875,,,,,,,,,,,,,,,,,,,,
gpqa_168,zeroclaw,both_correct,True,17,PD|PD|reason|reason|reason|PD|reason|reason|reason|reason|reason|reason|reason|PD|reason|PD|PD,reason,0.6470588235294118,0.6492,0.0,0.3529,0.0,0.0,0.0,0.0,0.6471,0.5,0.1875,,1,0,0,0.1282952548330404,0.0876743799207254,1260,False,False,,,0.1875,,,0.125,,,,,,,,,,,,,,,,,,,,
gpqa_169,zeroclaw,both_correct,True,17,PD|reason|reason|reason|IC|reason|PD|reason|reason|reason|reason|reason|IC|reason|PD|reason|IC,reason,0.6470588235294118,0.8939,0.0,0.1765,0.0,0.1765,0.0,0.0,0.6471,0.375,0.125,,2,2,0,0.2847985347985348,0.3051926658887239,1284,False,False,0.1875,0.125,0.1875,,,,,,,,,,,,,,,,,,,,,,,
gpqa_17,zeroclaw,both_correct,True,17,reason|PD|reason|reason|reason|PD|PD|reason|PD|reason|reason|reason|reason|reason|reason|reason|PD,reason,0.7058823529411765,0.6058,0.0,0.2941,0.0,0.0,0.0,0.0,0.7059,0.5,0.25,,3,1,0,0.0574257425742574,0.0915635840043152,2364,False,False,,,0.1875,,,0.0625,,,,,,,,,,,,,,,,,,,,
gpqa_170,zeroclaw,both_correct,True,17,PD|PD|PD|PD|PD|reason|reason|reason|reason|reason|reason|reason|reason|reason|reason|PD|PD,reason,0.5882352941176471,0.6775,0.0,0.4118,0.0,0.0,0.0,0.0,0.5882,0.5625,0.0625,,5,0,0,0.1492281303602058,0.1253560983928212,1663,False,False,,,0.0625,,,0.3125,,,,,,,,,,,,,,,,,,,,
gpqa_171,zeroclaw,both_correct,True,17,reason|reason|reason|PD|reason|PD|reason|reason|reason|reason|reason|reason|reason|reason|UN|UN|UN,reason,0.7058823529411765,0.8037,0.0,0.1176,0.0,0.0,0.1765,0.0,0.7059,0.5625,0.125,,3,9,2,0.2240161453077699,0.196774345598591,2086,False,False,,,0.125,0.0625,,,,,,,,,,,,0.125,,,,,,,,,,
gpqa_172,zeroclaw,both_correct,True,17,PD|PD|reason|reason|reason|reason|reason|reason|reason|reason|reason|reason|reason|reason|reason|reason|RR,reason,0.8235294117647058,0.5783,0.0,0.1176,0.0,0.0,0.0,0.0588,0.8235,0.8125,,,9,17,0,0.1389766266582438,0.2248918401415978,3756,False,False,,,0.0625,,,0.0625,,,,,0.0625,,,,,,,,,,,,,,,
gpqa_173,zeroclaw,both_correct,True,17,reason|reason|PD|reason|reason|PD|reason|reason|reason|reason|PD|reason|reason|reason|reason|PD|UN,reason,0.7058823529411765,0.753,0.0,0.2353,0.0,0.0,0.0588,0.0,0.7059,0.5,0.25,,26,43,36,0.335400974745237,0.1652392047622813,9578,False,False,,,0.1875,,,,,,0.0625,,,,,,,,,,,,,,,,,
gpqa_174,zeroclaw,both_correct,True,17,PD|reason|PD|reason|PD|reason|reason|reason|reason|reason|reason|reason|reason|reason|reason|reason|UN,reason,0.7647058823529411,0.6779,0.0,0.1765,0.0,0.0,0.0588,0.0,0.7647,0.625,0.125,,9,7,1,0.1128074639525021,0.2001775114536882,3716,False,False,,,0.1875,0.0625,,,,,,,,,,,,,,,,,,,,,,
gpqa_175,zeroclaw,both_correct,True,17,PD|PD|reason|reason|reason|reason|reason|PD|reason|reason|reason|reason|reason|reason|reason|reason|PD,reason,0.7647058823529411,0.5456,0.0,0.2353,0.0,0.0,0.0,0.0,0.7647,0.6875,0.125,,1,8,0,0.1409796893667861,0.1435198093982002,2755,False,False,,,0.125,,,0.0625,,,,,,,,,,,,,,,,,,,,
gpqa_176,zeroclaw,both_correct,True,17,reason|PD|reason|PD|reason|reason|reason|RR|reason|reason|reason|reason|PD|reason|PD|reason|PD,reason,0.6470588235294118,0.8083,0.0,0.2941,0.0,0.0,0.0,0.0588,0.6471,0.3125,0.3125,,3,1,0,0.078697421981004,0.2160967131555065,1450,False,False,,,0.25,,,,,,,,0.0625,0.0625,,,,,,,,,,,,,,
gpqa_177,zeroclaw,both_correct,True,17,PD|reason|PD|reason|reason|reason|reason|reason|reason|reason|reason|reason|reason|reason|reason|reason|IC,reason,0.8235294117647058,0.5783,0.0,0.1176,0.0,0.0588,0.0,0.0,0.8235,0.75,0.0625,,1,0,0,0.0491493383742911,0.1182883837498839,2268,False,False,0.0625,,0.125,,,,,,,,,,,,,,,,,,,,,,,
gpqa_178,zeroclaw,both_correct,True,17,PD|reason|reason|reason|reason|IC|reason|reason|reason|reason|reason|reason|reason|reason|reason|reason|PD,reason,0.8235294117647058,0.5783,0.0,0.1176,0.0,0.0588,0.0,0.0,0.8235,0.75,0.0625,,0,2,0,0.1939120631341601,0.1482013627514603,2057,False,False,0.0625,0.0625,0.0625,,,,,,,,,,,,,,,,,,,,,,,
gpqa_179,zeroclaw,both_correct,True,17,reason|PD|reason|reason|reason|reason|reason|reason|RR|reason|reason|reason|reason|reason|reason|reason|PD,reason,0.8235294117647058,0.5783,0.0,0.1176,0.0,0.0,0.0,0.0588,0.8235,0.6875,0.125,,5,1,0,0.0466531440162271,0.128056594463246,2929,False,False,,,0.0625,,,,,,,,0.0625,0.0625,,,,,,,,,,,,,,
gpqa_18,zeroclaw,both_wrong,False,17,PD|reason|reason|reason|UN|reason|PD|PD|RR|UN|PD|reason|reason|reason|reason|RR|UN,reason,0.47058823529411764,1.253,0.0,0.2353,0.0,0.0,0.1765,0.1176,0.4706,0.3125,0.0625,,8,15,2,0.0697445972495088,0.5595436754941518,1365,True,False,,,0.125,0.0625,0.0625,0.0625,,,,,0.0625,,,,,,0.0625,,,,0.0625,0.125,,,,
gpqa_180,zeroclaw,both_correct,True,17,PD|PD|PD|PD|PD|PD|PD|PD|PD|PD|reason|reason|PD|PD|reason|reason|PD,PD,0.7647058823529411,0.5456,0.0,0.7647,0.0,0.0,0.0,0.0,0.2353,0.125,0.125,,2,0,0,0.1343511450381679,0.0999046679349987,1970,False,False,,,0.125,,,0.625,,,,,,,,,,,,,,,,,,,,
gpqa_181,zeroclaw,both_correct,True,17,PD|reason|PD|reason|reason|PD|PD|reason|reason|PD|reason|IC|reason|PD|reason|PD|PD,PD,0.47058823529411764,0.8761,0.0,0.4706,0.0,0.0588,0.0,0.0,0.4706,0.125,0.3125,,0,0,0,0.2653846153846154,0.0934673961898033,1191,False,False,0.0625,0.0625,0.3125,,,0.125,,,,,,,,,,,,,,,,,,,,
gpqa_182,zeroclaw,both_correct,True,17,reason|PD|reason|reason|reason|reason|reason|reason|reason|reason|reason|reason|reason|reason|reason|IC|reason,reason,0.8823529411764706,0.4438,0.0,0.0588,0.0,0.0588,0.0,0.0,0.8824,0.75,0.0625,,3,0,0,0.02088772845953,0.112877479254641,1770,False,False,0.0625,0.0625,0.0625,,,,,,,,,,,,,,,,,,,,,,,
gpqa_183,zeroclaw,both_correct,True,17,reason|PD|reason|reason|PD|PD|reason|reason|reason|reason|reason|reason|reason|reason|reason|reason|PD,reason,0.7647058823529411,0.5456,0.0,0.2353,0.0,0.0,0.0,0.0,0.7647,0.625,0.1875,,2,0,0,0.1809116809116809,0.1160566750144088,2041,False,False,,,0.125,,,0.0625,,,,,,,,,,,,,,,,,,,,
gpqa_184,zeroclaw,both_correct,True,17,PD|PD|PD|reason|reason|reason|reason|reason|reason|reason|reason|PD|PD|PD|PD|PD|PD,PD,0.5294117647058824,0.6914,0.0,0.5294,0.0,0.0,0.0,0.0,0.4706,0.4375,0.0625,,2,3,0,0.0593849416755037,0.1663967433638816,4489,False,False,,,0.0625,,,0.4375,,,,,,,,,,,,,,,,,,,,
gpqa_185,zeroclaw,both_correct,True,17,reason|reason|reason|reason|reason|reason|reason|reason|RR|reason|reason|reason|reason|reason|reason|reason|RR,reason,0.8823529411764706,0.3622,0.0,0.0,0.0,0.0,0.0,0.1176,0.8824,0.8125,,,1,10,0,0.1814119749776586,0.3965280916289423,1311,False,False,,,,,,,,,,,0.125,0.0625,,,,,,,,,,,,,,
gpqa_186,zeroclaw,both_correct,True,17,reason|PD|reason|reason|reason|reason|reason|reason|reason|reason|reason|reason|reason|PD|IC|reason|reason,reason,0.8235294117647058,0.5783,0.0,0.1176,0.0,0.0588,0.0,0.0,0.8235,0.6875,0.125,0.0625,3,0,0,0.0903614457831325,0.1404846951565034,1346,False,False,,0.0625,0.0625,,,,,,,,,,,,,,,,,,,,,,,
gpqa_187,zeroclaw,both_correct,True,17,reason|PD|reason|reason|PD|reason|reason|reason|PD|PD|reason|reason|reason|reason|reason|reason|reason,reason,0.7647058823529411,0.5456,0.0,0.2353,0.0,0.0,0.0,0.0,0.7647,0.5625,0.1875,,4,0,0,0.0428571428571428,0.1859301905719648,899,False,False,,,0.1875,,,0.0625,,,,,,,,,,,,,,,,,,,,
gpqa_188,zeroclaw,both_correct,True,17,reason|PD|reason|reason|reason|reason|reason|reason|reason|reason|reason|RR|RR|reason|reason|reason|IC,reason,0.7647058823529411,0.7902,0.0,0.0588,0.0,0.0588,0.0,0.1176,0.7647,0.625,0.0625,,6,3,0,0.0956239870340356,0.1208598447376681,3297,False,False,0.0625,,0.0625,,,,,,,,0.0625,0.0625,,,,,,,,,,,0.0625,,,
gpqa_189,zeroclaw,both_correct,True,17,PD|reason|reason|reason|reason|PD|IC|reason|reason|reason|reason|PD|IC|reason|reason|reason|IC,reason,0.6470588235294118,0.8939,0.0,0.1765,0.0,0.1765,0.0,0.0,0.6471,0.5,0.125,0.125,5,4,1,0.2509505703422053,0.0858524684534524,5657,False,False,0.0625,0.125,0.0625,,,,,,,,,,,,,,,,,,,,,,,
gpqa_19,zeroclaw,both_correct,True,17,PD|reason|PD|PD|PD|reason|reason|reason|reason|reason|PD|reason|reason|reason|reason|reason|PD,reason,0.6470588235294118,0.6492,0.0,0.3529,0.0,0.0,0.0,0.0,0.6471,0.5,0.1875,,0,0,0,0.1335807050092764,0.0901595539705215,2427,False,False,,,0.1875,,,0.125,,,,,,,,,,,,,,,,,,,,
gpqa_190,zeroclaw,both_correct,True,17,PD|PD|PD|reason|reason|reason|reason|reason|reason|reason|reason|reason|reason|PD|PD|reason|PD,reason,0.6470588235294118,0.6492,0.0,0.3529,0.0,0.0,0.0,0.0,0.6471,0.5625,0.125,,1,0,0,0.24,0.0832908401835576,1286,False,False,,,0.125,,,0.1875,,,,,,,,,,,,,,,,,,,,
gpqa_191,zeroclaw,both_correct,True,17,reason|reason|reason|reason|PD|reason|reason|reason|PD|reason|PD|reason|reason|IC|reason|PD|PD,reason,0.6470588235294118,0.8083,0.0,0.2941,0.0,0.0588,0.0,0.0,0.6471,0.375,0.25,,2,0,0,0.1731391585760517,0.1331729345761094,1728,False,False,0.0625,0.0625,0.1875,,,0.0625,,,,,,,,,,,,,,,,,,,,
gpqa_192,zeroclaw,both_correct,True,17,reason|reason|reason|reason|reason|reason|reason|reason|PD|RR|reason|reason|reason|reason|reason|reason|IC,reason,0.8235294117647058,0.6599,0.0,0.0588,0.0,0.0588,0.0,0.0588,0.8235,0.75,0.0625,,3,3,0,0.1223776223776223,0.1614637039934256,2484,False,False,0.0625,,,,,,,,,,,0.0625,,,,,,,,,0.0625,,,,,
gpqa_193,zeroclaw,both_correct,True,17,PD|reason|reason|reason|reason|PD|reason|reason|reason|reason|reason|PD|reason|reason|reason|reason|PD,reason,0.7647058823529411,0.5456,0.0,0.2353,0.0,0.0,0.0,0.0,0.7647,0.625,0.1875,,2,0,0,0.126953125,0.0853803116443691,2287,False,False,,,0.1875,,,,,,,,,,,,,,,,,,,,,,,
gpqa_194,zeroclaw,both_correct,True,17,reason|reason|reason|reason|reason|reason|reason|PD|reason|reason|reason|reason|reason|reason|reason|reason|IC,reason,0.8823529411764706,0.4438,0.0,0.0588,0.0,0.0588,0.0,0.0,0.8824,0.8125,0.0625,,1,0,0,0.0942028985507246,0.1097616898425734,1362,False,False,0.0625,,0.0625,,,,,,,,,,,,,,,,,,,,,,,
gpqa_195,zeroclaw,both_correct,True,17,PD|reason|PD|PD|reason|reason|PD|reason|reason|reason|reason|reason|reason|reason|reason|reason|PD,reason,0.7058823529411765,0.6058,0.0,0.2941,0.0,0.0,0.0,0.0,0.7059,0.5625,0.1875,,0,0,0,0.0697674418604651,0.1650396013376021,1459,False,False,,,0.1875,,,0.0625,,,,,,,,,,,,,,,,,,,,
gpqa_196,zeroclaw,both_wrong,False,17,reason|reason|reason|reason|reason|reason|reason|reason|PD|reason|reason|PD|reason|reason|reason|reason|PD,reason,0.8235294117647058,0.466,0.0,0.1765,0.0,0.0,0.0,0.0,0.8235,0.6875,0.1875,,2,6,4,0.1488519398258115,0.4128342500757117,1893,False,False,,,0.125,,,,,,,,,,,,,,,,,,,,,,,
gpqa_197,zeroclaw,both_correct,True,17,PD|reason|PD|PD|reason|reason|PD|PD|PD|reason|reason|reason|reason|reason|PD|PD|PD,PD,0.5294117647058824,0.6914,0.0,0.5294,0.0,0.0,0.0,0.0,0.4706,0.3125,0.1875,,1,0,0,0.1444308445532435,0.2180973422588848,1599,False,False,,,0.1875,,,0.3125,,,,,,,,,,,,,,,,,,,,
gpqa_2,zeroclaw,both_correct,True,17,PD|reason|reason|PD|reason|PD|reason|reason|reason|reason|reason|PD|reason|reason|reason|PD|PD,reason,0.6470588235294118,0.6492,0.0,0.3529,0.0,0.0,0.0,0.0,0.6471,0.4375,0.25,,0,0,0,0.06396255850234,0.1611862487369086,1140,False,False,,,0.25,,,0.0625,,,,,,,,,,,,,,,,,,,,
gpqa_20,zeroclaw,both_correct,True,17,PD|reason|PD|reason|PD|PD|reason|reason|IC|reason|reason|reason|reason|reason|PD|PD|PD,reason,0.5294117647058824,0.8687,0.0,0.4118,0.0,0.0588,0.0,0.0,0.5294,0.3125,0.1875,,2,8,1,0.1998519615099926,0.4744797217675024,2290,False,False,0.0625,0.0625,0.1875,,,0.1875,,,,,,,,,,,,,,,,,,,,
gpqa_21,zeroclaw,both_correct,True,17,reason|reason|reason|reason|reason|reason|reason|reason|reason|reason|reason|reason|reason|reason|reason|reason|IC,reason,0.9411764705882353,0.2237,0.0,0.0,0.0,0.0588,0.0,0.0,0.9412,0.9375,,,7,9,0,0.0744368266405484,0.1705439435388617,4114,False,False,0.0625,,,,,,,,,,,,,,,,,,,,,,,,,
gpqa_22,zeroclaw,both_correct,True,17,reason|reason|reason|reason|PD|reason|reason|PD|PD|PD|reason|PD|reason|PD|reason|PD|PD,reason,0.5294117647058824,0.6914,0.0,0.4706,0.0,0.0,0.0,0.0,0.5294,0.25,0.3125,,4,0,0,0.322435174746336,0.2406659519904212,2942,False,False,,,0.25,,,0.1875,,,,,,,,,,,,,,,,,,,,
gpqa_23,zeroclaw,both_correct,True,17,PD|reason|PD|reason|PD|reason|PD|PD|PD|reason|PD|PD|PD|PD|reason|reason|PD,PD,0.6470588235294118,0.6492,0.0,0.6471,0.0,0.0,0.0,0.0,0.3529,0.0625,0.3125,,1,0,0,0.0740318906605922,0.2170619634373274,1971,False,False,,,0.3125,,,0.3125,,,,,,,,,,,,,,,,,,,,
gpqa_24,zeroclaw,both_correct,True,17,PD|reason|reason|PD|RR|reason|RR|PD|PD|PD|reason|PD|PD|reason|PD|PD|PD,PD,0.5882352941176471,0.9238,0.0,0.5882,0.0,0.0,0.0,0.1176,0.2941,0.0625,0.1875,,6,8,0,0.1611814345991561,0.2602508536015478,2663,False,False,,,0.1875,,,0.3125,,,,,0.0625,0.0625,,,,,,,,0.0625,0.0625,,,,,
gpqa_25,zeroclaw,both_correct,True,17,reason|reason|reason|reason|PD|reason|UN|reason|reason|reason|reason|reason|reason|reason|reason|reason|PD,reason,0.8235294117647058,0.5783,0.0,0.1176,0.0,0.0,0.0588,0.0,0.8235,0.6875,0.125,,6,0,0,0.0399305555555555,0.0917781658247604,2510,False,False,,,0.0625,0.0625,0.0625,,,,,,,,,,,,,,,,,,,,,
gpqa_26,zeroclaw,both_correct,True,17,reason|reason|PD|reason|reason|reason|reason|reason|reason|PD|reason|reason|reason|reason|reason|reason|PD,reason,0.8235294117647058,0.466,0.0,0.1765,0.0,0.0,0.0,0.0,0.8235,0.6875,0.1875,,4,3,1,0.120713305898491,0.1352571428432468,3357,False,False,,,0.125,,,,,,,,,,,,,,,,,,,,,,,
gpqa_27,zeroclaw,both_correct,True,17,PD|reason|PD|PD|reason|PD|PD|PD|PD|PD|PD|reason|reason|PD|reason|reason|PD,PD,0.6470588235294118,0.6492,0.0,0.6471,0.0,0.0,0.0,0.0,0.3529,0.125,0.25,,0,4,3,0.104,0.3491525692306837,908,False,False,,,0.25,,,0.375,,,,,,,,,,,,,,,,,,,,
gpqa_28,zeroclaw,both_wrong,False,17,reason|reason|reason|reason|reason|UN|PD|reason|reason|IC|reason|reason|reason|reason|reason|reason|RR,reason,0.7647058823529411,0.8718,0.0,0.0588,0.0,0.0588,0.0588,0.0588,0.7647,0.625,,,21,41,7,0.1917659804983748,0.3029812190451155,4131,True,False,0.0625,0.0625,0.0625,0.0625,,,,,,,0.0625,,,,,,0.0625,,,,,,,,,
gpqa_29,zeroclaw,both_correct,True,17,SE|reason|IC|reason|reason|reason|reason|PD|reason|reason|reason|reason|IC|reason|IC|reason|PD,reason,0.6470588235294118,1.0062,0.0588,0.1176,0.0,0.1765,0.0,0.0,0.6471,0.375,0.125,,0,0,2,0.1720818291215403,0.3259513991767615,923,False,False,0.1875,0.1875,0.0625,,,,,,,,,,,0.0625,,,,,,,,,,,,
gpqa_3,zeroclaw,both_correct,True,17,reason|reason|reason|reason|reason|reason|reason|reason|reason|reason|reason|reason|reason|reason|reason|reason|PD,reason,0.9411764705882353,0.2237,0.0,0.0588,0.0,0.0,0.0,0.0,0.9412,0.9375,0.0625,,2,3,0,0.086848635235732,0.1522867169264111,2385,False,False,,,,,,,,,,,,,,,,,,,,,,,,,,
gpqa_30,zeroclaw,regression,False,7,PD|reason|PD|reason|PD|reason|PD,PD,0.5714285714285714,0.6829,0.0,0.5714,0.0,0.0,0.0,0.0,0.4286,,0.5,,1,0,0,0.0136986301369863,0.1366463113658308,441,True,False,,,0.5,,,,,,,,,,,,,,,,,,,,,,,
gpqa_31,zeroclaw,both_wrong,False,17,PD|PD|PD|PD|reason|PD|PD|reason|reason|reason|PD|PD|reason|reason|PD|PD|PD,PD,0.6470588235294118,0.6492,0.0,0.6471,0.0,0.0,0.0,0.0,0.3529,0.1875,0.1875,,15,28,3,0.2123600165906262,0.4439682741714049,3233,False,False,,,0.1875,,,0.4375,,,,,,,,,,,,,,,,,,,,
gpqa_32,zeroclaw,both_correct,True,17,reason|reason|reason|reason|reason|reason|reason|reason|reason|reason|reason|reason|reason|reason|reason|reason|PD,reason,0.9411764705882353,0.2237,0.0,0.0588,0.0,0.0,0.0,0.0,0.9412,0.9375,0.0625,,2,0,0,0.1491395793499044,0.1175185674660688,2010,False,False,,,,,,,,,,,,,,,,,,,,,,,,,,
gpqa_33,zeroclaw,both_correct,True,17,PD|reason|reason|PD|reason|reason|reason|IC|reason|reason|reason|reason|reason|reason|reason|reason|IC,reason,0.7647058823529411,0.7087,0.0,0.1176,0.0,0.1176,0.0,0.0,0.7647,0.625,0.0625,,0,1,0,0.2179176755447942,0.2973491917463035,923,False,False,0.125,0.0625,0.125,,,,,,,,,,,,,,,,,,,,,,,
gpqa_34,zeroclaw,both_correct,True,17,PD|PD|PD|PD|PD|reason|PD|reason|PD|reason|PD|reason|PD|PD|PD|reason|PD,PD,0.7058823529411765,0.6058,0.0,0.7059,0.0,0.0,0.0,0.0,0.2941,,0.3125,,0,2,0,0.2266139657444005,0.1860473667640056,1089,False,False,,,0.3125,,,0.375,,,,,,,,,,,,,,,,,,,,
gpqa_35,zeroclaw,both_correct,True,17,reason|reason|reason|reason|reason|reason|reason|reason|reason|reason|PD|reason|reason|reason|reason|reason|IC,reason,0.8823529411764706,0.4438,0.0,0.0588,0.0,0.0588,0.0,0.0,0.8824,0.8125,0.0625,,3,2,0,0.2064343163538874,0.1699945074939244,1732,False,False,0.0625,,0.0625,,,,,,,,,,,,,,,,,,,,,,,
gpqa_36,zeroclaw,both_correct,True,17,reason|reason|reason|reason|reason|reason|reason|reason|reason|reason|reason|reason|reason|reason|reason|IC|PD,reason,0.8823529411764706,0.4438,0.0,0.0588,0.0,0.0588,0.0,0.0,0.8824,0.875,,,0,0,0,0.187566988210075,0.1910094178372411,1110,False,False,0.0625,,,,,,0.0625,,,,,,,,,,,,,,,,,,,
gpqa_37,zeroclaw,both_correct,True,17,reason|reason|reason|reason|reason|reason|reason|reason|UN|reason|reason|reason|reason|reason|reason|reason|PD,reason,0.8823529411764706,0.4438,0.0,0.0588,0.0,0.0,0.0588,0.0,0.8824,0.8125,0.0625,,0,1,1,0.1340941512125535,0.1862687176203189,1127,False,False,,,,0.0625,0.0625,,,,,,,,,,,,,,,,,,,,,
gpqa_38,zeroclaw,both_correct,True,17,reason|reason|reason|reason|reason|reason|PD|PD|PD|reason|reason|PD|reason|reason|reason|reason|PD,reason,0.7058823529411765,0.6058,0.0,0.2941,0.0,0.0,0.0,0.0,0.7059,0.5625,0.1875,,1,15,1,0.1783029001074113,0.2793186869328468,1751,False,False,,,0.125,,,0.125,,,,,,,,,,,,,,,,,,,,
gpqa_39,zeroclaw,both_correct,True,17,reason|reason|reason|reason|reason|reason|reason|reason|reason|reason|reason|reason|reason|IC|reason|reason|PD,reason,0.8823529411764706,0.4438,0.0,0.0588,0.0,0.0588,0.0,0.0,0.8824,0.8125,0.0625,,0,10,0,0.1462621885157096,0.333249025856161,906,False,False,0.0625,0.0625,,,,,,,,,,,,,,,,,,,,,,,,
gpqa_4,zeroclaw,both_correct,True,17,reason|reason|reason|reason|reason|PD|reason|PD|PD|reason|reason|PD|PD|reason|reason|reason|PD,reason,0.6470588235294118,0.6492,0.0,0.3529,0.0,0.0,0.0,0.0,0.6471,0.4375,0.25,,6,1,0,0.0833333333333333,0.1562686808645619,2322,False,False,,,0.1875,,,0.125,,,,,,,,,,,,,,,,,,,,
gpqa_40,zeroclaw,both_correct,True,17,PD|reason|reason|reason|reason|reason|PD|reason|reason|reason|PD|PD|reason|PD|PD|PD|PD,reason,0.5294117647058824,0.6914,0.0,0.4706,0.0,0.0,0.0,0.0,0.5294,0.375,0.1875,,2,15,4,0.1270638908829863,0.3744269263224423,1961,False,False,,,0.1875,,,0.25,,,,,,,,,,,,,,,,,,,,
gpqa_41,zeroclaw,regression,False,15,UN|reason|reason|reason|reason|reason|reason|reason|PD|PD|reason|reason|reason|reason|reason,reason,0.8,0.6277,0.0,0.1333,0.0,0.0,0.0667,0.0,0.8,0.7143,0.0714,,2,0,5,0.2281976744186046,0.2270077008310652,1581,True,False,,,0.0714,,0.0714,0.0714,,,,,,,,,,,,,,,,,,,,
gpqa_42,zeroclaw,both_wrong,False,17,PD|PD|PD|IC|reason|reason|PD|reason|reason|reason|reason|PD|PD|PD|reason|IC|PD,PD,0.47058823529411764,0.9718,0.0,0.4706,0.0,0.1176,0.0,0.0,0.4118,0.25,0.125,0.0625,1,7,2,0.2028836251287332,0.4071459110036944,1184,False,False,0.0625,0.0625,0.125,,,0.25,0.0625,,,,,,,,,,,,,,,,,,,
gpqa_43,zeroclaw,both_wrong,False,17,reason|reason|reason|IC|reason|reason|reason|reason|reason|reason|IC|reason|reason|reason|reason|reason|UN,reason,0.8235294117647058,0.5783,0.0,0.0,0.0,0.1176,0.0588,0.0,0.8235,0.6875,,,3,7,0,0.1316042267050912,0.4741426835873869,1365,False,False,0.125,0.125,,0.0625,,,,,,,,,,,,,,,,,,,,,,
gpqa_44,zeroclaw,both_correct,True,17,reason|reason|reason|reason|reason|reason|reason|reason|reason|reason|reason|reason|reason|reason|reason|reason|PD,reason,0.9411764705882353,0.2237,0.0,0.0588,0.0,0.0,0.0,0.0,0.9412,0.9375,0.0625,,3,0,0,0.152073732718894,0.1578303400893311,1649,False,False,,,,,,,,,,,,,,,,,,,,,,,,,,
gpqa_45,zeroclaw,both_correct,True,17,reason|reason|reason|reason|reason|PD|PD|reason|reason|reason|PD|reason|reason|reason|reason|reason|PD,reason,0.7647058823529411,0.5456,0.0,0.2353,0.0,0.0,0.0,0.0,0.7647,0.625,0.1875,,1,0,0,0.1628318584070796,0.1191243968784471,1617,False,False,,,0.125,,,0.0625,,,,,,,,,,,,,,,,,,,,
gpqa_46,zeroclaw,both_correct,True,17,PD|reason|reason|PD|reason|reason|reason|RR|PD|reason|PD|RR|reason|reason|UN|reason|UN,reason,0.5294117647058824,1.1807,0.0,0.2353,0.0,0.0,0.1176,0.1176,0.5294,0.25,0.125,,34,35,19,0.1964573268921095,0.1877893516776694,6125,False,False,,,0.1875,0.125,0.0625,,,,,,0.0625,0.0625,,,,,,,,0.0625,0.0625,,,,,
gpqa_47,zeroclaw,both_correct,True,17,PD|reason|PD|reason|PD|reason|reason|PD|reason|reason|reason|reason|reason|reason|reason|IC|PD,reason,0.6470588235294118,0.8083,0.0,0.2941,0.0,0.0588,0.0,0.0,0.6471,0.4375,0.1875,,2,5,0,0.0533333333333333,0.2769521827860038,870,False,False,0.0625,,0.25,,,,0.0625,,,,,,,,,,,,,,,,,,,
gpqa_48,zeroclaw,both_correct,True,17,PD|PD|PD|PD|PD|PD|reason|reason|PD|reason|PD|reason|reason|reason|PD|PD|PD,PD,0.6470588235294118,0.6492,0.0,0.6471,0.0,0.0,0.0,0.0,0.3529,0.1875,0.1875,,0,0,0,0.0847457627118644,0.374814983083384,889,False,False,,,0.1875,,,0.4375,,,,,,,,,,,,,,,,,,,,
gpqa_49,zeroclaw,both_correct,True,17,IC|IC|reason|PD|IC|reason|PD|reason|reason|PD|reason|reason|IC|reason|reason|PD|PD,reason,0.47058823529411764,1.0551,0.0,0.2941,0.0,0.2353,0.0,0.0,0.4706,0.1875,0.25,0.0625,0,0,0,0.2094594594594594,0.2523731173827149,1037,False,False,0.0625,0.1875,0.125,,,0.0625,,,,0.0625,,,,,,,,,,,,,,,,
gpqa_5,zeroclaw,both_correct,True,17,reason|reason|reason|reason|reason|reason|reason|reason|reason|reason|reason|reason|reason|reason|reason|reason|PD,reason,0.9411764705882353,0.2237,0.0,0.0588,0.0,0.0,0.0,0.0,0.9412,0.9375,0.0625,,6,14,1,0.1450032658393207,0.3444486258320327,3013,False,False,,,,,,,,,,,,,,,,,,,,,,,,,,
gpqa_50,zeroclaw,both_correct,True,17,reason|reason|reason|reason|reason|reason|reason|reason|RR|RR|reason|reason|reason|reason|reason|reason|UN,reason,0.8235294117647058,0.5783,0.0,0.0,0.0,0.0,0.0588,0.1176,0.8235,0.75,,,16,26,15,0.1621442753143613,0.2141719636198523,4471,False,False,,,,0.0625,,,,,,,0.0625,0.0625,,,,,,,,,,,0.0625,,,
gpqa_51,zeroclaw,both_correct,True,17,reason|reason|PD|IC|reason|reason|reason|reason|reason|reason|SE|reason|reason|reason|reason|reason|reason,reason,0.8235294117647058,0.6599,0.0588,0.0588,0.0,0.0588,0.0,0.0,0.8235,0.6875,0.0625,0.0625,2,0,0,0.2091954022988505,0.1352449769410236,2359,False,False,,0.0625,,,,,,0.0625,,,,,,0.0625,,,,,,,,,,,,
gpqa_52,zeroclaw,both_correct,True,17,PD|reason|reason|reason|reason|reason|reason|reason|reason|reason|reason|reason|RR|reason|reason|reason|PD,reason,0.8235294117647058,0.5783,0.0,0.1176,0.0,0.0,0.0,0.0588,0.8235,0.75,0.0625,,2,4,1,0.0883977900552486,0.2501927627889219,1989,False,False,,,0.0625,,,,,,,,0.0625,0.0625,,,,,,,,,,,,,,
gpqa_53,zeroclaw,both_correct,True,17,PD|reason|reason|reason|reason|PD|PD|reason|PD|PD|PD|PD|PD|reason|reason|reason|PD,PD,0.5294117647058824,0.6914,0.0,0.5294,0.0,0.0,0.0,0.0,0.4706,0.3125,0.1875,,4,1,0,0.055452865064695,0.1935972911203515,1627,False,False,,,0.1875,,,0.3125,,,,,,,,,,,,,,,,,,,,
gpqa_54,zeroclaw,both_correct,True,17,reason|reason|reason|reason|reason|reason|reason|reason|PD|reason|reason|PD|PD|PD|PD|PD|PD,reason,0.5882352941176471,0.6775,0.0,0.4118,0.0,0.0,0.0,0.0,0.5882,0.5,0.125,,3,0,1,0.1221804511278195,0.1474921069820255,1194,False,False,,,0.0625,,,0.3125,,,,,,,,,,,,,,,,,,,,
gpqa_55,zeroclaw,both_correct,True,17,PD|reason|PD|reason|reason|reason|PD|reason|reason|reason|reason|reason|reason|reason|PD|reason|PD,reason,0.7058823529411765,0.6058,0.0,0.2941,0.0,0.0,0.0,0.0,0.7059,0.5,0.25,,0,19,0,0.1304347826086956,0.3708893962998528,1538,False,False,,,0.25,,,,,,,,,,,,,,,,,,,,,,,
gpqa_56,zeroclaw,both_correct,True,17,PD|PD|reason|PD|reason|PD|reason|reason|reason|reason|reason|reason|reason|reason|reason|IC|PD,reason,0.6470588235294118,0.8083,0.0,0.2941,0.0,0.0588,0.0,0.0,0.6471,0.5,0.125,,2,0,0,0.148397976391231,0.2060634134741434,978,False,False,0.0625,,0.1875,,,0.0625,0.0625,,,,,,,,,,,,,,,,,,,
gpqa_57,zeroclaw,both_correct,True,17,reason|reason|reason|reason|PD|reason|reason|reason|reason|reason|reason|reason|reason|reason|PD|IC|PD,reason,0.7647058823529411,0.6779,0.0,0.1765,0.0,0.0588,0.0,0.0,0.7647,0.6875,0.125,0.0625,2,2,0,0.2154566744730679,0.2621662263933356,1199,False,False,,,0.0625,,,,0.0625,,,,,,,,,,,,,,,,,,,
gpqa_58,zeroclaw,both_correct,True,17,reason|reason|PD|reason|reason|reason|reason|PD|reason|reason|reason|reason|UN|reason|reason|reason|PD,reason,0.7647058823529411,0.6779,0.0,0.1765,0.0,0.0,0.0588,0.0,0.7647,0.5625,0.1875,,1,1,1,0.069090909090909,0.2410854353708491,1771,False,False,,,0.125,0.0625,0.0625,,,,,,,,,,,,,,,,,,,,,
gpqa_59,zeroclaw,regression,False,17,PD|reason|reason|reason|reason|reason|PD|reason|PD|PD|reason|reason|PD|reason|reason|reason|PD,reason,0.6470588235294118,0.6492,0.0,0.3529,0.0,0.0,0.0,0.0,0.6471,0.4375,0.25,,7,5,0,0.0862369337979094,0.2763458484441579,1944,False,False,,,0.25,,,0.0625,,,,,,,,,,,,,,,,,,,,
gpqa_6,zeroclaw,both_correct,True,17,RR|reason|reason|reason|reason|reason|reason|reason|reason|reason|reason|IC|RR|reason|reason|IC|IC,reason,0.7058823529411765,0.8037,0.0,0.0,0.0,0.1765,0.0,0.1176,0.7059,0.625,,,6,4,0,0.1842105263157894,0.2284131839742735,2608,False,False,0.125,,,,,,,,,0.0625,,0.125,,,,,,,,,,,,,0.0625,
gpqa_60,zeroclaw,regression,False,17,PD|PD|reason|PD|reason|PD|reason|reason|PD|reason|RR|PD|reason|reason|PD|reason|PD,PD,0.47058823529411764,0.8761,0.0,0.4706,0.0,0.0,0.0,0.0588,0.4706,0.125,0.3125,,13,42,22,0.2735849056603773,0.5034303790705518,3238,False,False,,,0.375,,,0.0625,,,,,0.0625,,,,,,,,,0.0625,,,,,,
gpqa_61,zeroclaw,both_correct,True,17,UN|reason|reason|reason|PD|reason|UN|reason|PD|PD|reason|reason|PD|IC|PD|reason|PD,reason,0.47058823529411764,1.1407,0.0,0.3529,0.0,0.0588,0.1176,0.0,0.4706,0.1875,0.25,0.0625,3,1,0,0.1489971346704871,0.3101311142104823,871,False,False,,,0.1875,0.0625,0.125,0.0625,0.0625,,,,,,,,,,,,,,,,,,,
gpqa_62,zeroclaw,both_correct,True,17,PD|reason|reason|reason|PD|reason|reason|reason|reason|reason|reason|reason|reason|reason|reason|reason|reason,reason,0.8823529411764706,0.3622,0.0,0.1176,0.0,0.0,0.0,0.0,0.8824,0.8125,0.0625,,0,3,0,0.162514827995255,0.2695733059450828,982,False,False,,,0.125,,,,,,,,,,,,,,,,,,,,,,,
gpqa_63,zeroclaw,both_correct,True,16,PD|reason|PD|IC|reason|reason|PD|reason|reason|reason|reason|PD|reason|PD|PD|reason,reason,0.5625,0.8647,0.0,0.375,0.0,0.0625,0.0,0.0,0.5625,0.2667,0.2667,0.0667,2,1,0,0.0522133938706015,0.142328925543166,3757,False,False,,0.0667,0.2667,,,0.0667,,,,,,,,,,,,,,,,,,,,
gpqa_64,zeroclaw,both_wrong,False,17,reason|reason|reason|reason|reason|reason|reason|reason|reason|reason|reason|reason|reason|reason|reason|reason|RR,reason,0.9411764705882353,0.2237,0.0,0.0,0.0,0.0,0.0,0.0588,0.9412,0.9375,,,4,14,6,0.072522159548751,0.4814722566519698,1545,False,False,,,,,,,,,,,0.0625,,,,,,,,,,,,,,,
gpqa_65,zeroclaw,both_wrong,False,12,reason|reason|reason|reason|UN|reason|reason|UN|reason|PD|reason|RR,reason,0.6666666666666666,0.9831,0.0,0.0833,0.0,0.0,0.1667,0.0833,0.6667,0.3636,0.0909,,5,1,1,0.0061538461538461,0.2423546433797493,494,True,False,,,0.0909,0.1818,0.1818,,,,,,0.0909,,,,,,,,,,,,,,,
gpqa_66,zeroclaw,both_correct,True,17,PD|reason|PD|reason|reason|reason|reason|reason|PD|reason|reason|PD|IC|reason|reason|reason|PD,reason,0.6470588235294118,0.8083,0.0,0.2941,0.0,0.0588,0.0,0.0,0.6471,0.4375,0.25,0.0625,0,0,0,0.1365269461077844,0.3813120776862053,909,False,False,,0.0625,0.1875,,,,,,,,,,,,,,,,,,,,,,,
gpqa_67,zeroclaw,both_correct,True,17,PD|reason|reason|reason|reason|reason|reason|reason|RR|reason|reason|reason|reason|PD|PD|reason|PD,reason,0.7058823529411765,0.753,0.0,0.2353,0.0,0.0,0.0,0.0588,0.7059,0.5625,0.125,,0,8,0,0.2122270742358078,0.2269193874940394,2605,False,False,,,0.125,,,0.0625,,,,,0.0625,0.0625,,,,,,,,,,,,,,
gpqa_68,zeroclaw,both_correct,True,17,PD|reason|reason|reason|reason|PD|reason|PD|reason|reason|reason|reason|reason|IC|PD|reason|PD,reason,0.6470588235294118,0.8083,0.0,0.2941,0.0,0.0588,0.0,0.0,0.6471,0.4375,0.1875,,0,3,0,0.0765027322404371,0.3568329116429674,891,False,False,0.0625,,0.25,,,,0.0625,,,,,,,,,,,,,,,,,,,
gpqa_69,zeroclaw,both_correct,True,17,PD|reason|PD|reason|PD|reason|reason|PD|PD|PD|PD|PD|PD|PD|PD|PD|PD,PD,0.7647058823529411,0.5456,0.0,0.7647,0.0,0.0,0.0,0.0,0.2353,0.0625,0.1875,,1,5,6,0.0983858570330515,0.451526281832686,1555,False,False,,,0.1875,,,0.5625,,,,,,,,,,,,,,,,,,,,
gpqa_7,zeroclaw,both_correct,True,17,reason|reason|reason|reason|reason|reason|reason|reason|reason|reason|reason|UN|reason|reason|reason|reason|PD,reason,0.8823529411764706,0.4438,0.0,0.0588,0.0,0.0,0.0588,0.0,0.8824,0.8125,0.0625,,4,0,1,0.1197982345523329,0.1243065439832525,3439,False,False,,,,0.0625,0.0625,,,,,,,,,,,,,,,,,,,,,
gpqa_70,zeroclaw,both_wrong,False,17,PD|PD|PD|reason|PD|reason|PD|reason|PD|PD|PD|SE|IC|PD|reason|PD|PD,PD,0.6470588235294118,0.9554,0.0588,0.6471,0.0,0.0588,0.0,0.0,0.2353,,0.25,,0,5,1,0.0985915492957746,0.4463763555402668,1050,False,False,,,0.25,,,0.3125,0.0625,,,,,,0.0625,,,,,,,,,,,,,0.0625
gpqa_71,zeroclaw,both_wrong,False,17,PD|PD|PD|PD|PD|RR|PD|reason|reason|UN|reason|PD|reason|reason|UN|PD|reason,PD,0.47058823529411764,1.1407,0.0,0.4706,0.0,0.0,0.1176,0.0588,0.3529,0.125,0.0625,,4,5,0,0.0554870530209617,0.053108368251616,16139,True,False,,,0.1875,0.125,0.0625,0.25,,,,,,,,,,,0.0625,,,0.0625,0.0625,,,,,
gpqa_72,zeroclaw,both_correct,True,17,reason|reason|reason|reason|reason|reason|PD|PD|IC|PD|UN|reason|reason|reason|reason|PD|PD,reason,0.5882352941176471,1.0054,0.0,0.2941,0.0,0.0588,0.0588,0.0,0.5882,0.5,0.125,0.0625,1,1,1,0.2011784511784511,0.3149969000426488,1738,False,False,,,,,0.0625,0.125,0.0625,,0.0625,,,,,,,,,,,,,,,,,
gpqa_73,zeroclaw,both_correct,True,17,reason|reason|reason|PD|reason|reason|PD|reason|reason|IC|IC|reason|reason|reason|reason|IC|PD,reason,0.6470588235294118,0.8939,0.0,0.1765,0.0,0.1765,0.0,0.0,0.6471,0.4375,0.125,,0,0,0,0.1486486486486486,0.3319573228362692,914,False,False,0.125,0.0625,0.125,,,,0.0625,,,0.0625,,,,,,,,,,,,,,,,
gpqa_74,zeroclaw,both_correct,True,17,reason|reason|reason|reason|reason|reason|reason|reason|reason|reason|reason|reason|reason|reason|reason|reason|PD,reason,0.9411764705882353,0.2237,0.0,0.0588,0.0,0.0,0.0,0.0,0.9412,0.9375,0.0625,,2,1,0,0.1346704871060172,0.159941296811128,1981,False,False,,,,,,,,,,,,,,,,,,,,,,,,,,
gpqa_75,zeroclaw,both_correct,True,17,reason|reason|reason|reason|reason|PD|reason|reason|reason|reason|reason|reason|reason|PD|reason|reason|PD,reason,0.8235294117647058,0.466,0.0,0.1765,0.0,0.0,0.0,0.0,0.8235,0.6875,0.1875,,4,10,1,0.0859375,0.3314078828890947,1412,False,False,,,0.125,,,,,,,,,,,,,,,,,,,,,,,
gpqa_76,zeroclaw,both_correct,True,17,reason|reason|reason|reason|reason|UN|reason|reason|reason|UN|reason|reason|reason|reason|reason|reason|PD,reason,0.8235294117647058,0.5783,0.0,0.0588,0.0,0.0,0.1176,0.0,0.8235,0.6875,0.0625,,2,5,7,0.1595092024539877,0.3453776147813298,2130,False,False,,,,0.125,0.125,,,,,,,,,,,,,,,,,,,,,
gpqa_77,zeroclaw,both_correct,True,17,PD|reason|reason|PD|reason|reason|RR|reason|RR|reason|RR|reason|PD|reason|reason|reason|PD,reason,0.5882352941176471,0.9587,0.0,0.2353,0.0,0.0,0.0,0.1765,0.5882,0.25,0.1875,,4,8,0,0.0974025974025974,0.4652201169127462,2129,False,False,,,0.1875,,,,,,,,0.1875,0.1875,,,,,,,,,,,,,,
gpqa_78,zeroclaw,rescue,True,17,PD|PD|reason|PD|PD|PD|PD|PD|UN|PD|PD|reason|reason|PD|reason|PD|PD,PD,0.7058823529411765,0.753,0.0,0.7059,0.0,0.0,0.0588,0.0,0.2353,0.0625,0.1875,,2,13,2,0.1216341689879294,0.2600371260659406,2116,False,False,,,0.1875,,,0.4375,,,0.0625,,,,,,,,0.0625,,,,,,,,,
gpqa_79,zeroclaw,regression,False,17,PD|reason|PD|PD|reason|reason|reason|reason|reason|reason|PD|reason|reason|reason|PD|PD|PD,reason,0.5882352941176471,0.6775,0.0,0.4118,0.0,0.0,0.0,0.0,0.5882,0.4375,0.1875,,3,14,0,0.1603942652329749,0.3232576006212901,1837,False,False,,,0.1875,,,0.1875,,,,,,,,,,,,,,,,,,,,
gpqa_8,zeroclaw,both_correct,True,17,reason|reason|reason|reason|PD|PD|reason|reason|reason|reason|reason|reason|reason|reason|reason|reason|PD,reason,0.8235294117647058,0.466,0.0,0.1765,0.0,0.0,0.0,0.0,0.8235,0.75,0.125,,3,0,0,0.0682852807283763,0.1571282690800328,1990,False,False,,,0.0625,,,0.0625,,,,,,,,,,,,,,,,,,,,
gpqa_80,zeroclaw,both_correct,True,17,reason|reason|reason|reason|PD|reason|reason|reason|reason|reason|PD|PD|PD|reason|reason|reason|PD,reason,0.7058823529411765,0.6058,0.0,0.2941,0.0,0.0,0.0,0.0,0.7059,0.5625,0.1875,,0,7,0,0.2009302325581395,0.2288800753008057,1973,False,False,,,0.125,,,0.125,,,,,,,,,,,,,,,,,,,,
gpqa_81,zeroclaw,rescue,True,17,PD|reason|reason|reason|reason|reason|PD|reason|PD|reason|PD|reason|reason|RR|reason|reason|PD,reason,0.6470588235294118,0.8083,0.0,0.2941,0.0,0.0,0.0,0.0588,0.6471,0.375,0.25,,1,17,5,0.1084407971864009,0.5343961073475215,2537,False,False,,,0.25,,,,,,,,0.0625,0.0625,,,,,,,,,,,,,,
gpqa_82,zeroclaw,both_correct,True,17,reason|reason|PD|PD|reason|reason|reason|reason|reason|reason|reason|PD|PD|PD|reason|reason|PD,reason,0.6470588235294118,0.6492,0.0,0.3529,0.0,0.0,0.0,0.0,0.6471,0.5,0.1875,,2,21,5,0.13848295059151,0.2872373178768846,2969,False,False,,,0.125,,,0.1875,,,,,,,,,,,,,,,,,,,,
gpqa_83,zeroclaw,both_wrong,False,17,reason|reason|PD|PD|reason|PD|PD|PD|PD|reason|PD|PD|PD|reason|PD|PD|PD,PD,0.7058823529411765,0.6058,0.0,0.7059,0.0,0.0,0.0,0.0,0.2941,0.0625,0.25,,0,14,0,0.0868131868131868,0.3335580195165085,1528,False,False,,,0.1875,,,0.5,,,,,,,,,,,,,,,,,,,,
gpqa_84,zeroclaw,both_correct,True,17,PD|PD|PD|PD|reason|PD|reason|reason|reason|reason|reason|reason|PD|PD|PD|reason|PD,PD,0.5294117647058824,0.6914,0.0,0.5294,0.0,0.0,0.0,0.0,0.4706,0.3125,0.1875,,11,31,0,0.0760697305863708,0.3825408245611574,2437,False,False,,,0.1875,,,0.3125,,,,,,,,,,,,,,,,,,,,
gpqa_85,zeroclaw,both_correct,True,17,reason|PD|reason|reason|reason|PD|reason|reason|reason|reason|reason|reason|reason|reason|reason|reason|PD,reason,0.8235294117647058,0.466,0.0,0.1765,0.0,0.0,0.0,0.0,0.8235,0.6875,0.1875,,8,6,0,0.1147410358565737,0.3991909293422946,1911,False,False,,,0.125,,,,,,,,,,,,,,,,,,,,,,,
gpqa_86,zeroclaw,both_correct,True,17,reason|reason|reason|reason|reason|reason|reason|reason|reason|reason|reason|RR|RR|reason|reason|reason|UN,reason,0.8235294117647058,0.5783,0.0,0.0,0.0,0.0,0.0588,0.1176,0.8235,0.75,,,2,10,3,0.1060480530240265,0.433007876897333,1750,False,False,,,,0.0625,,,,,,,0.0625,0.0625,,,,,,,,,,,0.0625,,,
gpqa_87,zeroclaw,both_wrong,False,17,PD|reason|reason|reason|reason|reason|PD|PD|reason|PD|PD|PD|RR|PD|reason|UN|PD,PD,0.47058823529411764,1.0534,0.0,0.4706,0.0,0.0,0.0588,0.0588,0.4118,0.25,0.125,,2,10,2,0.0606741573033707,0.4099481149614297,1388,False,False,,,0.1875,0.0625,,0.1875,,,,,,,,,,,0.0625,,,0.0625,0.0625,,,,,
gpqa_88,zeroclaw,rescue,True,17,PD|PD|reason|reason|PD|PD|PD|reason|reason|SE|PD|reason|PD|reason|reason|PD|PD,PD,0.5294117647058824,0.8687,0.0588,0.5294,0.0,0.0,0.0,0.0,0.4118,0.1875,0.1875,,0,0,0,0.1311084624553039,0.3839685041457466,1312,False,False,,,0.25,,,0.25,,0.0625,,,,,,,0.0625,,,,,,,,,,,
gpqa_89,zeroclaw,regression,False,17,PD|PD|reason|reason|reason|PD|reason|reason|reason|reason|reason|reason|reason|reason|reason|reason|PD,reason,0.7647058823529411,0.5456,0.0,0.2353,0.0,0.0,0.0,0.0,0.7647,0.6875,0.125,,3,5,0,0.1153081510934393,0.2519142311992777,1967,False,False,,,0.125,,,0.0625,,,,,,,,,,,,,,,,,,,,
gpqa_9,zeroclaw,rescue,True,17,reason|reason|reason|reason|reason|reason|RR|reason|reason|reason|reason|reason|reason|reason|reason|reason|PD,reason,0.8823529411764706,0.4438,0.0,0.0588,0.0,0.0,0.0,0.0588,0.8824,0.8125,0.0625,,5,22,2,0.0826161790017211,0.3481542324609777,2077,False,False,,,,,,,,,,,0.0625,0.0625,,,,,,,,,,,,,,
gpqa_90,zeroclaw,regression,False,17,reason|reason|PD|PD|PD|reason|RR|PD|reason|PD|reason|reason|reason|reason|PD|PD|PD,reason,0.47058823529411764,0.8761,0.0,0.4706,0.0,0.0,0.0,0.0588,0.4706,0.25,0.1875,,3,20,0,0.0766062602965403,0.4116293696556399,2165,False,False,,,0.1875,,,0.25,,,,,0.0625,,,,,,,,,0.0625,,,,,,
gpqa_91,zeroclaw,both_correct,True,17,PD|PD|reason|reason|PD|PD|reason|RR|reason|reason|PD|reason|reason|PD|reason|reason|PD,reason,0.5294117647058824,0.8687,0.0,0.4118,0.0,0.0,0.0,0.0588,0.5294,0.25,0.25,,1,2,0,0.0535714285714285,0.358702720095099,1176,False,False,,,0.25,,,0.125,,,,,0.0625,0.0625,,,,,,,,,,,,,,
gpqa_92,zeroclaw,both_correct,True,17,reason|reason|reason|reason|reason|reason|reason|reason|reason|PD|reason|reason|reason|PD|IC|reason|reason,reason,0.8235294117647058,0.5783,0.0,0.1176,0.0,0.0588,0.0,0.0,0.8235,0.6875,0.125,0.0625,0,2,2,0.1395348837209302,0.3863524404838693,885,False,False,,0.0625,0.0625,,,,,,,,,,,,,,,,,,,,,,,
gpqa_93,zeroclaw,both_correct,True,17,PD|reason|PD|PD|reason|PD|PD|reason|reason|PD|reason|reason|reason|reason|reason|IC|PD,reason,0.5294117647058824,0.8687,0.0,0.4118,0.0,0.0588,0.0,0.0,0.5294,0.3125,0.1875,,5,0,0,0.1461232604373757,0.2726045286924088,1878,False,False,0.0625,,0.25,,,0.125,0.0625,,,,,,,,,,,,,,,,,,,
gpqa_94,zeroclaw,both_correct,True,17,PD|PD|PD|reason|PD|reason|PD|PD|reason|reason|reason|reason|PD|reason|PD|PD|PD,PD,0.5882352941176471,0.6775,0.0,0.5882,0.0,0.0,0.0,0.0,0.4118,0.1875,0.25,,2,11,0,0.1213872832369942,0.2852037103172848,2262,False,False,,,0.25,,,0.3125,,,,,,,,,,,,,,,,,,,,
gpqa_95,zeroclaw,both_correct,True,17,reason|reason|reason|reason|PD|reason|PD|PD|PD|reason|reason|PD|PD|PD|reason|reason|PD,reason,0.5294117647058824,0.6914,0.0,0.4706,0.0,0.0,0.0,0.0,0.5294,0.3125,0.25,,0,6,3,0.0421940928270042,0.3494152317838507,1829,False,False,,,0.1875,,,0.25,,,,,,,,,,,,,,,,,,,,
gpqa_96,zeroclaw,both_correct,True,17,reason|reason|reason|PD|reason|reason|PD|RR|reason|reason|reason|RR|RR|reason|PD|PD|PD,reason,0.5294117647058824,1.0027,0.0,0.2941,0.0,0.0,0.0,0.1765,0.5294,0.3125,0.1875,,13,93,16,0.2577934399566278,0.2355226595878738,7277,False,False,,,0.0625,,,0.125,,,,,0.0625,0.125,,,,,,,,,0.0625,,0.0625,,,
gpqa_97,zeroclaw,both_wrong,False,17,PD|PD|PD|PD|reason|PD|RR|PD|reason|reason|PD|PD|PD|reason|reason|reason|PD,PD,0.5882352941176471,0.8464,0.0,0.5882,0.0,0.0,0.0,0.0588,0.3529,0.1875,0.1875,,4,37,1,0.0945319740500463,0.3997389567722751,1809,False,False,,,0.1875,,,0.3125,,,,,,,,,,,,,,0.0625,0.0625,,,,,
gpqa_98,zeroclaw,both_correct,True,17,reason|reason|PD|reason|reason|reason|reason|RR|reason|reason|reason|reason|reason|reason|reason|PD|PD,reason,0.7647058823529411,0.6779,0.0,0.1765,0.0,0.0,0.0,0.0588,0.7647,0.625,0.125,,10,3,0,0.1487702459508098,0.4587486914240081,2611,False,False,,,0.0625,,,0.0625,,,,,0.0625,0.0625,,,,,,,,,,,,,,
gpqa_99,zeroclaw,both_correct,True,17,reason|reason|reason|reason|reason|reason|reason|reason|reason|reason|reason|reason|reason|reason|reason|PD|PD,reason,0.8823529411764706,0.3622,0.0,0.1176,0.0,0.0,0.0,0.0,0.8824,0.875,0.0625,,0,3,2,0.0814606741573033,0.2935030346065825,1149,False,False,,,,,,0.0625,,,,,,,,,,,,,,,,,,,,
