model,harness,benchmark,task_id,sample,correct,mean_entropy,n_tokens
Gemma-4-31B-IT,directllm,MMMU-Pro vision,mmmu_pro_test_Accounting_129,0,1,0.057681721769467176,1700.0
Gemma-4-31B-IT,directllm,MMMU-Pro vision,mmmu_pro_test_Accounting_13,0,1,0.12547543667489838,981.0
Gemma-4-31B-IT,directllm,MMMU-Pro vision,mmmu_pro_test_Accounting_131,0,1,0.2252745556280524,8211.0
Gemma-4-31B-IT,directllm,MMMU-Pro vision,mmmu_pro_test_Accounting_138,0,1,0.21541097358434522,1755.0
Gemma-4-31B-IT,directllm,MMMU-Pro vision,mmmu_pro_test_Accounting_160,0,1,0.11151231949436237,1312.0
Gemma-4-31B-IT,directllm,MMMU-Pro vision,mmmu_pro_test_Accounting_170,0,1,0.1546374606294166,3931.0
Gemma-4-31B-IT,directllm,MMMU-Pro vision,mmmu_pro_test_Accounting_201,0,1,0.06099824304658778,1849.0
Gemma-4-31B-IT,directllm,MMMU-Pro vision,mmmu_pro_test_Accounting_208,0,1,0.10073755585454315,1012.0
Gemma-4-31B-IT,directllm,MMMU-Pro vision,mmmu_pro_test_Accounting_227,0,1,0.11337111818716668,7851.0
Gemma-4-31B-IT,directllm,MMMU-Pro vision,mmmu_pro_test_Accounting_241,0,1,0.06210123409770678,1153.0
Gemma-4-31B-IT,directllm,MMMU-Pro vision,mmmu_pro_test_Accounting_248,0,1,0.033557283594809265,1031.0
Gemma-4-31B-IT,directllm,MMMU-Pro vision,mmmu_pro_test_Accounting_252,0,1,0.2002872669008594,1798.0
Gemma-4-31B-IT,directllm,MMMU-Pro vision,mmmu_pro_test_Accounting_256,0,1,0.06839477693476798,2328.0
Gemma-4-31B-IT,directllm,MMMU-Pro vision,mmmu_pro_test_Accounting_279,0,1,0.039137504984216955,1302.0
Gemma-4-31B-IT,directllm,MMMU-Pro vision,mmmu_pro_test_Accounting_292,0,1,0.16015942590460364,1751.0
Gemma-4-31B-IT,directllm,MMMU-Pro vision,mmmu_pro_test_Accounting_30,0,1,0.08925814522985463,1312.0
Gemma-4-31B-IT,directllm,MMMU-Pro vision,mmmu_pro_test_Accounting_307,0,1,0.15882690026558835,2909.0
Gemma-4-31B-IT,directllm,MMMU-Pro vision,mmmu_pro_test_Accounting_312,0,1,0.09827518183967916,2122.0
Gemma-4-31B-IT,directllm,MMMU-Pro vision,mmmu_pro_test_Accounting_315,0,1,0.16261603023423213,2096.0
Gemma-4-31B-IT,directllm,MMMU-Pro vision,mmmu_pro_test_Accounting_328,0,1,0.0461563830718236,2038.0
Gemma-4-31B-IT,directllm,MMMU-Pro vision,mmmu_pro_test_Accounting_34,0,1,0.08724121687877666,1881.0
Gemma-4-31B-IT,directllm,MMMU-Pro vision,mmmu_pro_test_Accounting_345,0,1,0.06252548362236905,1504.0
Gemma-4-31B-IT,directllm,MMMU-Pro vision,mmmu_pro_test_Accounting_360,0,1,0.07693666943098447,864.0
Gemma-4-31B-IT,directllm,MMMU-Pro vision,mmmu_pro_test_Accounting_361,0,1,0.2156130609818461,10291.0
Gemma-4-31B-IT,directllm,MMMU-Pro vision,mmmu_pro_test_Accounting_365,0,1,0.05796919743838153,1765.0
Gemma-4-31B-IT,directllm,MMMU-Pro vision,mmmu_pro_test_Accounting_38,0,1,0.06642976967302956,3043.0
Gemma-4-31B-IT,directllm,MMMU-Pro vision,mmmu_pro_test_Accounting_380,0,1,0.09604743093840072,1801.0
Gemma-4-31B-IT,directllm,MMMU-Pro vision,mmmu_pro_test_Accounting_42,0,1,0.15202323314138083,10476.0
Gemma-4-31B-IT,directllm,MMMU-Pro vision,mmmu_pro_test_Accounting_50,0,1,0.1852221887332088,3458.0
Gemma-4-31B-IT,directllm,MMMU-Pro vision,mmmu_pro_test_Accounting_55,0,0,0.0724585387737542,1385.0
Gemma-4-31B-IT,directllm,MMMU-Pro vision,mmmu_pro_test_Accounting_63,0,1,0.07869960333617311,1222.0
Gemma-4-31B-IT,directllm,MMMU-Pro vision,mmmu_pro_test_Accounting_80,0,1,0.0626617518854584,996.0
Gemma-4-31B-IT,directllm,MMMU-Pro vision,mmmu_pro_test_Accounting_99,0,0,0.072319129246296,1882.0
Gemma-4-31B-IT,directllm,MMMU-Pro vision,mmmu_pro_test_Agriculture_102,0,1,0.27337132899233396,881.0
Gemma-4-31B-IT,directllm,MMMU-Pro vision,mmmu_pro_test_Agriculture_105,0,1,0.41049808482832967,2492.0
Gemma-4-31B-IT,directllm,MMMU-Pro vision,mmmu_pro_test_Agriculture_117,0,1,0.3183636277117493,616.0
Gemma-4-31B-IT,directllm,MMMU-Pro vision,mmmu_pro_test_Agriculture_123,0,1,0.35300757291325635,1333.0
Gemma-4-31B-IT,directllm,MMMU-Pro vision,mmmu_pro_test_Agriculture_139,0,1,0.27297382035840834,3346.0
Gemma-4-31B-IT,directllm,MMMU-Pro vision,mmmu_pro_test_Agriculture_145,0,1,0.4358491291487401,2540.0
Gemma-4-31B-IT,directllm,MMMU-Pro vision,mmmu_pro_test_Agriculture_146,0,1,0.4125911734886103,1027.0
Gemma-4-31B-IT,directllm,MMMU-Pro vision,mmmu_pro_test_Agriculture_15,0,0,0.40010968135796154,895.0
Gemma-4-31B-IT,directllm,MMMU-Pro vision,mmmu_pro_test_Agriculture_157,0,1,0.33595403865890666,1232.0
Gemma-4-31B-IT,directllm,MMMU-Pro vision,mmmu_pro_test_Agriculture_165,0,1,0.32439479417048306,776.0
Gemma-4-31B-IT,directllm,MMMU-Pro vision,mmmu_pro_test_Agriculture_169,0,0,0.40646362557050636,925.0
Gemma-4-31B-IT,directllm,MMMU-Pro vision,mmmu_pro_test_Agriculture_174,0,0,0.3816197866040386,1879.0
Gemma-4-31B-IT,directllm,MMMU-Pro vision,mmmu_pro_test_Agriculture_178,0,1,0.3372152526911086,947.0
Gemma-4-31B-IT,directllm,MMMU-Pro vision,mmmu_pro_test_Agriculture_183,0,0,0.4031709053860682,690.0
Gemma-4-31B-IT,directllm,MMMU-Pro vision,mmmu_pro_test_Agriculture_187,0,1,0.40286964417197024,1716.0
Gemma-4-31B-IT,directllm,MMMU-Pro vision,mmmu_pro_test_Agriculture_19,0,0,0.3560913932223208,4300.0
Gemma-4-31B-IT,directllm,MMMU-Pro vision,mmmu_pro_test_Agriculture_190,0,0,0.36050933851074907,1068.0
Gemma-4-31B-IT,directllm,MMMU-Pro vision,mmmu_pro_test_Agriculture_192,0,0,0.4392755042248495,2704.0
Gemma-4-31B-IT,directllm,MMMU-Pro vision,mmmu_pro_test_Agriculture_193,0,1,0.29420646382654575,1338.0
Gemma-4-31B-IT,directllm,MMMU-Pro vision,mmmu_pro_test_Agriculture_195,0,1,0.29204802319880907,686.0
Gemma-4-31B-IT,directllm,MMMU-Pro vision,mmmu_pro_test_Agriculture_207,0,1,0.3289348742168579,2705.0
Gemma-4-31B-IT,directllm,MMMU-Pro vision,mmmu_pro_test_Agriculture_210,0,0,0.3844691121606721,2193.0
Gemma-4-31B-IT,directllm,MMMU-Pro vision,mmmu_pro_test_Agriculture_217,0,0,0.35222744256171085,1341.0
Gemma-4-31B-IT,directllm,MMMU-Pro vision,mmmu_pro_test_Agriculture_234,0,1,0.3804178318784758,771.0
Gemma-4-31B-IT,directllm,MMMU-Pro vision,mmmu_pro_test_Agriculture_248,0,0,0.32276582582917207,738.0
Gemma-4-31B-IT,directllm,MMMU-Pro vision,mmmu_pro_test_Agriculture_262,0,0,0.3785930664183326,3374.0
Gemma-4-31B-IT,directllm,MMMU-Pro vision,mmmu_pro_test_Agriculture_269,0,1,0.35705927036759494,931.0
Gemma-4-31B-IT,directllm,MMMU-Pro vision,mmmu_pro_test_Agriculture_270,0,0,0.40498574905416523,5833.0
Gemma-4-31B-IT,directllm,MMMU-Pro vision,mmmu_pro_test_Agriculture_271,0,1,0.2716869709854214,1038.0
Gemma-4-31B-IT,directllm,MMMU-Pro vision,mmmu_pro_test_Agriculture_278,0,0,0.43212208043941797,2833.0
Gemma-4-31B-IT,directllm,MMMU-Pro vision,mmmu_pro_test_Agriculture_282,0,0,0.4260300824330837,3593.0
Gemma-4-31B-IT,directllm,MMMU-Pro vision,mmmu_pro_test_Agriculture_37,0,0,0.2804556499064465,600.0
Gemma-4-31B-IT,directllm,MMMU-Pro vision,mmmu_pro_test_Agriculture_39,0,1,0.38662913463647636,1073.0
Gemma-4-31B-IT,directllm,MMMU-Pro vision,mmmu_pro_test_Agriculture_4,0,0,0.29168801187734167,773.0
Gemma-4-31B-IT,directllm,MMMU-Pro vision,mmmu_pro_test_Agriculture_42,0,0,0.2646581353435393,858.0
Gemma-4-31B-IT,directllm,MMMU-Pro vision,mmmu_pro_test_Agriculture_46,0,0,0.3789082009492449,1255.0
Gemma-4-31B-IT,directllm,MMMU-Pro vision,mmmu_pro_test_Agriculture_55,0,0,0.49982530907174205,1488.0
Gemma-4-31B-IT,directllm,MMMU-Pro vision,mmmu_pro_test_Agriculture_69,0,1,0.07135221011366294,1247.0
Gemma-4-31B-IT,directllm,MMMU-Pro vision,mmmu_pro_test_Agriculture_8,0,1,0.3561562291341392,3883.0
Gemma-4-31B-IT,directllm,MMMU-Pro vision,mmmu_pro_test_Agriculture_92,0,0,0.3682114124780345,2191.0
Gemma-4-31B-IT,directllm,MMMU-Pro vision,mmmu_pro_test_Agriculture_93,0,1,0.33100962852882054,862.0
Gemma-4-31B-IT,directllm,MMMU-Pro vision,mmmu_pro_test_Architecture_and_Engineering_111,0,1,0.08233213732455377,14013.0
Gemma-4-31B-IT,directllm,MMMU-Pro vision,mmmu_pro_test_Architecture_and_Engineering_113,0,1,0.0914885053272288,7657.0
Gemma-4-31B-IT,directllm,MMMU-Pro vision,mmmu_pro_test_Architecture_and_Engineering_146,0,1,0.14031468372540198,8994.0
Gemma-4-31B-IT,directllm,MMMU-Pro vision,mmmu_pro_test_Architecture_and_Engineering_191,0,1,0.08276389477930876,4194.0
Gemma-4-31B-IT,directllm,MMMU-Pro vision,mmmu_pro_test_Architecture_and_Engineering_206,0,1,0.13262017850268926,10348.0
Gemma-4-31B-IT,directllm,MMMU-Pro vision,mmmu_pro_test_Architecture_and_Engineering_207,0,1,0.21103409595838224,13737.0
Gemma-4-31B-IT,directllm,MMMU-Pro vision,mmmu_pro_test_Architecture_and_Engineering_214,0,0,0.018231801531700783,19037.0
Gemma-4-31B-IT,directllm,MMMU-Pro vision,mmmu_pro_test_Architecture_and_Engineering_242,0,0,0.12593057196216872,17214.0
Gemma-4-31B-IT,directllm,MMMU-Pro vision,mmmu_pro_test_Architecture_and_Engineering_250,0,1,0.09605278582365451,2744.0
Gemma-4-31B-IT,directllm,MMMU-Pro vision,mmmu_pro_test_Architecture_and_Engineering_266,0,0,0.026764133956405093,19118.0
Gemma-4-31B-IT,directllm,MMMU-Pro vision,mmmu_pro_test_Architecture_and_Engineering_278,0,1,0.145314796500143,1379.0
Gemma-4-31B-IT,directllm,MMMU-Pro vision,mmmu_pro_test_Architecture_and_Engineering_307,0,1,0.12001714258818755,8865.0
Gemma-4-31B-IT,directllm,MMMU-Pro vision,mmmu_pro_test_Architecture_and_Engineering_312,0,1,0.09191105760024293,15770.0
Gemma-4-31B-IT,directllm,MMMU-Pro vision,mmmu_pro_test_Architecture_and_Engineering_320,0,1,0.10371064322109,3656.0
Gemma-4-31B-IT,directllm,MMMU-Pro vision,mmmu_pro_test_Architecture_and_Engineering_336,0,1,0.08178701800340346,1503.0
Gemma-4-31B-IT,directllm,MMMU-Pro vision,mmmu_pro_test_Architecture_and_Engineering_359,0,0,0.032898263700377135,19023.0
Gemma-4-31B-IT,directllm,MMMU-Pro vision,mmmu_pro_test_Architecture_and_Engineering_361,0,1,0.1408456812684198,4468.0
Gemma-4-31B-IT,directllm,MMMU-Pro vision,mmmu_pro_test_Architecture_and_Engineering_391,0,0,0.1336012458386265,19585.0
Gemma-4-31B-IT,directllm,MMMU-Pro vision,mmmu_pro_test_Architecture_and_Engineering_392,0,0,0.17892376683405198,7709.0
Gemma-4-31B-IT,directllm,MMMU-Pro vision,mmmu_pro_test_Architecture_and_Engineering_395,0,0,0.0767119096479684,19000.0
Gemma-4-31B-IT,directllm,MMMU-Pro vision,mmmu_pro_test_Architecture_and_Engineering_403,0,0,0.13719581163448566,12507.0
Gemma-4-31B-IT,directllm,MMMU-Pro vision,mmmu_pro_test_Architecture_and_Engineering_41,0,1,0.0744615932329945,10484.0
Gemma-4-31B-IT,directllm,MMMU-Pro vision,mmmu_pro_test_Architecture_and_Engineering_413,0,1,0.08876412056391085,3566.0
Gemma-4-31B-IT,directllm,MMMU-Pro vision,mmmu_pro_test_Architecture_and_Engineering_416,0,0,0.3786453841390809,6132.0
Gemma-4-31B-IT,directllm,MMMU-Pro vision,mmmu_pro_test_Architecture_and_Engineering_442,0,0,0.12467137533057558,18890.0
Gemma-4-31B-IT,directllm,MMMU-Pro vision,mmmu_pro_test_Architecture_and_Engineering_443,0,1,0.1334912539563785,7413.0
Gemma-4-31B-IT,directllm,MMMU-Pro vision,mmmu_pro_test_Architecture_and_Engineering_457,0,1,0.11168617789668757,8933.0
Gemma-4-31B-IT,directllm,MMMU-Pro vision,mmmu_pro_test_Architecture_and_Engineering_47,0,1,0.1509629798690232,2729.0
Gemma-4-31B-IT,directllm,MMMU-Pro vision,mmmu_pro_test_Architecture_and_Engineering_470,0,0,0.19187693133828398,11584.0
Gemma-4-31B-IT,directllm,MMMU-Pro vision,mmmu_pro_test_Architecture_and_Engineering_473,0,0,0.0409023785570485,19487.0
Gemma-4-31B-IT,directllm,MMMU-Pro vision,mmmu_pro_test_Architecture_and_Engineering_492,0,0,0.12887336021206466,14697.0
Gemma-4-31B-IT,directllm,MMMU-Pro vision,mmmu_pro_test_Architecture_and_Engineering_493,0,1,0.07036946606149912,12761.0
Gemma-4-31B-IT,directllm,MMMU-Pro vision,mmmu_pro_test_Architecture_and_Engineering_503,0,0,0.11299280443431811,18857.0
Gemma-4-31B-IT,directllm,MMMU-Pro vision,mmmu_pro_test_Architecture_and_Engineering_512,0,1,0.09156133363753365,14338.0
Gemma-4-31B-IT,directllm,MMMU-Pro vision,mmmu_pro_test_Architecture_and_Engineering_518,0,0,0.025106153487957895,18894.0
Gemma-4-31B-IT,directllm,MMMU-Pro vision,mmmu_pro_test_Architecture_and_Engineering_533,0,0,0.11214407315788304,18857.0
Gemma-4-31B-IT,directllm,MMMU-Pro vision,mmmu_pro_test_Architecture_and_Engineering_77,0,1,0.07707864368216612,2329.0
Gemma-4-31B-IT,directllm,MMMU-Pro vision,mmmu_pro_test_Architecture_and_Engineering_86,0,1,0.10194231402869261,12136.0
Gemma-4-31B-IT,directllm,MMMU-Pro vision,mmmu_pro_test_Art_107,0,0,0.42016778378406083,1102.0
Gemma-4-31B-IT,directllm,MMMU-Pro vision,mmmu_pro_test_Art_111,0,1,0.4507004362681029,702.0
Gemma-4-31B-IT,directllm,MMMU-Pro vision,mmmu_pro_test_Art_113,0,0,0.2679558002048681,693.0
Gemma-4-31B-IT,directllm,MMMU-Pro vision,mmmu_pro_test_Art_117,0,1,0.421116234350914,2604.0
Gemma-4-31B-IT,directllm,MMMU-Pro vision,mmmu_pro_test_Art_12,0,0,0.08182947510531093,19185.0
Gemma-4-31B-IT,directllm,MMMU-Pro vision,mmmu_pro_test_Art_121,0,1,0.38468792318743694,927.0
Gemma-4-31B-IT,directllm,MMMU-Pro vision,mmmu_pro_test_Art_124,0,0,0.05008913958483982,19089.0
Gemma-4-31B-IT,directllm,MMMU-Pro vision,mmmu_pro_test_Art_130,0,0,0.33890586644298115,804.0
Gemma-4-31B-IT,directllm,MMMU-Pro vision,mmmu_pro_test_Art_139,0,1,0.38193717693627116,735.0
Gemma-4-31B-IT,directllm,MMMU-Pro vision,mmmu_pro_test_Art_147,0,1,0.32732700863086794,799.0
Gemma-4-31B-IT,directllm,MMMU-Pro vision,mmmu_pro_test_Art_159,0,0,0.31356523608664855,2703.0
Gemma-4-31B-IT,directllm,MMMU-Pro vision,mmmu_pro_test_Art_164,0,1,0.1935724898992477,1024.0
Gemma-4-31B-IT,directllm,MMMU-Pro vision,mmmu_pro_test_Art_176,0,0,0.43309069803409533,1431.0
Gemma-4-31B-IT,directllm,MMMU-Pro vision,mmmu_pro_test_Art_184,0,1,0.3375234603537132,717.0
Gemma-4-31B-IT,directllm,MMMU-Pro vision,mmmu_pro_test_Art_195,0,1,0.2776983397496817,862.0
Gemma-4-31B-IT,directllm,MMMU-Pro vision,mmmu_pro_test_Art_2,0,1,0.18589333811889674,579.0
Gemma-4-31B-IT,directllm,MMMU-Pro vision,mmmu_pro_test_Art_208,0,0,0.3957910657828768,1675.0
Gemma-4-31B-IT,directllm,MMMU-Pro vision,mmmu_pro_test_Art_21,0,0,0.32979795315699706,559.0
Gemma-4-31B-IT,directllm,MMMU-Pro vision,mmmu_pro_test_Art_224,0,1,0.14105133685859628,562.0
Gemma-4-31B-IT,directllm,MMMU-Pro vision,mmmu_pro_test_Art_227,0,1,0.28106734596623134,872.0
Gemma-4-31B-IT,directllm,MMMU-Pro vision,mmmu_pro_test_Art_231,0,1,0.3807222890708854,989.0
Gemma-4-31B-IT,directllm,MMMU-Pro vision,mmmu_pro_test_Art_24,0,1,0.25131341158394466,603.0
Gemma-4-31B-IT,directllm,MMMU-Pro vision,mmmu_pro_test_Art_25,0,1,0.1961075506570647,625.0
Gemma-4-31B-IT,directllm,MMMU-Pro vision,mmmu_pro_test_Art_35,0,0,0.5150662429663733,1174.0
Gemma-4-31B-IT,directllm,MMMU-Pro vision,mmmu_pro_test_Art_41,0,1,0.23989017877995528,632.0
Gemma-4-31B-IT,directllm,MMMU-Pro vision,mmmu_pro_test_Art_63,0,1,0.3767392586270242,1065.0
Gemma-4-31B-IT,directllm,MMMU-Pro vision,mmmu_pro_test_Art_67,0,1,0.36651379693174857,8200.0
Gemma-4-31B-IT,directllm,MMMU-Pro vision,mmmu_pro_test_Art_79,0,0,0.3318787054705437,961.0
Gemma-4-31B-IT,directllm,MMMU-Pro vision,mmmu_pro_test_Art_8,0,0,0.4207395941043487,553.0
Gemma-4-31B-IT,directllm,MMMU-Pro vision,mmmu_pro_test_Art_81,0,1,0.19819960865702263,590.0
Gemma-4-31B-IT,directllm,MMMU-Pro vision,mmmu_pro_test_Art_84,0,0,0.40874613975649754,1353.0
Gemma-4-31B-IT,directllm,MMMU-Pro vision,mmmu_pro_test_Art_87,0,1,0.19591232496975736,661.0
Gemma-4-31B-IT,directllm,MMMU-Pro vision,mmmu_pro_test_Art_9,0,1,0.4277374832538794,2081.0
Gemma-4-31B-IT,directllm,MMMU-Pro vision,mmmu_pro_test_Art_93,0,0,0.4529569209678231,2181.0
Gemma-4-31B-IT,directllm,MMMU-Pro vision,mmmu_pro_test_Art_94,0,1,0.34709328110169446,781.0
Gemma-4-31B-IT,directllm,MMMU-Pro vision,mmmu_pro_test_Art_Theory_11,0,0,0.3838718623104339,863.0
Gemma-4-31B-IT,directllm,MMMU-Pro vision,mmmu_pro_test_Art_Theory_117,0,1,0.34755298099845927,1175.0
Gemma-4-31B-IT,directllm,MMMU-Pro vision,mmmu_pro_test_Art_Theory_131,0,0,0.450563592747892,3714.0
Gemma-4-31B-IT,directllm,MMMU-Pro vision,mmmu_pro_test_Art_Theory_152,0,0,0.3594730043202547,846.0
Gemma-4-31B-IT,directllm,MMMU-Pro vision,mmmu_pro_test_Art_Theory_156,0,1,0.21723133398729721,498.0
Gemma-4-31B-IT,directllm,MMMU-Pro vision,mmmu_pro_test_Art_Theory_162,0,1,0.16052703076387578,530.0
Gemma-4-31B-IT,directllm,MMMU-Pro vision,mmmu_pro_test_Art_Theory_168,0,1,0.32044625213107175,1710.0
Gemma-4-31B-IT,directllm,MMMU-Pro vision,mmmu_pro_test_Art_Theory_171,0,1,0.17355090293005992,386.0
Gemma-4-31B-IT,directllm,MMMU-Pro vision,mmmu_pro_test_Art_Theory_19,0,0,0.3632952755133259,3500.0
Gemma-4-31B-IT,directllm,MMMU-Pro vision,mmmu_pro_test_Art_Theory_199,0,0,0.4701158888900225,2708.0
Gemma-4-31B-IT,directllm,MMMU-Pro vision,mmmu_pro_test_Art_Theory_208,0,1,0.30199161230449734,843.0
Gemma-4-31B-IT,directllm,MMMU-Pro vision,mmmu_pro_test_Art_Theory_24,0,1,0.20741144843945494,1050.0
Gemma-4-31B-IT,directllm,MMMU-Pro vision,mmmu_pro_test_Art_Theory_246,0,0,0.43743638695618875,3270.0
Gemma-4-31B-IT,directllm,MMMU-Pro vision,mmmu_pro_test_Art_Theory_249,0,1,0.36321373135714213,4150.0
Gemma-4-31B-IT,directllm,MMMU-Pro vision,mmmu_pro_test_Art_Theory_25,0,1,0.24297975980436134,773.0
Gemma-4-31B-IT,directllm,MMMU-Pro vision,mmmu_pro_test_Art_Theory_256,0,1,0.2836786389163483,698.0
Gemma-4-31B-IT,directllm,MMMU-Pro vision,mmmu_pro_test_Art_Theory_259,0,0,0.42839345091279624,2794.0
Gemma-4-31B-IT,directllm,MMMU-Pro vision,mmmu_pro_test_Art_Theory_26,0,1,0.1884773892821486,802.0
Gemma-4-31B-IT,directllm,MMMU-Pro vision,mmmu_pro_test_Art_Theory_266,0,1,0.3556916451320825,1180.0
Gemma-4-31B-IT,directllm,MMMU-Pro vision,mmmu_pro_test_Art_Theory_273,0,1,0.47388991879291525,2199.0
Gemma-4-31B-IT,directllm,MMMU-Pro vision,mmmu_pro_test_Art_Theory_276,0,1,0.395655070603321,815.0
Gemma-4-31B-IT,directllm,MMMU-Pro vision,mmmu_pro_test_Art_Theory_289,0,1,0.42249670914172544,823.0
Gemma-4-31B-IT,directllm,MMMU-Pro vision,mmmu_pro_test_Art_Theory_335,0,1,0.38574017245622055,2424.0
Gemma-4-31B-IT,directllm,MMMU-Pro vision,mmmu_pro_test_Art_Theory_375,0,0,0.35264031126074435,1449.0
Gemma-4-31B-IT,directllm,MMMU-Pro vision,mmmu_pro_test_Art_Theory_39,0,0,0.39893712889007277,1557.0
Gemma-4-31B-IT,directllm,MMMU-Pro vision,mmmu_pro_test_Art_Theory_403,0,1,0.39138948551964337,851.0
Gemma-4-31B-IT,directllm,MMMU-Pro vision,mmmu_pro_test_Art_Theory_419,0,1,0.29359503461783276,961.0
Gemma-4-31B-IT,directllm,MMMU-Pro vision,mmmu_pro_test_Art_Theory_420,0,1,0.36808544461519666,900.0
Gemma-4-31B-IT,directllm,MMMU-Pro vision,mmmu_pro_test_Art_Theory_425,0,1,0.35886923465965576,1329.0
Gemma-4-31B-IT,directllm,MMMU-Pro vision,mmmu_pro_test_Art_Theory_45,0,1,0.3127588108243052,971.0
Gemma-4-31B-IT,directllm,MMMU-Pro vision,mmmu_pro_test_Art_Theory_52,0,0,0.2733095014844127,688.0
Gemma-4-31B-IT,directllm,MMMU-Pro vision,mmmu_pro_test_Art_Theory_53,0,0,0.2005042389410846,583.0
Gemma-4-31B-IT,directllm,MMMU-Pro vision,mmmu_pro_test_Basic_Medical_Science_100,0,1,0.2223937841189195,1175.0
Gemma-4-31B-IT,directllm,MMMU-Pro vision,mmmu_pro_test_Basic_Medical_Science_106,0,1,0.21646872011272963,854.0
Gemma-4-31B-IT,directllm,MMMU-Pro vision,mmmu_pro_test_Basic_Medical_Science_107,0,1,0.3676684830822187,534.0
Gemma-4-31B-IT,directllm,MMMU-Pro vision,mmmu_pro_test_Basic_Medical_Science_148,0,1,0.22090070674896098,715.0
Gemma-4-31B-IT,directllm,MMMU-Pro vision,mmmu_pro_test_Basic_Medical_Science_158,0,1,0.17739445891678088,1234.0
Gemma-4-31B-IT,directllm,MMMU-Pro vision,mmmu_pro_test_Basic_Medical_Science_177,0,0,0.2925449985921573,982.0
Gemma-4-31B-IT,directllm,MMMU-Pro vision,mmmu_pro_test_Basic_Medical_Science_179,0,1,0.25039652440769744,963.0
Gemma-4-31B-IT,directllm,MMMU-Pro vision,mmmu_pro_test_Basic_Medical_Science_181,0,0,0.05546884210215809,19192.0
Gemma-4-31B-IT,directllm,MMMU-Pro vision,mmmu_pro_test_Basic_Medical_Science_209,0,0,0.25112351947675404,1083.0
Gemma-4-31B-IT,directllm,MMMU-Pro vision,mmmu_pro_test_Basic_Medical_Science_216,0,1,0.1916415736921947,752.0
Gemma-4-31B-IT,directllm,MMMU-Pro vision,mmmu_pro_test_Basic_Medical_Science_218,0,1,0.24220463665117703,729.0
Gemma-4-31B-IT,directllm,MMMU-Pro vision,mmmu_pro_test_Basic_Medical_Science_219,0,1,0.24165262251899775,1008.0
Gemma-4-31B-IT,directllm,MMMU-Pro vision,mmmu_pro_test_Basic_Medical_Science_221,0,1,0.34168193632897714,1906.0
Gemma-4-31B-IT,directllm,MMMU-Pro vision,mmmu_pro_test_Basic_Medical_Science_222,0,0,0.2744320693183809,1282.0
Gemma-4-31B-IT,directllm,MMMU-Pro vision,mmmu_pro_test_Basic_Medical_Science_230,0,1,0.297472764113324,1762.0
Gemma-4-31B-IT,directllm,MMMU-Pro vision,mmmu_pro_test_Basic_Medical_Science_233,0,0,0.3111746379325551,1807.0
Gemma-4-31B-IT,directllm,MMMU-Pro vision,mmmu_pro_test_Basic_Medical_Science_24,0,0,0.284762999194791,1663.0
Gemma-4-31B-IT,directllm,MMMU-Pro vision,mmmu_pro_test_Basic_Medical_Science_240,0,1,0.21395063052798272,3764.0
Gemma-4-31B-IT,directllm,MMMU-Pro vision,mmmu_pro_test_Basic_Medical_Science_247,0,1,0.3893992769968622,2932.0
Gemma-4-31B-IT,directllm,MMMU-Pro vision,mmmu_pro_test_Basic_Medical_Science_253,0,1,0.24277452576289335,640.0
Gemma-4-31B-IT,directllm,MMMU-Pro vision,mmmu_pro_test_Basic_Medical_Science_261,0,1,0.2150755754261713,756.0
Gemma-4-31B-IT,directllm,MMMU-Pro vision,mmmu_pro_test_Basic_Medical_Science_262,0,1,0.12496612704539997,1290.0
Gemma-4-31B-IT,directllm,MMMU-Pro vision,mmmu_pro_test_Basic_Medical_Science_267,0,0,0.16179095212363992,892.0
Gemma-4-31B-IT,directllm,MMMU-Pro vision,mmmu_pro_test_Basic_Medical_Science_269,0,1,0.26156085743708457,823.0
Gemma-4-31B-IT,directllm,MMMU-Pro vision,mmmu_pro_test_Basic_Medical_Science_27,0,1,0.24194818725679737,1021.0
Gemma-4-31B-IT,directllm,MMMU-Pro vision,mmmu_pro_test_Basic_Medical_Science_270,0,1,0.23397022731009198,999.0
Gemma-4-31B-IT,directllm,MMMU-Pro vision,mmmu_pro_test_Basic_Medical_Science_283,0,0,0.2871804925427484,1062.0
Gemma-4-31B-IT,directllm,MMMU-Pro vision,mmmu_pro_test_Basic_Medical_Science_29,0,1,0.31526511728718487,7878.0
Gemma-4-31B-IT,directllm,MMMU-Pro vision,mmmu_pro_test_Basic_Medical_Science_291,0,1,0.20603516710585862,1172.0
Gemma-4-31B-IT,directllm,MMMU-Pro vision,mmmu_pro_test_Basic_Medical_Science_30,0,0,0.316197908593162,1082.0
Gemma-4-31B-IT,directllm,MMMU-Pro vision,mmmu_pro_test_Basic_Medical_Science_313,0,0,0.2512693333721835,1031.0
Gemma-4-31B-IT,directllm,MMMU-Pro vision,mmmu_pro_test_Basic_Medical_Science_35,0,1,0.279397649569691,1146.0
Gemma-4-31B-IT,directllm,MMMU-Pro vision,mmmu_pro_test_Basic_Medical_Science_41,0,1,0.2529345665705379,1079.0
Gemma-4-31B-IT,directllm,MMMU-Pro vision,mmmu_pro_test_Basic_Medical_Science_46,0,1,0.1909612885716647,1005.0
Gemma-4-31B-IT,directllm,MMMU-Pro vision,mmmu_pro_test_Basic_Medical_Science_72,0,0,0.13849934109168482,1252.0
Gemma-4-31B-IT,directllm,MMMU-Pro vision,mmmu_pro_test_Basic_Medical_Science_76,0,1,0.1320954898103055,1107.0
Gemma-4-31B-IT,directllm,MMMU-Pro vision,mmmu_pro_test_Basic_Medical_Science_95,0,1,0.2671990268977659,1255.0
Gemma-4-31B-IT,directllm,MMMU-Pro vision,mmmu_pro_test_Basic_Medical_Science_98,0,1,0.18337182147953918,733.0
Gemma-4-31B-IT,directllm,MMMU-Pro vision,mmmu_pro_test_Biology_12,0,1,0.21115931054928033,591.0
Gemma-4-31B-IT,directllm,MMMU-Pro vision,mmmu_pro_test_Biology_132,0,0,0.20382156074312147,1107.0
Gemma-4-31B-IT,directllm,MMMU-Pro vision,mmmu_pro_test_Biology_138,0,0,0.012566498244032139,19030.0
Gemma-4-31B-IT,directllm,MMMU-Pro vision,mmmu_pro_test_Biology_142,0,1,0.33428387498417345,2528.0
Gemma-4-31B-IT,directllm,MMMU-Pro vision,mmmu_pro_test_Biology_146,0,1,0.21462707732176106,643.0
Gemma-4-31B-IT,directllm,MMMU-Pro vision,mmmu_pro_test_Biology_153,0,0,0.2361867030118062,1439.0
Gemma-4-31B-IT,directllm,MMMU-Pro vision,mmmu_pro_test_Biology_156,0,1,0.4420017706093024,1933.0
Gemma-4-31B-IT,directllm,MMMU-Pro vision,mmmu_pro_test_Biology_157,0,0,0.30753220786118024,5342.0
Gemma-4-31B-IT,directllm,MMMU-Pro vision,mmmu_pro_test_Biology_160,0,1,0.37833924115224,1033.0
Gemma-4-31B-IT,directllm,MMMU-Pro vision,mmmu_pro_test_Biology_175,0,1,0.17299522805230003,2796.0
Gemma-4-31B-IT,directllm,MMMU-Pro vision,mmmu_pro_test_Biology_183,0,1,0.26969683812490164,1503.0
Gemma-4-31B-IT,directllm,MMMU-Pro vision,mmmu_pro_test_Biology_19,0,1,0.27412429616686673,770.0
Gemma-4-31B-IT,directllm,MMMU-Pro vision,mmmu_pro_test_Biology_195,0,0,0.27882802785515093,9063.0
Gemma-4-31B-IT,directllm,MMMU-Pro vision,mmmu_pro_test_Biology_196,0,0,0.1990081691165504,860.0
Gemma-4-31B-IT,directllm,MMMU-Pro vision,mmmu_pro_test_Biology_231,0,1,0.23674193535738616,1678.0
Gemma-4-31B-IT,directllm,MMMU-Pro vision,mmmu_pro_test_Biology_249,0,1,0.15619698136284416,841.0
Gemma-4-31B-IT,directllm,MMMU-Pro vision,mmmu_pro_test_Biology_259,0,0,0.028391163168135426,18962.0
Gemma-4-31B-IT,directllm,MMMU-Pro vision,mmmu_pro_test_Biology_267,0,0,0.05268812319566285,19403.0
Gemma-4-31B-IT,directllm,MMMU-Pro vision,mmmu_pro_test_Biology_285,0,0,0.31170629786462056,1261.0
Gemma-4-31B-IT,directllm,MMMU-Pro vision,mmmu_pro_test_Biology_295,0,1,0.19450882569443875,3020.0
Gemma-4-31B-IT,directllm,MMMU-Pro vision,mmmu_pro_test_Biology_302,0,1,0.21600829845565805,641.0
Gemma-4-31B-IT,directllm,MMMU-Pro vision,mmmu_pro_test_Biology_307,0,0,0.2119840367586288,8012.0
Gemma-4-31B-IT,directllm,MMMU-Pro vision,mmmu_pro_test_Biology_310,0,1,0.3301654142082902,757.0
Gemma-4-31B-IT,directllm,MMMU-Pro vision,mmmu_pro_test_Biology_316,0,1,0.2529298000543832,1039.0
Gemma-4-31B-IT,directllm,MMMU-Pro vision,mmmu_pro_test_Biology_318,0,0,0.2763814684584838,1925.0
Gemma-4-31B-IT,directllm,MMMU-Pro vision,mmmu_pro_test_Biology_321,0,0,0.1573608009095856,16144.0
Gemma-4-31B-IT,directllm,MMMU-Pro vision,mmmu_pro_test_Biology_328,0,1,0.2046448943804335,8688.0
Gemma-4-31B-IT,directllm,MMMU-Pro vision,mmmu_pro_test_Biology_33,0,1,0.2364571112562318,1104.0
Gemma-4-31B-IT,directllm,MMMU-Pro vision,mmmu_pro_test_Biology_334,0,0,0.24123870067030367,1529.0
Gemma-4-31B-IT,directllm,MMMU-Pro vision,mmmu_pro_test_Biology_341,0,1,0.28138984394850486,2547.0
Gemma-4-31B-IT,directllm,MMMU-Pro vision,mmmu_pro_test_Biology_40,0,1,0.31939999543480124,497.0
Gemma-4-31B-IT,directllm,MMMU-Pro vision,mmmu_pro_test_Biology_46,0,0,0.15771770463958748,18234.0
Gemma-4-31B-IT,directllm,MMMU-Pro vision,mmmu_pro_test_Biology_47,0,1,0.19476021978718816,838.0
Gemma-4-31B-IT,directllm,MMMU-Pro vision,mmmu_pro_test_Biology_59,0,1,0.2594471027897736,638.0
Gemma-4-31B-IT,directllm,MMMU-Pro vision,mmmu_pro_test_Biology_60,0,1,0.28472197189755927,2998.0
Gemma-4-31B-IT,directllm,MMMU-Pro vision,mmmu_pro_test_Biology_76,0,1,0.07469062369106078,1239.0
Gemma-4-31B-IT,directllm,MMMU-Pro vision,mmmu_pro_test_Biology_79,0,1,0.34211437562015135,626.0
Gemma-4-31B-IT,directllm,MMMU-Pro vision,mmmu_pro_test_Biology_8,0,1,0.18353402614474518,2111.0
Gemma-4-31B-IT,directllm,MMMU-Pro vision,mmmu_pro_test_Biology_88,0,1,0.2381842147913737,585.0
Gemma-4-31B-IT,directllm,MMMU-Pro vision,mmmu_pro_test_Chemistry_102,0,1,0.09683194207744833,2063.0
Gemma-4-31B-IT,directllm,MMMU-Pro vision,mmmu_pro_test_Chemistry_11,0,1,0.16960985461859485,3345.0
Gemma-4-31B-IT,directllm,MMMU-Pro vision,mmmu_pro_test_Chemistry_147,0,1,0.17944066081580215,5103.0
Gemma-4-31B-IT,directllm,MMMU-Pro vision,mmmu_pro_test_Chemistry_185,0,1,0.3572284066304078,4638.0
Gemma-4-31B-IT,directllm,MMMU-Pro vision,mmmu_pro_test_Chemistry_189,0,1,0.2360457040734628,637.0
Gemma-4-31B-IT,directllm,MMMU-Pro vision,mmmu_pro_test_Chemistry_193,0,1,0.16167815144401412,959.0
Gemma-4-31B-IT,directllm,MMMU-Pro vision,mmmu_pro_test_Chemistry_197,0,0,0.13744198704453867,948.0
Gemma-4-31B-IT,directllm,MMMU-Pro vision,mmmu_pro_test_Chemistry_21,0,1,0.1665447020390874,2004.0
Gemma-4-31B-IT,directllm,MMMU-Pro vision,mmmu_pro_test_Chemistry_216,0,0,0.3506570491789934,4889.0
Gemma-4-31B-IT,directllm,MMMU-Pro vision,mmmu_pro_test_Chemistry_233,0,1,0.15055595625367252,1553.0
Gemma-4-31B-IT,directllm,MMMU-Pro vision,mmmu_pro_test_Chemistry_240,0,0,0.0281477170161376,19553.0
Gemma-4-31B-IT,directllm,MMMU-Pro vision,mmmu_pro_test_Chemistry_287,0,1,0.09717399302230922,951.0
Gemma-4-31B-IT,directllm,MMMU-Pro vision,mmmu_pro_test_Chemistry_30,0,1,0.07050426894280105,1632.0
Gemma-4-31B-IT,directllm,MMMU-Pro vision,mmmu_pro_test_Chemistry_314,0,1,0.1943618190010526,1297.0
Gemma-4-31B-IT,directllm,MMMU-Pro vision,mmmu_pro_test_Chemistry_326,0,0,0.2578306549887426,9589.0
Gemma-4-31B-IT,directllm,MMMU-Pro vision,mmmu_pro_test_Chemistry_345,0,0,0.2594943007775494,2960.0
Gemma-4-31B-IT,directllm,MMMU-Pro vision,mmmu_pro_test_Chemistry_353,0,1,0.16367247973756044,1244.0
Gemma-4-31B-IT,directllm,MMMU-Pro vision,mmmu_pro_test_Chemistry_354,0,0,0.21655415857766824,3546.0
Gemma-4-31B-IT,directllm,MMMU-Pro vision,mmmu_pro_test_Chemistry_362,0,1,0.20115410716683665,1003.0
Gemma-4-31B-IT,directllm,MMMU-Pro vision,mmmu_pro_test_Chemistry_366,0,1,0.19591321505730339,1233.0
Gemma-4-31B-IT,directllm,MMMU-Pro vision,mmmu_pro_test_Chemistry_40,0,0,0.08963679058180117,19180.0
Gemma-4-31B-IT,directllm,MMMU-Pro vision,mmmu_pro_test_Chemistry_400,0,1,0.1760186183052529,920.0
Gemma-4-31B-IT,directllm,MMMU-Pro vision,mmmu_pro_test_Chemistry_417,0,1,0.17970737168023151,3175.0
Gemma-4-31B-IT,directllm,MMMU-Pro vision,mmmu_pro_test_Chemistry_43,0,0,0.051852850278098335,18973.0
Gemma-4-31B-IT,directllm,MMMU-Pro vision,mmmu_pro_test_Chemistry_447,0,0,0.26030339307823513,1381.0
Gemma-4-31B-IT,directllm,MMMU-Pro vision,mmmu_pro_test_Chemistry_451,0,1,0.3903337573216434,4108.0
Gemma-4-31B-IT,directllm,MMMU-Pro vision,mmmu_pro_test_Chemistry_461,0,0,0.04447727100270108,18904.0
Gemma-4-31B-IT,directllm,MMMU-Pro vision,mmmu_pro_test_Chemistry_471,0,1,0.20694170222997843,1955.0
Gemma-4-31B-IT,directllm,MMMU-Pro vision,mmmu_pro_test_Chemistry_481,0,1,0.19995394560019727,1577.0
Gemma-4-31B-IT,directllm,MMMU-Pro vision,mmmu_pro_test_Chemistry_5,0,1,0.29266208916799885,756.0
Gemma-4-31B-IT,directllm,MMMU-Pro vision,mmmu_pro_test_Chemistry_524,0,1,0.21124004671995583,12412.0
Gemma-4-31B-IT,directllm,MMMU-Pro vision,mmmu_pro_test_Chemistry_526,0,1,0.15673211301783205,9193.0
Gemma-4-31B-IT,directllm,MMMU-Pro vision,mmmu_pro_test_Chemistry_537,0,1,0.1489404470321867,2106.0
Gemma-4-31B-IT,directllm,MMMU-Pro vision,mmmu_pro_test_Chemistry_541,0,1,0.26193230192654265,1198.0
Gemma-4-31B-IT,directllm,MMMU-Pro vision,mmmu_pro_test_Chemistry_546,0,0,0.029959997303770688,18872.0
Gemma-4-31B-IT,directllm,MMMU-Pro vision,mmmu_pro_test_Chemistry_555,0,1,0.13439306709839086,835.0
Gemma-4-31B-IT,directllm,MMMU-Pro vision,mmmu_pro_test_Chemistry_560,0,0,0.030504605697346258,19223.0
Gemma-4-31B-IT,directllm,MMMU-Pro vision,mmmu_pro_test_Chemistry_570,0,1,0.17393895326945888,889.0
Gemma-4-31B-IT,directllm,MMMU-Pro vision,mmmu_pro_test_Chemistry_582,0,1,0.2176918984232893,1386.0
Gemma-4-31B-IT,directllm,MMMU-Pro vision,mmmu_pro_test_Chemistry_61,0,0,0.14325482982283297,1036.0
Gemma-4-31B-IT,directllm,MMMU-Pro vision,mmmu_pro_test_Chemistry_94,0,0,0.1403568084383952,1254.0
Gemma-4-31B-IT,directllm,MMMU-Pro vision,mmmu_pro_test_Chemistry_96,0,0,0.019168173811215272,19643.0
Gemma-4-31B-IT,directllm,MMMU-Pro vision,mmmu_pro_test_Clinical_Medicine_1,0,1,0.26641028334777733,1224.0
Gemma-4-31B-IT,directllm,MMMU-Pro vision,mmmu_pro_test_Clinical_Medicine_100,0,0,0.327301973130944,955.0
Gemma-4-31B-IT,directllm,MMMU-Pro vision,mmmu_pro_test_Clinical_Medicine_108,0,0,0.08596137401640194,19156.0
Gemma-4-31B-IT,directllm,MMMU-Pro vision,mmmu_pro_test_Clinical_Medicine_114,0,1,0.3570905536764787,1466.0
Gemma-4-31B-IT,directllm,MMMU-Pro vision,mmmu_pro_test_Clinical_Medicine_115,0,0,0.27553100317378365,1539.0
Gemma-4-31B-IT,directllm,MMMU-Pro vision,mmmu_pro_test_Clinical_Medicine_118,0,1,0.307368801786484,1113.0
Gemma-4-31B-IT,directllm,MMMU-Pro vision,mmmu_pro_test_Clinical_Medicine_126,0,1,0.34384724721052573,923.0
Gemma-4-31B-IT,directllm,MMMU-Pro vision,mmmu_pro_test_Clinical_Medicine_127,0,0,0.38811430564937277,5683.0
Gemma-4-31B-IT,directllm,MMMU-Pro vision,mmmu_pro_test_Clinical_Medicine_128,0,1,0.2986851314829181,1412.0
Gemma-4-31B-IT,directllm,MMMU-Pro vision,mmmu_pro_test_Clinical_Medicine_131,0,1,0.3714698840516509,1352.0
Gemma-4-31B-IT,directllm,MMMU-Pro vision,mmmu_pro_test_Clinical_Medicine_133,0,1,0.28398579373662103,864.0
Gemma-4-31B-IT,directllm,MMMU-Pro vision,mmmu_pro_test_Clinical_Medicine_147,0,0,0.341121681525495,836.0
Gemma-4-31B-IT,directllm,MMMU-Pro vision,mmmu_pro_test_Clinical_Medicine_148,0,1,0.2573008557709528,1026.0
Gemma-4-31B-IT,directllm,MMMU-Pro vision,mmmu_pro_test_Clinical_Medicine_153,0,1,0.3607779178395125,1308.0
Gemma-4-31B-IT,directllm,MMMU-Pro vision,mmmu_pro_test_Clinical_Medicine_164,0,1,0.2514311701692386,1027.0
Gemma-4-31B-IT,directllm,MMMU-Pro vision,mmmu_pro_test_Clinical_Medicine_165,0,1,0.3774399647891187,811.0
Gemma-4-31B-IT,directllm,MMMU-Pro vision,mmmu_pro_test_Clinical_Medicine_172,0,1,0.3555600464540104,1234.0
Gemma-4-31B-IT,directllm,MMMU-Pro vision,mmmu_pro_test_Clinical_Medicine_173,0,1,0.32471228379390493,952.0
Gemma-4-31B-IT,directllm,MMMU-Pro vision,mmmu_pro_test_Clinical_Medicine_189,0,0,0.27127419143964,1216.0
Gemma-4-31B-IT,directllm,MMMU-Pro vision,mmmu_pro_test_Clinical_Medicine_206,0,1,0.34622339159137144,827.0
Gemma-4-31B-IT,directllm,MMMU-Pro vision,mmmu_pro_test_Clinical_Medicine_214,0,1,0.30573073146216334,873.0
Gemma-4-31B-IT,directllm,MMMU-Pro vision,mmmu_pro_test_Clinical_Medicine_232,0,0,0.37395017299274996,5835.0
Gemma-4-31B-IT,directllm,MMMU-Pro vision,mmmu_pro_test_Clinical_Medicine_235,0,1,0.21772960389258117,2648.0
Gemma-4-31B-IT,directllm,MMMU-Pro vision,mmmu_pro_test_Clinical_Medicine_247,0,1,0.34584909063147556,1523.0
Gemma-4-31B-IT,directllm,MMMU-Pro vision,mmmu_pro_test_Clinical_Medicine_260,0,1,0.3240950385444603,1042.0
Gemma-4-31B-IT,directllm,MMMU-Pro vision,mmmu_pro_test_Clinical_Medicine_278,0,0,0.2926516786451598,1128.0
Gemma-4-31B-IT,directllm,MMMU-Pro vision,mmmu_pro_test_Clinical_Medicine_283,0,0,0.3372291635033127,1488.0
Gemma-4-31B-IT,directllm,MMMU-Pro vision,mmmu_pro_test_Clinical_Medicine_298,0,0,0.3444420202992192,1847.0
Gemma-4-31B-IT,directllm,MMMU-Pro vision,mmmu_pro_test_Clinical_Medicine_302,0,0,0.17286976996933587,746.0
Gemma-4-31B-IT,directllm,MMMU-Pro vision,mmmu_pro_test_Clinical_Medicine_312,0,1,0.22071138984275934,847.0
Gemma-4-31B-IT,directllm,MMMU-Pro vision,mmmu_pro_test_Clinical_Medicine_314,0,1,0.36680333848902114,1132.0
Gemma-4-31B-IT,directllm,MMMU-Pro vision,mmmu_pro_test_Clinical_Medicine_316,0,1,0.4446942684527766,2848.0
Gemma-4-31B-IT,directllm,MMMU-Pro vision,mmmu_pro_test_Clinical_Medicine_33,0,0,0.03806119370520039,18884.0
Gemma-4-31B-IT,directllm,MMMU-Pro vision,mmmu_pro_test_Clinical_Medicine_45,0,0,0.33826015241175333,843.0
Gemma-4-31B-IT,directllm,MMMU-Pro vision,mmmu_pro_test_Clinical_Medicine_55,0,1,0.29442998873667275,764.0
Gemma-4-31B-IT,directllm,MMMU-Pro vision,mmmu_pro_test_Clinical_Medicine_68,0,1,0.37662337502558874,2314.0
Gemma-4-31B-IT,directllm,MMMU-Pro vision,mmmu_pro_test_Clinical_Medicine_69,0,1,0.3149058857647504,1067.0
Gemma-4-31B-IT,directllm,MMMU-Pro vision,mmmu_pro_test_Clinical_Medicine_73,0,1,0.3022161279700348,767.0
Gemma-4-31B-IT,directllm,MMMU-Pro vision,mmmu_pro_test_Clinical_Medicine_91,0,1,0.31997341162083703,882.0
Gemma-4-31B-IT,directllm,MMMU-Pro vision,mmmu_pro_test_Clinical_Medicine_92,0,0,0.3333446913378093,1366.0
Gemma-4-31B-IT,directllm,MMMU-Pro vision,mmmu_pro_test_Clinical_Medicine_95,0,1,0.3224490317064254,2009.0
Gemma-4-31B-IT,directllm,MMMU-Pro vision,mmmu_pro_test_Computer_Science_12,0,1,0.07354247081045982,9179.0
Gemma-4-31B-IT,directllm,MMMU-Pro vision,mmmu_pro_test_Computer_Science_120,0,1,0.15086047656859156,990.0
Gemma-4-31B-IT,directllm,MMMU-Pro vision,mmmu_pro_test_Computer_Science_123,0,1,0.08046003941663332,4239.0
Gemma-4-31B-IT,directllm,MMMU-Pro vision,mmmu_pro_test_Computer_Science_124,0,1,0.09869219638138084,982.0
Gemma-4-31B-IT,directllm,MMMU-Pro vision,mmmu_pro_test_Computer_Science_14,0,0,0.22997081685819362,1001.0
Gemma-4-31B-IT,directllm,MMMU-Pro vision,mmmu_pro_test_Computer_Science_140,0,1,0.21532947477070932,3221.0
Gemma-4-31B-IT,directllm,MMMU-Pro vision,mmmu_pro_test_Computer_Science_141,0,0,0.13003994563503393,16649.0
Gemma-4-31B-IT,directllm,MMMU-Pro vision,mmmu_pro_test_Computer_Science_151,0,1,0.25136865085314347,1890.0
Gemma-4-31B-IT,directllm,MMMU-Pro vision,mmmu_pro_test_Computer_Science_156,0,1,0.15108333310398936,840.0
Gemma-4-31B-IT,directllm,MMMU-Pro vision,mmmu_pro_test_Computer_Science_158,0,0,0.14102931219116616,9607.0
Gemma-4-31B-IT,directllm,MMMU-Pro vision,mmmu_pro_test_Computer_Science_164,0,0,0.256266828122431,3679.0
Gemma-4-31B-IT,directllm,MMMU-Pro vision,mmmu_pro_test_Computer_Science_184,0,1,0.1742888916247195,1115.0
Gemma-4-31B-IT,directllm,MMMU-Pro vision,mmmu_pro_test_Computer_Science_198,0,0,0.27582334238438727,2106.0
Gemma-4-31B-IT,directllm,MMMU-Pro vision,mmmu_pro_test_Computer_Science_203,0,1,0.30662811635795867,819.0
Gemma-4-31B-IT,directllm,MMMU-Pro vision,mmmu_pro_test_Computer_Science_226,0,0,0.16893533953259957,857.0
Gemma-4-31B-IT,directllm,MMMU-Pro vision,mmmu_pro_test_Computer_Science_227,0,1,0.1703040073694697,5733.0
Gemma-4-31B-IT,directllm,MMMU-Pro vision,mmmu_pro_test_Computer_Science_228,0,0,0.3468283929783146,2370.0
Gemma-4-31B-IT,directllm,MMMU-Pro vision,mmmu_pro_test_Computer_Science_249,0,1,0.24798405237412316,3335.0
Gemma-4-31B-IT,directllm,MMMU-Pro vision,mmmu_pro_test_Computer_Science_250,0,1,0.17933076711671556,640.0
Gemma-4-31B-IT,directllm,MMMU-Pro vision,mmmu_pro_test_Computer_Science_266,0,1,0.30406309516322033,3837.0
Gemma-4-31B-IT,directllm,MMMU-Pro vision,mmmu_pro_test_Computer_Science_273,0,1,0.2319173320128859,4368.0
Gemma-4-31B-IT,directllm,MMMU-Pro vision,mmmu_pro_test_Computer_Science_276,0,1,0.3365273059758629,4078.0
Gemma-4-31B-IT,directllm,MMMU-Pro vision,mmmu_pro_test_Computer_Science_307,0,0,0.026300662406949754,18802.0
Gemma-4-31B-IT,directllm,MMMU-Pro vision,mmmu_pro_test_Computer_Science_309,0,1,0.1100654383935296,1206.0
Gemma-4-31B-IT,directllm,MMMU-Pro vision,mmmu_pro_test_Computer_Science_313,0,1,0.23398841625320896,4665.0
Gemma-4-31B-IT,directllm,MMMU-Pro vision,mmmu_pro_test_Computer_Science_317,0,1,0.18224719042161938,4583.0
Gemma-4-31B-IT,directllm,MMMU-Pro vision,mmmu_pro_test_Computer_Science_334,0,1,0.14397494415960013,2674.0
Gemma-4-31B-IT,directllm,MMMU-Pro vision,mmmu_pro_test_Computer_Science_351,0,1,0.22433735738925797,10788.0
Gemma-4-31B-IT,directllm,MMMU-Pro vision,mmmu_pro_test_Computer_Science_353,0,1,0.21736949668428543,797.0
Gemma-4-31B-IT,directllm,MMMU-Pro vision,mmmu_pro_test_Computer_Science_363,0,1,0.10509744066551986,2059.0
Gemma-4-31B-IT,directllm,MMMU-Pro vision,mmmu_pro_test_Computer_Science_367,0,1,0.17014532188739195,825.0
Gemma-4-31B-IT,directllm,MMMU-Pro vision,mmmu_pro_test_Computer_Science_369,0,1,0.15721965400567348,1298.0
Gemma-4-31B-IT,directllm,MMMU-Pro vision,mmmu_pro_test_Computer_Science_39,0,1,0.11717214703407312,16479.0
Gemma-4-31B-IT,directllm,MMMU-Pro vision,mmmu_pro_test_Computer_Science_50,0,1,0.21246797106268836,3504.0
Gemma-4-31B-IT,directllm,MMMU-Pro vision,mmmu_pro_test_Computer_Science_51,0,1,0.19483748969697173,8940.0
Gemma-4-31B-IT,directllm,MMMU-Pro vision,mmmu_pro_test_Computer_Science_61,0,0,0.14594482848417456,17555.0
Gemma-4-31B-IT,directllm,MMMU-Pro vision,mmmu_pro_test_Computer_Science_68,0,0,0.2329447184684757,1715.0
Gemma-4-31B-IT,directllm,MMMU-Pro vision,mmmu_pro_test_Computer_Science_69,0,1,0.07422113149874054,1382.0
Gemma-4-31B-IT,directllm,MMMU-Pro vision,mmmu_pro_test_Computer_Science_70,0,1,0.28211942188654676,1398.0
Gemma-4-31B-IT,directllm,MMMU-Pro vision,mmmu_pro_test_Computer_Science_77,0,1,0.23838307295698932,4394.0
Gemma-4-31B-IT,directllm,MMMU-Pro vision,mmmu_pro_test_Computer_Science_89,0,0,0.18375128409626645,12323.0
Gemma-4-31B-IT,directllm,MMMU-Pro vision,mmmu_pro_test_Design_100,0,1,0.31641599870942955,923.0
Gemma-4-31B-IT,directllm,MMMU-Pro vision,mmmu_pro_test_Design_110,0,1,0.4712069403672385,3250.0
Gemma-4-31B-IT,directllm,MMMU-Pro vision,mmmu_pro_test_Design_112,0,1,0.1465735766300834,555.0
Gemma-4-31B-IT,directllm,MMMU-Pro vision,mmmu_pro_test_Design_119,0,1,0.28793630590715674,839.0
Gemma-4-31B-IT,directllm,MMMU-Pro vision,mmmu_pro_test_Design_125,0,1,0.5194960405820636,2712.0
Gemma-4-31B-IT,directllm,MMMU-Pro vision,mmmu_pro_test_Design_126,0,1,0.2706744794524324,739.0
Gemma-4-31B-IT,directllm,MMMU-Pro vision,mmmu_pro_test_Design_130,0,1,0.25675708297918837,767.0
Gemma-4-31B-IT,directllm,MMMU-Pro vision,mmmu_pro_test_Design_135,0,0,0.41581406190301473,5576.0
Gemma-4-31B-IT,directllm,MMMU-Pro vision,mmmu_pro_test_Design_139,0,0,0.38850694084502957,3701.0
Gemma-4-31B-IT,directllm,MMMU-Pro vision,mmmu_pro_test_Design_143,0,1,0.24752915569754946,593.0
Gemma-4-31B-IT,directllm,MMMU-Pro vision,mmmu_pro_test_Design_144,0,0,0.3906008113678679,4411.0
Gemma-4-31B-IT,directllm,MMMU-Pro vision,mmmu_pro_test_Design_146,0,1,0.34767275694617167,895.0
Gemma-4-31B-IT,directllm,MMMU-Pro vision,mmmu_pro_test_Design_148,0,0,0.35660303854465253,7470.0
Gemma-4-31B-IT,directllm,MMMU-Pro vision,mmmu_pro_test_Design_154,0,0,0.22645018520186794,853.0
Gemma-4-31B-IT,directllm,MMMU-Pro vision,mmmu_pro_test_Design_159,0,0,0.20207480544797563,517.0
Gemma-4-31B-IT,directllm,MMMU-Pro vision,mmmu_pro_test_Design_162,0,1,0.16710614099794993,457.0
Gemma-4-31B-IT,directllm,MMMU-Pro vision,mmmu_pro_test_Design_168,0,1,0.29843536824990446,703.0
Gemma-4-31B-IT,directllm,MMMU-Pro vision,mmmu_pro_test_Design_18,0,0,0.16661783411075987,18924.0
Gemma-4-31B-IT,directllm,MMMU-Pro vision,mmmu_pro_test_Design_2,0,1,0.40488986087898,1449.0
Gemma-4-31B-IT,directllm,MMMU-Pro vision,mmmu_pro_test_Design_20,0,0,0.3562398884198104,723.0
Gemma-4-31B-IT,directllm,MMMU-Pro vision,mmmu_pro_test_Design_25,0,1,0.29356101277811464,1107.0
Gemma-4-31B-IT,directllm,MMMU-Pro vision,mmmu_pro_test_Design_27,0,1,0.4313632860874369,2912.0
Gemma-4-31B-IT,directllm,MMMU-Pro vision,mmmu_pro_test_Design_33,0,1,0.2517235669952463,591.0
Gemma-4-31B-IT,directllm,MMMU-Pro vision,mmmu_pro_test_Design_39,0,1,0.14481477596279146,380.0
Gemma-4-31B-IT,directllm,MMMU-Pro vision,mmmu_pro_test_Design_4,0,1,0.26980211116102126,799.0
Gemma-4-31B-IT,directllm,MMMU-Pro vision,mmmu_pro_test_Design_45,0,1,0.41152624081051653,681.0
Gemma-4-31B-IT,directllm,MMMU-Pro vision,mmmu_pro_test_Design_48,0,1,0.26789416549248324,538.0
Gemma-4-31B-IT,directllm,MMMU-Pro vision,mmmu_pro_test_Design_5,0,1,0.24818231095804663,769.0
Gemma-4-31B-IT,directllm,MMMU-Pro vision,mmmu_pro_test_Design_53,0,1,0.35032586422352874,920.0
Gemma-4-31B-IT,directllm,MMMU-Pro vision,mmmu_pro_test_Design_56,0,0,0.26420770473375343,8466.0
Gemma-4-31B-IT,directllm,MMMU-Pro vision,mmmu_pro_test_Design_60,0,1,0.3396137961112001,999.0
Gemma-4-31B-IT,directllm,MMMU-Pro vision,mmmu_pro_test_Design_62,0,1,0.19973720544189374,562.0
Gemma-4-31B-IT,directllm,MMMU-Pro vision,mmmu_pro_test_Design_66,0,0,0.36899914745726886,5231.0
Gemma-4-31B-IT,directllm,MMMU-Pro vision,mmmu_pro_test_Design_69,0,1,0.2599636064017371,818.0
Gemma-4-31B-IT,directllm,MMMU-Pro vision,mmmu_pro_test_Design_7,0,0,0.2957172565703918,1215.0
Gemma-4-31B-IT,directllm,MMMU-Pro vision,mmmu_pro_test_Design_72,0,1,0.17524983985932613,741.0
Gemma-4-31B-IT,directllm,MMMU-Pro vision,mmmu_pro_test_Design_79,0,0,0.48664784518189635,1952.0
Gemma-4-31B-IT,directllm,MMMU-Pro vision,mmmu_pro_test_Design_8,0,1,0.3355078767966856,748.0
Gemma-4-31B-IT,directllm,MMMU-Pro vision,mmmu_pro_test_Design_80,0,1,0.28048007290889143,11363.0
Gemma-4-31B-IT,directllm,MMMU-Pro vision,mmmu_pro_test_Design_82,0,0,0.3589680316671873,2074.0
Gemma-4-31B-IT,directllm,MMMU-Pro vision,mmmu_pro_test_Design_84,0,1,0.4037130345737114,1139.0
Gemma-4-31B-IT,directllm,MMMU-Pro vision,mmmu_pro_test_Design_87,0,1,0.3877836266657746,1460.0
Gemma-4-31B-IT,directllm,MMMU-Pro vision,mmmu_pro_test_Design_91,0,1,0.40404617344128496,1275.0
Gemma-4-31B-IT,directllm,MMMU-Pro vision,mmmu_pro_test_Design_95,0,0,0.31398977282741913,1324.0
Gemma-4-31B-IT,directllm,MMMU-Pro vision,mmmu_pro_test_Design_96,0,1,0.17333413696710565,554.0
Gemma-4-31B-IT,directllm,MMMU-Pro vision,mmmu_pro_test_Diagnostics_and_Laboratory_Medicine_101,0,1,0.3362113921492068,1227.0
Gemma-4-31B-IT,directllm,MMMU-Pro vision,mmmu_pro_test_Diagnostics_and_Laboratory_Medicine_104,0,0,0.3127116168853901,9009.0
Gemma-4-31B-IT,directllm,MMMU-Pro vision,mmmu_pro_test_Diagnostics_and_Laboratory_Medicine_109,0,1,0.32002438317287496,783.0
Gemma-4-31B-IT,directllm,MMMU-Pro vision,mmmu_pro_test_Diagnostics_and_Laboratory_Medicine_116,0,1,0.5067614736909511,1710.0
Gemma-4-31B-IT,directllm,MMMU-Pro vision,mmmu_pro_test_Diagnostics_and_Laboratory_Medicine_126,0,1,0.39689883444370766,4404.0
Gemma-4-31B-IT,directllm,MMMU-Pro vision,mmmu_pro_test_Diagnostics_and_Laboratory_Medicine_131,0,1,0.356414465551847,1084.0
Gemma-4-31B-IT,directllm,MMMU-Pro vision,mmmu_pro_test_Diagnostics_and_Laboratory_Medicine_133,0,1,0.4202850849607693,2229.0
Gemma-4-31B-IT,directllm,MMMU-Pro vision,mmmu_pro_test_Diagnostics_and_Laboratory_Medicine_135,0,0,0.40532564718099384,1854.0
Gemma-4-31B-IT,directllm,MMMU-Pro vision,mmmu_pro_test_Diagnostics_and_Laboratory_Medicine_14,0,0,0.3605297850278267,2481.0
Gemma-4-31B-IT,directllm,MMMU-Pro vision,mmmu_pro_test_Diagnostics_and_Laboratory_Medicine_140,0,1,0.4108083701885296,4010.0
Gemma-4-31B-IT,directllm,MMMU-Pro vision,mmmu_pro_test_Diagnostics_and_Laboratory_Medicine_143,0,0,0.29793742856984246,1305.0
Gemma-4-31B-IT,directllm,MMMU-Pro vision,mmmu_pro_test_Diagnostics_and_Laboratory_Medicine_144,0,1,0.3672626688978715,1015.0
Gemma-4-31B-IT,directllm,MMMU-Pro vision,mmmu_pro_test_Diagnostics_and_Laboratory_Medicine_147,0,0,0.0429693022885267,19243.0
Gemma-4-31B-IT,directllm,MMMU-Pro vision,mmmu_pro_test_Diagnostics_and_Laboratory_Medicine_154,0,0,0.37452898823060304,4562.0
Gemma-4-31B-IT,directllm,MMMU-Pro vision,mmmu_pro_test_Diagnostics_and_Laboratory_Medicine_159,0,1,0.44758423107449885,2184.0
Gemma-4-31B-IT,directllm,MMMU-Pro vision,mmmu_pro_test_Diagnostics_and_Laboratory_Medicine_16,0,1,0.3473248474226675,942.0
Gemma-4-31B-IT,directllm,MMMU-Pro vision,mmmu_pro_test_Diagnostics_and_Laboratory_Medicine_161,0,1,0.3813884197444843,2067.0
Gemma-4-31B-IT,directllm,MMMU-Pro vision,mmmu_pro_test_Diagnostics_and_Laboratory_Medicine_18,0,0,0.3655224671225261,1121.0
Gemma-4-31B-IT,directllm,MMMU-Pro vision,mmmu_pro_test_Diagnostics_and_Laboratory_Medicine_2,0,0,0.3816516580763835,969.0
Gemma-4-31B-IT,directllm,MMMU-Pro vision,mmmu_pro_test_Diagnostics_and_Laboratory_Medicine_24,0,1,0.32617598003362125,993.0
Gemma-4-31B-IT,directllm,MMMU-Pro vision,mmmu_pro_test_Diagnostics_and_Laboratory_Medicine_28,0,1,0.244468728345832,856.0
Gemma-4-31B-IT,directllm,MMMU-Pro vision,mmmu_pro_test_Diagnostics_and_Laboratory_Medicine_3,0,1,0.23276317441154648,805.0
Gemma-4-31B-IT,directllm,MMMU-Pro vision,mmmu_pro_test_Diagnostics_and_Laboratory_Medicine_32,0,0,0.2770301615197816,1022.0
Gemma-4-31B-IT,directllm,MMMU-Pro vision,mmmu_pro_test_Diagnostics_and_Laboratory_Medicine_36,0,1,0.20578144125390346,838.0
Gemma-4-31B-IT,directllm,MMMU-Pro vision,mmmu_pro_test_Diagnostics_and_Laboratory_Medicine_5,0,1,0.38935376192497023,1029.0
Gemma-4-31B-IT,directllm,MMMU-Pro vision,mmmu_pro_test_Diagnostics_and_Laboratory_Medicine_50,0,0,0.25291198342264265,644.0
Gemma-4-31B-IT,directllm,MMMU-Pro vision,mmmu_pro_test_Diagnostics_and_Laboratory_Medicine_52,0,1,0.27863683590074756,1022.0
Gemma-4-31B-IT,directllm,MMMU-Pro vision,mmmu_pro_test_Diagnostics_and_Laboratory_Medicine_58,0,1,0.3950299975270007,1510.0
Gemma-4-31B-IT,directllm,MMMU-Pro vision,mmmu_pro_test_Diagnostics_and_Laboratory_Medicine_62,0,1,0.36699459025163805,1264.0
Gemma-4-31B-IT,directllm,MMMU-Pro vision,mmmu_pro_test_Diagnostics_and_Laboratory_Medicine_64,0,0,0.37144074438187735,1303.0
Gemma-4-31B-IT,directllm,MMMU-Pro vision,mmmu_pro_test_Diagnostics_and_Laboratory_Medicine_68,0,1,0.18016573485644405,757.0
Gemma-4-31B-IT,directllm,MMMU-Pro vision,mmmu_pro_test_Diagnostics_and_Laboratory_Medicine_72,0,1,0.317686785411059,1628.0
Gemma-4-31B-IT,directllm,MMMU-Pro vision,mmmu_pro_test_Diagnostics_and_Laboratory_Medicine_76,0,0,0.36185752242394864,1172.0
Gemma-4-31B-IT,directllm,MMMU-Pro vision,mmmu_pro_test_Diagnostics_and_Laboratory_Medicine_78,0,0,0.4357883451526453,2178.0
Gemma-4-31B-IT,directllm,MMMU-Pro vision,mmmu_pro_test_Diagnostics_and_Laboratory_Medicine_9,0,1,0.47027170317844674,1972.0
Gemma-4-31B-IT,directllm,MMMU-Pro vision,mmmu_pro_test_Diagnostics_and_Laboratory_Medicine_92,0,0,0.3321466391781305,959.0
Gemma-4-31B-IT,directllm,MMMU-Pro vision,mmmu_pro_test_Diagnostics_and_Laboratory_Medicine_93,0,1,0.36088706012011235,1447.0
Gemma-4-31B-IT,directllm,MMMU-Pro vision,mmmu_pro_test_Economics_102,0,1,0.12755632743352244,880.0
Gemma-4-31B-IT,directllm,MMMU-Pro vision,mmmu_pro_test_Economics_105,0,1,0.12857630349944005,625.0
Gemma-4-31B-IT,directllm,MMMU-Pro vision,mmmu_pro_test_Economics_108,0,1,0.14337191829586665,1021.0
Gemma-4-31B-IT,directllm,MMMU-Pro vision,mmmu_pro_test_Economics_112,0,1,0.20307566402451074,1148.0
Gemma-4-31B-IT,directllm,MMMU-Pro vision,mmmu_pro_test_Economics_137,0,1,0.22634799308731465,1358.0
Gemma-4-31B-IT,directllm,MMMU-Pro vision,mmmu_pro_test_Economics_142,0,1,0.06595972838332427,685.0
Gemma-4-31B-IT,directllm,MMMU-Pro vision,mmmu_pro_test_Economics_149,0,1,0.1364110416694411,482.0
Gemma-4-31B-IT,directllm,MMMU-Pro vision,mmmu_pro_test_Economics_155,0,1,0.18227885535883,907.0
Gemma-4-31B-IT,directllm,MMMU-Pro vision,mmmu_pro_test_Economics_157,0,1,0.26191025760923403,2906.0
Gemma-4-31B-IT,directllm,MMMU-Pro vision,mmmu_pro_test_Economics_16,0,1,0.09587451941231588,1232.0
Gemma-4-31B-IT,directllm,MMMU-Pro vision,mmmu_pro_test_Economics_162,0,1,0.15203042502341851,808.0
Gemma-4-31B-IT,directllm,MMMU-Pro vision,mmmu_pro_test_Economics_169,0,1,0.2870375022361466,949.0
Gemma-4-31B-IT,directllm,MMMU-Pro vision,mmmu_pro_test_Economics_17,0,1,0.12615533293218598,1090.0
Gemma-4-31B-IT,directllm,MMMU-Pro vision,mmmu_pro_test_Economics_182,0,1,0.13727594057859036,1198.0
Gemma-4-31B-IT,directllm,MMMU-Pro vision,mmmu_pro_test_Economics_188,0,1,0.13365966078904476,722.0
Gemma-4-31B-IT,directllm,MMMU-Pro vision,mmmu_pro_test_Economics_190,0,1,0.15257994984431467,1379.0
Gemma-4-31B-IT,directllm,MMMU-Pro vision,mmmu_pro_test_Economics_195,0,1,0.24747727472464914,2115.0
Gemma-4-31B-IT,directllm,MMMU-Pro vision,mmmu_pro_test_Economics_210,0,1,0.27456043967370836,6627.0
Gemma-4-31B-IT,directllm,MMMU-Pro vision,mmmu_pro_test_Economics_214,0,1,0.08072604789986064,948.0
Gemma-4-31B-IT,directllm,MMMU-Pro vision,mmmu_pro_test_Economics_215,0,1,0.23353359985131164,3279.0
Gemma-4-31B-IT,directllm,MMMU-Pro vision,mmmu_pro_test_Economics_216,0,1,0.08697262087994664,835.0
Gemma-4-31B-IT,directllm,MMMU-Pro vision,mmmu_pro_test_Economics_22,0,1,0.261855802499585,1219.0
Gemma-4-31B-IT,directllm,MMMU-Pro vision,mmmu_pro_test_Economics_225,0,1,0.048917737629138064,2314.0
Gemma-4-31B-IT,directllm,MMMU-Pro vision,mmmu_pro_test_Economics_240,0,0,0.179643764175634,1245.0
Gemma-4-31B-IT,directllm,MMMU-Pro vision,mmmu_pro_test_Economics_243,0,1,0.12858502451661818,1333.0
Gemma-4-31B-IT,directllm,MMMU-Pro vision,mmmu_pro_test_Economics_26,0,1,0.1620838163870399,7726.0
Gemma-4-31B-IT,directllm,MMMU-Pro vision,mmmu_pro_test_Economics_260,0,1,0.1343939275671709,1364.0
Gemma-4-31B-IT,directllm,MMMU-Pro vision,mmmu_pro_test_Economics_262,0,1,0.13634996263819366,931.0
Gemma-4-31B-IT,directllm,MMMU-Pro vision,mmmu_pro_test_Economics_263,0,1,0.07820195777300426,1392.0
Gemma-4-31B-IT,directllm,MMMU-Pro vision,mmmu_pro_test_Economics_39,0,1,0.10403847186068034,1039.0
Gemma-4-31B-IT,directllm,MMMU-Pro vision,mmmu_pro_test_Economics_47,0,1,0.06601822396686163,1570.0
Gemma-4-31B-IT,directllm,MMMU-Pro vision,mmmu_pro_test_Economics_56,0,1,0.19476543187249082,1032.0
Gemma-4-31B-IT,directllm,MMMU-Pro vision,mmmu_pro_test_Economics_66,0,1,0.12067334863448248,906.0
Gemma-4-31B-IT,directllm,MMMU-Pro vision,mmmu_pro_test_Economics_7,0,1,0.27689596857766885,1734.0
Gemma-4-31B-IT,directllm,MMMU-Pro vision,mmmu_pro_test_Economics_74,0,0,0.20865531688309524,1638.0
Gemma-4-31B-IT,directllm,MMMU-Pro vision,mmmu_pro_test_Economics_83,0,1,0.04937313857402561,3089.0
Gemma-4-31B-IT,directllm,MMMU-Pro vision,mmmu_pro_test_Economics_85,0,0,0.05864324170592427,18846.0
Gemma-4-31B-IT,directllm,MMMU-Pro vision,mmmu_pro_test_Economics_90,0,1,0.06696204906442922,930.0
Gemma-4-31B-IT,directllm,MMMU-Pro vision,mmmu_pro_test_Economics_93,0,0,0.30001388263971657,6490.0
Gemma-4-31B-IT,directllm,MMMU-Pro vision,mmmu_pro_test_Economics_94,0,1,0.09534135400169091,875.0
Gemma-4-31B-IT,directllm,MMMU-Pro vision,mmmu_pro_test_Economics_97,0,1,0.16483094504974594,1396.0
Gemma-4-31B-IT,directllm,MMMU-Pro vision,mmmu_pro_test_Electronics_101,0,1,0.153738186861635,8053.0
Gemma-4-31B-IT,directllm,MMMU-Pro vision,mmmu_pro_test_Electronics_108,0,0,0.02251971963223345,19238.0
Gemma-4-31B-IT,directllm,MMMU-Pro vision,mmmu_pro_test_Electronics_11,0,1,0.22976782136270016,12088.0
Gemma-4-31B-IT,directllm,MMMU-Pro vision,mmmu_pro_test_Electronics_110,0,1,0.053915886571354585,2295.0
Gemma-4-31B-IT,directllm,MMMU-Pro vision,mmmu_pro_test_Electronics_114,0,0,0.15136959952593063,16901.0
Gemma-4-31B-IT,directllm,MMMU-Pro vision,mmmu_pro_test_Electronics_116,0,1,0.16265940094060358,13976.0
Gemma-4-31B-IT,directllm,MMMU-Pro vision,mmmu_pro_test_Electronics_118,0,0,0.21331960109899206,14374.0
Gemma-4-31B-IT,directllm,MMMU-Pro vision,mmmu_pro_test_Electronics_123,0,1,0.14851670347797336,12816.0
Gemma-4-31B-IT,directllm,MMMU-Pro vision,mmmu_pro_test_Electronics_135,0,0,0.09812714961309094,19664.0
Gemma-4-31B-IT,directllm,MMMU-Pro vision,mmmu_pro_test_Electronics_137,0,0,0.09213609828490701,18901.0
Gemma-4-31B-IT,directllm,MMMU-Pro vision,mmmu_pro_test_Electronics_140,0,1,0.14767397054080125,17117.0
Gemma-4-31B-IT,directllm,MMMU-Pro vision,mmmu_pro_test_Electronics_141,0,1,0.15626792612253176,13127.0
Gemma-4-31B-IT,directllm,MMMU-Pro vision,mmmu_pro_test_Electronics_147,0,1,0.1481351115139755,1847.0
Gemma-4-31B-IT,directllm,MMMU-Pro vision,mmmu_pro_test_Electronics_149,0,0,0.12422360414216055,18761.0
Gemma-4-31B-IT,directllm,MMMU-Pro vision,mmmu_pro_test_Electronics_159,0,1,0.08491451664974962,2721.0
Gemma-4-31B-IT,directllm,MMMU-Pro vision,mmmu_pro_test_Electronics_16,0,0,0.08988225283635748,19116.0
Gemma-4-31B-IT,directllm,MMMU-Pro vision,mmmu_pro_test_Electronics_160,0,0,0.10756529500195686,13797.0
Gemma-4-31B-IT,directllm,MMMU-Pro vision,mmmu_pro_test_Electronics_171,0,0,0.08380069233236992,19243.0
Gemma-4-31B-IT,directllm,MMMU-Pro vision,mmmu_pro_test_Electronics_172,0,0,0.06634171097615771,18828.0
Gemma-4-31B-IT,directllm,MMMU-Pro vision,mmmu_pro_test_Electronics_174,0,1,0.11593312966155354,17692.0
Gemma-4-31B-IT,directllm,MMMU-Pro vision,mmmu_pro_test_Electronics_178,0,0,0.08746837626829511,19210.0
Gemma-4-31B-IT,directllm,MMMU-Pro vision,mmmu_pro_test_Electronics_18,0,0,0.09944311224191368,19238.0
Gemma-4-31B-IT,directllm,MMMU-Pro vision,mmmu_pro_test_Electronics_180,0,1,0.057906427208610244,1857.0
Gemma-4-31B-IT,directllm,MMMU-Pro vision,mmmu_pro_test_Electronics_185,0,1,0.14667150204540894,14591.0
Gemma-4-31B-IT,directllm,MMMU-Pro vision,mmmu_pro_test_Electronics_188,0,0,0.15066603564691256,14352.0
Gemma-4-31B-IT,directllm,MMMU-Pro vision,mmmu_pro_test_Electronics_205,0,1,0.09394958158323342,5166.0
Gemma-4-31B-IT,directllm,MMMU-Pro vision,mmmu_pro_test_Electronics_207,0,0,0.08540587636005917,19179.0
Gemma-4-31B-IT,directllm,MMMU-Pro vision,mmmu_pro_test_Electronics_213,0,1,0.134323204545056,5436.0
Gemma-4-31B-IT,directllm,MMMU-Pro vision,mmmu_pro_test_Electronics_22,0,1,0.15538729429229303,12200.0
Gemma-4-31B-IT,directllm,MMMU-Pro vision,mmmu_pro_test_Electronics_220,0,1,0.137141792048834,5117.0
Gemma-4-31B-IT,directllm,MMMU-Pro vision,mmmu_pro_test_Electronics_235,0,0,0.17847201425284206,12871.0
Gemma-4-31B-IT,directllm,MMMU-Pro vision,mmmu_pro_test_Electronics_245,0,1,0.13047281326802676,8153.0
Gemma-4-31B-IT,directllm,MMMU-Pro vision,mmmu_pro_test_Electronics_247,0,0,0.10924723136812561,19010.0
Gemma-4-31B-IT,directllm,MMMU-Pro vision,mmmu_pro_test_Electronics_248,0,1,0.1891020748215518,14269.0
Gemma-4-31B-IT,directllm,MMMU-Pro vision,mmmu_pro_test_Electronics_252,0,0,0.08177386659252875,18756.0
Gemma-4-31B-IT,directllm,MMMU-Pro vision,mmmu_pro_test_Electronics_254,0,1,0.18112972121533005,12491.0
Gemma-4-31B-IT,directllm,MMMU-Pro vision,mmmu_pro_test_Electronics_37,0,1,0.16235758253653837,5359.0
Gemma-4-31B-IT,directllm,MMMU-Pro vision,mmmu_pro_test_Electronics_38,0,1,0.1560298729341049,1932.0
Gemma-4-31B-IT,directllm,MMMU-Pro vision,mmmu_pro_test_Electronics_49,0,0,0.023848955356620377,19185.0
Gemma-4-31B-IT,directllm,MMMU-Pro vision,mmmu_pro_test_Electronics_58,0,0,0.16276304651016363,5633.0
Gemma-4-31B-IT,directllm,MMMU-Pro vision,mmmu_pro_test_Electronics_6,0,0,0.1417502249463686,19030.0
Gemma-4-31B-IT,directllm,MMMU-Pro vision,mmmu_pro_test_Electronics_67,0,1,0.11699685741136394,3554.0
Gemma-4-31B-IT,directllm,MMMU-Pro vision,mmmu_pro_test_Electronics_68,0,1,0.17245511332329455,5250.0
Gemma-4-31B-IT,directllm,MMMU-Pro vision,mmmu_pro_test_Electronics_69,0,1,0.1959857961705021,4780.0
Gemma-4-31B-IT,directllm,MMMU-Pro vision,mmmu_pro_test_Electronics_7,0,1,0.1286037354493009,7085.0
Gemma-4-31B-IT,directllm,MMMU-Pro vision,mmmu_pro_test_Electronics_72,0,0,0.10533576197408599,2451.0
Gemma-4-31B-IT,directllm,MMMU-Pro vision,mmmu_pro_test_Electronics_76,0,0,0.15186507849391945,15937.0
Gemma-4-31B-IT,directllm,MMMU-Pro vision,mmmu_pro_test_Electronics_81,0,1,0.10540605069804185,3538.0
Gemma-4-31B-IT,directllm,MMMU-Pro vision,mmmu_pro_test_Electronics_91,0,0,0.1684816553210328,12045.0
Gemma-4-31B-IT,directllm,MMMU-Pro vision,mmmu_pro_test_Electronics_93,0,1,0.18875312909537378,14083.0
Gemma-4-31B-IT,directllm,MMMU-Pro vision,mmmu_pro_test_Electronics_97,0,1,0.058833487193611624,3293.0
Gemma-4-31B-IT,directllm,MMMU-Pro vision,mmmu_pro_test_Energy_and_Power_101,0,1,0.10749253761161201,1643.0
Gemma-4-31B-IT,directllm,MMMU-Pro vision,mmmu_pro_test_Energy_and_Power_139,0,1,0.10989362901783978,2772.0
Gemma-4-31B-IT,directllm,MMMU-Pro vision,mmmu_pro_test_Energy_and_Power_150,0,0,0.10055598628115983,13269.0
Gemma-4-31B-IT,directllm,MMMU-Pro vision,mmmu_pro_test_Energy_and_Power_152,0,0,0.16036155983137157,11221.0
Gemma-4-31B-IT,directllm,MMMU-Pro vision,mmmu_pro_test_Energy_and_Power_158,0,1,0.12916620750905144,8662.0
Gemma-4-31B-IT,directllm,MMMU-Pro vision,mmmu_pro_test_Energy_and_Power_16,0,0,0.11766424359322297,19282.0
Gemma-4-31B-IT,directllm,MMMU-Pro vision,mmmu_pro_test_Energy_and_Power_180,0,1,0.08077147549734266,2331.0
Gemma-4-31B-IT,directllm,MMMU-Pro vision,mmmu_pro_test_Energy_and_Power_185,0,1,0.0812376471745818,7213.0
Gemma-4-31B-IT,directllm,MMMU-Pro vision,mmmu_pro_test_Energy_and_Power_191,0,1,0.1393685588700467,11527.0
Gemma-4-31B-IT,directllm,MMMU-Pro vision,mmmu_pro_test_Energy_and_Power_192,0,0,0.1771328943539284,19061.0
Gemma-4-31B-IT,directllm,MMMU-Pro vision,mmmu_pro_test_Energy_and_Power_20,0,1,0.1300722132055493,16517.0
Gemma-4-31B-IT,directllm,MMMU-Pro vision,mmmu_pro_test_Energy_and_Power_202,0,0,0.1789048153722628,2094.0
Gemma-4-31B-IT,directllm,MMMU-Pro vision,mmmu_pro_test_Energy_and_Power_220,0,1,0.17495692790343695,12996.0
Gemma-4-31B-IT,directllm,MMMU-Pro vision,mmmu_pro_test_Energy_and_Power_230,0,1,0.1284601712762812,4821.0
Gemma-4-31B-IT,directllm,MMMU-Pro vision,mmmu_pro_test_Energy_and_Power_231,0,1,0.22271120087558977,4762.0
Gemma-4-31B-IT,directllm,MMMU-Pro vision,mmmu_pro_test_Energy_and_Power_276,0,0,0.1444017351343682,19122.0
Gemma-4-31B-IT,directllm,MMMU-Pro vision,mmmu_pro_test_Energy_and_Power_28,0,1,0.18019218083963406,6789.0
Gemma-4-31B-IT,directllm,MMMU-Pro vision,mmmu_pro_test_Energy_and_Power_302,0,1,0.19915177756602073,9774.0
Gemma-4-31B-IT,directllm,MMMU-Pro vision,mmmu_pro_test_Energy_and_Power_312,0,1,0.18141972168591744,7641.0
Gemma-4-31B-IT,directllm,MMMU-Pro vision,mmmu_pro_test_Energy_and_Power_33,0,0,0.1242572970403945,18925.0
Gemma-4-31B-IT,directllm,MMMU-Pro vision,mmmu_pro_test_Energy_and_Power_349,0,1,0.18168156467459728,10878.0
Gemma-4-31B-IT,directllm,MMMU-Pro vision,mmmu_pro_test_Energy_and_Power_352,0,1,0.21240884050695394,3279.0
Gemma-4-31B-IT,directllm,MMMU-Pro vision,mmmu_pro_test_Energy_and_Power_371,0,1,0.08766995400189183,2995.0
Gemma-4-31B-IT,directllm,MMMU-Pro vision,mmmu_pro_test_Energy_and_Power_375,0,1,0.16779275680255748,7238.0
Gemma-4-31B-IT,directllm,MMMU-Pro vision,mmmu_pro_test_Energy_and_Power_378,0,1,0.16147492763225632,12797.0
Gemma-4-31B-IT,directllm,MMMU-Pro vision,mmmu_pro_test_Energy_and_Power_384,0,1,0.19152733665454963,12834.0
Gemma-4-31B-IT,directllm,MMMU-Pro vision,mmmu_pro_test_Energy_and_Power_39,0,1,0.15276029365144253,10690.0
Gemma-4-31B-IT,directllm,MMMU-Pro vision,mmmu_pro_test_Energy_and_Power_414,0,0,0.162497204056651,13609.0
Gemma-4-31B-IT,directllm,MMMU-Pro vision,mmmu_pro_test_Energy_and_Power_423,0,1,0.13213998110548178,4651.0
Gemma-4-31B-IT,directllm,MMMU-Pro vision,mmmu_pro_test_Energy_and_Power_54,0,1,0.09918434604077742,6320.0
Gemma-4-31B-IT,directllm,MMMU-Pro vision,mmmu_pro_test_Energy_and_Power_68,0,1,0.08962919216058579,1823.0
Gemma-4-31B-IT,directllm,MMMU-Pro vision,mmmu_pro_test_Energy_and_Power_86,0,1,0.11458454326040247,2003.0
Gemma-4-31B-IT,directllm,MMMU-Pro vision,mmmu_pro_test_Finance_10,0,1,0.07291044350183754,1432.0
Gemma-4-31B-IT,directllm,MMMU-Pro vision,mmmu_pro_test_Finance_115,0,1,0.08978174108351834,874.0
Gemma-4-31B-IT,directllm,MMMU-Pro vision,mmmu_pro_test_Finance_122,0,0,0.25008996251688,3075.0
Gemma-4-31B-IT,directllm,MMMU-Pro vision,mmmu_pro_test_Finance_133,0,1,0.11576022777246905,5455.0
Gemma-4-31B-IT,directllm,MMMU-Pro vision,mmmu_pro_test_Finance_138,0,1,0.06181628777587891,1913.0
Gemma-4-31B-IT,directllm,MMMU-Pro vision,mmmu_pro_test_Finance_163,0,1,0.07137903453870395,2881.0
Gemma-4-31B-IT,directllm,MMMU-Pro vision,mmmu_pro_test_Finance_165,0,1,0.16873775296050694,3833.0
Gemma-4-31B-IT,directllm,MMMU-Pro vision,mmmu_pro_test_Finance_192,0,1,0.09179942428321372,1469.0
Gemma-4-31B-IT,directllm,MMMU-Pro vision,mmmu_pro_test_Finance_204,0,1,0.07425120979808185,2681.0
Gemma-4-31B-IT,directllm,MMMU-Pro vision,mmmu_pro_test_Finance_211,0,1,0.068955597075174,1094.0
Gemma-4-31B-IT,directllm,MMMU-Pro vision,mmmu_pro_test_Finance_238,0,0,0.08605595431438576,18973.0
Gemma-4-31B-IT,directllm,MMMU-Pro vision,mmmu_pro_test_Finance_241,0,1,0.043889962002655276,1911.0
Gemma-4-31B-IT,directllm,MMMU-Pro vision,mmmu_pro_test_Finance_247,0,1,0.13075213533321003,7059.0
Gemma-4-31B-IT,directllm,MMMU-Pro vision,mmmu_pro_test_Finance_250,0,1,0.16186592504783712,7354.0
Gemma-4-31B-IT,directllm,MMMU-Pro vision,mmmu_pro_test_Finance_260,0,1,0.05919497597981736,4690.0
Gemma-4-31B-IT,directllm,MMMU-Pro vision,mmmu_pro_test_Finance_262,0,1,0.158783614325371,2809.0
Gemma-4-31B-IT,directllm,MMMU-Pro vision,mmmu_pro_test_Finance_27,0,1,0.05441831300085065,1417.0
Gemma-4-31B-IT,directllm,MMMU-Pro vision,mmmu_pro_test_Finance_278,0,1,0.1993416885518738,4272.0
Gemma-4-31B-IT,directllm,MMMU-Pro vision,mmmu_pro_test_Finance_288,0,1,0.0704452707387484,2475.0
Gemma-4-31B-IT,directllm,MMMU-Pro vision,mmmu_pro_test_Finance_29,0,1,0.05543537434430582,4185.0
Gemma-4-31B-IT,directllm,MMMU-Pro vision,mmmu_pro_test_Finance_290,0,1,0.13872787615893634,9122.0
Gemma-4-31B-IT,directllm,MMMU-Pro vision,mmmu_pro_test_Finance_293,0,1,0.07210286008300947,1195.0
Gemma-4-31B-IT,directllm,MMMU-Pro vision,mmmu_pro_test_Finance_294,0,1,0.10525598682577325,18106.0
Gemma-4-31B-IT,directllm,MMMU-Pro vision,mmmu_pro_test_Finance_298,0,1,0.11635140916297386,2965.0
Gemma-4-31B-IT,directllm,MMMU-Pro vision,mmmu_pro_test_Finance_304,0,1,0.04689079288871772,4169.0
Gemma-4-31B-IT,directllm,MMMU-Pro vision,mmmu_pro_test_Finance_313,0,0,0.11313137246143219,14512.0
Gemma-4-31B-IT,directllm,MMMU-Pro vision,mmmu_pro_test_Finance_337,0,1,0.22966179516800786,1506.0
Gemma-4-31B-IT,directllm,MMMU-Pro vision,mmmu_pro_test_Finance_338,0,1,0.10241856854811833,1507.0
Gemma-4-31B-IT,directllm,MMMU-Pro vision,mmmu_pro_test_Finance_346,0,1,0.12818047122673798,3676.0
Gemma-4-31B-IT,directllm,MMMU-Pro vision,mmmu_pro_test_Finance_38,0,1,0.1408480840832016,15390.0
Gemma-4-31B-IT,directllm,MMMU-Pro vision,mmmu_pro_test_Finance_5,0,1,0.13365828732191015,788.0
Gemma-4-31B-IT,directllm,MMMU-Pro vision,mmmu_pro_test_Finance_57,0,1,0.041346889726547355,3310.0
Gemma-4-31B-IT,directllm,MMMU-Pro vision,mmmu_pro_test_Finance_62,0,1,0.07995527736749888,2056.0
Gemma-4-31B-IT,directllm,MMMU-Pro vision,mmmu_pro_test_Finance_64,0,1,0.06776273202516692,1459.0
Gemma-4-31B-IT,directllm,MMMU-Pro vision,mmmu_pro_test_Finance_67,0,1,0.11950834360985217,5468.0
Gemma-4-31B-IT,directllm,MMMU-Pro vision,mmmu_pro_test_Finance_68,0,1,0.16405396431401875,14558.0
Gemma-4-31B-IT,directllm,MMMU-Pro vision,mmmu_pro_test_Finance_7,0,1,0.04392487208601432,1714.0
Gemma-4-31B-IT,directllm,MMMU-Pro vision,mmmu_pro_test_Finance_77,0,0,0.06222651988889943,18915.0
Gemma-4-31B-IT,directllm,MMMU-Pro vision,mmmu_pro_test_Finance_88,0,1,0.1238654914970977,1618.0
Gemma-4-31B-IT,directllm,MMMU-Pro vision,mmmu_pro_test_Finance_92,0,1,0.08323388686716399,1073.0
Gemma-4-31B-IT,directllm,MMMU-Pro vision,mmmu_pro_test_Finance_96,0,1,0.10798186489898386,10642.0
Gemma-4-31B-IT,directllm,MMMU-Pro vision,mmmu_pro_test_Geography_114,0,1,0.30775313791953374,988.0
Gemma-4-31B-IT,directllm,MMMU-Pro vision,mmmu_pro_test_Geography_14,0,0,0.0900320805977035,19884.0
Gemma-4-31B-IT,directllm,MMMU-Pro vision,mmmu_pro_test_Geography_144,0,1,0.2582898518547987,575.0
Gemma-4-31B-IT,directllm,MMMU-Pro vision,mmmu_pro_test_Geography_150,0,1,0.3438460638082823,2342.0
Gemma-4-31B-IT,directllm,MMMU-Pro vision,mmmu_pro_test_Geography_160,0,0,0.37841105704160716,1077.0
Gemma-4-31B-IT,directllm,MMMU-Pro vision,mmmu_pro_test_Geography_19,0,1,0.36488263253367503,5225.0
Gemma-4-31B-IT,directllm,MMMU-Pro vision,mmmu_pro_test_Geography_191,0,0,0.18042026071380157,2136.0
Gemma-4-31B-IT,directllm,MMMU-Pro vision,mmmu_pro_test_Geography_205,0,0,0.3086296983500884,603.0
Gemma-4-31B-IT,directllm,MMMU-Pro vision,mmmu_pro_test_Geography_209,0,0,0.35773809772954096,2608.0
Gemma-4-31B-IT,directllm,MMMU-Pro vision,mmmu_pro_test_Geography_213,0,0,0.32491183828647674,1093.0
Gemma-4-31B-IT,directllm,MMMU-Pro vision,mmmu_pro_test_Geography_222,0,0,0.04726681389215793,20675.0
Gemma-4-31B-IT,directllm,MMMU-Pro vision,mmmu_pro_test_Geography_231,0,1,0.3449435479635334,1051.0
Gemma-4-31B-IT,directllm,MMMU-Pro vision,mmmu_pro_test_Geography_241,0,1,0.2965623511555542,1755.0
Gemma-4-31B-IT,directllm,MMMU-Pro vision,mmmu_pro_test_Geography_252,0,0,0.04311379852691579,19809.0
Gemma-4-31B-IT,directllm,MMMU-Pro vision,mmmu_pro_test_Geography_26,0,1,0.32488344710700356,1263.0
Gemma-4-31B-IT,directllm,MMMU-Pro vision,mmmu_pro_test_Geography_267,0,1,0.21018149927501997,1053.0
Gemma-4-31B-IT,directllm,MMMU-Pro vision,mmmu_pro_test_Geography_276,0,1,0.25573217282125393,2697.0
Gemma-4-31B-IT,directllm,MMMU-Pro vision,mmmu_pro_test_Geography_298,0,0,0.34504368544060543,2131.0
Gemma-4-31B-IT,directllm,MMMU-Pro vision,mmmu_pro_test_Geography_301,0,1,0.16136976129172506,1163.0
Gemma-4-31B-IT,directllm,MMMU-Pro vision,mmmu_pro_test_Geography_317,0,1,0.30849994475495085,1803.0
Gemma-4-31B-IT,directllm,MMMU-Pro vision,mmmu_pro_test_Geography_329,0,1,0.3174788890282955,2357.0
Gemma-4-31B-IT,directllm,MMMU-Pro vision,mmmu_pro_test_Geography_38,0,1,0.12499841006257356,625.0
Gemma-4-31B-IT,directllm,MMMU-Pro vision,mmmu_pro_test_Geography_398,0,1,0.1684917694384274,4073.0
Gemma-4-31B-IT,directllm,MMMU-Pro vision,mmmu_pro_test_Geography_40,0,1,0.25548226961007253,2038.0
Gemma-4-31B-IT,directllm,MMMU-Pro vision,mmmu_pro_test_Geography_412,0,1,0.3341983543401674,756.0
Gemma-4-31B-IT,directllm,MMMU-Pro vision,mmmu_pro_test_Geography_42,0,1,0.3487048256884593,773.0
Gemma-4-31B-IT,directllm,MMMU-Pro vision,mmmu_pro_test_Geography_428,0,0,0.12404758445142172,13660.0
Gemma-4-31B-IT,directllm,MMMU-Pro vision,mmmu_pro_test_Geography_45,0,0,0.3046536599623414,662.0
Gemma-4-31B-IT,directllm,MMMU-Pro vision,mmmu_pro_test_Geography_459,0,1,0.2686682202599155,616.0
Gemma-4-31B-IT,directllm,MMMU-Pro vision,mmmu_pro_test_Geography_462,0,1,0.25364049574641584,4469.0
Gemma-4-31B-IT,directllm,MMMU-Pro vision,mmmu_pro_test_Geography_472,0,1,0.09735264796209708,1626.0
Gemma-4-31B-IT,directllm,MMMU-Pro vision,mmmu_pro_test_Geography_492,0,0,0.10156511281996994,19034.0
Gemma-4-31B-IT,directllm,MMMU-Pro vision,mmmu_pro_test_Geography_518,0,1,0.3797275492049896,2476.0
Gemma-4-31B-IT,directllm,MMMU-Pro vision,mmmu_pro_test_Geography_521,0,1,0.34354713893117306,1009.0
Gemma-4-31B-IT,directllm,MMMU-Pro vision,mmmu_pro_test_Geography_530,0,1,0.22515607154136583,445.0
Gemma-4-31B-IT,directllm,MMMU-Pro vision,mmmu_pro_test_Geography_55,0,0,0.3017007631798629,634.0
Gemma-4-31B-IT,directllm,MMMU-Pro vision,mmmu_pro_test_Geography_555,0,1,0.3293027654801807,901.0
Gemma-4-31B-IT,directllm,MMMU-Pro vision,mmmu_pro_test_Geography_57,0,0,0.30296588261052604,2220.0
Gemma-4-31B-IT,directllm,MMMU-Pro vision,mmmu_pro_test_Geography_61,0,0,0.2480406006351604,964.0
Gemma-4-31B-IT,directllm,MMMU-Pro vision,mmmu_pro_test_Geography_74,0,0,0.44958821582435277,2198.0
Gemma-4-31B-IT,directllm,MMMU-Pro vision,mmmu_pro_test_Geography_8,0,1,0.10660599099320088,1577.0
Gemma-4-31B-IT,directllm,MMMU-Pro vision,mmmu_pro_test_Geography_90,0,0,0.18118906774819815,668.0
Gemma-4-31B-IT,directllm,MMMU-Pro vision,mmmu_pro_test_History_1,0,1,0.3064378331965819,1342.0
Gemma-4-31B-IT,directllm,MMMU-Pro vision,mmmu_pro_test_History_100,0,0,0.2028929245674254,2095.0
Gemma-4-31B-IT,directllm,MMMU-Pro vision,mmmu_pro_test_History_106,0,1,0.46073150508914723,1083.0
Gemma-4-31B-IT,directllm,MMMU-Pro vision,mmmu_pro_test_History_117,0,0,0.3982540083929099,3869.0
Gemma-4-31B-IT,directllm,MMMU-Pro vision,mmmu_pro_test_History_12,0,1,0.21787574820233094,1204.0
Gemma-4-31B-IT,directllm,MMMU-Pro vision,mmmu_pro_test_History_124,0,1,0.2233077458437525,1167.0
Gemma-4-31B-IT,directllm,MMMU-Pro vision,mmmu_pro_test_History_125,0,1,0.23987754111147078,782.0
Gemma-4-31B-IT,directllm,MMMU-Pro vision,mmmu_pro_test_History_131,0,1,0.3092101612015129,1822.0
Gemma-4-31B-IT,directllm,MMMU-Pro vision,mmmu_pro_test_History_134,0,1,0.3675562297445989,1781.0
Gemma-4-31B-IT,directllm,MMMU-Pro vision,mmmu_pro_test_History_138,0,0,0.3972593497414278,3283.0
Gemma-4-31B-IT,directllm,MMMU-Pro vision,mmmu_pro_test_History_14,0,1,0.31349047231849314,1544.0
Gemma-4-31B-IT,directllm,MMMU-Pro vision,mmmu_pro_test_History_142,0,0,0.1423604259019789,929.0
Gemma-4-31B-IT,directllm,MMMU-Pro vision,mmmu_pro_test_History_157,0,1,0.31062424374725056,1062.0
Gemma-4-31B-IT,directllm,MMMU-Pro vision,mmmu_pro_test_History_16,0,1,0.26139892472351167,790.0
Gemma-4-31B-IT,directllm,MMMU-Pro vision,mmmu_pro_test_History_168,0,1,0.31954678462815156,1223.0
Gemma-4-31B-IT,directllm,MMMU-Pro vision,mmmu_pro_test_History_170,0,1,0.30565033200107855,1430.0
Gemma-4-31B-IT,directllm,MMMU-Pro vision,mmmu_pro_test_History_180,0,1,0.4175669550581587,2966.0
Gemma-4-31B-IT,directllm,MMMU-Pro vision,mmmu_pro_test_History_189,0,1,0.17357138622249663,922.0
Gemma-4-31B-IT,directllm,MMMU-Pro vision,mmmu_pro_test_History_207,0,0,0.3779784704612946,2077.0
Gemma-4-31B-IT,directllm,MMMU-Pro vision,mmmu_pro_test_History_208,0,1,0.3556431028203142,1963.0
Gemma-4-31B-IT,directllm,MMMU-Pro vision,mmmu_pro_test_History_209,0,0,0.336882909527937,1380.0
Gemma-4-31B-IT,directllm,MMMU-Pro vision,mmmu_pro_test_History_216,0,1,0.29487468501150843,1272.0
Gemma-4-31B-IT,directllm,MMMU-Pro vision,mmmu_pro_test_History_217,0,0,0.41132285334485774,3494.0
Gemma-4-31B-IT,directllm,MMMU-Pro vision,mmmu_pro_test_History_220,0,0,0.3653536702904968,4728.0
Gemma-4-31B-IT,directllm,MMMU-Pro vision,mmmu_pro_test_History_222,0,1,0.3920466740999205,1415.0
Gemma-4-31B-IT,directllm,MMMU-Pro vision,mmmu_pro_test_History_239,0,1,0.0990803062208641,604.0
Gemma-4-31B-IT,directllm,MMMU-Pro vision,mmmu_pro_test_History_24,0,1,0.3335464204905813,1185.0
Gemma-4-31B-IT,directllm,MMMU-Pro vision,mmmu_pro_test_History_254,0,1,0.25321044569155654,981.0
Gemma-4-31B-IT,directllm,MMMU-Pro vision,mmmu_pro_test_History_26,0,0,0.3003043099201824,6363.0
Gemma-4-31B-IT,directllm,MMMU-Pro vision,mmmu_pro_test_History_27,0,1,0.43101396611099935,1858.0
Gemma-4-31B-IT,directllm,MMMU-Pro vision,mmmu_pro_test_History_272,0,1,0.31960535934946704,777.0
Gemma-4-31B-IT,directllm,MMMU-Pro vision,mmmu_pro_test_History_34,0,0,0.21720978171777913,3457.0
Gemma-4-31B-IT,directllm,MMMU-Pro vision,mmmu_pro_test_History_37,0,1,0.20982654281151886,624.0
Gemma-4-31B-IT,directllm,MMMU-Pro vision,mmmu_pro_test_History_38,0,1,0.2890550273411682,2276.0
Gemma-4-31B-IT,directllm,MMMU-Pro vision,mmmu_pro_test_History_44,0,1,0.3062074588090501,1146.0
Gemma-4-31B-IT,directllm,MMMU-Pro vision,mmmu_pro_test_History_46,0,0,0.37875338345161025,3449.0
Gemma-4-31B-IT,directllm,MMMU-Pro vision,mmmu_pro_test_History_56,0,1,0.3418376365386175,1192.0
Gemma-4-31B-IT,directllm,MMMU-Pro vision,mmmu_pro_test_History_70,0,1,0.2631489519950617,1359.0
Gemma-4-31B-IT,directllm,MMMU-Pro vision,mmmu_pro_test_History_72,0,1,0.33131125637872905,2075.0
Gemma-4-31B-IT,directllm,MMMU-Pro vision,mmmu_pro_test_History_74,0,1,0.3381062692831671,1326.0
Gemma-4-31B-IT,directllm,MMMU-Pro vision,mmmu_pro_test_History_76,0,1,0.28711219745280286,2768.0
Gemma-4-31B-IT,directllm,MMMU-Pro vision,mmmu_pro_test_History_79,0,1,0.30377038918929194,1492.0
Gemma-4-31B-IT,directllm,MMMU-Pro vision,mmmu_pro_test_History_8,0,1,0.22576258988255116,1271.0
Gemma-4-31B-IT,directllm,MMMU-Pro vision,mmmu_pro_test_History_80,0,1,0.3678300733595594,1027.0
Gemma-4-31B-IT,directllm,MMMU-Pro vision,mmmu_pro_test_History_82,0,1,0.22511092447680706,1106.0
Gemma-4-31B-IT,directllm,MMMU-Pro vision,mmmu_pro_test_History_87,0,0,0.22404090369537125,939.0
Gemma-4-31B-IT,directllm,MMMU-Pro vision,mmmu_pro_test_Literature_1,0,1,0.11574621512016459,471.0
Gemma-4-31B-IT,directllm,MMMU-Pro vision,mmmu_pro_test_Literature_101,0,1,0.19599728100375177,737.0
Gemma-4-31B-IT,directllm,MMMU-Pro vision,mmmu_pro_test_Literature_105,0,0,0.3232774860269028,1368.0
Gemma-4-31B-IT,directllm,MMMU-Pro vision,mmmu_pro_test_Literature_11,0,0,0.20887306262729474,650.0
Gemma-4-31B-IT,directllm,MMMU-Pro vision,mmmu_pro_test_Literature_19,0,1,0.3812410587470525,1615.0
Gemma-4-31B-IT,directllm,MMMU-Pro vision,mmmu_pro_test_Literature_20,0,1,0.2686622024834099,939.0
Gemma-4-31B-IT,directllm,MMMU-Pro vision,mmmu_pro_test_Literature_21,0,1,0.24120083105847961,792.0
Gemma-4-31B-IT,directllm,MMMU-Pro vision,mmmu_pro_test_Literature_23,0,0,0.2900743140354578,1022.0
Gemma-4-31B-IT,directllm,MMMU-Pro vision,mmmu_pro_test_Literature_25,0,1,0.3106287757714403,1289.0
Gemma-4-31B-IT,directllm,MMMU-Pro vision,mmmu_pro_test_Literature_34,0,1,0.1953216381938979,705.0
Gemma-4-31B-IT,directllm,MMMU-Pro vision,mmmu_pro_test_Literature_36,0,1,0.22715888822304067,1206.0
Gemma-4-31B-IT,directllm,MMMU-Pro vision,mmmu_pro_test_Literature_38,0,1,0.286553377331305,677.0
Gemma-4-31B-IT,directllm,MMMU-Pro vision,mmmu_pro_test_Literature_4,0,1,0.24479901063167997,991.0
Gemma-4-31B-IT,directllm,MMMU-Pro vision,mmmu_pro_test_Literature_40,0,0,0.10264954953735267,18895.0
Gemma-4-31B-IT,directllm,MMMU-Pro vision,mmmu_pro_test_Literature_44,0,1,0.2927951131020781,780.0
Gemma-4-31B-IT,directllm,MMMU-Pro vision,mmmu_pro_test_Literature_46,0,0,0.29247470718397467,807.0
Gemma-4-31B-IT,directllm,MMMU-Pro vision,mmmu_pro_test_Literature_47,0,0,0.3650731949162053,2747.0
Gemma-4-31B-IT,directllm,MMMU-Pro vision,mmmu_pro_test_Literature_50,0,1,0.2288909932703356,1475.0
Gemma-4-31B-IT,directllm,MMMU-Pro vision,mmmu_pro_test_Literature_56,0,1,0.25590544793061404,826.0
Gemma-4-31B-IT,directllm,MMMU-Pro vision,mmmu_pro_test_Literature_60,0,1,0.2771539023014894,1147.0
Gemma-4-31B-IT,directllm,MMMU-Pro vision,mmmu_pro_test_Literature_64,0,1,0.4106067721127112,923.0
Gemma-4-31B-IT,directllm,MMMU-Pro vision,mmmu_pro_test_Literature_65,0,1,0.29217294824377965,1043.0
Gemma-4-31B-IT,directllm,MMMU-Pro vision,mmmu_pro_test_Literature_69,0,1,0.19086219540756097,570.0
Gemma-4-31B-IT,directllm,MMMU-Pro vision,mmmu_pro_test_Literature_7,0,1,0.19614758803573518,771.0
Gemma-4-31B-IT,directllm,MMMU-Pro vision,mmmu_pro_test_Literature_70,0,1,0.37056945657741047,1150.0
Gemma-4-31B-IT,directllm,MMMU-Pro vision,mmmu_pro_test_Literature_75,0,1,0.25054500863749385,833.0
Gemma-4-31B-IT,directllm,MMMU-Pro vision,mmmu_pro_test_Literature_86,0,0,0.35242374319459313,6417.0
Gemma-4-31B-IT,directllm,MMMU-Pro vision,mmmu_pro_test_Literature_93,0,1,0.30011946876118223,1093.0
Gemma-4-31B-IT,directllm,MMMU-Pro vision,mmmu_pro_test_Literature_96,0,1,0.198548321545578,821.0
Gemma-4-31B-IT,directllm,MMMU-Pro vision,mmmu_pro_test_Literature_97,0,1,0.35482431300060024,1025.0
Gemma-4-31B-IT,directllm,MMMU-Pro vision,mmmu_pro_test_Literature_99,0,1,0.2942912566459137,720.0
Gemma-4-31B-IT,directllm,MMMU-Pro vision,mmmu_pro_test_Manage_10,0,0,0.4168827591891627,3988.0
Gemma-4-31B-IT,directllm,MMMU-Pro vision,mmmu_pro_test_Manage_104,0,1,0.15469078241866982,1953.0
Gemma-4-31B-IT,directllm,MMMU-Pro vision,mmmu_pro_test_Manage_115,0,1,0.1111871210148957,1054.0
Gemma-4-31B-IT,directllm,MMMU-Pro vision,mmmu_pro_test_Manage_126,0,0,0.26395686981707595,5813.0
Gemma-4-31B-IT,directllm,MMMU-Pro vision,mmmu_pro_test_Manage_140,0,1,0.06256363933698393,1786.0
Gemma-4-31B-IT,directllm,MMMU-Pro vision,mmmu_pro_test_Manage_15,0,1,0.10416632829860124,821.0
Gemma-4-31B-IT,directllm,MMMU-Pro vision,mmmu_pro_test_Manage_154,0,1,0.10945041346067894,1761.0
Gemma-4-31B-IT,directllm,MMMU-Pro vision,mmmu_pro_test_Manage_173,0,1,0.13514614083966267,8386.0
Gemma-4-31B-IT,directllm,MMMU-Pro vision,mmmu_pro_test_Manage_177,0,1,0.22217098411412028,1151.0
Gemma-4-31B-IT,directllm,MMMU-Pro vision,mmmu_pro_test_Manage_180,0,1,0.07630454694611764,2215.0
Gemma-4-31B-IT,directllm,MMMU-Pro vision,mmmu_pro_test_Manage_187,0,1,0.08692739373676371,1443.0
Gemma-4-31B-IT,directllm,MMMU-Pro vision,mmmu_pro_test_Manage_191,0,1,0.2881844877859386,1135.0
Gemma-4-31B-IT,directllm,MMMU-Pro vision,mmmu_pro_test_Manage_20,0,0,0.3437907390498954,4586.0
Gemma-4-31B-IT,directllm,MMMU-Pro vision,mmmu_pro_test_Manage_202,0,0,0.1270311837484961,18884.0
Gemma-4-31B-IT,directllm,MMMU-Pro vision,mmmu_pro_test_Manage_207,0,1,0.12841512737871952,1995.0
Gemma-4-31B-IT,directllm,MMMU-Pro vision,mmmu_pro_test_Manage_22,0,0,0.13443348691337034,14379.0
Gemma-4-31B-IT,directllm,MMMU-Pro vision,mmmu_pro_test_Manage_228,0,1,0.11575777200407933,1191.0
Gemma-4-31B-IT,directllm,MMMU-Pro vision,mmmu_pro_test_Manage_234,0,0,0.14022787218088795,3883.0
Gemma-4-31B-IT,directllm,MMMU-Pro vision,mmmu_pro_test_Manage_239,0,1,0.05796480684071181,2822.0
Gemma-4-31B-IT,directllm,MMMU-Pro vision,mmmu_pro_test_Manage_31,0,0,0.06746727759152972,19126.0
Gemma-4-31B-IT,directllm,MMMU-Pro vision,mmmu_pro_test_Manage_35,0,1,0.08174195827181169,3120.0
Gemma-4-31B-IT,directllm,MMMU-Pro vision,mmmu_pro_test_Manage_36,0,1,0.3489997750378467,3140.0
Gemma-4-31B-IT,directllm,MMMU-Pro vision,mmmu_pro_test_Manage_45,0,1,0.13222597476237233,2898.0
Gemma-4-31B-IT,directllm,MMMU-Pro vision,mmmu_pro_test_Manage_49,0,1,0.11392295694398541,3299.0
Gemma-4-31B-IT,directllm,MMMU-Pro vision,mmmu_pro_test_Manage_52,0,1,0.0693297512706238,5427.0
Gemma-4-31B-IT,directllm,MMMU-Pro vision,mmmu_pro_test_Manage_56,0,1,0.3835040044950303,3351.0
Gemma-4-31B-IT,directllm,MMMU-Pro vision,mmmu_pro_test_Manage_64,0,0,0.3582464744295611,1497.0
Gemma-4-31B-IT,directllm,MMMU-Pro vision,mmmu_pro_test_Manage_66,0,1,0.23086900283169273,1658.0
Gemma-4-31B-IT,directllm,MMMU-Pro vision,mmmu_pro_test_Manage_68,0,1,0.056965297922150535,2571.0
Gemma-4-31B-IT,directllm,MMMU-Pro vision,mmmu_pro_test_Manage_69,0,1,0.09087751690090996,1633.0
Gemma-4-31B-IT,directllm,MMMU-Pro vision,mmmu_pro_test_Manage_70,0,1,0.03628173631033076,1986.0
Gemma-4-31B-IT,directllm,MMMU-Pro vision,mmmu_pro_test_Manage_73,0,1,0.11755006583045007,3990.0
Gemma-4-31B-IT,directllm,MMMU-Pro vision,mmmu_pro_test_Manage_75,0,1,0.09311745802271439,7992.0
Gemma-4-31B-IT,directllm,MMMU-Pro vision,mmmu_pro_test_Manage_8,0,0,0.24333640639623125,1338.0
Gemma-4-31B-IT,directllm,MMMU-Pro vision,mmmu_pro_test_Manage_80,0,1,0.12759944239253945,8876.0
Gemma-4-31B-IT,directllm,MMMU-Pro vision,mmmu_pro_test_Manage_87,0,1,0.08058697708965457,985.0
Gemma-4-31B-IT,directllm,MMMU-Pro vision,mmmu_pro_test_Manage_94,0,1,0.11636612908817147,2436.0
Gemma-4-31B-IT,directllm,MMMU-Pro vision,mmmu_pro_test_Marketing_108,0,1,0.19744362342372584,2405.0
Gemma-4-31B-IT,directllm,MMMU-Pro vision,mmmu_pro_test_Marketing_109,0,1,0.1435438459669805,3136.0
Gemma-4-31B-IT,directllm,MMMU-Pro vision,mmmu_pro_test_Marketing_111,0,1,0.10603672944595896,682.0
Gemma-4-31B-IT,directllm,MMMU-Pro vision,mmmu_pro_test_Marketing_112,0,1,0.1474135111625369,2706.0
Gemma-4-31B-IT,directllm,MMMU-Pro vision,mmmu_pro_test_Marketing_114,0,1,0.19005176910150348,9609.0
Gemma-4-31B-IT,directllm,MMMU-Pro vision,mmmu_pro_test_Marketing_116,0,1,0.18878429726796372,2245.0
Gemma-4-31B-IT,directllm,MMMU-Pro vision,mmmu_pro_test_Marketing_120,0,1,0.18998223867918584,957.0
Gemma-4-31B-IT,directllm,MMMU-Pro vision,mmmu_pro_test_Marketing_130,0,1,0.08962567007628233,1347.0
Gemma-4-31B-IT,directllm,MMMU-Pro vision,mmmu_pro_test_Marketing_134,0,1,0.03612584907549556,4585.0
Gemma-4-31B-IT,directllm,MMMU-Pro vision,mmmu_pro_test_Marketing_135,0,1,0.07593311694865613,3022.0
Gemma-4-31B-IT,directllm,MMMU-Pro vision,mmmu_pro_test_Marketing_144,0,1,0.06851120082753855,14129.0
Gemma-4-31B-IT,directllm,MMMU-Pro vision,mmmu_pro_test_Marketing_150,0,1,0.16308298652561287,12107.0
Gemma-4-31B-IT,directllm,MMMU-Pro vision,mmmu_pro_test_Marketing_155,0,1,0.08289493558771978,736.0
Gemma-4-31B-IT,directllm,MMMU-Pro vision,mmmu_pro_test_Marketing_161,0,1,0.11961380688673678,7508.0
Gemma-4-31B-IT,directllm,MMMU-Pro vision,mmmu_pro_test_Marketing_164,0,1,0.05962871108577502,921.0
Gemma-4-31B-IT,directllm,MMMU-Pro vision,mmmu_pro_test_Marketing_166,0,0,0.10406410168792295,16588.0
Gemma-4-31B-IT,directllm,MMMU-Pro vision,mmmu_pro_test_Marketing_172,0,1,0.23953051259198568,864.0
Gemma-4-31B-IT,directllm,MMMU-Pro vision,mmmu_pro_test_Marketing_177,0,1,0.10500464658007726,1674.0
Gemma-4-31B-IT,directllm,MMMU-Pro vision,mmmu_pro_test_Marketing_2,0,1,0.05553818629992436,2322.0
Gemma-4-31B-IT,directllm,MMMU-Pro vision,mmmu_pro_test_Marketing_27,0,1,0.14397319310763876,1854.0
Gemma-4-31B-IT,directllm,MMMU-Pro vision,mmmu_pro_test_Marketing_33,0,1,0.07160582520172792,1721.0
Gemma-4-31B-IT,directllm,MMMU-Pro vision,mmmu_pro_test_Marketing_35,0,1,0.05459426046934856,7341.0
Gemma-4-31B-IT,directllm,MMMU-Pro vision,mmmu_pro_test_Marketing_37,0,1,0.06268588756601476,2724.0
Gemma-4-31B-IT,directllm,MMMU-Pro vision,mmmu_pro_test_Marketing_40,0,0,0.1561957386240516,2423.0
Gemma-4-31B-IT,directllm,MMMU-Pro vision,mmmu_pro_test_Marketing_44,0,1,0.10081625005300024,1094.0
Gemma-4-31B-IT,directllm,MMMU-Pro vision,mmmu_pro_test_Marketing_56,0,1,0.06325098292461824,1728.0
Gemma-4-31B-IT,directllm,MMMU-Pro vision,mmmu_pro_test_Marketing_61,0,1,0.1719826937011717,5292.0
Gemma-4-31B-IT,directllm,MMMU-Pro vision,mmmu_pro_test_Marketing_62,0,1,0.04615153609899427,4652.0
Gemma-4-31B-IT,directllm,MMMU-Pro vision,mmmu_pro_test_Marketing_63,0,1,0.1298852983967014,1224.0
Gemma-4-31B-IT,directllm,MMMU-Pro vision,mmmu_pro_test_Marketing_64,0,0,0.0638337339020067,19331.0
Gemma-4-31B-IT,directllm,MMMU-Pro vision,mmmu_pro_test_Marketing_68,0,0,0.15689204069331453,1310.0
Gemma-4-31B-IT,directllm,MMMU-Pro vision,mmmu_pro_test_Marketing_69,0,0,0.019393309629567368,18806.0
Gemma-4-31B-IT,directllm,MMMU-Pro vision,mmmu_pro_test_Marketing_72,0,0,0.06405518896568071,19575.0
Gemma-4-31B-IT,directllm,MMMU-Pro vision,mmmu_pro_test_Marketing_73,0,1,0.10260534886494496,1703.0
Gemma-4-31B-IT,directllm,MMMU-Pro vision,mmmu_pro_test_Marketing_76,0,0,0.06272076841763406,18925.0
Gemma-4-31B-IT,directllm,MMMU-Pro vision,mmmu_pro_test_Marketing_86,0,1,0.07762545736580242,813.0
Gemma-4-31B-IT,directllm,MMMU-Pro vision,mmmu_pro_test_Marketing_87,0,1,0.21013767524491972,5199.0
Gemma-4-31B-IT,directllm,MMMU-Pro vision,mmmu_pro_test_Marketing_92,0,1,0.08407657742808787,11419.0
Gemma-4-31B-IT,directllm,MMMU-Pro vision,mmmu_pro_test_Marketing_98,0,0,0.03845664136893654,18857.0
Gemma-4-31B-IT,directllm,MMMU-Pro vision,mmmu_pro_test_Materials_121,0,1,0.07672713014938323,1888.0
Gemma-4-31B-IT,directllm,MMMU-Pro vision,mmmu_pro_test_Materials_139,0,1,0.11643153707907089,2806.0
Gemma-4-31B-IT,directllm,MMMU-Pro vision,mmmu_pro_test_Materials_150,0,1,0.3270898892222644,2331.0
Gemma-4-31B-IT,directllm,MMMU-Pro vision,mmmu_pro_test_Materials_16,0,1,0.15744140521740035,12993.0
Gemma-4-31B-IT,directllm,MMMU-Pro vision,mmmu_pro_test_Materials_165,0,0,0.11358967674465618,3662.0
Gemma-4-31B-IT,directllm,MMMU-Pro vision,mmmu_pro_test_Materials_173,0,1,0.21971723564545964,2500.0
Gemma-4-31B-IT,directllm,MMMU-Pro vision,mmmu_pro_test_Materials_204,0,0,0.240941999359812,4541.0
Gemma-4-31B-IT,directllm,MMMU-Pro vision,mmmu_pro_test_Materials_230,0,0,0.08333071542645827,18889.0
Gemma-4-31B-IT,directllm,MMMU-Pro vision,mmmu_pro_test_Materials_239,0,0,0.04879011699182987,18761.0
Gemma-4-31B-IT,directllm,MMMU-Pro vision,mmmu_pro_test_Materials_253,0,1,0.17979030397094384,3524.0
Gemma-4-31B-IT,directllm,MMMU-Pro vision,mmmu_pro_test_Materials_277,0,1,0.18521141310903502,9845.0
Gemma-4-31B-IT,directllm,MMMU-Pro vision,mmmu_pro_test_Materials_297,0,1,0.387268458597768,1823.0
Gemma-4-31B-IT,directllm,MMMU-Pro vision,mmmu_pro_test_Materials_298,0,1,0.1634032981608604,4594.0
Gemma-4-31B-IT,directllm,MMMU-Pro vision,mmmu_pro_test_Materials_314,0,0,0.04310333230017266,19034.0
Gemma-4-31B-IT,directllm,MMMU-Pro vision,mmmu_pro_test_Materials_319,0,1,0.16493995739324335,9159.0
Gemma-4-31B-IT,directllm,MMMU-Pro vision,mmmu_pro_test_Materials_326,0,1,0.08660133405298068,2909.0
Gemma-4-31B-IT,directllm,MMMU-Pro vision,mmmu_pro_test_Materials_327,0,0,0.16285961951736544,16308.0
Gemma-4-31B-IT,directllm,MMMU-Pro vision,mmmu_pro_test_Materials_332,0,1,0.3666876686339774,2763.0
Gemma-4-31B-IT,directllm,MMMU-Pro vision,mmmu_pro_test_Materials_345,0,1,0.24877959314611586,3686.0
Gemma-4-31B-IT,directllm,MMMU-Pro vision,mmmu_pro_test_Materials_358,0,1,0.1779050904287456,2080.0
Gemma-4-31B-IT,directllm,MMMU-Pro vision,mmmu_pro_test_Materials_383,0,1,0.11474956395319322,6516.0
Gemma-4-31B-IT,directllm,MMMU-Pro vision,mmmu_pro_test_Materials_392,0,0,0.04321055235945037,18928.0
Gemma-4-31B-IT,directllm,MMMU-Pro vision,mmmu_pro_test_Materials_415,0,1,0.12852902520994736,7473.0
Gemma-4-31B-IT,directllm,MMMU-Pro vision,mmmu_pro_test_Materials_417,0,1,0.25372089561712907,3143.0
Gemma-4-31B-IT,directllm,MMMU-Pro vision,mmmu_pro_test_Materials_423,0,1,0.25255608419283865,5149.0
Gemma-4-31B-IT,directllm,MMMU-Pro vision,mmmu_pro_test_Materials_446,0,1,0.161122843641692,822.0
Gemma-4-31B-IT,directllm,MMMU-Pro vision,mmmu_pro_test_Materials_450,0,0,0.06364350759664276,19010.0
Gemma-4-31B-IT,directllm,MMMU-Pro vision,mmmu_pro_test_Materials_51,0,1,0.18248638248390925,12816.0
Gemma-4-31B-IT,directllm,MMMU-Pro vision,mmmu_pro_test_Materials_6,0,1,0.22059833963452297,9495.0
Gemma-4-31B-IT,directllm,MMMU-Pro vision,mmmu_pro_test_Materials_72,0,0,0.19782838109305967,13388.0
Gemma-4-31B-IT,directllm,MMMU-Pro vision,mmmu_pro_test_Materials_91,0,1,0.14492109941582296,12429.0
Gemma-4-31B-IT,directllm,MMMU-Pro vision,mmmu_pro_test_Materials_96,0,1,0.33350763971277103,1414.0
Gemma-4-31B-IT,directllm,MMMU-Pro vision,mmmu_pro_test_Materials_98,0,0,0.02338359506525724,18794.0
Gemma-4-31B-IT,directllm,MMMU-Pro vision,mmmu_pro_test_Math_11,0,1,0.1815080357322326,2663.0
Gemma-4-31B-IT,directllm,MMMU-Pro vision,mmmu_pro_test_Math_115,0,1,0.10133996075223897,2121.0
Gemma-4-31B-IT,directllm,MMMU-Pro vision,mmmu_pro_test_Math_12,0,1,0.06737244503968841,1120.0
Gemma-4-31B-IT,directllm,MMMU-Pro vision,mmmu_pro_test_Math_122,0,0,0.06071111700188111,18851.0
Gemma-4-31B-IT,directllm,MMMU-Pro vision,mmmu_pro_test_Math_16,0,1,0.08252247690029069,795.0
Gemma-4-31B-IT,directllm,MMMU-Pro vision,mmmu_pro_test_Math_164,0,1,0.12191327277434463,5128.0
Gemma-4-31B-IT,directllm,MMMU-Pro vision,mmmu_pro_test_Math_165,0,1,0.14078905250896,7412.0
Gemma-4-31B-IT,directllm,MMMU-Pro vision,mmmu_pro_test_Math_170,0,0,0.25952896671330794,1854.0
Gemma-4-31B-IT,directllm,MMMU-Pro vision,mmmu_pro_test_Math_18,0,0,0.19963058624182944,7595.0
Gemma-4-31B-IT,directllm,MMMU-Pro vision,mmmu_pro_test_Math_189,0,1,0.14120614649898436,1490.0
Gemma-4-31B-IT,directllm,MMMU-Pro vision,mmmu_pro_test_Math_19,0,0,0.01967174825872989,19242.0
Gemma-4-31B-IT,directllm,MMMU-Pro vision,mmmu_pro_test_Math_201,0,1,0.1935030359057978,3616.0
Gemma-4-31B-IT,directllm,MMMU-Pro vision,mmmu_pro_test_Math_205,0,1,0.24723282582483735,2273.0
Gemma-4-31B-IT,directllm,MMMU-Pro vision,mmmu_pro_test_Math_209,0,1,0.29698053990925943,6180.0
Gemma-4-31B-IT,directllm,MMMU-Pro vision,mmmu_pro_test_Math_22,0,1,0.14835329589352497,982.0
Gemma-4-31B-IT,directllm,MMMU-Pro vision,mmmu_pro_test_Math_222,0,0,0.1521434983742529,4435.0
Gemma-4-31B-IT,directllm,MMMU-Pro vision,mmmu_pro_test_Math_224,0,0,0.22969588409069355,1754.0
Gemma-4-31B-IT,directllm,MMMU-Pro vision,mmmu_pro_test_Math_247,0,1,0.2427454366437898,493.0
Gemma-4-31B-IT,directllm,MMMU-Pro vision,mmmu_pro_test_Math_257,0,1,0.11453449929127203,6106.0
Gemma-4-31B-IT,directllm,MMMU-Pro vision,mmmu_pro_test_Math_266,0,1,0.07663805435804462,8581.0
Gemma-4-31B-IT,directllm,MMMU-Pro vision,mmmu_pro_test_Math_270,0,1,0.13847888143259912,6252.0
Gemma-4-31B-IT,directllm,MMMU-Pro vision,mmmu_pro_test_Math_279,0,0,0.08119342037044418,1445.0
Gemma-4-31B-IT,directllm,MMMU-Pro vision,mmmu_pro_test_Math_282,0,1,0.13597791547031435,9072.0
Gemma-4-31B-IT,directllm,MMMU-Pro vision,mmmu_pro_test_Math_290,0,1,0.09162825912127417,3470.0
Gemma-4-31B-IT,directllm,MMMU-Pro vision,mmmu_pro_test_Math_341,0,1,0.10829453429950474,3243.0
Gemma-4-31B-IT,directllm,MMMU-Pro vision,mmmu_pro_test_Math_346,0,1,0.1464340267792418,1507.0
Gemma-4-31B-IT,directllm,MMMU-Pro vision,mmmu_pro_test_Math_390,0,1,0.1752016468251054,14505.0
Gemma-4-31B-IT,directllm,MMMU-Pro vision,mmmu_pro_test_Math_393,0,1,0.23741167075297429,5188.0
Gemma-4-31B-IT,directllm,MMMU-Pro vision,mmmu_pro_test_Math_41,0,1,0.09881928877667287,1961.0
Gemma-4-31B-IT,directllm,MMMU-Pro vision,mmmu_pro_test_Math_435,0,0,0.3326034163157776,1434.0
Gemma-4-31B-IT,directllm,MMMU-Pro vision,mmmu_pro_test_Math_436,0,1,0.11617109081168236,1290.0
Gemma-4-31B-IT,directllm,MMMU-Pro vision,mmmu_pro_test_Math_475,0,1,0.14832271987168144,4255.0
Gemma-4-31B-IT,directllm,MMMU-Pro vision,mmmu_pro_test_Math_476,0,1,0.04445319361908859,4903.0
Gemma-4-31B-IT,directllm,MMMU-Pro vision,mmmu_pro_test_Math_492,0,1,0.11163359682145071,1903.0
Gemma-4-31B-IT,directllm,MMMU-Pro vision,mmmu_pro_test_Math_504,0,1,0.09361992474526047,17633.0
Gemma-4-31B-IT,directllm,MMMU-Pro vision,mmmu_pro_test_Math_56,0,0,0.11640930905456418,2053.0
Gemma-4-31B-IT,directllm,MMMU-Pro vision,mmmu_pro_test_Math_65,0,0,0.1439727555171222,16409.0
Gemma-4-31B-IT,directllm,MMMU-Pro vision,mmmu_pro_test_Math_75,0,1,0.27091094320724596,3359.0
Gemma-4-31B-IT,directllm,MMMU-Pro vision,mmmu_pro_test_Math_80,0,1,0.14065230896550568,6154.0
Gemma-4-31B-IT,directllm,MMMU-Pro vision,mmmu_pro_test_Mechanical_Engineering_104,0,1,0.11050475683151863,2524.0
Gemma-4-31B-IT,directllm,MMMU-Pro vision,mmmu_pro_test_Mechanical_Engineering_123,0,1,0.05524685136001475,5736.0
Gemma-4-31B-IT,directllm,MMMU-Pro vision,mmmu_pro_test_Mechanical_Engineering_136,0,1,0.24516143753095118,9324.0
Gemma-4-31B-IT,directllm,MMMU-Pro vision,mmmu_pro_test_Mechanical_Engineering_173,0,0,0.12554557775614542,19378.0
Gemma-4-31B-IT,directllm,MMMU-Pro vision,mmmu_pro_test_Mechanical_Engineering_186,0,1,0.20897178544355322,6400.0
Gemma-4-31B-IT,directllm,MMMU-Pro vision,mmmu_pro_test_Mechanical_Engineering_190,0,0,0.09603882228158582,1041.0
Gemma-4-31B-IT,directllm,MMMU-Pro vision,mmmu_pro_test_Mechanical_Engineering_192,0,0,0.16080692780614075,11719.0
Gemma-4-31B-IT,directllm,MMMU-Pro vision,mmmu_pro_test_Mechanical_Engineering_201,0,1,0.33209767501910425,6509.0
Gemma-4-31B-IT,directllm,MMMU-Pro vision,mmmu_pro_test_Mechanical_Engineering_203,0,0,0.06355265203787083,19044.0
Gemma-4-31B-IT,directllm,MMMU-Pro vision,mmmu_pro_test_Mechanical_Engineering_205,0,1,0.26277545739896485,9910.0
Gemma-4-31B-IT,directllm,MMMU-Pro vision,mmmu_pro_test_Mechanical_Engineering_209,0,1,0.25059474331561354,6796.0
Gemma-4-31B-IT,directllm,MMMU-Pro vision,mmmu_pro_test_Mechanical_Engineering_230,0,0,0.057469182506600214,18862.0
Gemma-4-31B-IT,directllm,MMMU-Pro vision,mmmu_pro_test_Mechanical_Engineering_234,0,1,0.1816044911912861,10169.0
Gemma-4-31B-IT,directllm,MMMU-Pro vision,mmmu_pro_test_Mechanical_Engineering_257,0,0,0.285196285271226,9284.0
Gemma-4-31B-IT,directllm,MMMU-Pro vision,mmmu_pro_test_Mechanical_Engineering_275,0,1,0.1668067501714369,11757.0
Gemma-4-31B-IT,directllm,MMMU-Pro vision,mmmu_pro_test_Mechanical_Engineering_278,0,1,0.12032012662878387,8472.0
Gemma-4-31B-IT,directllm,MMMU-Pro vision,mmmu_pro_test_Mechanical_Engineering_279,0,1,0.06945679482086037,6199.0
Gemma-4-31B-IT,directllm,MMMU-Pro vision,mmmu_pro_test_Mechanical_Engineering_333,0,0,0.2936226488695269,4090.0
Gemma-4-31B-IT,directllm,MMMU-Pro vision,mmmu_pro_test_Mechanical_Engineering_338,0,0,0.1767429269208503,9645.0
Gemma-4-31B-IT,directllm,MMMU-Pro vision,mmmu_pro_test_Mechanical_Engineering_359,0,1,0.15477613427233394,16720.0
Gemma-4-31B-IT,directllm,MMMU-Pro vision,mmmu_pro_test_Mechanical_Engineering_372,0,1,0.2207013901653992,5782.0
Gemma-4-31B-IT,directllm,MMMU-Pro vision,mmmu_pro_test_Mechanical_Engineering_382,0,0,0.037725599067643355,18879.0
Gemma-4-31B-IT,directllm,MMMU-Pro vision,mmmu_pro_test_Mechanical_Engineering_392,0,0,0.1263947857503453,19405.0
Gemma-4-31B-IT,directllm,MMMU-Pro vision,mmmu_pro_test_Mechanical_Engineering_396,0,1,0.07842160031214379,3299.0
Gemma-4-31B-IT,directllm,MMMU-Pro vision,mmmu_pro_test_Mechanical_Engineering_409,0,1,0.1318466064331313,8271.0
Gemma-4-31B-IT,directllm,MMMU-Pro vision,mmmu_pro_test_Mechanical_Engineering_420,0,1,0.07797385877187704,2198.0
Gemma-4-31B-IT,directllm,MMMU-Pro vision,mmmu_pro_test_Mechanical_Engineering_55,0,0,0.14528911210798617,7808.0
Gemma-4-31B-IT,directllm,MMMU-Pro vision,mmmu_pro_test_Mechanical_Engineering_58,0,0,0.14466464443628896,8196.0
Gemma-4-31B-IT,directllm,MMMU-Pro vision,mmmu_pro_test_Mechanical_Engineering_62,0,1,0.1905404073639351,11663.0
Gemma-4-31B-IT,directllm,MMMU-Pro vision,mmmu_pro_test_Mechanical_Engineering_7,0,1,0.07085350671635234,2043.0
Gemma-4-31B-IT,directllm,MMMU-Pro vision,mmmu_pro_test_Mechanical_Engineering_78,0,1,0.12162071113669429,2930.0
Gemma-4-31B-IT,directllm,MMMU-Pro vision,mmmu_pro_test_Mechanical_Engineering_81,0,1,0.16505228704027378,3131.0
Gemma-4-31B-IT,directllm,MMMU-Pro vision,mmmu_pro_test_Mechanical_Engineering_87,0,1,0.12415271199032285,1551.0
Gemma-4-31B-IT,directllm,MMMU-Pro vision,mmmu_pro_test_Mechanical_Engineering_96,0,0,0.2961816169358681,8252.0
Gemma-4-31B-IT,directllm,MMMU-Pro vision,mmmu_pro_test_Music_103,0,0,0.059525433461669074,19137.0
Gemma-4-31B-IT,directllm,MMMU-Pro vision,mmmu_pro_test_Music_105,0,1,0.25644888508678026,2720.0
Gemma-4-31B-IT,directllm,MMMU-Pro vision,mmmu_pro_test_Music_11,0,1,0.22929151314421392,8499.0
Gemma-4-31B-IT,directllm,MMMU-Pro vision,mmmu_pro_test_Music_116,0,0,0.1881661275377283,1081.0
Gemma-4-31B-IT,directllm,MMMU-Pro vision,mmmu_pro_test_Music_123,0,1,0.27195412076710646,6122.0
Gemma-4-31B-IT,directllm,MMMU-Pro vision,mmmu_pro_test_Music_127,0,0,0.026708899295388083,18991.0
Gemma-4-31B-IT,directllm,MMMU-Pro vision,mmmu_pro_test_Music_133,0,1,0.17156214571550787,686.0
Gemma-4-31B-IT,directllm,MMMU-Pro vision,mmmu_pro_test_Music_134,0,0,0.04286149234229448,19092.0
Gemma-4-31B-IT,directllm,MMMU-Pro vision,mmmu_pro_test_Music_209,0,0,0.05197749886338218,19122.0
Gemma-4-31B-IT,directllm,MMMU-Pro vision,mmmu_pro_test_Music_210,0,0,0.23380712502458392,1494.0
Gemma-4-31B-IT,directllm,MMMU-Pro vision,mmmu_pro_test_Music_219,0,0,0.35980519801039534,3507.0
Gemma-4-31B-IT,directllm,MMMU-Pro vision,mmmu_pro_test_Music_222,0,0,0.20354800637235668,1396.0
Gemma-4-31B-IT,directllm,MMMU-Pro vision,mmmu_pro_test_Music_244,0,1,0.28457975534451585,3332.0
Gemma-4-31B-IT,directllm,MMMU-Pro vision,mmmu_pro_test_Music_247,0,1,0.19738345045606695,2472.0
Gemma-4-31B-IT,directllm,MMMU-Pro vision,mmmu_pro_test_Music_251,0,0,0.27053867995544323,8480.0
Gemma-4-31B-IT,directllm,MMMU-Pro vision,mmmu_pro_test_Music_264,0,1,0.2139106210578562,420.0
Gemma-4-31B-IT,directllm,MMMU-Pro vision,mmmu_pro_test_Music_289,0,1,0.24536236309044185,2998.0
Gemma-4-31B-IT,directllm,MMMU-Pro vision,mmmu_pro_test_Music_293,0,0,0.2823042376873127,4888.0
Gemma-4-31B-IT,directllm,MMMU-Pro vision,mmmu_pro_test_Music_299,0,0,0.09940157913802909,19177.0
Gemma-4-31B-IT,directllm,MMMU-Pro vision,mmmu_pro_test_Music_310,0,0,0.2436972003477116,12403.0
Gemma-4-31B-IT,directllm,MMMU-Pro vision,mmmu_pro_test_Music_317,0,1,0.2772714286909238,1245.0
Gemma-4-31B-IT,directllm,MMMU-Pro vision,mmmu_pro_test_Music_322,0,0,0.06928684222221909,19207.0
Gemma-4-31B-IT,directllm,MMMU-Pro vision,mmmu_pro_test_Music_324,0,0,0.1984118965932239,1746.0
Gemma-4-31B-IT,directllm,MMMU-Pro vision,mmmu_pro_test_Music_327,0,1,0.27670401875100853,2531.0
Gemma-4-31B-IT,directllm,MMMU-Pro vision,mmmu_pro_test_Music_333,0,0,0.23148942254230476,10388.0
Gemma-4-31B-IT,directllm,MMMU-Pro vision,mmmu_pro_test_Music_39,0,0,0.2981606116051439,4490.0
Gemma-4-31B-IT,directllm,MMMU-Pro vision,mmmu_pro_test_Music_42,0,0,0.18748891609761237,2905.0
Gemma-4-31B-IT,directllm,MMMU-Pro vision,mmmu_pro_test_Music_5,0,0,0.22084991557843656,4618.0
Gemma-4-31B-IT,directllm,MMMU-Pro vision,mmmu_pro_test_Music_53,0,0,0.023487981966185102,19090.0
Gemma-4-31B-IT,directllm,MMMU-Pro vision,mmmu_pro_test_Music_60,0,0,0.21382721495040355,11947.0
Gemma-4-31B-IT,directllm,MMMU-Pro vision,mmmu_pro_test_Music_70,0,0,0.037820315452803906,19288.0
Gemma-4-31B-IT,directllm,MMMU-Pro vision,mmmu_pro_test_Music_74,0,1,0.2857024085256751,1688.0
Gemma-4-31B-IT,directllm,MMMU-Pro vision,mmmu_pro_test_Pharmacy_140,0,1,0.16802767947110833,1180.0
Gemma-4-31B-IT,directllm,MMMU-Pro vision,mmmu_pro_test_Pharmacy_141,0,1,0.09545086073198329,1456.0
Gemma-4-31B-IT,directllm,MMMU-Pro vision,mmmu_pro_test_Pharmacy_170,0,1,0.1619839901221749,986.0
Gemma-4-31B-IT,directllm,MMMU-Pro vision,mmmu_pro_test_Pharmacy_174,0,1,0.05914693473185977,1870.0
Gemma-4-31B-IT,directllm,MMMU-Pro vision,mmmu_pro_test_Pharmacy_19,0,1,0.23022017280897658,926.0
Gemma-4-31B-IT,directllm,MMMU-Pro vision,mmmu_pro_test_Pharmacy_198,0,1,0.294737663053241,4505.0
Gemma-4-31B-IT,directllm,MMMU-Pro vision,mmmu_pro_test_Pharmacy_20,0,1,0.07136113937305424,2102.0
Gemma-4-31B-IT,directllm,MMMU-Pro vision,mmmu_pro_test_Pharmacy_201,0,0,0.24449984505068678,1030.0
Gemma-4-31B-IT,directllm,MMMU-Pro vision,mmmu_pro_test_Pharmacy_206,0,1,0.1990907458360975,510.0
Gemma-4-31B-IT,directllm,MMMU-Pro vision,mmmu_pro_test_Pharmacy_210,0,1,0.3299115871162282,4696.0
Gemma-4-31B-IT,directllm,MMMU-Pro vision,mmmu_pro_test_Pharmacy_211,0,1,0.2476259004169296,1641.0
Gemma-4-31B-IT,directllm,MMMU-Pro vision,mmmu_pro_test_Pharmacy_226,0,0,0.34748945925748137,5178.0
Gemma-4-31B-IT,directllm,MMMU-Pro vision,mmmu_pro_test_Pharmacy_230,0,1,0.21958255716116049,1052.0
Gemma-4-31B-IT,directllm,MMMU-Pro vision,mmmu_pro_test_Pharmacy_231,0,0,0.3504627055903123,3230.0
Gemma-4-31B-IT,directllm,MMMU-Pro vision,mmmu_pro_test_Pharmacy_234,0,0,0.2947965091148737,3096.0
Gemma-4-31B-IT,directllm,MMMU-Pro vision,mmmu_pro_test_Pharmacy_24,0,0,0.18845919800351196,10487.0
Gemma-4-31B-IT,directllm,MMMU-Pro vision,mmmu_pro_test_Pharmacy_242,0,1,0.27867605769526654,1115.0
Gemma-4-31B-IT,directllm,MMMU-Pro vision,mmmu_pro_test_Pharmacy_246,0,0,0.10439507711381246,18823.0
Gemma-4-31B-IT,directllm,MMMU-Pro vision,mmmu_pro_test_Pharmacy_254,0,1,0.38246868374984166,4591.0
Gemma-4-31B-IT,directllm,MMMU-Pro vision,mmmu_pro_test_Pharmacy_260,0,0,0.30858100901957647,6280.0
Gemma-4-31B-IT,directllm,MMMU-Pro vision,mmmu_pro_test_Pharmacy_280,0,0,0.40725076377838393,935.0
Gemma-4-31B-IT,directllm,MMMU-Pro vision,mmmu_pro_test_Pharmacy_287,0,1,0.18982624868188663,598.0
Gemma-4-31B-IT,directllm,MMMU-Pro vision,mmmu_pro_test_Pharmacy_308,0,1,0.1518689364220017,2664.0
Gemma-4-31B-IT,directllm,MMMU-Pro vision,mmmu_pro_test_Pharmacy_318,0,0,0.1580610454366669,6505.0
Gemma-4-31B-IT,directllm,MMMU-Pro vision,mmmu_pro_test_Pharmacy_333,0,1,0.13572046296414278,7764.0
Gemma-4-31B-IT,directllm,MMMU-Pro vision,mmmu_pro_test_Pharmacy_34,0,1,0.2927743822602352,1152.0
Gemma-4-31B-IT,directllm,MMMU-Pro vision,mmmu_pro_test_Pharmacy_35,0,0,0.06259538550343914,18805.0
Gemma-4-31B-IT,directllm,MMMU-Pro vision,mmmu_pro_test_Pharmacy_355,0,1,0.1297513671270074,1377.0
Gemma-4-31B-IT,directllm,MMMU-Pro vision,mmmu_pro_test_Pharmacy_393,0,0,0.0783772817010575,19057.0
Gemma-4-31B-IT,directllm,MMMU-Pro vision,mmmu_pro_test_Pharmacy_4,0,1,0.2623447424225559,2699.0
Gemma-4-31B-IT,directllm,MMMU-Pro vision,mmmu_pro_test_Pharmacy_410,0,0,0.3664701247082739,1278.0
Gemma-4-31B-IT,directllm,MMMU-Pro vision,mmmu_pro_test_Pharmacy_414,0,1,0.07435857553022392,1900.0
Gemma-4-31B-IT,directllm,MMMU-Pro vision,mmmu_pro_test_Pharmacy_415,0,1,0.11346223288542857,1593.0
Gemma-4-31B-IT,directllm,MMMU-Pro vision,mmmu_pro_test_Pharmacy_426,0,1,0.12439574924162705,3247.0
Gemma-4-31B-IT,directllm,MMMU-Pro vision,mmmu_pro_test_Pharmacy_427,0,1,0.1915394949769921,1133.0
Gemma-4-31B-IT,directllm,MMMU-Pro vision,mmmu_pro_test_Pharmacy_45,0,0,0.19103718785864443,4666.0
Gemma-4-31B-IT,directllm,MMMU-Pro vision,mmmu_pro_test_Pharmacy_78,0,1,0.35416379287731914,944.0
Gemma-4-31B-IT,directllm,MMMU-Pro vision,mmmu_pro_test_Pharmacy_83,0,0,0.22155963588700867,1087.0
Gemma-4-31B-IT,directllm,MMMU-Pro vision,mmmu_pro_test_Pharmacy_89,0,1,0.33394591103394056,1493.0
Gemma-4-31B-IT,directllm,MMMU-Pro vision,mmmu_pro_test_Pharmacy_96,0,1,0.18248347630240175,2987.0
Gemma-4-31B-IT,directllm,MMMU-Pro vision,mmmu_pro_test_Physics_103,0,1,0.17638829911894424,1365.0
Gemma-4-31B-IT,directllm,MMMU-Pro vision,mmmu_pro_test_Physics_118,0,1,0.23486858878204087,1565.0
Gemma-4-31B-IT,directllm,MMMU-Pro vision,mmmu_pro_test_Physics_127,0,0,0.21171745482955928,2873.0
Gemma-4-31B-IT,directllm,MMMU-Pro vision,mmmu_pro_test_Physics_156,0,1,0.39886527584254744,1951.0
Gemma-4-31B-IT,directllm,MMMU-Pro vision,mmmu_pro_test_Physics_16,0,0,0.17287650745630934,18810.0
Gemma-4-31B-IT,directllm,MMMU-Pro vision,mmmu_pro_test_Physics_161,0,0,0.23134713776160798,1833.0
Gemma-4-31B-IT,directllm,MMMU-Pro vision,mmmu_pro_test_Physics_166,0,0,0.21420808867013064,6273.0
Gemma-4-31B-IT,directllm,MMMU-Pro vision,mmmu_pro_test_Physics_173,0,1,0.1365701909036479,1331.0
Gemma-4-31B-IT,directllm,MMMU-Pro vision,mmmu_pro_test_Physics_174,0,1,0.07454040367743786,1295.0
Gemma-4-31B-IT,directllm,MMMU-Pro vision,mmmu_pro_test_Physics_20,0,0,0.32689788294430777,2834.0
Gemma-4-31B-IT,directllm,MMMU-Pro vision,mmmu_pro_test_Physics_201,0,0,0.25435465412140396,8552.0
Gemma-4-31B-IT,directllm,MMMU-Pro vision,mmmu_pro_test_Physics_210,0,0,0.2414633060562703,3666.0
Gemma-4-31B-IT,directllm,MMMU-Pro vision,mmmu_pro_test_Physics_214,0,0,0.020581760973951993,19149.0
Gemma-4-31B-IT,directllm,MMMU-Pro vision,mmmu_pro_test_Physics_218,0,1,0.11628571635753658,1635.0
Gemma-4-31B-IT,directllm,MMMU-Pro vision,mmmu_pro_test_Physics_224,0,1,0.2368589692981897,9064.0
Gemma-4-31B-IT,directllm,MMMU-Pro vision,mmmu_pro_test_Physics_243,0,1,0.2254470435763502,3901.0
Gemma-4-31B-IT,directllm,MMMU-Pro vision,mmmu_pro_test_Physics_252,0,1,0.1865238999145819,10270.0
Gemma-4-31B-IT,directllm,MMMU-Pro vision,mmmu_pro_test_Physics_253,0,1,0.17514931195719,1668.0
Gemma-4-31B-IT,directllm,MMMU-Pro vision,mmmu_pro_test_Physics_275,0,0,0.16972874079605343,2404.0
Gemma-4-31B-IT,directllm,MMMU-Pro vision,mmmu_pro_test_Physics_292,0,1,0.13504873780893314,14545.0
Gemma-4-31B-IT,directllm,MMMU-Pro vision,mmmu_pro_test_Physics_293,0,1,0.09710276866520957,2079.0
Gemma-4-31B-IT,directllm,MMMU-Pro vision,mmmu_pro_test_Physics_30,0,0,0.056168267469554334,18978.0
Gemma-4-31B-IT,directllm,MMMU-Pro vision,mmmu_pro_test_Physics_307,0,1,0.10785609072064715,962.0
Gemma-4-31B-IT,directllm,MMMU-Pro vision,mmmu_pro_test_Physics_34,0,1,0.09596944920867022,1933.0
Gemma-4-31B-IT,directllm,MMMU-Pro vision,mmmu_pro_test_Physics_353,0,1,0.08554609763795043,1637.0
Gemma-4-31B-IT,directllm,MMMU-Pro vision,mmmu_pro_test_Physics_359,0,0,0.13084994749201312,18851.0
Gemma-4-31B-IT,directllm,MMMU-Pro vision,mmmu_pro_test_Physics_369,0,1,0.1486656551973146,1215.0
Gemma-4-31B-IT,directllm,MMMU-Pro vision,mmmu_pro_test_Physics_384,0,0,0.17538387326622845,5473.0
Gemma-4-31B-IT,directllm,MMMU-Pro vision,mmmu_pro_test_Physics_386,0,1,0.0919618917974471,1261.0
Gemma-4-31B-IT,directllm,MMMU-Pro vision,mmmu_pro_test_Physics_397,0,1,0.23519542623525108,7275.0
Gemma-4-31B-IT,directllm,MMMU-Pro vision,mmmu_pro_test_Physics_40,0,0,0.04289393239180138,18982.0
Gemma-4-31B-IT,directllm,MMMU-Pro vision,mmmu_pro_test_Physics_401,0,0,0.2952868218182058,5177.0
Gemma-4-31B-IT,directllm,MMMU-Pro vision,mmmu_pro_test_Physics_406,0,0,0.2848530569707238,9582.0
Gemma-4-31B-IT,directllm,MMMU-Pro vision,mmmu_pro_test_Physics_61,0,0,0.275590970956311,11304.0
Gemma-4-31B-IT,directllm,MMMU-Pro vision,mmmu_pro_test_Physics_85,0,0,0.17154475306472894,1467.0
Gemma-4-31B-IT,directllm,MMMU-Pro vision,mmmu_pro_test_Physics_98,0,1,0.257523166026794,7620.0
Gemma-4-31B-IT,directllm,MMMU-Pro vision,mmmu_pro_test_Psychology_103,0,0,0.2650315423191006,911.0
Gemma-4-31B-IT,directllm,MMMU-Pro vision,mmmu_pro_test_Psychology_105,0,0,0.295588154204023,1091.0
Gemma-4-31B-IT,directllm,MMMU-Pro vision,mmmu_pro_test_Psychology_106,0,1,0.2768866613317044,1099.0
Gemma-4-31B-IT,directllm,MMMU-Pro vision,mmmu_pro_test_Psychology_111,0,1,0.3772477880961546,2638.0
Gemma-4-31B-IT,directllm,MMMU-Pro vision,mmmu_pro_test_Psychology_128,0,0,0.2855787666454507,797.0
Gemma-4-31B-IT,directllm,MMMU-Pro vision,mmmu_pro_test_Psychology_149,0,1,0.14310162489425415,558.0
Gemma-4-31B-IT,directllm,MMMU-Pro vision,mmmu_pro_test_Psychology_15,0,1,0.15656553262770986,629.0
Gemma-4-31B-IT,directllm,MMMU-Pro vision,mmmu_pro_test_Psychology_151,0,0,0.2843457155294087,2817.0
Gemma-4-31B-IT,directllm,MMMU-Pro vision,mmmu_pro_test_Psychology_153,0,0,0.26864682005693874,7614.0
Gemma-4-31B-IT,directllm,MMMU-Pro vision,mmmu_pro_test_Psychology_155,0,1,0.32102539292260124,2600.0
Gemma-4-31B-IT,directllm,MMMU-Pro vision,mmmu_pro_test_Psychology_157,0,0,0.3325883490919719,4491.0
Gemma-4-31B-IT,directllm,MMMU-Pro vision,mmmu_pro_test_Psychology_159,0,1,0.2931930854745027,854.0
Gemma-4-31B-IT,directllm,MMMU-Pro vision,mmmu_pro_test_Psychology_163,0,0,0.41173480547748015,2925.0
Gemma-4-31B-IT,directllm,MMMU-Pro vision,mmmu_pro_test_Psychology_176,0,1,0.25536751250571743,2162.0
Gemma-4-31B-IT,directllm,MMMU-Pro vision,mmmu_pro_test_Psychology_180,0,1,0.19060546344877505,1750.0
Gemma-4-31B-IT,directllm,MMMU-Pro vision,mmmu_pro_test_Psychology_196,0,1,0.3232554501173757,1614.0
Gemma-4-31B-IT,directllm,MMMU-Pro vision,mmmu_pro_test_Psychology_201,0,1,0.3116565794227723,1178.0
Gemma-4-31B-IT,directllm,MMMU-Pro vision,mmmu_pro_test_Psychology_21,0,1,0.19096246786812698,1186.0
Gemma-4-31B-IT,directllm,MMMU-Pro vision,mmmu_pro_test_Psychology_213,0,0,0.2953787468105279,8262.0
Gemma-4-31B-IT,directllm,MMMU-Pro vision,mmmu_pro_test_Psychology_220,0,0,0.19594872119382264,1055.0
Gemma-4-31B-IT,directllm,MMMU-Pro vision,mmmu_pro_test_Psychology_223,0,0,0.3489486703037078,2265.0
Gemma-4-31B-IT,directllm,MMMU-Pro vision,mmmu_pro_test_Psychology_225,0,0,0.3120761342484044,1831.0
Gemma-4-31B-IT,directllm,MMMU-Pro vision,mmmu_pro_test_Psychology_228,0,1,0.25935741974291654,1648.0
Gemma-4-31B-IT,directllm,MMMU-Pro vision,mmmu_pro_test_Psychology_233,0,0,0.31015479383962014,946.0
Gemma-4-31B-IT,directllm,MMMU-Pro vision,mmmu_pro_test_Psychology_245,0,0,0.2508009056441422,1101.0
Gemma-4-31B-IT,directllm,MMMU-Pro vision,mmmu_pro_test_Psychology_258,0,1,0.19671702072039432,2000.0
Gemma-4-31B-IT,directllm,MMMU-Pro vision,mmmu_pro_test_Psychology_270,0,0,0.30819165815205013,11471.0
Gemma-4-31B-IT,directllm,MMMU-Pro vision,mmmu_pro_test_Psychology_285,0,1,0.15838353394290336,1027.0
Gemma-4-31B-IT,directllm,MMMU-Pro vision,mmmu_pro_test_Psychology_293,0,0,0.28679221716011033,1610.0
Gemma-4-31B-IT,directllm,MMMU-Pro vision,mmmu_pro_test_Psychology_33,0,1,0.10120351146621495,560.0
Gemma-4-31B-IT,directllm,MMMU-Pro vision,mmmu_pro_test_Psychology_35,0,1,0.22544097652357867,1210.0
Gemma-4-31B-IT,directllm,MMMU-Pro vision,mmmu_pro_test_Psychology_44,0,0,0.3067509590749869,3089.0
Gemma-4-31B-IT,directllm,MMMU-Pro vision,mmmu_pro_test_Psychology_56,0,1,0.25234731285800116,1827.0
Gemma-4-31B-IT,directllm,MMMU-Pro vision,mmmu_pro_test_Psychology_63,0,1,0.293725801543911,1266.0
Gemma-4-31B-IT,directllm,MMMU-Pro vision,mmmu_pro_test_Psychology_65,0,1,0.1947129783335004,1336.0
Gemma-4-31B-IT,directllm,MMMU-Pro vision,mmmu_pro_test_Psychology_69,0,0,0.27338284239049865,7925.0
Gemma-4-31B-IT,directllm,MMMU-Pro vision,mmmu_pro_test_Psychology_78,0,0,0.23693535281468794,2054.0
Gemma-4-31B-IT,directllm,MMMU-Pro vision,mmmu_pro_test_Psychology_83,0,1,0.20481597070024235,1004.0
Gemma-4-31B-IT,directllm,MMMU-Pro vision,mmmu_pro_test_Psychology_85,0,0,0.3091642109221789,2653.0
Gemma-4-31B-IT,directllm,MMMU-Pro vision,mmmu_pro_test_Psychology_88,0,0,0.36002339734625144,1568.0
Gemma-4-31B-IT,directllm,MMMU-Pro vision,mmmu_pro_test_Psychology_96,0,1,0.26590281197054394,1358.0
Gemma-4-31B-IT,directllm,MMMU-Pro vision,mmmu_pro_test_Public_Health_103,0,1,0.08905860854960528,1115.0
Gemma-4-31B-IT,directllm,MMMU-Pro vision,mmmu_pro_test_Public_Health_127,0,1,0.15300409244826835,2296.0
Gemma-4-31B-IT,directllm,MMMU-Pro vision,mmmu_pro_test_Public_Health_152,0,1,0.22998787794925468,1562.0
Gemma-4-31B-IT,directllm,MMMU-Pro vision,mmmu_pro_test_Public_Health_166,0,1,0.2895838820037109,1555.0
Gemma-4-31B-IT,directllm,MMMU-Pro vision,mmmu_pro_test_Public_Health_169,0,0,0.10223256130257484,19141.0
Gemma-4-31B-IT,directllm,MMMU-Pro vision,mmmu_pro_test_Public_Health_179,0,1,0.12677218397123197,1071.0
Gemma-4-31B-IT,directllm,MMMU-Pro vision,mmmu_pro_test_Public_Health_186,0,0,0.11046646777292166,1685.0
Gemma-4-31B-IT,directllm,MMMU-Pro vision,mmmu_pro_test_Public_Health_189,0,1,0.18176975383327706,1842.0
Gemma-4-31B-IT,directllm,MMMU-Pro vision,mmmu_pro_test_Public_Health_19,0,1,0.07380958878185226,1538.0
Gemma-4-31B-IT,directllm,MMMU-Pro vision,mmmu_pro_test_Public_Health_191,0,1,0.31711450894159077,1667.0
Gemma-4-31B-IT,directllm,MMMU-Pro vision,mmmu_pro_test_Public_Health_199,0,1,0.15373675946154378,1531.0
Gemma-4-31B-IT,directllm,MMMU-Pro vision,mmmu_pro_test_Public_Health_208,0,1,0.21200339567921703,918.0
Gemma-4-31B-IT,directllm,MMMU-Pro vision,mmmu_pro_test_Public_Health_212,0,1,0.21060207107224596,9576.0
Gemma-4-31B-IT,directllm,MMMU-Pro vision,mmmu_pro_test_Public_Health_223,0,1,0.22644008545633224,2975.0
Gemma-4-31B-IT,directllm,MMMU-Pro vision,mmmu_pro_test_Public_Health_239,0,0,0.14960613523221494,11040.0
Gemma-4-31B-IT,directllm,MMMU-Pro vision,mmmu_pro_test_Public_Health_240,0,1,0.29709577675611537,2166.0
Gemma-4-31B-IT,directllm,MMMU-Pro vision,mmmu_pro_test_Public_Health_243,0,0,0.1652005242279136,1126.0
Gemma-4-31B-IT,directllm,MMMU-Pro vision,mmmu_pro_test_Public_Health_248,0,0,0.026061091217396654,18998.0
Gemma-4-31B-IT,directllm,MMMU-Pro vision,mmmu_pro_test_Public_Health_266,0,1,0.1602722604438419,1476.0
Gemma-4-31B-IT,directllm,MMMU-Pro vision,mmmu_pro_test_Public_Health_28,0,0,0.1491590236447064,10843.0
Gemma-4-31B-IT,directllm,MMMU-Pro vision,mmmu_pro_test_Public_Health_291,0,1,0.13909490408616282,1283.0
Gemma-4-31B-IT,directllm,MMMU-Pro vision,mmmu_pro_test_Public_Health_295,0,1,0.18961244224461235,3240.0
Gemma-4-31B-IT,directllm,MMMU-Pro vision,mmmu_pro_test_Public_Health_300,0,1,0.1556372772302017,1052.0
Gemma-4-31B-IT,directllm,MMMU-Pro vision,mmmu_pro_test_Public_Health_309,0,1,0.20279681462865706,1449.0
Gemma-4-31B-IT,directllm,MMMU-Pro vision,mmmu_pro_test_Public_Health_331,0,1,0.1786997870417946,8069.0
Gemma-4-31B-IT,directllm,MMMU-Pro vision,mmmu_pro_test_Public_Health_338,0,1,0.23289605317322404,1703.0
Gemma-4-31B-IT,directllm,MMMU-Pro vision,mmmu_pro_test_Public_Health_353,0,1,0.19291669992340235,3292.0
Gemma-4-31B-IT,directllm,MMMU-Pro vision,mmmu_pro_test_Public_Health_360,0,1,0.10473908675137934,1171.0
Gemma-4-31B-IT,directllm,MMMU-Pro vision,mmmu_pro_test_Public_Health_381,0,1,0.08182418249506253,1993.0
Gemma-4-31B-IT,directllm,MMMU-Pro vision,mmmu_pro_test_Public_Health_388,0,1,0.09373955925898479,1047.0
Gemma-4-31B-IT,directllm,MMMU-Pro vision,mmmu_pro_test_Public_Health_39,0,1,0.10698631876962603,1550.0
Gemma-4-31B-IT,directllm,MMMU-Pro vision,mmmu_pro_test_Public_Health_4,0,1,0.12183171519682806,963.0
Gemma-4-31B-IT,directllm,MMMU-Pro vision,mmmu_pro_test_Public_Health_427,0,0,0.2785917929917878,1447.0
Gemma-4-31B-IT,directllm,MMMU-Pro vision,mmmu_pro_test_Public_Health_463,0,1,0.08432346608482841,1194.0
Gemma-4-31B-IT,directllm,MMMU-Pro vision,mmmu_pro_test_Public_Health_465,0,1,0.0851524940657881,7976.0
Gemma-4-31B-IT,directllm,MMMU-Pro vision,mmmu_pro_test_Public_Health_470,0,0,0.1074040066374306,15233.0
Gemma-4-31B-IT,directllm,MMMU-Pro vision,mmmu_pro_test_Public_Health_509,0,1,0.13300487057516433,1377.0
Gemma-4-31B-IT,directllm,MMMU-Pro vision,mmmu_pro_test_Public_Health_84,0,1,0.10409920777166255,965.0
Gemma-4-31B-IT,directllm,MMMU-Pro vision,mmmu_pro_test_Sociology_1,0,1,0.28111606550079565,770.0
Gemma-4-31B-IT,directllm,MMMU-Pro vision,mmmu_pro_test_Sociology_102,0,0,0.43320594483842145,1851.0
Gemma-4-31B-IT,directllm,MMMU-Pro vision,mmmu_pro_test_Sociology_114,0,1,0.3170882502992324,2671.0
Gemma-4-31B-IT,directllm,MMMU-Pro vision,mmmu_pro_test_Sociology_122,0,0,0.30993819066295536,957.0
Gemma-4-31B-IT,directllm,MMMU-Pro vision,mmmu_pro_test_Sociology_125,0,1,0.3674134214719001,1565.0
Gemma-4-31B-IT,directllm,MMMU-Pro vision,mmmu_pro_test_Sociology_140,0,0,0.3350819885470433,2488.0
Gemma-4-31B-IT,directllm,MMMU-Pro vision,mmmu_pro_test_Sociology_145,0,1,0.4133822587691191,1456.0
Gemma-4-31B-IT,directllm,MMMU-Pro vision,mmmu_pro_test_Sociology_155,0,1,0.25618207845442165,597.0
Gemma-4-31B-IT,directllm,MMMU-Pro vision,mmmu_pro_test_Sociology_168,0,1,0.22092501026418065,636.0
Gemma-4-31B-IT,directllm,MMMU-Pro vision,mmmu_pro_test_Sociology_176,0,1,0.271542343600055,1582.0
Gemma-4-31B-IT,directllm,MMMU-Pro vision,mmmu_pro_test_Sociology_177,0,1,0.3308728625070779,990.0
Gemma-4-31B-IT,directllm,MMMU-Pro vision,mmmu_pro_test_Sociology_18,0,1,0.30288780195686393,275.0
Gemma-4-31B-IT,directllm,MMMU-Pro vision,mmmu_pro_test_Sociology_180,0,1,0.22289620412428177,790.0
Gemma-4-31B-IT,directllm,MMMU-Pro vision,mmmu_pro_test_Sociology_181,0,0,0.37172965372918404,6051.0
Gemma-4-31B-IT,directllm,MMMU-Pro vision,mmmu_pro_test_Sociology_191,0,0,0.341210608557007,1823.0
Gemma-4-31B-IT,directllm,MMMU-Pro vision,mmmu_pro_test_Sociology_20,0,0,0.3554013619547393,1607.0
Gemma-4-31B-IT,directllm,MMMU-Pro vision,mmmu_pro_test_Sociology_202,0,1,0.19629246193435412,887.0
Gemma-4-31B-IT,directllm,MMMU-Pro vision,mmmu_pro_test_Sociology_213,0,1,0.2767880026300786,969.0
Gemma-4-31B-IT,directllm,MMMU-Pro vision,mmmu_pro_test_Sociology_214,0,1,0.29391722767213274,1007.0
Gemma-4-31B-IT,directllm,MMMU-Pro vision,mmmu_pro_test_Sociology_219,0,1,0.23285091628447713,781.0
Gemma-4-31B-IT,directllm,MMMU-Pro vision,mmmu_pro_test_Sociology_229,0,0,0.2650368749221785,2035.0
Gemma-4-31B-IT,directllm,MMMU-Pro vision,mmmu_pro_test_Sociology_230,0,1,0.37149462243220105,1147.0
Gemma-4-31B-IT,directllm,MMMU-Pro vision,mmmu_pro_test_Sociology_245,0,1,0.3522244693458386,1337.0
Gemma-4-31B-IT,directllm,MMMU-Pro vision,mmmu_pro_test_Sociology_26,0,1,0.33761262573323786,752.0
Gemma-4-31B-IT,directllm,MMMU-Pro vision,mmmu_pro_test_Sociology_39,0,1,0.3525248958966337,4987.0
Gemma-4-31B-IT,directllm,MMMU-Pro vision,mmmu_pro_test_Sociology_4,0,0,0.3274063101461,678.0
Gemma-4-31B-IT,directllm,MMMU-Pro vision,mmmu_pro_test_Sociology_40,0,0,0.2732022309043467,427.0
Gemma-4-31B-IT,directllm,MMMU-Pro vision,mmmu_pro_test_Sociology_47,0,1,0.13900700992138573,661.0
Gemma-4-31B-IT,directllm,MMMU-Pro vision,mmmu_pro_test_Sociology_52,0,1,0.14005988826640592,601.0
Gemma-4-31B-IT,directllm,MMMU-Pro vision,mmmu_pro_test_Sociology_63,0,1,0.17053030028412974,465.0
Gemma-4-31B-IT,directllm,MMMU-Pro vision,mmmu_pro_test_Sociology_68,0,1,0.295701688324769,500.0
Gemma-4-31B-IT,directllm,MMMU-Pro vision,mmmu_pro_test_Sociology_77,0,1,0.23743526817647403,1018.0
Gemma-4-31B-IT,directllm,MMMU-Pro vision,mmmu_pro_test_Sociology_83,0,1,0.12868739782749938,350.0
Gemma-4-31B-IT,directllm,MMMU-Pro vision,mmmu_pro_test_Sociology_9,0,1,0.2768069689280576,1246.0
Gemma-4-31B-IT,directllm,MMMU-Pro vision,mmmu_pro_test_Sociology_90,0,0,0.33958031353758245,3437.0
Gemma-4-31B-IT,directllm,MMMU-Pro vision,mmmu_pro_test_Sociology_93,0,0,0.3071290446963849,1619.0
Gemma-4-31B-IT,directllm,MMMU-Pro vision,mmmu_pro_test_Sociology_96,0,1,0.2821368900171941,613.0
Gemma-4-31B-IT,directllm,MMMU-Pro vision,mmmu_pro_test_Sociology_99,0,1,0.16019833388650553,490.0
Gemma-4-31B-IT,directllm,MMMU-Pro vision,mmmu_pro_validation_Accounting_10,0,1,0.0718956913079964,1603.0
Gemma-4-31B-IT,directllm,MMMU-Pro vision,mmmu_pro_validation_Accounting_11,0,1,0.1479257191502873,969.0
Gemma-4-31B-IT,directllm,MMMU-Pro vision,mmmu_pro_validation_Accounting_13,0,1,0.17930385120885745,1356.0
Gemma-4-31B-IT,directllm,MMMU-Pro vision,mmmu_pro_validation_Accounting_14,0,1,0.12536792512365877,1084.0
Gemma-4-31B-IT,directllm,MMMU-Pro vision,mmmu_pro_validation_Accounting_15,0,0,0.11433803195550596,18795.0
Gemma-4-31B-IT,directllm,MMMU-Pro vision,mmmu_pro_validation_Accounting_16,0,1,0.0703916231592936,994.0
Gemma-4-31B-IT,directllm,MMMU-Pro vision,mmmu_pro_validation_Accounting_17,0,1,0.2043979357899617,4621.0
Gemma-4-31B-IT,directllm,MMMU-Pro vision,mmmu_pro_validation_Accounting_18,0,1,0.10695178880477417,1115.0
Gemma-4-31B-IT,directllm,MMMU-Pro vision,mmmu_pro_validation_Accounting_19,0,0,0.1343705571162715,1709.0
Gemma-4-31B-IT,directllm,MMMU-Pro vision,mmmu_pro_validation_Accounting_2,0,1,0.04291362362995974,2070.0
Gemma-4-31B-IT,directllm,MMMU-Pro vision,mmmu_pro_validation_Accounting_20,0,0,0.14939586631107768,6870.0
Gemma-4-31B-IT,directllm,MMMU-Pro vision,mmmu_pro_validation_Accounting_21,0,1,0.14957353114566263,12692.0
Gemma-4-31B-IT,directllm,MMMU-Pro vision,mmmu_pro_validation_Accounting_23,0,1,0.15112923234505451,1174.0
Gemma-4-31B-IT,directllm,MMMU-Pro vision,mmmu_pro_validation_Accounting_24,0,1,0.20236740948629225,2879.0
Gemma-4-31B-IT,directllm,MMMU-Pro vision,mmmu_pro_validation_Accounting_26,0,1,0.16772785928347267,3519.0
Gemma-4-31B-IT,directllm,MMMU-Pro vision,mmmu_pro_validation_Accounting_27,0,1,0.06455887355981818,1111.0
Gemma-4-31B-IT,directllm,MMMU-Pro vision,mmmu_pro_validation_Accounting_29,0,1,0.14144281429719,1032.0
Gemma-4-31B-IT,directllm,MMMU-Pro vision,mmmu_pro_validation_Accounting_3,0,1,0.061332047211473846,2030.0
Gemma-4-31B-IT,directllm,MMMU-Pro vision,mmmu_pro_validation_Accounting_30,0,0,0.06583413224123788,1649.0
Gemma-4-31B-IT,directllm,MMMU-Pro vision,mmmu_pro_validation_Accounting_4,0,1,0.08013660594583961,729.0
Gemma-4-31B-IT,directllm,MMMU-Pro vision,mmmu_pro_validation_Accounting_5,0,0,0.08697641904255565,18789.0
Gemma-4-31B-IT,directllm,MMMU-Pro vision,mmmu_pro_validation_Accounting_6,0,1,0.12569604330505993,2196.0
Gemma-4-31B-IT,directllm,MMMU-Pro vision,mmmu_pro_validation_Accounting_7,0,1,0.1287405603543651,11098.0
Gemma-4-31B-IT,directllm,MMMU-Pro vision,mmmu_pro_validation_Accounting_8,0,1,0.12043262408817289,1302.0
Gemma-4-31B-IT,directllm,MMMU-Pro vision,mmmu_pro_validation_Accounting_9,0,1,0.17410393184694847,1714.0
Gemma-4-31B-IT,directllm,MMMU-Pro vision,mmmu_pro_validation_Agriculture_1,0,1,0.35785212764851376,821.0
Gemma-4-31B-IT,directllm,MMMU-Pro vision,mmmu_pro_validation_Agriculture_10,0,1,0.37787178518488557,765.0
Gemma-4-31B-IT,directllm,MMMU-Pro vision,mmmu_pro_validation_Agriculture_11,0,0,0.34443586617918204,1464.0
Gemma-4-31B-IT,directllm,MMMU-Pro vision,mmmu_pro_validation_Agriculture_12,0,0,0.1944642487516176,1020.0
Gemma-4-31B-IT,directllm,MMMU-Pro vision,mmmu_pro_validation_Agriculture_13,0,0,0.3009749979869706,1006.0
Gemma-4-31B-IT,directllm,MMMU-Pro vision,mmmu_pro_validation_Agriculture_17,0,0,0.4692778806841759,2303.0
Gemma-4-31B-IT,directllm,MMMU-Pro vision,mmmu_pro_validation_Agriculture_18,0,1,0.3742587066542474,819.0
Gemma-4-31B-IT,directllm,MMMU-Pro vision,mmmu_pro_validation_Agriculture_20,0,1,0.3616347273943776,1234.0
Gemma-4-31B-IT,directllm,MMMU-Pro vision,mmmu_pro_validation_Agriculture_21,0,1,0.42650937028241004,1453.0
Gemma-4-31B-IT,directllm,MMMU-Pro vision,mmmu_pro_validation_Agriculture_22,0,1,0.4237362286071237,1856.0
Gemma-4-31B-IT,directllm,MMMU-Pro vision,mmmu_pro_validation_Agriculture_23,0,1,0.3903609212819937,1355.0
Gemma-4-31B-IT,directllm,MMMU-Pro vision,mmmu_pro_validation_Agriculture_27,0,1,0.3032038711304785,991.0
Gemma-4-31B-IT,directllm,MMMU-Pro vision,mmmu_pro_validation_Agriculture_29,0,1,0.3281041255278022,633.0
Gemma-4-31B-IT,directllm,MMMU-Pro vision,mmmu_pro_validation_Agriculture_3,0,1,0.43028537564881075,1187.0
Gemma-4-31B-IT,directllm,MMMU-Pro vision,mmmu_pro_validation_Agriculture_4,0,1,0.2816587483487957,491.0
Gemma-4-31B-IT,directllm,MMMU-Pro vision,mmmu_pro_validation_Agriculture_5,0,0,0.3339846669762618,1511.0
Gemma-4-31B-IT,directllm,MMMU-Pro vision,mmmu_pro_validation_Agriculture_6,0,1,0.22133947370938473,774.0
Gemma-4-31B-IT,directllm,MMMU-Pro vision,mmmu_pro_validation_Agriculture_8,0,0,0.3562519510122675,1182.0
Gemma-4-31B-IT,directllm,MMMU-Pro vision,mmmu_pro_validation_Agriculture_9,0,1,0.3211140362885268,1143.0
Gemma-4-31B-IT,directllm,MMMU-Pro vision,mmmu_pro_validation_Architecture_and_Engineering_10,0,1,0.09067852166107755,3073.0
Gemma-4-31B-IT,directllm,MMMU-Pro vision,mmmu_pro_validation_Architecture_and_Engineering_11,0,1,0.12275898772739585,2548.0
Gemma-4-31B-IT,directllm,MMMU-Pro vision,mmmu_pro_validation_Architecture_and_Engineering_12,0,1,0.09635506974588277,10732.0
Gemma-4-31B-IT,directllm,MMMU-Pro vision,mmmu_pro_validation_Architecture_and_Engineering_13,0,1,0.09345542933213802,9385.0
Gemma-4-31B-IT,directllm,MMMU-Pro vision,mmmu_pro_validation_Architecture_and_Engineering_15,0,0,0.15084601494604863,13770.0
Gemma-4-31B-IT,directllm,MMMU-Pro vision,mmmu_pro_validation_Architecture_and_Engineering_17,0,1,0.13928552268256103,9775.0
Gemma-4-31B-IT,directllm,MMMU-Pro vision,mmmu_pro_validation_Architecture_and_Engineering_20,0,1,0.15431292302792984,5682.0
Gemma-4-31B-IT,directllm,MMMU-Pro vision,mmmu_pro_validation_Architecture_and_Engineering_21,0,1,0.13433375612613882,4127.0
Gemma-4-31B-IT,directllm,MMMU-Pro vision,mmmu_pro_validation_Architecture_and_Engineering_22,0,1,0.1419562486664182,7496.0
Gemma-4-31B-IT,directllm,MMMU-Pro vision,mmmu_pro_validation_Architecture_and_Engineering_23,0,1,0.11046510493217965,11372.0
Gemma-4-31B-IT,directllm,MMMU-Pro vision,mmmu_pro_validation_Architecture_and_Engineering_24,0,1,0.11027788988887818,2641.0
Gemma-4-31B-IT,directllm,MMMU-Pro vision,mmmu_pro_validation_Architecture_and_Engineering_26,0,1,0.0970548987966742,7872.0
Gemma-4-31B-IT,directllm,MMMU-Pro vision,mmmu_pro_validation_Architecture_and_Engineering_27,0,0,0.1446364674932825,7714.0
Gemma-4-31B-IT,directllm,MMMU-Pro vision,mmmu_pro_validation_Architecture_and_Engineering_28,0,1,0.451243745773625,1144.0
Gemma-4-31B-IT,directllm,MMMU-Pro vision,mmmu_pro_validation_Architecture_and_Engineering_29,0,1,0.09257780263383432,5572.0
Gemma-4-31B-IT,directllm,MMMU-Pro vision,mmmu_pro_validation_Architecture_and_Engineering_3,0,0,0.11519580749052848,19011.0
Gemma-4-31B-IT,directllm,MMMU-Pro vision,mmmu_pro_validation_Architecture_and_Engineering_30,0,1,0.1471332344417953,10290.0
Gemma-4-31B-IT,directllm,MMMU-Pro vision,mmmu_pro_validation_Architecture_and_Engineering_4,0,1,0.12461633661560446,9067.0
Gemma-4-31B-IT,directllm,MMMU-Pro vision,mmmu_pro_validation_Architecture_and_Engineering_5,0,1,0.11604118735706005,3809.0
Gemma-4-31B-IT,directllm,MMMU-Pro vision,mmmu_pro_validation_Architecture_and_Engineering_7,0,1,0.15005779066144787,3784.0
Gemma-4-31B-IT,directllm,MMMU-Pro vision,mmmu_pro_validation_Architecture_and_Engineering_8,0,1,0.06625648374470926,5313.0
Gemma-4-31B-IT,directllm,MMMU-Pro vision,mmmu_pro_validation_Architecture_and_Engineering_9,0,1,0.08142279793717537,4600.0
Gemma-4-31B-IT,directllm,MMMU-Pro vision,mmmu_pro_validation_Art_10,0,1,0.17279322671043543,438.0
Gemma-4-31B-IT,directllm,MMMU-Pro vision,mmmu_pro_validation_Art_12,0,0,0.3891173054570559,1019.0
Gemma-4-31B-IT,directllm,MMMU-Pro vision,mmmu_pro_validation_Art_13,0,1,0.3952585798617784,951.0
Gemma-4-31B-IT,directllm,MMMU-Pro vision,mmmu_pro_validation_Art_14,0,0,0.4078199209202382,932.0
Gemma-4-31B-IT,directllm,MMMU-Pro vision,mmmu_pro_validation_Art_15,0,0,0.4889737676814373,1347.0
Gemma-4-31B-IT,directllm,MMMU-Pro vision,mmmu_pro_validation_Art_16,0,1,0.3895927421556832,2993.0
Gemma-4-31B-IT,directllm,MMMU-Pro vision,mmmu_pro_validation_Art_18,0,1,0.2663411400683883,701.0
Gemma-4-31B-IT,directllm,MMMU-Pro vision,mmmu_pro_validation_Art_19,0,0,0.38991341886422154,6263.0
Gemma-4-31B-IT,directllm,MMMU-Pro vision,mmmu_pro_validation_Art_2,0,1,0.29057449852134837,607.0
Gemma-4-31B-IT,directllm,MMMU-Pro vision,mmmu_pro_validation_Art_25,0,1,0.22236860228503053,609.0
Gemma-4-31B-IT,directllm,MMMU-Pro vision,mmmu_pro_validation_Art_26,0,0,0.4873153469338517,1190.0
Gemma-4-31B-IT,directllm,MMMU-Pro vision,mmmu_pro_validation_Art_29,0,1,0.37751554149164224,1071.0
Gemma-4-31B-IT,directllm,MMMU-Pro vision,mmmu_pro_validation_Art_3,0,1,0.2530699038058225,820.0
Gemma-4-31B-IT,directllm,MMMU-Pro vision,mmmu_pro_validation_Art_30,0,0,0.38064240420153905,750.0
Gemma-4-31B-IT,directllm,MMMU-Pro vision,mmmu_pro_validation_Art_4,0,1,0.28472003271977336,798.0
Gemma-4-31B-IT,directllm,MMMU-Pro vision,mmmu_pro_validation_Art_5,0,1,0.3583415401942971,884.0
Gemma-4-31B-IT,directllm,MMMU-Pro vision,mmmu_pro_validation_Art_6,0,1,0.16584173867758914,553.0
Gemma-4-31B-IT,directllm,MMMU-Pro vision,mmmu_pro_validation_Art_7,0,1,0.218555443996037,365.0
Gemma-4-31B-IT,directllm,MMMU-Pro vision,mmmu_pro_validation_Art_Theory_10,0,1,0.38559523788670325,852.0
Gemma-4-31B-IT,directllm,MMMU-Pro vision,mmmu_pro_validation_Art_Theory_12,0,0,0.38902280980532666,1339.0
Gemma-4-31B-IT,directllm,MMMU-Pro vision,mmmu_pro_validation_Art_Theory_14,0,1,0.38033119753612976,1000.0
Gemma-4-31B-IT,directllm,MMMU-Pro vision,mmmu_pro_validation_Art_Theory_15,0,1,0.28192217120964325,836.0
Gemma-4-31B-IT,directllm,MMMU-Pro vision,mmmu_pro_validation_Art_Theory_16,0,0,0.12482362740212262,18954.0
Gemma-4-31B-IT,directllm,MMMU-Pro vision,mmmu_pro_validation_Art_Theory_17,0,1,0.3739644507591299,934.0
Gemma-4-31B-IT,directllm,MMMU-Pro vision,mmmu_pro_validation_Art_Theory_19,0,1,0.20479768148260638,437.0
Gemma-4-31B-IT,directllm,MMMU-Pro vision,mmmu_pro_validation_Art_Theory_20,0,1,0.24214478353644348,751.0
Gemma-4-31B-IT,directllm,MMMU-Pro vision,mmmu_pro_validation_Art_Theory_21,0,0,0.4100423290045772,911.0
Gemma-4-31B-IT,directllm,MMMU-Pro vision,mmmu_pro_validation_Art_Theory_22,0,1,0.36150379485386325,802.0
Gemma-4-31B-IT,directllm,MMMU-Pro vision,mmmu_pro_validation_Art_Theory_23,0,1,0.4781906052108802,3136.0
Gemma-4-31B-IT,directllm,MMMU-Pro vision,mmmu_pro_validation_Art_Theory_25,0,1,0.25853741994444907,554.0
Gemma-4-31B-IT,directllm,MMMU-Pro vision,mmmu_pro_validation_Art_Theory_26,0,0,0.46644478859698163,2765.0
Gemma-4-31B-IT,directllm,MMMU-Pro vision,mmmu_pro_validation_Art_Theory_27,0,1,0.24379124593488713,672.0
Gemma-4-31B-IT,directllm,MMMU-Pro vision,mmmu_pro_validation_Art_Theory_28,0,1,0.4405947803305207,1421.0
Gemma-4-31B-IT,directllm,MMMU-Pro vision,mmmu_pro_validation_Art_Theory_29,0,1,0.4696615540171516,1467.0
Gemma-4-31B-IT,directllm,MMMU-Pro vision,mmmu_pro_validation_Art_Theory_3,0,1,0.21009371271931004,906.0
Gemma-4-31B-IT,directllm,MMMU-Pro vision,mmmu_pro_validation_Art_Theory_30,0,1,0.3096145520565022,783.0
Gemma-4-31B-IT,directllm,MMMU-Pro vision,mmmu_pro_validation_Art_Theory_4,0,0,0.33095372975515075,775.0
Gemma-4-31B-IT,directllm,MMMU-Pro vision,mmmu_pro_validation_Art_Theory_6,0,1,0.35466349286799775,922.0
Gemma-4-31B-IT,directllm,MMMU-Pro vision,mmmu_pro_validation_Art_Theory_7,0,1,0.35487625075390233,1672.0
Gemma-4-31B-IT,directllm,MMMU-Pro vision,mmmu_pro_validation_Art_Theory_8,0,0,0.3485926067212679,4885.0
Gemma-4-31B-IT,directllm,MMMU-Pro vision,mmmu_pro_validation_Art_Theory_9,0,1,0.31355716136443873,683.0
Gemma-4-31B-IT,directllm,MMMU-Pro vision,mmmu_pro_validation_Basic_Medical_Science_1,0,1,0.3068201974454571,835.0
Gemma-4-31B-IT,directllm,MMMU-Pro vision,mmmu_pro_validation_Basic_Medical_Science_11,0,0,0.25977080148261666,847.0
Gemma-4-31B-IT,directllm,MMMU-Pro vision,mmmu_pro_validation_Basic_Medical_Science_12,0,0,0.2781686397279228,1665.0
Gemma-4-31B-IT,directllm,MMMU-Pro vision,mmmu_pro_validation_Basic_Medical_Science_13,0,0,0.1685935383196411,1557.0
Gemma-4-31B-IT,directllm,MMMU-Pro vision,mmmu_pro_validation_Basic_Medical_Science_17,0,0,0.19684438594612672,588.0
Gemma-4-31B-IT,directllm,MMMU-Pro vision,mmmu_pro_validation_Basic_Medical_Science_18,0,1,0.15343807044481808,701.0
Gemma-4-31B-IT,directllm,MMMU-Pro vision,mmmu_pro_validation_Basic_Medical_Science_21,0,1,0.29201520849330515,781.0
Gemma-4-31B-IT,directllm,MMMU-Pro vision,mmmu_pro_validation_Basic_Medical_Science_23,0,0,0.28732657109187576,745.0
Gemma-4-31B-IT,directllm,MMMU-Pro vision,mmmu_pro_validation_Basic_Medical_Science_26,0,1,0.24259392612365033,866.0
Gemma-4-31B-IT,directllm,MMMU-Pro vision,mmmu_pro_validation_Basic_Medical_Science_28,0,1,0.3016042167806866,2233.0
Gemma-4-31B-IT,directllm,MMMU-Pro vision,mmmu_pro_validation_Basic_Medical_Science_3,0,1,0.2195310483745619,1355.0
Gemma-4-31B-IT,directllm,MMMU-Pro vision,mmmu_pro_validation_Basic_Medical_Science_5,0,1,0.23979161404939717,1180.0
Gemma-4-31B-IT,directllm,MMMU-Pro vision,mmmu_pro_validation_Basic_Medical_Science_6,0,0,0.27313871119313543,1225.0
Gemma-4-31B-IT,directllm,MMMU-Pro vision,mmmu_pro_validation_Basic_Medical_Science_9,0,1,0.23733727446262778,1175.0
Gemma-4-31B-IT,directllm,MMMU-Pro vision,mmmu_pro_validation_Biology_1,0,0,0.23935098636608526,2337.0
Gemma-4-31B-IT,directllm,MMMU-Pro vision,mmmu_pro_validation_Biology_11,0,1,0.2655304728099484,786.0
Gemma-4-31B-IT,directllm,MMMU-Pro vision,mmmu_pro_validation_Biology_13,0,0,0.23710709019016482,2505.0
Gemma-4-31B-IT,directllm,MMMU-Pro vision,mmmu_pro_validation_Biology_14,0,0,0.2066836642792742,8846.0
Gemma-4-31B-IT,directllm,MMMU-Pro vision,mmmu_pro_validation_Biology_15,0,1,0.3572799488521908,711.0
Gemma-4-31B-IT,directllm,MMMU-Pro vision,mmmu_pro_validation_Biology_17,0,0,0.18194941414263063,1247.0
Gemma-4-31B-IT,directllm,MMMU-Pro vision,mmmu_pro_validation_Biology_20,0,1,0.20990122636569922,4766.0
Gemma-4-31B-IT,directllm,MMMU-Pro vision,mmmu_pro_validation_Biology_21,0,1,0.25732083982595455,762.0
Gemma-4-31B-IT,directllm,MMMU-Pro vision,mmmu_pro_validation_Biology_22,0,0,0.11628434851490063,19416.0
Gemma-4-31B-IT,directllm,MMMU-Pro vision,mmmu_pro_validation_Biology_23,0,1,0.22118136408491923,1076.0
Gemma-4-31B-IT,directllm,MMMU-Pro vision,mmmu_pro_validation_Biology_24,0,1,0.35329657295209793,614.0
Gemma-4-31B-IT,directllm,MMMU-Pro vision,mmmu_pro_validation_Biology_25,0,1,0.23336719261727695,2041.0
Gemma-4-31B-IT,directllm,MMMU-Pro vision,mmmu_pro_validation_Biology_27,0,0,0.22209712497140838,9982.0
Gemma-4-31B-IT,directllm,MMMU-Pro vision,mmmu_pro_validation_Biology_28,0,1,0.30828362342469756,1963.0
Gemma-4-31B-IT,directllm,MMMU-Pro vision,mmmu_pro_validation_Biology_29,0,0,0.18578960923732163,1073.0
Gemma-4-31B-IT,directllm,MMMU-Pro vision,mmmu_pro_validation_Biology_30,0,1,0.3047560936790687,1118.0
Gemma-4-31B-IT,directllm,MMMU-Pro vision,mmmu_pro_validation_Biology_4,0,0,0.2614927400888473,3079.0
Gemma-4-31B-IT,directllm,MMMU-Pro vision,mmmu_pro_validation_Biology_6,0,0,0.26869665992085184,2547.0
Gemma-4-31B-IT,directllm,MMMU-Pro vision,mmmu_pro_validation_Biology_8,0,0,0.3478934124517054,4322.0
Gemma-4-31B-IT,directllm,MMMU-Pro vision,mmmu_pro_validation_Biology_9,0,0,0.22989520026655882,6148.0
Gemma-4-31B-IT,directllm,MMMU-Pro vision,mmmu_pro_validation_Chemistry_1,0,1,0.2612060895059166,1662.0
Gemma-4-31B-IT,directllm,MMMU-Pro vision,mmmu_pro_validation_Chemistry_11,0,0,0.21996201085165454,1087.0
Gemma-4-31B-IT,directllm,MMMU-Pro vision,mmmu_pro_validation_Chemistry_12,0,0,0.17391553130926782,18990.0
Gemma-4-31B-IT,directllm,MMMU-Pro vision,mmmu_pro_validation_Chemistry_16,0,1,0.36723529587649956,7316.0
Gemma-4-31B-IT,directllm,MMMU-Pro vision,mmmu_pro_validation_Chemistry_17,0,0,0.1268217890020321,18750.0
Gemma-4-31B-IT,directllm,MMMU-Pro vision,mmmu_pro_validation_Chemistry_2,0,1,0.3497815915756319,5205.0
Gemma-4-31B-IT,directllm,MMMU-Pro vision,mmmu_pro_validation_Chemistry_21,0,0,0.29933534170924286,8978.0
Gemma-4-31B-IT,directllm,MMMU-Pro vision,mmmu_pro_validation_Chemistry_22,0,1,0.20189798008488843,1549.0
Gemma-4-31B-IT,directllm,MMMU-Pro vision,mmmu_pro_validation_Chemistry_24,0,1,0.07675486922995223,11443.0
Gemma-4-31B-IT,directllm,MMMU-Pro vision,mmmu_pro_validation_Chemistry_26,0,0,0.0883699459585491,19574.0
Gemma-4-31B-IT,directllm,MMMU-Pro vision,mmmu_pro_validation_Chemistry_28,0,1,0.28720497651268173,3728.0
Gemma-4-31B-IT,directllm,MMMU-Pro vision,mmmu_pro_validation_Chemistry_29,0,0,0.03633033537146392,18978.0
Gemma-4-31B-IT,directllm,MMMU-Pro vision,mmmu_pro_validation_Chemistry_3,0,0,0.3051392913701514,9415.0
Gemma-4-31B-IT,directllm,MMMU-Pro vision,mmmu_pro_validation_Chemistry_5,0,0,0.03613753634246815,18843.0
Gemma-4-31B-IT,directllm,MMMU-Pro vision,mmmu_pro_validation_Chemistry_6,0,1,0.27413322248790806,4903.0
Gemma-4-31B-IT,directllm,MMMU-Pro vision,mmmu_pro_validation_Chemistry_7,0,1,0.18424574875039154,10497.0
Gemma-4-31B-IT,directllm,MMMU-Pro vision,mmmu_pro_validation_Chemistry_8,0,1,0.15865369597348544,942.0
Gemma-4-31B-IT,directllm,MMMU-Pro vision,mmmu_pro_validation_Chemistry_9,0,1,0.2627489736865322,2543.0
Gemma-4-31B-IT,directllm,MMMU-Pro vision,mmmu_pro_validation_Clinical_Medicine_1,0,1,0.3120109592268497,1713.0
Gemma-4-31B-IT,directllm,MMMU-Pro vision,mmmu_pro_validation_Clinical_Medicine_11,0,0,0.2863118567656158,4521.0
Gemma-4-31B-IT,directllm,MMMU-Pro vision,mmmu_pro_validation_Clinical_Medicine_13,0,0,0.31618275137132834,1699.0
Gemma-4-31B-IT,directllm,MMMU-Pro vision,mmmu_pro_validation_Clinical_Medicine_14,0,0,0.3355612559253896,676.0
Gemma-4-31B-IT,directllm,MMMU-Pro vision,mmmu_pro_validation_Clinical_Medicine_15,0,1,0.29785524268317726,1009.0
Gemma-4-31B-IT,directllm,MMMU-Pro vision,mmmu_pro_validation_Clinical_Medicine_16,0,0,0.3839496567333593,7064.0
Gemma-4-31B-IT,directllm,MMMU-Pro vision,mmmu_pro_validation_Clinical_Medicine_18,0,1,0.20819390804666482,995.0
Gemma-4-31B-IT,directllm,MMMU-Pro vision,mmmu_pro_validation_Clinical_Medicine_2,0,0,0.23987310122343247,1480.0
Gemma-4-31B-IT,directllm,MMMU-Pro vision,mmmu_pro_validation_Clinical_Medicine_20,0,0,0.178603884542692,1461.0
Gemma-4-31B-IT,directllm,MMMU-Pro vision,mmmu_pro_validation_Clinical_Medicine_22,0,1,0.28082721929352267,941.0
Gemma-4-31B-IT,directllm,MMMU-Pro vision,mmmu_pro_validation_Clinical_Medicine_23,0,0,0.3482369233056485,1117.0
Gemma-4-31B-IT,directllm,MMMU-Pro vision,mmmu_pro_validation_Clinical_Medicine_24,0,0,0.28294474768652794,938.0
Gemma-4-31B-IT,directllm,MMMU-Pro vision,mmmu_pro_validation_Clinical_Medicine_25,0,1,0.31749071829060005,1342.0
Gemma-4-31B-IT,directllm,MMMU-Pro vision,mmmu_pro_validation_Clinical_Medicine_28,0,0,0.3716850234353627,2241.0
Gemma-4-31B-IT,directllm,MMMU-Pro vision,mmmu_pro_validation_Clinical_Medicine_3,0,1,0.36148330006353824,977.0
Gemma-4-31B-IT,directllm,MMMU-Pro vision,mmmu_pro_validation_Clinical_Medicine_5,0,1,0.358683707085299,736.0
Gemma-4-31B-IT,directllm,MMMU-Pro vision,mmmu_pro_validation_Clinical_Medicine_8,0,1,0.31412594452592985,2535.0
Gemma-4-31B-IT,directllm,MMMU-Pro vision,mmmu_pro_validation_Clinical_Medicine_9,0,1,0.30084576702683047,1025.0
Gemma-4-31B-IT,directllm,MMMU-Pro vision,mmmu_pro_validation_Computer_Science_1,0,0,0.07195581970285644,18998.0
Gemma-4-31B-IT,directllm,MMMU-Pro vision,mmmu_pro_validation_Computer_Science_10,0,1,0.1101004888656094,8430.0
Gemma-4-31B-IT,directllm,MMMU-Pro vision,mmmu_pro_validation_Computer_Science_11,0,0,0.08285779126489479,19130.0
Gemma-4-31B-IT,directllm,MMMU-Pro vision,mmmu_pro_validation_Computer_Science_12,0,1,0.1323951748513578,4083.0
Gemma-4-31B-IT,directllm,MMMU-Pro vision,mmmu_pro_validation_Computer_Science_14,0,1,0.20169361396442737,2238.0
Gemma-4-31B-IT,directllm,MMMU-Pro vision,mmmu_pro_validation_Computer_Science_15,0,0,0.2808980996592127,4550.0
Gemma-4-31B-IT,directllm,MMMU-Pro vision,mmmu_pro_validation_Computer_Science_17,0,1,0.2810937567278891,3401.0
Gemma-4-31B-IT,directllm,MMMU-Pro vision,mmmu_pro_validation_Computer_Science_18,0,1,0.14940421856079367,9208.0
Gemma-4-31B-IT,directllm,MMMU-Pro vision,mmmu_pro_validation_Computer_Science_19,0,0,0.14482155610531633,16195.0
Gemma-4-31B-IT,directllm,MMMU-Pro vision,mmmu_pro_validation_Computer_Science_2,0,0,0.12088715212331129,19146.0
Gemma-4-31B-IT,directllm,MMMU-Pro vision,mmmu_pro_validation_Computer_Science_22,0,1,0.1278914718008222,1494.0
Gemma-4-31B-IT,directllm,MMMU-Pro vision,mmmu_pro_validation_Computer_Science_24,0,1,0.201246874869268,2208.0
Gemma-4-31B-IT,directllm,MMMU-Pro vision,mmmu_pro_validation_Computer_Science_25,0,1,0.2693105408473395,2046.0
Gemma-4-31B-IT,directllm,MMMU-Pro vision,mmmu_pro_validation_Computer_Science_28,0,0,0.25254149995255415,4813.0
Gemma-4-31B-IT,directllm,MMMU-Pro vision,mmmu_pro_validation_Computer_Science_29,0,0,0.2323681578574136,9133.0
Gemma-4-31B-IT,directllm,MMMU-Pro vision,mmmu_pro_validation_Computer_Science_30,0,1,0.07027829050631762,1702.0
Gemma-4-31B-IT,directllm,MMMU-Pro vision,mmmu_pro_validation_Computer_Science_5,0,1,0.2538467278137758,738.0
Gemma-4-31B-IT,directllm,MMMU-Pro vision,mmmu_pro_validation_Computer_Science_6,0,1,0.21425857712746474,849.0
Gemma-4-31B-IT,directllm,MMMU-Pro vision,mmmu_pro_validation_Computer_Science_7,0,1,0.08931400456496497,5496.0
Gemma-4-31B-IT,directllm,MMMU-Pro vision,mmmu_pro_validation_Design_1,0,0,0.42175301597784914,4213.0
Gemma-4-31B-IT,directllm,MMMU-Pro vision,mmmu_pro_validation_Design_10,0,1,0.20083434353383922,614.0
Gemma-4-31B-IT,directllm,MMMU-Pro vision,mmmu_pro_validation_Design_11,0,1,0.33837344933269564,1225.0
Gemma-4-31B-IT,directllm,MMMU-Pro vision,mmmu_pro_validation_Design_12,0,0,0.3365348399830461,858.0
Gemma-4-31B-IT,directllm,MMMU-Pro vision,mmmu_pro_validation_Design_14,0,0,0.41045378068947236,2152.0
Gemma-4-31B-IT,directllm,MMMU-Pro vision,mmmu_pro_validation_Design_15,0,0,0.2554559717732911,715.0
Gemma-4-31B-IT,directllm,MMMU-Pro vision,mmmu_pro_validation_Design_16,0,1,0.2358057268034686,780.0
Gemma-4-31B-IT,directllm,MMMU-Pro vision,mmmu_pro_validation_Design_19,0,1,0.3581507831288702,2137.0
Gemma-4-31B-IT,directllm,MMMU-Pro vision,mmmu_pro_validation_Design_2,0,0,0.3743346767603329,5715.0
Gemma-4-31B-IT,directllm,MMMU-Pro vision,mmmu_pro_validation_Design_24,0,1,0.3237453849609284,873.0
Gemma-4-31B-IT,directllm,MMMU-Pro vision,mmmu_pro_validation_Design_25,0,1,0.45551448400893974,833.0
Gemma-4-31B-IT,directllm,MMMU-Pro vision,mmmu_pro_validation_Design_27,0,1,0.26745031794197716,724.0
Gemma-4-31B-IT,directllm,MMMU-Pro vision,mmmu_pro_validation_Design_29,0,1,0.2780781947359069,770.0
Gemma-4-31B-IT,directllm,MMMU-Pro vision,mmmu_pro_validation_Design_5,0,1,0.3077592605958518,667.0
Gemma-4-31B-IT,directllm,MMMU-Pro vision,mmmu_pro_validation_Design_8,0,1,0.42876828228735364,992.0
Gemma-4-31B-IT,directllm,MMMU-Pro vision,mmmu_pro_validation_Diagnostics_and_Laboratory_Medicine_1,0,0,0.45672609725873514,1242.0
Gemma-4-31B-IT,directllm,MMMU-Pro vision,mmmu_pro_validation_Diagnostics_and_Laboratory_Medicine_10,0,0,0.4429347339329609,1422.0
Gemma-4-31B-IT,directllm,MMMU-Pro vision,mmmu_pro_validation_Diagnostics_and_Laboratory_Medicine_12,0,0,0.3918192051475763,3436.0
Gemma-4-31B-IT,directllm,MMMU-Pro vision,mmmu_pro_validation_Diagnostics_and_Laboratory_Medicine_13,0,1,0.26725789817545204,794.0
Gemma-4-31B-IT,directllm,MMMU-Pro vision,mmmu_pro_validation_Diagnostics_and_Laboratory_Medicine_14,0,0,0.3664778536820742,1885.0
Gemma-4-31B-IT,directllm,MMMU-Pro vision,mmmu_pro_validation_Diagnostics_and_Laboratory_Medicine_15,0,0,0.44856522470329174,2107.0
Gemma-4-31B-IT,directllm,MMMU-Pro vision,mmmu_pro_validation_Diagnostics_and_Laboratory_Medicine_16,0,0,0.36730986739115323,1952.0
Gemma-4-31B-IT,directllm,MMMU-Pro vision,mmmu_pro_validation_Diagnostics_and_Laboratory_Medicine_17,0,0,0.341910746311504,711.0
Gemma-4-31B-IT,directllm,MMMU-Pro vision,mmmu_pro_validation_Diagnostics_and_Laboratory_Medicine_18,0,1,0.4059305474954015,2285.0
Gemma-4-31B-IT,directllm,MMMU-Pro vision,mmmu_pro_validation_Diagnostics_and_Laboratory_Medicine_19,0,0,0.3592891542087605,1079.0
Gemma-4-31B-IT,directllm,MMMU-Pro vision,mmmu_pro_validation_Diagnostics_and_Laboratory_Medicine_2,0,1,0.342904081377961,6896.0
Gemma-4-31B-IT,directllm,MMMU-Pro vision,mmmu_pro_validation_Diagnostics_and_Laboratory_Medicine_20,0,0,0.3790964237064856,960.0
Gemma-4-31B-IT,directllm,MMMU-Pro vision,mmmu_pro_validation_Diagnostics_and_Laboratory_Medicine_21,0,0,0.2833858222675901,933.0
Gemma-4-31B-IT,directllm,MMMU-Pro vision,mmmu_pro_validation_Diagnostics_and_Laboratory_Medicine_22,0,0,0.26176278960942556,2464.0
Gemma-4-31B-IT,directllm,MMMU-Pro vision,mmmu_pro_validation_Diagnostics_and_Laboratory_Medicine_24,0,0,0.04611633613021669,19176.0
Gemma-4-31B-IT,directllm,MMMU-Pro vision,mmmu_pro_validation_Diagnostics_and_Laboratory_Medicine_26,0,0,0.31253388632540063,1051.0
Gemma-4-31B-IT,directllm,MMMU-Pro vision,mmmu_pro_validation_Diagnostics_and_Laboratory_Medicine_27,0,0,0.29101922093098065,1820.0
Gemma-4-31B-IT,directllm,MMMU-Pro vision,mmmu_pro_validation_Diagnostics_and_Laboratory_Medicine_3,0,1,0.3758037027137818,1156.0
Gemma-4-31B-IT,directllm,MMMU-Pro vision,mmmu_pro_validation_Diagnostics_and_Laboratory_Medicine_30,0,0,0.3633494951356687,879.0
Gemma-4-31B-IT,directllm,MMMU-Pro vision,mmmu_pro_validation_Diagnostics_and_Laboratory_Medicine_5,0,1,0.2980592199704787,920.0
Gemma-4-31B-IT,directllm,MMMU-Pro vision,mmmu_pro_validation_Diagnostics_and_Laboratory_Medicine_7,0,0,0.3783975680643406,1239.0
Gemma-4-31B-IT,directllm,MMMU-Pro vision,mmmu_pro_validation_Diagnostics_and_Laboratory_Medicine_8,0,0,0.3080459594198598,909.0
Gemma-4-31B-IT,directllm,MMMU-Pro vision,mmmu_pro_validation_Diagnostics_and_Laboratory_Medicine_9,0,1,0.3675680794476928,1055.0
Gemma-4-31B-IT,directllm,MMMU-Pro vision,mmmu_pro_validation_Economics_1,0,0,0.20878071863164593,6734.0
Gemma-4-31B-IT,directllm,MMMU-Pro vision,mmmu_pro_validation_Economics_12,0,1,0.06251759289809135,487.0
Gemma-4-31B-IT,directllm,MMMU-Pro vision,mmmu_pro_validation_Economics_13,0,1,0.07671704373042512,931.0
Gemma-4-31B-IT,directllm,MMMU-Pro vision,mmmu_pro_validation_Economics_14,0,1,0.07589305484569384,1600.0
Gemma-4-31B-IT,directllm,MMMU-Pro vision,mmmu_pro_validation_Economics_16,0,1,0.10133826828132614,1118.0
Gemma-4-31B-IT,directllm,MMMU-Pro vision,mmmu_pro_validation_Economics_17,0,1,0.23186908776126222,2518.0
Gemma-4-31B-IT,directllm,MMMU-Pro vision,mmmu_pro_validation_Economics_24,0,0,0.2372464912067153,5270.0
Gemma-4-31B-IT,directllm,MMMU-Pro vision,mmmu_pro_validation_Economics_26,0,0,0.1839980396032707,909.0
Gemma-4-31B-IT,directllm,MMMU-Pro vision,mmmu_pro_validation_Economics_28,0,0,0.2825521020440687,10324.0
Gemma-4-31B-IT,directllm,MMMU-Pro vision,mmmu_pro_validation_Economics_29,0,1,0.02957268981867381,2692.0
Gemma-4-31B-IT,directllm,MMMU-Pro vision,mmmu_pro_validation_Economics_3,0,1,0.12300461651266162,2579.0
Gemma-4-31B-IT,directllm,MMMU-Pro vision,mmmu_pro_validation_Economics_30,0,0,0.25835893136780186,5075.0
Gemma-4-31B-IT,directllm,MMMU-Pro vision,mmmu_pro_validation_Economics_4,0,1,0.15740503185208704,752.0
Gemma-4-31B-IT,directllm,MMMU-Pro vision,mmmu_pro_validation_Economics_5,0,1,0.2571133843066413,937.0
Gemma-4-31B-IT,directllm,MMMU-Pro vision,mmmu_pro_validation_Economics_6,0,1,0.1121130170252854,2067.0
Gemma-4-31B-IT,directllm,MMMU-Pro vision,mmmu_pro_validation_Economics_7,0,0,0.1340568363448554,857.0
Gemma-4-31B-IT,directllm,MMMU-Pro vision,mmmu_pro_validation_Economics_8,0,1,0.05406157043297114,715.0
Gemma-4-31B-IT,directllm,MMMU-Pro vision,mmmu_pro_validation_Economics_9,0,1,0.24096891975688936,1270.0
Gemma-4-31B-IT,directllm,MMMU-Pro vision,mmmu_pro_validation_Electronics_1,0,1,0.11241971649769152,1716.0
Gemma-4-31B-IT,directllm,MMMU-Pro vision,mmmu_pro_validation_Electronics_10,0,1,0.12709312891671737,7802.0
Gemma-4-31B-IT,directllm,MMMU-Pro vision,mmmu_pro_validation_Electronics_13,0,1,0.14633512144862015,4960.0
Gemma-4-31B-IT,directllm,MMMU-Pro vision,mmmu_pro_validation_Electronics_14,0,1,0.22114234389528795,7421.0
Gemma-4-31B-IT,directllm,MMMU-Pro vision,mmmu_pro_validation_Electronics_17,0,0,0.17489024337613793,18946.0
Gemma-4-31B-IT,directllm,MMMU-Pro vision,mmmu_pro_validation_Electronics_19,0,0,0.16727406754556337,2345.0
Gemma-4-31B-IT,directllm,MMMU-Pro vision,mmmu_pro_validation_Electronics_20,0,1,0.16625285985454982,2205.0
Gemma-4-31B-IT,directllm,MMMU-Pro vision,mmmu_pro_validation_Electronics_7,0,0,0.08063377783704558,18854.0
Gemma-4-31B-IT,directllm,MMMU-Pro vision,mmmu_pro_validation_Electronics_8,0,1,0.12228235681128163,4366.0
Gemma-4-31B-IT,directllm,MMMU-Pro vision,mmmu_pro_validation_Energy_and_Power_1,0,1,0.18339862544796592,3162.0
Gemma-4-31B-IT,directllm,MMMU-Pro vision,mmmu_pro_validation_Energy_and_Power_10,0,1,0.10593590729788202,2206.0
Gemma-4-31B-IT,directllm,MMMU-Pro vision,mmmu_pro_validation_Energy_and_Power_12,0,0,0.0978102353573373,15868.0
Gemma-4-31B-IT,directllm,MMMU-Pro vision,mmmu_pro_validation_Energy_and_Power_13,0,0,0.16276177077656098,13599.0
Gemma-4-31B-IT,directllm,MMMU-Pro vision,mmmu_pro_validation_Energy_and_Power_14,0,1,0.17862432380477508,10304.0
Gemma-4-31B-IT,directllm,MMMU-Pro vision,mmmu_pro_validation_Energy_and_Power_15,0,1,0.07938168601799588,13291.0
Gemma-4-31B-IT,directllm,MMMU-Pro vision,mmmu_pro_validation_Energy_and_Power_16,0,1,0.14184516214678494,6682.0
Gemma-4-31B-IT,directllm,MMMU-Pro vision,mmmu_pro_validation_Energy_and_Power_18,0,1,0.1217532928260596,16331.0
Gemma-4-31B-IT,directllm,MMMU-Pro vision,mmmu_pro_validation_Energy_and_Power_19,0,1,0.14024705655829184,10816.0
Gemma-4-31B-IT,directllm,MMMU-Pro vision,mmmu_pro_validation_Energy_and_Power_2,0,1,0.13979589501897627,9135.0
Gemma-4-31B-IT,directllm,MMMU-Pro vision,mmmu_pro_validation_Energy_and_Power_20,0,1,0.14892011432461993,4818.0
Gemma-4-31B-IT,directllm,MMMU-Pro vision,mmmu_pro_validation_Energy_and_Power_22,0,1,0.12673519719943258,11754.0
Gemma-4-31B-IT,directllm,MMMU-Pro vision,mmmu_pro_validation_Energy_and_Power_23,0,0,0.19596109967437597,13957.0
Gemma-4-31B-IT,directllm,MMMU-Pro vision,mmmu_pro_validation_Energy_and_Power_24,0,1,0.1382428827625453,986.0
Gemma-4-31B-IT,directllm,MMMU-Pro vision,mmmu_pro_validation_Energy_and_Power_25,0,1,0.11858371645263464,13217.0
Gemma-4-31B-IT,directllm,MMMU-Pro vision,mmmu_pro_validation_Energy_and_Power_26,0,1,0.1563362429581185,3633.0
Gemma-4-31B-IT,directllm,MMMU-Pro vision,mmmu_pro_validation_Energy_and_Power_27,0,1,0.0521931520307476,1463.0
Gemma-4-31B-IT,directllm,MMMU-Pro vision,mmmu_pro_validation_Energy_and_Power_28,0,1,0.13301180601553886,3555.0
Gemma-4-31B-IT,directllm,MMMU-Pro vision,mmmu_pro_validation_Energy_and_Power_29,0,1,0.1275728724179455,2962.0
Gemma-4-31B-IT,directllm,MMMU-Pro vision,mmmu_pro_validation_Energy_and_Power_3,0,1,0.12452997399942907,11107.0
Gemma-4-31B-IT,directllm,MMMU-Pro vision,mmmu_pro_validation_Energy_and_Power_4,0,0,0.16575627378933971,4473.0
Gemma-4-31B-IT,directllm,MMMU-Pro vision,mmmu_pro_validation_Energy_and_Power_5,0,1,0.11567962941250287,4741.0
Gemma-4-31B-IT,directllm,MMMU-Pro vision,mmmu_pro_validation_Energy_and_Power_6,0,0,0.30677869596600993,733.0
Gemma-4-31B-IT,directllm,MMMU-Pro vision,mmmu_pro_validation_Energy_and_Power_7,0,1,0.11655625467824199,6428.0
Gemma-4-31B-IT,directllm,MMMU-Pro vision,mmmu_pro_validation_Energy_and_Power_8,0,0,0.11204116922113333,19424.0
Gemma-4-31B-IT,directllm,MMMU-Pro vision,mmmu_pro_validation_Energy_and_Power_9,0,1,0.13068655590104336,8992.0
Gemma-4-31B-IT,directllm,MMMU-Pro vision,mmmu_pro_validation_Finance_1,0,1,0.17524535855100493,4415.0
Gemma-4-31B-IT,directllm,MMMU-Pro vision,mmmu_pro_validation_Finance_12,0,1,0.11413518398744558,8533.0
Gemma-4-31B-IT,directllm,MMMU-Pro vision,mmmu_pro_validation_Finance_13,0,1,0.10516804360268185,2025.0
Gemma-4-31B-IT,directllm,MMMU-Pro vision,mmmu_pro_validation_Finance_14,0,0,0.06954258453437007,19117.0
Gemma-4-31B-IT,directllm,MMMU-Pro vision,mmmu_pro_validation_Finance_15,0,1,0.12597218558188725,3877.0
Gemma-4-31B-IT,directllm,MMMU-Pro vision,mmmu_pro_validation_Finance_16,0,1,0.12576798893425925,995.0
Gemma-4-31B-IT,directllm,MMMU-Pro vision,mmmu_pro_validation_Finance_18,0,1,0.06847569728249309,998.0
Gemma-4-31B-IT,directllm,MMMU-Pro vision,mmmu_pro_validation_Finance_19,0,1,0.0564401431342916,1551.0
Gemma-4-31B-IT,directllm,MMMU-Pro vision,mmmu_pro_validation_Finance_21,0,0,0.07152834429854309,18986.0
Gemma-4-31B-IT,directllm,MMMU-Pro vision,mmmu_pro_validation_Finance_22,0,1,0.0980392019222909,1109.0
Gemma-4-31B-IT,directllm,MMMU-Pro vision,mmmu_pro_validation_Finance_26,0,1,0.06766808358106129,1144.0
Gemma-4-31B-IT,directllm,MMMU-Pro vision,mmmu_pro_validation_Finance_27,0,1,0.12605631508900902,954.0
Gemma-4-31B-IT,directllm,MMMU-Pro vision,mmmu_pro_validation_Finance_29,0,1,0.1348852042132125,11870.0
Gemma-4-31B-IT,directllm,MMMU-Pro vision,mmmu_pro_validation_Finance_3,0,1,0.06784572051061587,1428.0
Gemma-4-31B-IT,directllm,MMMU-Pro vision,mmmu_pro_validation_Finance_4,0,1,0.04628987259261275,967.0
Gemma-4-31B-IT,directllm,MMMU-Pro vision,mmmu_pro_validation_Finance_5,0,0,0.18472268239946055,12226.0
Gemma-4-31B-IT,directllm,MMMU-Pro vision,mmmu_pro_validation_Finance_6,0,1,0.11971916064094565,1477.0
Gemma-4-31B-IT,directllm,MMMU-Pro vision,mmmu_pro_validation_Finance_7,0,1,0.05075995059555503,1715.0
Gemma-4-31B-IT,directllm,MMMU-Pro vision,mmmu_pro_validation_Finance_9,0,1,0.19241422636540093,8909.0
Gemma-4-31B-IT,directllm,MMMU-Pro vision,mmmu_pro_validation_Geography_1,0,0,0.120902422067931,19010.0
Gemma-4-31B-IT,directllm,MMMU-Pro vision,mmmu_pro_validation_Geography_10,0,0,0.16937476946550298,4511.0
Gemma-4-31B-IT,directllm,MMMU-Pro vision,mmmu_pro_validation_Geography_11,0,0,0.24222582888414151,732.0
Gemma-4-31B-IT,directllm,MMMU-Pro vision,mmmu_pro_validation_Geography_16,0,0,0.4363418861947889,2473.0
Gemma-4-31B-IT,directllm,MMMU-Pro vision,mmmu_pro_validation_Geography_18,0,1,0.20505619622808982,776.0
Gemma-4-31B-IT,directllm,MMMU-Pro vision,mmmu_pro_validation_Geography_30,0,0,0.22484927924444367,11309.0
Gemma-4-31B-IT,directllm,MMMU-Pro vision,mmmu_pro_validation_Geography_5,0,0,0.19385197874913462,15877.0
Gemma-4-31B-IT,directllm,MMMU-Pro vision,mmmu_pro_validation_Geography_7,0,0,0.3075774257861299,853.0
Gemma-4-31B-IT,directllm,MMMU-Pro vision,mmmu_pro_validation_Geography_8,0,1,0.1763051460361276,3054.0
Gemma-4-31B-IT,directllm,MMMU-Pro vision,mmmu_pro_validation_Geography_9,0,0,0.30208876635579274,6372.0
Gemma-4-31B-IT,directllm,MMMU-Pro vision,mmmu_pro_validation_History_10,0,0,0.3399314635272526,1583.0
Gemma-4-31B-IT,directllm,MMMU-Pro vision,mmmu_pro_validation_History_15,0,1,0.40734913259016164,1781.0
Gemma-4-31B-IT,directllm,MMMU-Pro vision,mmmu_pro_validation_History_16,0,1,0.32639952626002583,1367.0
Gemma-4-31B-IT,directllm,MMMU-Pro vision,mmmu_pro_validation_History_17,0,1,0.35670460391314807,983.0
Gemma-4-31B-IT,directllm,MMMU-Pro vision,mmmu_pro_validation_History_2,0,0,0.3175005637486195,1797.0
Gemma-4-31B-IT,directllm,MMMU-Pro vision,mmmu_pro_validation_History_5,0,0,0.19888518835354319,1520.0
Gemma-4-31B-IT,directllm,MMMU-Pro vision,mmmu_pro_validation_History_6,0,0,0.293503561893801,1348.0
Gemma-4-31B-IT,directllm,MMMU-Pro vision,mmmu_pro_validation_History_7,0,1,0.3330505177067894,1599.0
Gemma-4-31B-IT,directllm,MMMU-Pro vision,mmmu_pro_validation_History_8,0,0,0.30821309703607636,2531.0
Gemma-4-31B-IT,directllm,MMMU-Pro vision,mmmu_pro_validation_History_9,0,0,0.32237572778844426,7928.0
Gemma-4-31B-IT,directllm,MMMU-Pro vision,mmmu_pro_validation_Literature_1,0,1,0.21656527887854105,752.0
Gemma-4-31B-IT,directllm,MMMU-Pro vision,mmmu_pro_validation_Literature_10,0,1,0.18058338447197655,821.0
Gemma-4-31B-IT,directllm,MMMU-Pro vision,mmmu_pro_validation_Literature_11,0,1,0.1637660035270536,750.0
Gemma-4-31B-IT,directllm,MMMU-Pro vision,mmmu_pro_validation_Literature_12,0,1,0.19811690551187303,740.0
Gemma-4-31B-IT,directllm,MMMU-Pro vision,mmmu_pro_validation_Literature_13,0,1,0.23807800854668634,954.0
Gemma-4-31B-IT,directllm,MMMU-Pro vision,mmmu_pro_validation_Literature_16,0,1,0.2779390826081319,871.0
Gemma-4-31B-IT,directllm,MMMU-Pro vision,mmmu_pro_validation_Literature_18,0,1,0.3385032284541682,2103.0
Gemma-4-31B-IT,directllm,MMMU-Pro vision,mmmu_pro_validation_Literature_2,0,1,0.3359390871862759,1230.0
Gemma-4-31B-IT,directllm,MMMU-Pro vision,mmmu_pro_validation_Literature_20,0,1,0.3765147440190081,2902.0
Gemma-4-31B-IT,directllm,MMMU-Pro vision,mmmu_pro_validation_Literature_22,0,1,0.20798103939175897,740.0
Gemma-4-31B-IT,directllm,MMMU-Pro vision,mmmu_pro_validation_Literature_26,0,1,0.35936108118657284,2081.0
Gemma-4-31B-IT,directllm,MMMU-Pro vision,mmmu_pro_validation_Literature_27,0,1,0.2945573713895632,1157.0
Gemma-4-31B-IT,directllm,MMMU-Pro vision,mmmu_pro_validation_Literature_28,0,0,0.28906709006730785,1040.0
Gemma-4-31B-IT,directllm,MMMU-Pro vision,mmmu_pro_validation_Literature_29,0,1,0.2208157318003692,915.0
Gemma-4-31B-IT,directllm,MMMU-Pro vision,mmmu_pro_validation_Literature_3,0,1,0.21076510295209067,792.0
Gemma-4-31B-IT,directllm,MMMU-Pro vision,mmmu_pro_validation_Literature_30,0,0,0.3509300769832885,1468.0
Gemma-4-31B-IT,directllm,MMMU-Pro vision,mmmu_pro_validation_Literature_4,0,1,0.2348907041397908,819.0
Gemma-4-31B-IT,directllm,MMMU-Pro vision,mmmu_pro_validation_Literature_5,0,1,0.10671857682553994,376.0
Gemma-4-31B-IT,directllm,MMMU-Pro vision,mmmu_pro_validation_Literature_7,0,1,0.3498656358355407,1838.0
Gemma-4-31B-IT,directllm,MMMU-Pro vision,mmmu_pro_validation_Literature_8,0,1,0.24754806387590572,882.0
Gemma-4-31B-IT,directllm,MMMU-Pro vision,mmmu_pro_validation_Literature_9,0,1,0.17487153217687446,688.0
Gemma-4-31B-IT,directllm,MMMU-Pro vision,mmmu_pro_validation_Manage_11,0,0,0.360523801390916,6875.0
Gemma-4-31B-IT,directllm,MMMU-Pro vision,mmmu_pro_validation_Manage_12,0,1,0.34100304433557194,4703.0
Gemma-4-31B-IT,directllm,MMMU-Pro vision,mmmu_pro_validation_Manage_13,0,1,0.12095870020364026,6811.0
Gemma-4-31B-IT,directllm,MMMU-Pro vision,mmmu_pro_validation_Manage_15,0,0,0.25262931209948614,8745.0
Gemma-4-31B-IT,directllm,MMMU-Pro vision,mmmu_pro_validation_Manage_2,0,0,0.23897819492459138,4998.0
Gemma-4-31B-IT,directllm,MMMU-Pro vision,mmmu_pro_validation_Manage_24,0,1,0.1815813466652854,10870.0
Gemma-4-31B-IT,directllm,MMMU-Pro vision,mmmu_pro_validation_Manage_26,0,1,0.11197851191737254,3353.0
Gemma-4-31B-IT,directllm,MMMU-Pro vision,mmmu_pro_validation_Manage_29,0,1,0.24508745203366814,1456.0
Gemma-4-31B-IT,directllm,MMMU-Pro vision,mmmu_pro_validation_Manage_30,0,0,0.15263623395949338,6849.0
Gemma-4-31B-IT,directllm,MMMU-Pro vision,mmmu_pro_validation_Manage_4,0,0,0.08232475677257205,3998.0
Gemma-4-31B-IT,directllm,MMMU-Pro vision,mmmu_pro_validation_Manage_6,0,0,0.4354557264908805,2956.0
Gemma-4-31B-IT,directllm,MMMU-Pro vision,mmmu_pro_validation_Manage_7,0,0,0.3294727834307709,6749.0
Gemma-4-31B-IT,directllm,MMMU-Pro vision,mmmu_pro_validation_Manage_8,0,0,0.10151711082796754,1535.0
Gemma-4-31B-IT,directllm,MMMU-Pro vision,mmmu_pro_validation_Marketing_1,0,1,0.05573143857487074,2398.0
Gemma-4-31B-IT,directllm,MMMU-Pro vision,mmmu_pro_validation_Marketing_10,0,1,0.05300322037312412,1079.0
Gemma-4-31B-IT,directllm,MMMU-Pro vision,mmmu_pro_validation_Marketing_12,0,0,0.06472647855208682,18741.0
Gemma-4-31B-IT,directllm,MMMU-Pro vision,mmmu_pro_validation_Marketing_13,0,1,0.1307487618434957,1186.0
Gemma-4-31B-IT,directllm,MMMU-Pro vision,mmmu_pro_validation_Marketing_14,0,0,0.2004266833536862,3927.0
Gemma-4-31B-IT,directllm,MMMU-Pro vision,mmmu_pro_validation_Marketing_15,0,1,0.0649859030779658,3492.0
Gemma-4-31B-IT,directllm,MMMU-Pro vision,mmmu_pro_validation_Marketing_17,0,1,0.09840262416896878,2491.0
Gemma-4-31B-IT,directllm,MMMU-Pro vision,mmmu_pro_validation_Marketing_19,0,1,0.06496715097904936,3281.0
Gemma-4-31B-IT,directllm,MMMU-Pro vision,mmmu_pro_validation_Marketing_22,0,1,0.10591561860425697,2052.0
Gemma-4-31B-IT,directllm,MMMU-Pro vision,mmmu_pro_validation_Marketing_23,0,1,0.06459439269165952,1979.0
Gemma-4-31B-IT,directllm,MMMU-Pro vision,mmmu_pro_validation_Marketing_24,0,1,0.10747890467322874,1516.0
Gemma-4-31B-IT,directllm,MMMU-Pro vision,mmmu_pro_validation_Marketing_25,0,1,0.057678281071975396,2161.0
Gemma-4-31B-IT,directllm,MMMU-Pro vision,mmmu_pro_validation_Marketing_26,0,1,0.11548422088928528,1024.0
Gemma-4-31B-IT,directllm,MMMU-Pro vision,mmmu_pro_validation_Marketing_28,0,1,0.191740452971703,2948.0
Gemma-4-31B-IT,directllm,MMMU-Pro vision,mmmu_pro_validation_Marketing_29,0,1,0.11469748101254555,1023.0
Gemma-4-31B-IT,directllm,MMMU-Pro vision,mmmu_pro_validation_Marketing_3,0,1,0.1475729478461816,893.0
Gemma-4-31B-IT,directllm,MMMU-Pro vision,mmmu_pro_validation_Marketing_30,0,1,0.13170873979401498,703.0
Gemma-4-31B-IT,directllm,MMMU-Pro vision,mmmu_pro_validation_Marketing_4,0,1,0.2793856624328904,6895.0
Gemma-4-31B-IT,directllm,MMMU-Pro vision,mmmu_pro_validation_Marketing_7,0,1,0.117163868202847,8411.0
Gemma-4-31B-IT,directllm,MMMU-Pro vision,mmmu_pro_validation_Marketing_9,0,1,0.08719428109276635,6089.0
Gemma-4-31B-IT,directllm,MMMU-Pro vision,mmmu_pro_validation_Materials_1,0,0,0.09537712146314924,3524.0
Gemma-4-31B-IT,directllm,MMMU-Pro vision,mmmu_pro_validation_Materials_10,0,1,0.2728269961572436,1872.0
Gemma-4-31B-IT,directllm,MMMU-Pro vision,mmmu_pro_validation_Materials_11,0,0,0.02284890813363597,19030.0
Gemma-4-31B-IT,directllm,MMMU-Pro vision,mmmu_pro_validation_Materials_12,0,1,0.1104971898311405,2642.0
Gemma-4-31B-IT,directllm,MMMU-Pro vision,mmmu_pro_validation_Materials_13,0,1,0.15402813882795585,10543.0
Gemma-4-31B-IT,directllm,MMMU-Pro vision,mmmu_pro_validation_Materials_14,0,1,0.1682514796714166,3190.0
Gemma-4-31B-IT,directllm,MMMU-Pro vision,mmmu_pro_validation_Materials_16,0,0,0.1604502729063861,9877.0
Gemma-4-31B-IT,directllm,MMMU-Pro vision,mmmu_pro_validation_Materials_17,0,0,0.18758572525750486,19248.0
Gemma-4-31B-IT,directllm,MMMU-Pro vision,mmmu_pro_validation_Materials_18,0,1,0.16042440427724994,8215.0
Gemma-4-31B-IT,directllm,MMMU-Pro vision,mmmu_pro_validation_Materials_19,0,0,0.032686147430428844,18808.0
Gemma-4-31B-IT,directllm,MMMU-Pro vision,mmmu_pro_validation_Materials_2,0,0,0.24856838993387656,3660.0
Gemma-4-31B-IT,directllm,MMMU-Pro vision,mmmu_pro_validation_Materials_20,0,1,0.18378599682352498,8900.0
Gemma-4-31B-IT,directllm,MMMU-Pro vision,mmmu_pro_validation_Materials_21,0,1,0.175810896473171,10990.0
Gemma-4-31B-IT,directllm,MMMU-Pro vision,mmmu_pro_validation_Materials_22,0,0,0.03701248422457284,18822.0
Gemma-4-31B-IT,directllm,MMMU-Pro vision,mmmu_pro_validation_Materials_23,0,1,0.13142183682915334,3389.0
Gemma-4-31B-IT,directllm,MMMU-Pro vision,mmmu_pro_validation_Materials_24,0,0,0.22345095325262931,6135.0
Gemma-4-31B-IT,directllm,MMMU-Pro vision,mmmu_pro_validation_Materials_25,0,1,0.08405602187196064,4914.0
Gemma-4-31B-IT,directllm,MMMU-Pro vision,mmmu_pro_validation_Materials_27,0,0,0.22616889018041705,4632.0
Gemma-4-31B-IT,directllm,MMMU-Pro vision,mmmu_pro_validation_Materials_28,0,0,0.2726727952246492,9565.0
Gemma-4-31B-IT,directllm,MMMU-Pro vision,mmmu_pro_validation_Materials_29,0,1,0.08856222812219725,3175.0
Gemma-4-31B-IT,directllm,MMMU-Pro vision,mmmu_pro_validation_Materials_3,0,0,0.08673296895698297,18966.0
Gemma-4-31B-IT,directllm,MMMU-Pro vision,mmmu_pro_validation_Materials_30,0,0,0.16109964469687,1607.0
Gemma-4-31B-IT,directllm,MMMU-Pro vision,mmmu_pro_validation_Materials_4,0,0,0.022315073895301008,19322.0
Gemma-4-31B-IT,directllm,MMMU-Pro vision,mmmu_pro_validation_Materials_6,0,0,0.1121828680645955,18809.0
Gemma-4-31B-IT,directllm,MMMU-Pro vision,mmmu_pro_validation_Materials_7,0,0,0.02671641140783895,18899.0
Gemma-4-31B-IT,directllm,MMMU-Pro vision,mmmu_pro_validation_Materials_8,0,1,0.11205623217898858,10314.0
Gemma-4-31B-IT,directllm,MMMU-Pro vision,mmmu_pro_validation_Materials_9,0,0,0.18412678519625378,11740.0
Gemma-4-31B-IT,directllm,MMMU-Pro vision,mmmu_pro_validation_Math_1,0,1,0.28772054004560293,3333.0
Gemma-4-31B-IT,directllm,MMMU-Pro vision,mmmu_pro_validation_Math_12,0,0,0.1440285247102014,13651.0
Gemma-4-31B-IT,directllm,MMMU-Pro vision,mmmu_pro_validation_Math_14,0,1,0.12037638818176329,2552.0
Gemma-4-31B-IT,directllm,MMMU-Pro vision,mmmu_pro_validation_Math_16,0,1,0.12270860643951308,2963.0
Gemma-4-31B-IT,directllm,MMMU-Pro vision,mmmu_pro_validation_Math_17,0,1,0.16041421238604944,11678.0
Gemma-4-31B-IT,directllm,MMMU-Pro vision,mmmu_pro_validation_Math_19,0,0,0.10005321297175536,18845.0
Gemma-4-31B-IT,directllm,MMMU-Pro vision,mmmu_pro_validation_Math_2,0,0,0.0495928474143859,18941.0
Gemma-4-31B-IT,directllm,MMMU-Pro vision,mmmu_pro_validation_Math_20,0,0,0.03950525721721101,19004.0
Gemma-4-31B-IT,directllm,MMMU-Pro vision,mmmu_pro_validation_Math_22,0,1,0.13637617144473468,4768.0
Gemma-4-31B-IT,directllm,MMMU-Pro vision,mmmu_pro_validation_Math_24,0,1,0.10067931640522254,1570.0
Gemma-4-31B-IT,directllm,MMMU-Pro vision,mmmu_pro_validation_Math_25,0,1,0.11188358725085536,2552.0
Gemma-4-31B-IT,directllm,MMMU-Pro vision,mmmu_pro_validation_Math_26,0,0,0.10939556986182283,18773.0
Gemma-4-31B-IT,directllm,MMMU-Pro vision,mmmu_pro_validation_Math_27,0,1,0.0707938661943694,691.0
Gemma-4-31B-IT,directllm,MMMU-Pro vision,mmmu_pro_validation_Math_28,0,1,0.19762673443290574,1700.0
Gemma-4-31B-IT,directllm,MMMU-Pro vision,mmmu_pro_validation_Math_29,0,1,0.08204628894082404,1691.0
Gemma-4-31B-IT,directllm,MMMU-Pro vision,mmmu_pro_validation_Math_3,0,1,0.17218927767713907,11570.0
Gemma-4-31B-IT,directllm,MMMU-Pro vision,mmmu_pro_validation_Math_30,0,1,0.10095780710192286,4254.0
Gemma-4-31B-IT,directllm,MMMU-Pro vision,mmmu_pro_validation_Math_4,0,0,0.12867933262893524,2061.0
Gemma-4-31B-IT,directllm,MMMU-Pro vision,mmmu_pro_validation_Math_5,0,1,0.12364738819499872,2768.0
Gemma-4-31B-IT,directllm,MMMU-Pro vision,mmmu_pro_validation_Math_7,0,0,0.040676641388079755,19066.0
Gemma-4-31B-IT,directllm,MMMU-Pro vision,mmmu_pro_validation_Math_8,0,1,0.10804574572450405,7864.0
Gemma-4-31B-IT,directllm,MMMU-Pro vision,mmmu_pro_validation_Mechanical_Engineering_1,0,0,0.4030491787438404,2274.0
Gemma-4-31B-IT,directllm,MMMU-Pro vision,mmmu_pro_validation_Mechanical_Engineering_10,0,1,0.09315853763651515,2453.0
Gemma-4-31B-IT,directllm,MMMU-Pro vision,mmmu_pro_validation_Mechanical_Engineering_12,0,0,0.27817994881177627,9709.0
Gemma-4-31B-IT,directllm,MMMU-Pro vision,mmmu_pro_validation_Mechanical_Engineering_14,0,1,0.12136320740854223,11157.0
Gemma-4-31B-IT,directllm,MMMU-Pro vision,mmmu_pro_validation_Mechanical_Engineering_15,0,0,0.28113828816343,10391.0
Gemma-4-31B-IT,directllm,MMMU-Pro vision,mmmu_pro_validation_Mechanical_Engineering_16,0,1,0.09077908681067591,1820.0
Gemma-4-31B-IT,directllm,MMMU-Pro vision,mmmu_pro_validation_Mechanical_Engineering_17,0,0,0.1397874110718552,18716.0
Gemma-4-31B-IT,directllm,MMMU-Pro vision,mmmu_pro_validation_Mechanical_Engineering_18,0,1,0.1603156236984541,9058.0
Gemma-4-31B-IT,directllm,MMMU-Pro vision,mmmu_pro_validation_Mechanical_Engineering_2,0,0,0.08618812207423114,19280.0
Gemma-4-31B-IT,directllm,MMMU-Pro vision,mmmu_pro_validation_Mechanical_Engineering_20,0,1,0.15957271230684156,3512.0
Gemma-4-31B-IT,directllm,MMMU-Pro vision,mmmu_pro_validation_Mechanical_Engineering_22,0,1,0.1189043556290338,2022.0
Gemma-4-31B-IT,directllm,MMMU-Pro vision,mmmu_pro_validation_Mechanical_Engineering_23,0,0,0.12081679882658992,19058.0
Gemma-4-31B-IT,directllm,MMMU-Pro vision,mmmu_pro_validation_Mechanical_Engineering_24,0,1,0.13364711968854465,1585.0
Gemma-4-31B-IT,directllm,MMMU-Pro vision,mmmu_pro_validation_Mechanical_Engineering_25,0,1,0.129374141277967,4666.0
Gemma-4-31B-IT,directllm,MMMU-Pro vision,mmmu_pro_validation_Mechanical_Engineering_26,0,0,0.2947759086458153,2398.0
Gemma-4-31B-IT,directllm,MMMU-Pro vision,mmmu_pro_validation_Mechanical_Engineering_27,0,0,0.1669036874919847,19440.0
Gemma-4-31B-IT,directllm,MMMU-Pro vision,mmmu_pro_validation_Mechanical_Engineering_28,0,1,0.17814768498929026,14258.0
Gemma-4-31B-IT,directllm,MMMU-Pro vision,mmmu_pro_validation_Mechanical_Engineering_29,0,1,0.10700222839698167,2368.0
Gemma-4-31B-IT,directllm,MMMU-Pro vision,mmmu_pro_validation_Mechanical_Engineering_3,0,0,0.2529397415515,5632.0
Gemma-4-31B-IT,directllm,MMMU-Pro vision,mmmu_pro_validation_Mechanical_Engineering_30,0,1,0.2929348274290355,8014.0
Gemma-4-31B-IT,directllm,MMMU-Pro vision,mmmu_pro_validation_Mechanical_Engineering_4,0,1,0.08447920353583169,4094.0
Gemma-4-31B-IT,directllm,MMMU-Pro vision,mmmu_pro_validation_Mechanical_Engineering_5,0,1,0.09372185057467787,4586.0
Gemma-4-31B-IT,directllm,MMMU-Pro vision,mmmu_pro_validation_Mechanical_Engineering_6,0,1,0.06778576461936948,2379.0
Gemma-4-31B-IT,directllm,MMMU-Pro vision,mmmu_pro_validation_Mechanical_Engineering_7,0,0,0.18897158688086688,8779.0
Gemma-4-31B-IT,directllm,MMMU-Pro vision,mmmu_pro_validation_Mechanical_Engineering_8,0,0,0.05982473795365075,19112.0
Gemma-4-31B-IT,directllm,MMMU-Pro vision,mmmu_pro_validation_Music_1,0,0,0.13378882342904178,2143.0
Gemma-4-31B-IT,directllm,MMMU-Pro vision,mmmu_pro_validation_Music_11,0,0,0.24905183487073912,982.0
Gemma-4-31B-IT,directllm,MMMU-Pro vision,mmmu_pro_validation_Music_12,0,0,0.20120279847974087,1709.0
Gemma-4-31B-IT,directllm,MMMU-Pro vision,mmmu_pro_validation_Music_13,0,0,0.09791701320257712,19352.0
Gemma-4-31B-IT,directllm,MMMU-Pro vision,mmmu_pro_validation_Music_14,0,0,0.039079055509006,19105.0
Gemma-4-31B-IT,directllm,MMMU-Pro vision,mmmu_pro_validation_Music_15,0,0,0.16132074337044885,654.0
Gemma-4-31B-IT,directllm,MMMU-Pro vision,mmmu_pro_validation_Music_16,0,0,0.11173051103702675,18953.0
Gemma-4-31B-IT,directllm,MMMU-Pro vision,mmmu_pro_validation_Music_17,0,0,0.16702384070612536,4950.0
Gemma-4-31B-IT,directllm,MMMU-Pro vision,mmmu_pro_validation_Music_18,0,0,0.040916589731524546,18751.0
Gemma-4-31B-IT,directllm,MMMU-Pro vision,mmmu_pro_validation_Music_19,0,0,0.03330049732112792,18861.0
Gemma-4-31B-IT,directllm,MMMU-Pro vision,mmmu_pro_validation_Music_2,0,0,0.2398974004095144,2612.0
Gemma-4-31B-IT,directllm,MMMU-Pro vision,mmmu_pro_validation_Music_20,0,0,0.05585333109809345,19137.0
Gemma-4-31B-IT,directllm,MMMU-Pro vision,mmmu_pro_validation_Music_21,0,0,0.06921358868238113,19042.0
Gemma-4-31B-IT,directllm,MMMU-Pro vision,mmmu_pro_validation_Music_22,0,0,0.022671740262951632,19178.0
Gemma-4-31B-IT,directllm,MMMU-Pro vision,mmmu_pro_validation_Music_23,0,0,0.13206283422946605,19028.0
Gemma-4-31B-IT,directllm,MMMU-Pro vision,mmmu_pro_validation_Music_24,0,0,0.04692064624862865,19079.0
Gemma-4-31B-IT,directllm,MMMU-Pro vision,mmmu_pro_validation_Music_25,0,0,0.15789282464354285,1158.0
Gemma-4-31B-IT,directllm,MMMU-Pro vision,mmmu_pro_validation_Music_27,0,0,0.014730015721384302,19100.0
Gemma-4-31B-IT,directllm,MMMU-Pro vision,mmmu_pro_validation_Music_28,0,0,0.06411367311218136,18963.0
Gemma-4-31B-IT,directllm,MMMU-Pro vision,mmmu_pro_validation_Music_29,0,1,0.3043892791341585,1518.0
Gemma-4-31B-IT,directllm,MMMU-Pro vision,mmmu_pro_validation_Music_3,0,0,0.20336319729960214,1238.0
Gemma-4-31B-IT,directllm,MMMU-Pro vision,mmmu_pro_validation_Music_30,0,0,0.2539599258660184,6742.0
Gemma-4-31B-IT,directllm,MMMU-Pro vision,mmmu_pro_validation_Music_4,0,0,0.18461022446649472,989.0
Gemma-4-31B-IT,directllm,MMMU-Pro vision,mmmu_pro_validation_Music_5,0,1,0.1540678374675186,749.0
Gemma-4-31B-IT,directllm,MMMU-Pro vision,mmmu_pro_validation_Music_6,0,0,0.3365334010138137,3920.0
Gemma-4-31B-IT,directllm,MMMU-Pro vision,mmmu_pro_validation_Music_7,0,0,0.26115957404716805,4788.0
Gemma-4-31B-IT,directllm,MMMU-Pro vision,mmmu_pro_validation_Music_8,0,0,0.06738642862250765,19099.0
Gemma-4-31B-IT,directllm,MMMU-Pro vision,mmmu_pro_validation_Music_9,0,0,0.0935886569218984,18826.0
Gemma-4-31B-IT,directllm,MMMU-Pro vision,mmmu_pro_validation_Pharmacy_1,0,1,0.04686562041558497,1903.0
Gemma-4-31B-IT,directllm,MMMU-Pro vision,mmmu_pro_validation_Pharmacy_10,0,1,0.36542226272886996,5184.0
Gemma-4-31B-IT,directllm,MMMU-Pro vision,mmmu_pro_validation_Pharmacy_11,0,1,0.23311673836847324,615.0
Gemma-4-31B-IT,directllm,MMMU-Pro vision,mmmu_pro_validation_Pharmacy_14,0,1,0.1691221853135992,597.0
Gemma-4-31B-IT,directllm,MMMU-Pro vision,mmmu_pro_validation_Pharmacy_17,0,1,0.2922561355035633,1464.0
Gemma-4-31B-IT,directllm,MMMU-Pro vision,mmmu_pro_validation_Pharmacy_18,0,1,0.2736779549969796,1011.0
Gemma-4-31B-IT,directllm,MMMU-Pro vision,mmmu_pro_validation_Pharmacy_21,0,1,0.36818321245946145,7151.0
Gemma-4-31B-IT,directllm,MMMU-Pro vision,mmmu_pro_validation_Pharmacy_22,0,1,0.05518922203290647,1526.0
Gemma-4-31B-IT,directllm,MMMU-Pro vision,mmmu_pro_validation_Pharmacy_23,0,0,0.25832190005705596,3315.0
Gemma-4-31B-IT,directllm,MMMU-Pro vision,mmmu_pro_validation_Pharmacy_24,0,0,0.35777993088496163,1801.0
Gemma-4-31B-IT,directllm,MMMU-Pro vision,mmmu_pro_validation_Pharmacy_27,0,1,0.05752725310384093,2301.0
Gemma-4-31B-IT,directllm,MMMU-Pro vision,mmmu_pro_validation_Pharmacy_28,0,1,0.1815051894791878,1362.0
Gemma-4-31B-IT,directllm,MMMU-Pro vision,mmmu_pro_validation_Pharmacy_30,0,1,0.15391191754351724,1660.0
Gemma-4-31B-IT,directllm,MMMU-Pro vision,mmmu_pro_validation_Pharmacy_4,0,1,0.1810648148207021,2043.0
Gemma-4-31B-IT,directllm,MMMU-Pro vision,mmmu_pro_validation_Pharmacy_7,0,1,0.15524376515576263,653.0
Gemma-4-31B-IT,directllm,MMMU-Pro vision,mmmu_pro_validation_Pharmacy_8,0,1,0.17705912753681066,1536.0
Gemma-4-31B-IT,directllm,MMMU-Pro vision,mmmu_pro_validation_Pharmacy_9,0,1,0.2053585044380006,392.0
Gemma-4-31B-IT,directllm,MMMU-Pro vision,mmmu_pro_validation_Physics_1,0,1,0.17881165059377083,2018.0
Gemma-4-31B-IT,directllm,MMMU-Pro vision,mmmu_pro_validation_Physics_11,0,1,0.15240697649593843,1726.0
Gemma-4-31B-IT,directllm,MMMU-Pro vision,mmmu_pro_validation_Physics_12,0,1,0.19284845874088608,1054.0
Gemma-4-31B-IT,directllm,MMMU-Pro vision,mmmu_pro_validation_Physics_13,0,0,0.14680720708259995,16288.0
Gemma-4-31B-IT,directllm,MMMU-Pro vision,mmmu_pro_validation_Physics_14,0,1,0.1576216828253904,2434.0
Gemma-4-31B-IT,directllm,MMMU-Pro vision,mmmu_pro_validation_Physics_15,0,1,0.18623827018108954,2676.0
Gemma-4-31B-IT,directllm,MMMU-Pro vision,mmmu_pro_validation_Physics_16,0,1,0.15629069344865407,1039.0
Gemma-4-31B-IT,directllm,MMMU-Pro vision,mmmu_pro_validation_Physics_17,0,1,0.18101408016196827,972.0
Gemma-4-31B-IT,directllm,MMMU-Pro vision,mmmu_pro_validation_Physics_18,0,0,0.034890014261866976,18915.0
Gemma-4-31B-IT,directllm,MMMU-Pro vision,mmmu_pro_validation_Physics_19,0,0,0.20720357599067765,1409.0
Gemma-4-31B-IT,directllm,MMMU-Pro vision,mmmu_pro_validation_Physics_2,0,1,0.24484899195930918,2068.0
Gemma-4-31B-IT,directllm,MMMU-Pro vision,mmmu_pro_validation_Physics_20,0,0,0.17457731561741968,4348.0
Gemma-4-31B-IT,directllm,MMMU-Pro vision,mmmu_pro_validation_Physics_23,0,1,0.11639801361120734,1675.0
Gemma-4-31B-IT,directllm,MMMU-Pro vision,mmmu_pro_validation_Physics_25,0,1,0.13894494073301578,1540.0
Gemma-4-31B-IT,directllm,MMMU-Pro vision,mmmu_pro_validation_Physics_26,0,1,0.18743306059344908,697.0
Gemma-4-31B-IT,directllm,MMMU-Pro vision,mmmu_pro_validation_Physics_27,0,0,0.12965183700938665,18843.0
Gemma-4-31B-IT,directllm,MMMU-Pro vision,mmmu_pro_validation_Physics_28,0,1,0.13336670296521744,1111.0
Gemma-4-31B-IT,directllm,MMMU-Pro vision,mmmu_pro_validation_Physics_29,0,1,0.10912464266936725,1270.0
Gemma-4-31B-IT,directllm,MMMU-Pro vision,mmmu_pro_validation_Physics_30,0,1,0.14597482644776535,1011.0
Gemma-4-31B-IT,directllm,MMMU-Pro vision,mmmu_pro_validation_Physics_4,0,1,0.14766744520556188,2658.0
Gemma-4-31B-IT,directllm,MMMU-Pro vision,mmmu_pro_validation_Physics_5,0,1,0.05660419497665218,1107.0
Gemma-4-31B-IT,directllm,MMMU-Pro vision,mmmu_pro_validation_Physics_7,0,0,0.06602994049054262,19802.0
Gemma-4-31B-IT,directllm,MMMU-Pro vision,mmmu_pro_validation_Physics_8,0,1,0.11075062967381492,1142.0
Gemma-4-31B-IT,directllm,MMMU-Pro vision,mmmu_pro_validation_Physics_9,0,0,0.24560658779892186,9042.0
Gemma-4-31B-IT,directllm,MMMU-Pro vision,mmmu_pro_validation_Psychology_1,0,1,0.15161997974917138,533.0
Gemma-4-31B-IT,directllm,MMMU-Pro vision,mmmu_pro_validation_Psychology_12,0,0,0.3630328786040531,2911.0
Gemma-4-31B-IT,directllm,MMMU-Pro vision,mmmu_pro_validation_Psychology_13,0,1,0.20775170053659497,749.0
Gemma-4-31B-IT,directllm,MMMU-Pro vision,mmmu_pro_validation_Psychology_15,0,1,0.2728492892302504,1164.0
Gemma-4-31B-IT,directllm,MMMU-Pro vision,mmmu_pro_validation_Psychology_16,0,1,0.32528072158480686,4619.0
Gemma-4-31B-IT,directllm,MMMU-Pro vision,mmmu_pro_validation_Psychology_17,0,1,0.17720353990453583,576.0
Gemma-4-31B-IT,directllm,MMMU-Pro vision,mmmu_pro_validation_Psychology_18,0,1,0.10749654558627095,1249.0
Gemma-4-31B-IT,directllm,MMMU-Pro vision,mmmu_pro_validation_Psychology_19,0,1,0.289145948765965,1226.0
Gemma-4-31B-IT,directllm,MMMU-Pro vision,mmmu_pro_validation_Psychology_21,0,0,0.2578314379501354,12331.0
Gemma-4-31B-IT,directllm,MMMU-Pro vision,mmmu_pro_validation_Psychology_24,0,0,0.25527966794672385,707.0
Gemma-4-31B-IT,directllm,MMMU-Pro vision,mmmu_pro_validation_Psychology_26,0,0,0.18355736664584565,1556.0
Gemma-4-31B-IT,directllm,MMMU-Pro vision,mmmu_pro_validation_Psychology_29,0,1,0.3088042826801042,1505.0
Gemma-4-31B-IT,directllm,MMMU-Pro vision,mmmu_pro_validation_Psychology_3,0,1,0.2310305987221139,798.0
Gemma-4-31B-IT,directllm,MMMU-Pro vision,mmmu_pro_validation_Psychology_30,0,0,0.22347125734756343,1699.0
Gemma-4-31B-IT,directllm,MMMU-Pro vision,mmmu_pro_validation_Psychology_4,0,0,0.27617197364753726,11071.0
Gemma-4-31B-IT,directllm,MMMU-Pro vision,mmmu_pro_validation_Psychology_5,0,1,0.22771749153319884,1046.0
Gemma-4-31B-IT,directllm,MMMU-Pro vision,mmmu_pro_validation_Psychology_6,0,0,0.34929155627154573,1415.0
Gemma-4-31B-IT,directllm,MMMU-Pro vision,mmmu_pro_validation_Psychology_7,0,1,0.223116924059899,1185.0
Gemma-4-31B-IT,directllm,MMMU-Pro vision,mmmu_pro_validation_Psychology_8,0,1,0.07650312225023295,717.0
Gemma-4-31B-IT,directllm,MMMU-Pro vision,mmmu_pro_validation_Public_Health_1,0,1,0.12888678769692924,1645.0
Gemma-4-31B-IT,directllm,MMMU-Pro vision,mmmu_pro_validation_Public_Health_10,0,1,0.13804954443581594,1698.0
Gemma-4-31B-IT,directllm,MMMU-Pro vision,mmmu_pro_validation_Public_Health_14,0,1,0.09007363274505935,792.0
Gemma-4-31B-IT,directllm,MMMU-Pro vision,mmmu_pro_validation_Public_Health_15,0,1,0.12017059282175176,863.0
Gemma-4-31B-IT,directllm,MMMU-Pro vision,mmmu_pro_validation_Public_Health_16,0,1,0.13709799744649107,3922.0
Gemma-4-31B-IT,directllm,MMMU-Pro vision,mmmu_pro_validation_Public_Health_17,0,1,0.14193245945312702,1015.0
Gemma-4-31B-IT,directllm,MMMU-Pro vision,mmmu_pro_validation_Public_Health_2,0,1,0.09447792460935586,1151.0
Gemma-4-31B-IT,directllm,MMMU-Pro vision,mmmu_pro_validation_Public_Health_20,0,1,0.0875105996356774,1378.0
Gemma-4-31B-IT,directllm,MMMU-Pro vision,mmmu_pro_validation_Public_Health_21,0,1,0.22542392681543066,3727.0
Gemma-4-31B-IT,directllm,MMMU-Pro vision,mmmu_pro_validation_Public_Health_23,0,1,0.12142344528316218,951.0
Gemma-4-31B-IT,directllm,MMMU-Pro vision,mmmu_pro_validation_Public_Health_24,0,0,0.02576689096751552,18885.0
Gemma-4-31B-IT,directllm,MMMU-Pro vision,mmmu_pro_validation_Public_Health_25,0,1,0.10417633565193876,1026.0
Gemma-4-31B-IT,directllm,MMMU-Pro vision,mmmu_pro_validation_Public_Health_27,0,1,0.23990917229323466,1868.0
Gemma-4-31B-IT,directllm,MMMU-Pro vision,mmmu_pro_validation_Public_Health_28,0,1,0.18093778025159923,9181.0
Gemma-4-31B-IT,directllm,MMMU-Pro vision,mmmu_pro_validation_Public_Health_29,0,1,0.06582840232302492,1912.0
Gemma-4-31B-IT,directllm,MMMU-Pro vision,mmmu_pro_validation_Public_Health_30,0,1,0.08643301854143355,1690.0
Gemma-4-31B-IT,directllm,MMMU-Pro vision,mmmu_pro_validation_Public_Health_5,0,1,0.06891710573581246,1188.0
Gemma-4-31B-IT,directllm,MMMU-Pro vision,mmmu_pro_validation_Public_Health_7,0,0,0.2829454280878321,8180.0
Gemma-4-31B-IT,directllm,MMMU-Pro vision,mmmu_pro_validation_Public_Health_8,0,1,0.12952670825517015,9506.0
Gemma-4-31B-IT,directllm,MMMU-Pro vision,mmmu_pro_validation_Public_Health_9,0,0,0.04420535124153424,19003.0
Gemma-4-31B-IT,directllm,MMMU-Pro vision,mmmu_pro_validation_Sociology_1,0,1,0.38022169656430943,1450.0
Gemma-4-31B-IT,directllm,MMMU-Pro vision,mmmu_pro_validation_Sociology_10,0,0,0.44083957418403685,1863.0
Gemma-4-31B-IT,directllm,MMMU-Pro vision,mmmu_pro_validation_Sociology_11,0,1,0.3316174340739968,1048.0
Gemma-4-31B-IT,directllm,MMMU-Pro vision,mmmu_pro_validation_Sociology_12,0,1,0.4024344984740575,8058.0
Gemma-4-31B-IT,directllm,MMMU-Pro vision,mmmu_pro_validation_Sociology_15,0,0,0.3070065879765166,1330.0
Gemma-4-31B-IT,directllm,MMMU-Pro vision,mmmu_pro_validation_Sociology_17,0,1,0.2924843519477518,2730.0
Gemma-4-31B-IT,directllm,MMMU-Pro vision,mmmu_pro_validation_Sociology_20,0,0,0.3480876038837044,1107.0
Gemma-4-31B-IT,directllm,MMMU-Pro vision,mmmu_pro_validation_Sociology_21,0,0,0.21382789567952418,1033.0
Gemma-4-31B-IT,directllm,MMMU-Pro vision,mmmu_pro_validation_Sociology_22,0,1,0.31106801887436264,1189.0
Gemma-4-31B-IT,directllm,MMMU-Pro vision,mmmu_pro_validation_Sociology_25,0,0,0.2564839975839972,997.0
Gemma-4-31B-IT,directllm,MMMU-Pro vision,mmmu_pro_validation_Sociology_28,0,1,0.40326724611770154,2158.0
Gemma-4-31B-IT,directllm,MMMU-Pro vision,mmmu_pro_validation_Sociology_29,0,1,0.3757390476732905,4340.0
Gemma-4-31B-IT,directllm,MMMU-Pro vision,mmmu_pro_validation_Sociology_30,0,0,0.3942967503909457,1783.0
Gemma-4-31B-IT,directllm,MMMU-Pro vision,mmmu_pro_validation_Sociology_4,0,1,0.29521666228340937,985.0
Gemma-4-31B-IT,directllm,MMMU-Pro vision,mmmu_pro_validation_Sociology_5,0,0,0.3374483163237152,1339.0
Gemma-4-31B-IT,directllm,MMMU-Pro vision,mmmu_pro_validation_Sociology_8,0,1,0.2849470628241683,705.0
Gemma-4-31B-IT,openclaw,MMMU-Pro vision,mmmu_pro_test_Accounting_129,0,1,0.165332444812869,1540.0
Gemma-4-31B-IT,openclaw,MMMU-Pro vision,mmmu_pro_test_Accounting_13,0,1,0.1894537159329622,687.0
Gemma-4-31B-IT,openclaw,MMMU-Pro vision,mmmu_pro_test_Accounting_131,0,1,0.21013719288964552,1832.0
Gemma-4-31B-IT,openclaw,MMMU-Pro vision,mmmu_pro_test_Accounting_138,0,1,0.23559369923248444,2844.0
Gemma-4-31B-IT,openclaw,MMMU-Pro vision,mmmu_pro_test_Accounting_170,0,1,0.13851698943125135,1305.0
Gemma-4-31B-IT,openclaw,MMMU-Pro vision,mmmu_pro_test_Accounting_201,0,1,0.14254207028065582,5057.0
Gemma-4-31B-IT,openclaw,MMMU-Pro vision,mmmu_pro_test_Accounting_208,0,1,0.1144070390209335,52.0
Gemma-4-31B-IT,openclaw,MMMU-Pro vision,mmmu_pro_test_Accounting_227,0,1,0.21330075674045482,3537.0
Gemma-4-31B-IT,openclaw,MMMU-Pro vision,mmmu_pro_test_Accounting_241,0,1,0.11081449840233835,3177.0
Gemma-4-31B-IT,openclaw,MMMU-Pro vision,mmmu_pro_test_Accounting_248,0,,0.0,
Gemma-4-31B-IT,openclaw,MMMU-Pro vision,mmmu_pro_test_Accounting_252,0,1,0.2153024882216333,3914.0
Gemma-4-31B-IT,openclaw,MMMU-Pro vision,mmmu_pro_test_Accounting_256,0,1,0.12083807061483663,1963.0
Gemma-4-31B-IT,openclaw,MMMU-Pro vision,mmmu_pro_test_Accounting_279,0,1,0.18633084074629575,1387.0
Gemma-4-31B-IT,openclaw,MMMU-Pro vision,mmmu_pro_test_Accounting_292,0,1,0.13760439671023703,5911.0
Gemma-4-31B-IT,openclaw,MMMU-Pro vision,mmmu_pro_test_Accounting_30,0,1,0.12057989485592435,4550.0
Gemma-4-31B-IT,openclaw,MMMU-Pro vision,mmmu_pro_test_Accounting_307,0,1,0.15912725510999542,1755.0
Gemma-4-31B-IT,openclaw,MMMU-Pro vision,mmmu_pro_test_Accounting_312,0,1,0.14924637865578097,4023.0
Gemma-4-31B-IT,openclaw,MMMU-Pro vision,mmmu_pro_test_Accounting_315,0,1,0.17580528012305133,4990.0
Gemma-4-31B-IT,openclaw,MMMU-Pro vision,mmmu_pro_test_Accounting_328,0,1,0.2040106229811849,4865.0
Gemma-4-31B-IT,openclaw,MMMU-Pro vision,mmmu_pro_test_Accounting_34,0,,0.0,
Gemma-4-31B-IT,openclaw,MMMU-Pro vision,mmmu_pro_test_Accounting_345,0,1,0.09789181674847398,2497.0
Gemma-4-31B-IT,openclaw,MMMU-Pro vision,mmmu_pro_test_Accounting_360,0,1,0.17309383186824348,4277.0
Gemma-4-31B-IT,openclaw,MMMU-Pro vision,mmmu_pro_test_Accounting_361,0,0,0.17539932849181614,11371.0
Gemma-4-31B-IT,openclaw,MMMU-Pro vision,mmmu_pro_test_Accounting_365,0,1,0.18569212681316105,4620.0
Gemma-4-31B-IT,openclaw,MMMU-Pro vision,mmmu_pro_test_Accounting_38,0,1,0.1916318663597264,7503.0
Gemma-4-31B-IT,openclaw,MMMU-Pro vision,mmmu_pro_test_Accounting_380,0,1,0.201191412885735,5460.0
Gemma-4-31B-IT,openclaw,MMMU-Pro vision,mmmu_pro_test_Accounting_42,0,1,0.20377587695556823,1863.0
Gemma-4-31B-IT,openclaw,MMMU-Pro vision,mmmu_pro_test_Accounting_50,0,1,0.1579036004173057,15.0
Gemma-4-31B-IT,openclaw,MMMU-Pro vision,mmmu_pro_test_Accounting_55,0,0,0.07838514230328385,1201.0
Gemma-4-31B-IT,openclaw,MMMU-Pro vision,mmmu_pro_test_Accounting_63,0,1,0.07313064436124317,1087.0
Gemma-4-31B-IT,openclaw,MMMU-Pro vision,mmmu_pro_test_Accounting_80,0,1,0.15138668419336668,2693.0
Gemma-4-31B-IT,openclaw,MMMU-Pro vision,mmmu_pro_test_Agriculture_102,0,1,0.3043697890131389,2750.0
Gemma-4-31B-IT,openclaw,MMMU-Pro vision,mmmu_pro_test_Agriculture_105,0,1,0.23914175637803306,287.0
Gemma-4-31B-IT,openclaw,MMMU-Pro vision,mmmu_pro_test_Agriculture_117,0,1,0.29740493256373335,2004.0
Gemma-4-31B-IT,openclaw,MMMU-Pro vision,mmmu_pro_test_Agriculture_123,0,1,0.22612401214293376,41.0
Gemma-4-31B-IT,openclaw,MMMU-Pro vision,mmmu_pro_test_Agriculture_139,0,1,0.20264262357794205,309.0
Gemma-4-31B-IT,openclaw,MMMU-Pro vision,mmmu_pro_test_Agriculture_145,0,1,0.3719578192717184,238.0
Gemma-4-31B-IT,openclaw,MMMU-Pro vision,mmmu_pro_test_Agriculture_146,0,1,0.317506653539537,3577.0
Gemma-4-31B-IT,openclaw,MMMU-Pro vision,mmmu_pro_test_Agriculture_15,0,0,0.25478396563449474,1425.0
Gemma-4-31B-IT,openclaw,MMMU-Pro vision,mmmu_pro_test_Agriculture_157,0,1,0.22659812893477957,278.0
Gemma-4-31B-IT,openclaw,MMMU-Pro vision,mmmu_pro_test_Agriculture_165,0,,0.0,
Gemma-4-31B-IT,openclaw,MMMU-Pro vision,mmmu_pro_test_Agriculture_169,0,0,0.28790354351221237,41.0
Gemma-4-31B-IT,openclaw,MMMU-Pro vision,mmmu_pro_test_Agriculture_174,0,0,0.24332203176007258,2462.0
Gemma-4-31B-IT,openclaw,MMMU-Pro vision,mmmu_pro_test_Agriculture_183,0,0,0.2282914766242502,2573.0
Gemma-4-31B-IT,openclaw,MMMU-Pro vision,mmmu_pro_test_Agriculture_187,0,0,0.24092339393574103,1181.0
Gemma-4-31B-IT,openclaw,MMMU-Pro vision,mmmu_pro_test_Agriculture_19,0,0,0.23201126415527534,6731.0
Gemma-4-31B-IT,openclaw,MMMU-Pro vision,mmmu_pro_test_Agriculture_190,0,0,0.27329703135359357,3933.0
Gemma-4-31B-IT,openclaw,MMMU-Pro vision,mmmu_pro_test_Agriculture_192,0,0,0.28124786140391006,4393.0
Gemma-4-31B-IT,openclaw,MMMU-Pro vision,mmmu_pro_test_Agriculture_195,0,1,0.18996120379224438,880.0
Gemma-4-31B-IT,openclaw,MMMU-Pro vision,mmmu_pro_test_Agriculture_207,0,1,0.19320839345367863,10790.0
Gemma-4-31B-IT,openclaw,MMMU-Pro vision,mmmu_pro_test_Agriculture_210,0,0,0.23869982103757875,4871.0
Gemma-4-31B-IT,openclaw,MMMU-Pro vision,mmmu_pro_test_Agriculture_217,0,1,0.1819517544344723,4223.0
Gemma-4-31B-IT,openclaw,MMMU-Pro vision,mmmu_pro_test_Agriculture_234,0,0,0.35546114249098243,1821.0
Gemma-4-31B-IT,openclaw,MMMU-Pro vision,mmmu_pro_test_Agriculture_248,0,0,0.2588618593918741,7617.0
Gemma-4-31B-IT,openclaw,MMMU-Pro vision,mmmu_pro_test_Agriculture_262,0,0,0.14379821224455927,780.0
Gemma-4-31B-IT,openclaw,MMMU-Pro vision,mmmu_pro_test_Agriculture_269,0,1,0.25511176909085803,3535.0
Gemma-4-31B-IT,openclaw,MMMU-Pro vision,mmmu_pro_test_Agriculture_270,0,0,0.22334911061527155,6212.0
Gemma-4-31B-IT,openclaw,MMMU-Pro vision,mmmu_pro_test_Agriculture_271,0,1,0.21769200740069156,2898.0
Gemma-4-31B-IT,openclaw,MMMU-Pro vision,mmmu_pro_test_Agriculture_282,0,0,0.2589239747820828,2829.0
Gemma-4-31B-IT,openclaw,MMMU-Pro vision,mmmu_pro_test_Agriculture_37,0,0,0.21916962149515304,2704.0
Gemma-4-31B-IT,openclaw,MMMU-Pro vision,mmmu_pro_test_Agriculture_39,0,1,0.22417918382507793,4880.0
Gemma-4-31B-IT,openclaw,MMMU-Pro vision,mmmu_pro_test_Agriculture_4,0,0,0.18922771432535448,180.0
Gemma-4-31B-IT,openclaw,MMMU-Pro vision,mmmu_pro_test_Agriculture_42,0,,0.0,
Gemma-4-31B-IT,openclaw,MMMU-Pro vision,mmmu_pro_test_Agriculture_46,0,0,0.2550524055187759,6983.0
Gemma-4-31B-IT,openclaw,MMMU-Pro vision,mmmu_pro_test_Agriculture_55,0,0,0.20938135452188025,8369.0
Gemma-4-31B-IT,openclaw,MMMU-Pro vision,mmmu_pro_test_Agriculture_69,0,1,0.07536247422014077,4695.0
Gemma-4-31B-IT,openclaw,MMMU-Pro vision,mmmu_pro_test_Agriculture_8,0,1,0.1522902056857907,6503.0
Gemma-4-31B-IT,openclaw,MMMU-Pro vision,mmmu_pro_test_Agriculture_92,0,0,0.1844764759890977,13047.0
Gemma-4-31B-IT,openclaw,MMMU-Pro vision,mmmu_pro_test_Agriculture_93,0,1,0.2891896249258244,3311.0
Gemma-4-31B-IT,openclaw,MMMU-Pro vision,mmmu_pro_test_Architecture_and_Engineering_111,0,1,0.20311360701712947,1023.0
Gemma-4-31B-IT,openclaw,MMMU-Pro vision,mmmu_pro_test_Architecture_and_Engineering_113,0,1,0.10150175317178178,234.0
Gemma-4-31B-IT,openclaw,MMMU-Pro vision,mmmu_pro_test_Architecture_and_Engineering_146,0,1,0.09587193486486786,14415.0
Gemma-4-31B-IT,openclaw,MMMU-Pro vision,mmmu_pro_test_Architecture_and_Engineering_191,0,1,0.1712738584926262,883.0
Gemma-4-31B-IT,openclaw,MMMU-Pro vision,mmmu_pro_test_Architecture_and_Engineering_206,0,1,0.17351437378448656,1022.0
Gemma-4-31B-IT,openclaw,MMMU-Pro vision,mmmu_pro_test_Architecture_and_Engineering_207,0,0,0.13045608022007696,1799.0
Gemma-4-31B-IT,openclaw,MMMU-Pro vision,mmmu_pro_test_Architecture_and_Engineering_214,0,,0.21645645901705793,154.0
Gemma-4-31B-IT,openclaw,MMMU-Pro vision,mmmu_pro_test_Architecture_and_Engineering_242,0,0,0.15189885257377253,1605.0
Gemma-4-31B-IT,openclaw,MMMU-Pro vision,mmmu_pro_test_Architecture_and_Engineering_250,0,1,0.14136722402871868,4079.0
Gemma-4-31B-IT,openclaw,MMMU-Pro vision,mmmu_pro_test_Architecture_and_Engineering_266,0,,0.1549136138034024,2972.0
Gemma-4-31B-IT,openclaw,MMMU-Pro vision,mmmu_pro_test_Architecture_and_Engineering_278,0,1,0.25034758107742316,3501.0
Gemma-4-31B-IT,openclaw,MMMU-Pro vision,mmmu_pro_test_Architecture_and_Engineering_307,0,1,0.16104852190009394,4277.0
Gemma-4-31B-IT,openclaw,MMMU-Pro vision,mmmu_pro_test_Architecture_and_Engineering_312,0,,0.0,
Gemma-4-31B-IT,openclaw,MMMU-Pro vision,mmmu_pro_test_Architecture_and_Engineering_320,0,1,0.19501590254546794,183.0
Gemma-4-31B-IT,openclaw,MMMU-Pro vision,mmmu_pro_test_Architecture_and_Engineering_336,0,1,0.1300649526665845,3223.0
Gemma-4-31B-IT,openclaw,MMMU-Pro vision,mmmu_pro_test_Architecture_and_Engineering_359,0,,0.14473479031223976,3787.0
Gemma-4-31B-IT,openclaw,MMMU-Pro vision,mmmu_pro_test_Architecture_and_Engineering_361,0,1,0.1686229074866363,11224.0
Gemma-4-31B-IT,openclaw,MMMU-Pro vision,mmmu_pro_test_Architecture_and_Engineering_391,0,,0.2050409816307146,8872.0
Gemma-4-31B-IT,openclaw,MMMU-Pro vision,mmmu_pro_test_Architecture_and_Engineering_392,0,1,0.1265685514880661,549.0
Gemma-4-31B-IT,openclaw,MMMU-Pro vision,mmmu_pro_test_Architecture_and_Engineering_395,0,,0.0,
Gemma-4-31B-IT,openclaw,MMMU-Pro vision,mmmu_pro_test_Architecture_and_Engineering_403,0,1,0.16054172309026962,8253.0
Gemma-4-31B-IT,openclaw,MMMU-Pro vision,mmmu_pro_test_Architecture_and_Engineering_41,0,1,0.08974019065958339,20377.0
Gemma-4-31B-IT,openclaw,MMMU-Pro vision,mmmu_pro_test_Architecture_and_Engineering_413,0,1,0.16933742566685034,6945.0
Gemma-4-31B-IT,openclaw,MMMU-Pro vision,mmmu_pro_test_Architecture_and_Engineering_416,0,0,0.21669526294249747,3922.0
Gemma-4-31B-IT,openclaw,MMMU-Pro vision,mmmu_pro_test_Architecture_and_Engineering_442,0,,0.17481287929921435,721.0
Gemma-4-31B-IT,openclaw,MMMU-Pro vision,mmmu_pro_test_Architecture_and_Engineering_443,0,1,0.16622598066128874,3812.0
Gemma-4-31B-IT,openclaw,MMMU-Pro vision,mmmu_pro_test_Architecture_and_Engineering_457,0,1,0.1033301779598949,973.0
Gemma-4-31B-IT,openclaw,MMMU-Pro vision,mmmu_pro_test_Architecture_and_Engineering_47,0,1,0.17552322230411,6843.0
Gemma-4-31B-IT,openclaw,MMMU-Pro vision,mmmu_pro_test_Architecture_and_Engineering_473,0,,0.14953540861377101,3351.0
Gemma-4-31B-IT,openclaw,MMMU-Pro vision,mmmu_pro_test_Architecture_and_Engineering_492,0,0,0.14348818759572715,837.0
Gemma-4-31B-IT,openclaw,MMMU-Pro vision,mmmu_pro_test_Architecture_and_Engineering_493,0,1,0.14277221484362387,533.0
Gemma-4-31B-IT,openclaw,MMMU-Pro vision,mmmu_pro_test_Architecture_and_Engineering_503,0,0,0.13243312325713333,3876.0
Gemma-4-31B-IT,openclaw,MMMU-Pro vision,mmmu_pro_test_Architecture_and_Engineering_512,0,1,0.33579497083349896,560.0
Gemma-4-31B-IT,openclaw,MMMU-Pro vision,mmmu_pro_test_Architecture_and_Engineering_518,0,,0.12363068296726944,5205.0
Gemma-4-31B-IT,openclaw,MMMU-Pro vision,mmmu_pro_test_Architecture_and_Engineering_533,0,1,0.20022413924440943,16652.0
Gemma-4-31B-IT,openclaw,MMMU-Pro vision,mmmu_pro_test_Architecture_and_Engineering_77,0,1,0.13362963459564303,1594.0
Gemma-4-31B-IT,openclaw,MMMU-Pro vision,mmmu_pro_test_Architecture_and_Engineering_86,0,1,0.08228990209573112,1502.0
Gemma-4-31B-IT,openclaw,MMMU-Pro vision,mmmu_pro_test_Art_107,0,0,0.30481607129667604,184.0
Gemma-4-31B-IT,openclaw,MMMU-Pro vision,mmmu_pro_test_Art_111,0,1,0.20119705912864697,2293.0
Gemma-4-31B-IT,openclaw,MMMU-Pro vision,mmmu_pro_test_Art_113,0,0,0.19604934857675174,204.0
Gemma-4-31B-IT,openclaw,MMMU-Pro vision,mmmu_pro_test_Art_117,0,1,0.254321656349763,10549.0
Gemma-4-31B-IT,openclaw,MMMU-Pro vision,mmmu_pro_test_Art_12,0,0,0.12432104530713174,3945.0
Gemma-4-31B-IT,openclaw,MMMU-Pro vision,mmmu_pro_test_Art_121,0,1,0.2977873256751512,1288.0
Gemma-4-31B-IT,openclaw,MMMU-Pro vision,mmmu_pro_test_Art_124,0,1,0.2140524689165496,5888.0
Gemma-4-31B-IT,openclaw,MMMU-Pro vision,mmmu_pro_test_Art_130,0,0,0.27650653809756004,1912.0
Gemma-4-31B-IT,openclaw,MMMU-Pro vision,mmmu_pro_test_Art_139,0,1,0.23604953822014388,4734.0
Gemma-4-31B-IT,openclaw,MMMU-Pro vision,mmmu_pro_test_Art_147,0,1,0.23713789742818886,813.0
Gemma-4-31B-IT,openclaw,MMMU-Pro vision,mmmu_pro_test_Art_159,0,0,0.22644753414179294,3868.0
Gemma-4-31B-IT,openclaw,MMMU-Pro vision,mmmu_pro_test_Art_176,0,1,0.236073994050639,4424.0
Gemma-4-31B-IT,openclaw,MMMU-Pro vision,mmmu_pro_test_Art_184,0,1,0.2595414332849754,819.0
Gemma-4-31B-IT,openclaw,MMMU-Pro vision,mmmu_pro_test_Art_195,0,1,0.23569438557658692,561.0
Gemma-4-31B-IT,openclaw,MMMU-Pro vision,mmmu_pro_test_Art_208,0,,0.0,
Gemma-4-31B-IT,openclaw,MMMU-Pro vision,mmmu_pro_test_Art_21,0,0,0.25339906961029013,5030.0
Gemma-4-31B-IT,openclaw,MMMU-Pro vision,mmmu_pro_test_Art_224,0,1,0.23143004219746524,1226.0
Gemma-4-31B-IT,openclaw,MMMU-Pro vision,mmmu_pro_test_Art_227,0,1,0.2205757411411956,1433.0
Gemma-4-31B-IT,openclaw,MMMU-Pro vision,mmmu_pro_test_Art_231,0,1,0.2396423130223134,112.0
Gemma-4-31B-IT,openclaw,MMMU-Pro vision,mmmu_pro_test_Art_24,0,,0.0,
Gemma-4-31B-IT,openclaw,MMMU-Pro vision,mmmu_pro_test_Art_25,0,1,0.18619339598825704,1312.0
Gemma-4-31B-IT,openclaw,MMMU-Pro vision,mmmu_pro_test_Art_41,0,1,0.21464595762352748,2122.0
Gemma-4-31B-IT,openclaw,MMMU-Pro vision,mmmu_pro_test_Art_63,0,1,0.2994968483689285,878.0
Gemma-4-31B-IT,openclaw,MMMU-Pro vision,mmmu_pro_test_Art_67,0,1,0.2040307216566191,10367.0
Gemma-4-31B-IT,openclaw,MMMU-Pro vision,mmmu_pro_test_Art_81,0,1,0.26935497208110637,2623.0
Gemma-4-31B-IT,openclaw,MMMU-Pro vision,mmmu_pro_test_Art_84,0,0,0.2818210225101089,311.0
Gemma-4-31B-IT,openclaw,MMMU-Pro vision,mmmu_pro_test_Art_87,0,1,0.16435763794158398,826.0
Gemma-4-31B-IT,openclaw,MMMU-Pro vision,mmmu_pro_test_Art_93,0,0,0.234192440653628,1903.0
Gemma-4-31B-IT,openclaw,MMMU-Pro vision,mmmu_pro_test_Art_94,0,1,0.25879633819944314,1365.0
Gemma-4-31B-IT,openclaw,MMMU-Pro vision,mmmu_pro_test_Art_Theory_11,0,0,0.25886169506933837,990.0
Gemma-4-31B-IT,openclaw,MMMU-Pro vision,mmmu_pro_test_Art_Theory_117,0,1,0.23854622757374175,2685.0
Gemma-4-31B-IT,openclaw,MMMU-Pro vision,mmmu_pro_test_Art_Theory_131,0,0,0.2799166943739897,5162.0
Gemma-4-31B-IT,openclaw,MMMU-Pro vision,mmmu_pro_test_Art_Theory_152,0,0,0.24259228196153237,2179.0
Gemma-4-31B-IT,openclaw,MMMU-Pro vision,mmmu_pro_test_Art_Theory_156,0,1,0.25416137095605484,4900.0
Gemma-4-31B-IT,openclaw,MMMU-Pro vision,mmmu_pro_test_Art_Theory_162,0,1,0.16487551440925907,1507.0
Gemma-4-31B-IT,openclaw,MMMU-Pro vision,mmmu_pro_test_Art_Theory_168,0,1,0.3631743457971534,869.0
Gemma-4-31B-IT,openclaw,MMMU-Pro vision,mmmu_pro_test_Art_Theory_171,0,1,0.11480154000989744,1968.0
Gemma-4-31B-IT,openclaw,MMMU-Pro vision,mmmu_pro_test_Art_Theory_19,0,0,0.26190748628870647,6535.0
Gemma-4-31B-IT,openclaw,MMMU-Pro vision,mmmu_pro_test_Art_Theory_199,0,0,0.2410901762717176,4060.0
Gemma-4-31B-IT,openclaw,MMMU-Pro vision,mmmu_pro_test_Art_Theory_208,0,1,0.19205618910296623,572.0
Gemma-4-31B-IT,openclaw,MMMU-Pro vision,mmmu_pro_test_Art_Theory_24,0,1,0.2357542290500369,4861.0
Gemma-4-31B-IT,openclaw,MMMU-Pro vision,mmmu_pro_test_Art_Theory_246,0,0,0.12726322686179162,967.0
Gemma-4-31B-IT,openclaw,MMMU-Pro vision,mmmu_pro_test_Art_Theory_249,0,1,0.20553287227183042,1757.0
Gemma-4-31B-IT,openclaw,MMMU-Pro vision,mmmu_pro_test_Art_Theory_25,0,1,0.28918218712803373,2095.0
Gemma-4-31B-IT,openclaw,MMMU-Pro vision,mmmu_pro_test_Art_Theory_256,0,1,0.2866641923641379,2360.0
Gemma-4-31B-IT,openclaw,MMMU-Pro vision,mmmu_pro_test_Art_Theory_259,0,0,0.20875591647698918,256.0
Gemma-4-31B-IT,openclaw,MMMU-Pro vision,mmmu_pro_test_Art_Theory_26,0,1,0.19705593983652556,3590.0
Gemma-4-31B-IT,openclaw,MMMU-Pro vision,mmmu_pro_test_Art_Theory_266,0,1,0.2497373412158704,5841.0
Gemma-4-31B-IT,openclaw,MMMU-Pro vision,mmmu_pro_test_Art_Theory_273,0,1,0.33145999014280125,6377.0
Gemma-4-31B-IT,openclaw,MMMU-Pro vision,mmmu_pro_test_Art_Theory_276,0,1,0.2327305035217904,3251.0
Gemma-4-31B-IT,openclaw,MMMU-Pro vision,mmmu_pro_test_Art_Theory_289,0,1,0.2586317555126004,3965.0
Gemma-4-31B-IT,openclaw,MMMU-Pro vision,mmmu_pro_test_Art_Theory_375,0,0,0.25292725710085734,3007.0
Gemma-4-31B-IT,openclaw,MMMU-Pro vision,mmmu_pro_test_Art_Theory_39,0,0,0.31215480836889525,704.0
Gemma-4-31B-IT,openclaw,MMMU-Pro vision,mmmu_pro_test_Art_Theory_419,0,1,0.2404575192032071,2688.0
Gemma-4-31B-IT,openclaw,MMMU-Pro vision,mmmu_pro_test_Art_Theory_420,0,0,0.22875418205293785,10848.0
Gemma-4-31B-IT,openclaw,MMMU-Pro vision,mmmu_pro_test_Art_Theory_425,0,1,0.2720362668240037,4478.0
Gemma-4-31B-IT,openclaw,MMMU-Pro vision,mmmu_pro_test_Art_Theory_45,0,1,0.21313936540012457,1965.0
Gemma-4-31B-IT,openclaw,MMMU-Pro vision,mmmu_pro_test_Art_Theory_52,0,1,0.2796268150678676,1360.0
Gemma-4-31B-IT,openclaw,MMMU-Pro vision,mmmu_pro_test_Art_Theory_53,0,0,0.09103570066249035,241.0
Gemma-4-31B-IT,openclaw,MMMU-Pro vision,mmmu_pro_test_Basic_Medical_Science_100,0,1,0.2892510574518359,176.0
Gemma-4-31B-IT,openclaw,MMMU-Pro vision,mmmu_pro_test_Basic_Medical_Science_106,0,1,0.17810350748790224,3651.0
Gemma-4-31B-IT,openclaw,MMMU-Pro vision,mmmu_pro_test_Basic_Medical_Science_107,0,,0.0,
Gemma-4-31B-IT,openclaw,MMMU-Pro vision,mmmu_pro_test_Basic_Medical_Science_148,0,1,0.20753970172841782,1434.0
Gemma-4-31B-IT,openclaw,MMMU-Pro vision,mmmu_pro_test_Basic_Medical_Science_158,0,1,0.18316633164312182,1361.0
Gemma-4-31B-IT,openclaw,MMMU-Pro vision,mmmu_pro_test_Basic_Medical_Science_177,0,0,0.32342771342138904,4656.0
Gemma-4-31B-IT,openclaw,MMMU-Pro vision,mmmu_pro_test_Basic_Medical_Science_179,0,0,0.1436351902074184,2005.0
Gemma-4-31B-IT,openclaw,MMMU-Pro vision,mmmu_pro_test_Basic_Medical_Science_181,0,0,0.15446774680270453,70.0
Gemma-4-31B-IT,openclaw,MMMU-Pro vision,mmmu_pro_test_Basic_Medical_Science_209,0,0,0.1814314317341587,4739.0
Gemma-4-31B-IT,openclaw,MMMU-Pro vision,mmmu_pro_test_Basic_Medical_Science_216,0,1,0.165061876744042,2407.0
Gemma-4-31B-IT,openclaw,MMMU-Pro vision,mmmu_pro_test_Basic_Medical_Science_218,0,1,0.1970813395266173,1815.0
Gemma-4-31B-IT,openclaw,MMMU-Pro vision,mmmu_pro_test_Basic_Medical_Science_219,0,1,0.17477364077174098,3668.0
Gemma-4-31B-IT,openclaw,MMMU-Pro vision,mmmu_pro_test_Basic_Medical_Science_221,0,1,0.2468446494239211,1790.0
Gemma-4-31B-IT,openclaw,MMMU-Pro vision,mmmu_pro_test_Basic_Medical_Science_222,0,1,0.16875684323306092,379.0
Gemma-4-31B-IT,openclaw,MMMU-Pro vision,mmmu_pro_test_Basic_Medical_Science_230,0,1,0.1681914500618686,4747.0
Gemma-4-31B-IT,openclaw,MMMU-Pro vision,mmmu_pro_test_Basic_Medical_Science_233,0,,0.0,
Gemma-4-31B-IT,openclaw,MMMU-Pro vision,mmmu_pro_test_Basic_Medical_Science_24,0,0,0.2176392430209404,844.0
Gemma-4-31B-IT,openclaw,MMMU-Pro vision,mmmu_pro_test_Basic_Medical_Science_247,0,1,0.13610069266147382,4561.0
Gemma-4-31B-IT,openclaw,MMMU-Pro vision,mmmu_pro_test_Basic_Medical_Science_253,0,1,0.1751335425439885,1650.0
Gemma-4-31B-IT,openclaw,MMMU-Pro vision,mmmu_pro_test_Basic_Medical_Science_261,0,1,0.24219186625761516,431.0
Gemma-4-31B-IT,openclaw,MMMU-Pro vision,mmmu_pro_test_Basic_Medical_Science_262,0,1,0.1865881001996229,4394.0
Gemma-4-31B-IT,openclaw,MMMU-Pro vision,mmmu_pro_test_Basic_Medical_Science_267,0,0,0.21451631014243278,2193.0
Gemma-4-31B-IT,openclaw,MMMU-Pro vision,mmmu_pro_test_Basic_Medical_Science_269,0,1,0.19134141943018793,2154.0
Gemma-4-31B-IT,openclaw,MMMU-Pro vision,mmmu_pro_test_Basic_Medical_Science_27,0,1,0.20206210699321794,2803.0
Gemma-4-31B-IT,openclaw,MMMU-Pro vision,mmmu_pro_test_Basic_Medical_Science_270,0,1,0.22486360252320156,1988.0
Gemma-4-31B-IT,openclaw,MMMU-Pro vision,mmmu_pro_test_Basic_Medical_Science_283,0,0,0.23703341312532145,3754.0
Gemma-4-31B-IT,openclaw,MMMU-Pro vision,mmmu_pro_test_Basic_Medical_Science_29,0,0,0.21053069303513644,759.0
Gemma-4-31B-IT,openclaw,MMMU-Pro vision,mmmu_pro_test_Basic_Medical_Science_291,0,1,0.2044233694611451,2794.0
Gemma-4-31B-IT,openclaw,MMMU-Pro vision,mmmu_pro_test_Basic_Medical_Science_30,0,1,0.20949856564799216,3111.0
Gemma-4-31B-IT,openclaw,MMMU-Pro vision,mmmu_pro_test_Basic_Medical_Science_313,0,1,0.22902362141445579,2700.0
Gemma-4-31B-IT,openclaw,MMMU-Pro vision,mmmu_pro_test_Basic_Medical_Science_35,0,0,0.2830719558497983,2295.0
Gemma-4-31B-IT,openclaw,MMMU-Pro vision,mmmu_pro_test_Basic_Medical_Science_41,0,1,0.23677842210384176,1085.0
Gemma-4-31B-IT,openclaw,MMMU-Pro vision,mmmu_pro_test_Basic_Medical_Science_46,0,1,0.22357916316952614,1444.0
Gemma-4-31B-IT,openclaw,MMMU-Pro vision,mmmu_pro_test_Basic_Medical_Science_72,0,0,0.20270676544838856,324.0
Gemma-4-31B-IT,openclaw,MMMU-Pro vision,mmmu_pro_test_Basic_Medical_Science_95,0,1,0.25870038198108214,1078.0
Gemma-4-31B-IT,openclaw,MMMU-Pro vision,mmmu_pro_test_Basic_Medical_Science_98,0,1,0.18578119071309895,2051.0
Gemma-4-31B-IT,openclaw,MMMU-Pro vision,mmmu_pro_test_Biology_132,0,0,0.19810408764913995,3859.0
Gemma-4-31B-IT,openclaw,MMMU-Pro vision,mmmu_pro_test_Biology_138,0,,0.10429201041139212,130.0
Gemma-4-31B-IT,openclaw,MMMU-Pro vision,mmmu_pro_test_Biology_142,0,1,0.2502367929763333,3802.0
Gemma-4-31B-IT,openclaw,MMMU-Pro vision,mmmu_pro_test_Biology_146,0,1,0.19895579260857915,1954.0
Gemma-4-31B-IT,openclaw,MMMU-Pro vision,mmmu_pro_test_Biology_153,0,0,0.20955826775901157,4184.0
Gemma-4-31B-IT,openclaw,MMMU-Pro vision,mmmu_pro_test_Biology_156,0,,0.0,
Gemma-4-31B-IT,openclaw,MMMU-Pro vision,mmmu_pro_test_Biology_157,0,0,0.14952752200200345,5110.0
Gemma-4-31B-IT,openclaw,MMMU-Pro vision,mmmu_pro_test_Biology_175,0,0,0.09392067655687988,696.0
Gemma-4-31B-IT,openclaw,MMMU-Pro vision,mmmu_pro_test_Biology_19,0,1,0.21911421509683615,2450.0
Gemma-4-31B-IT,openclaw,MMMU-Pro vision,mmmu_pro_test_Biology_195,0,1,0.24175043450079,10113.0
Gemma-4-31B-IT,openclaw,MMMU-Pro vision,mmmu_pro_test_Biology_196,0,0,0.1261208298787823,1104.0
Gemma-4-31B-IT,openclaw,MMMU-Pro vision,mmmu_pro_test_Biology_231,0,1,0.23178518215117924,3886.0
Gemma-4-31B-IT,openclaw,MMMU-Pro vision,mmmu_pro_test_Biology_249,0,,0.0,
Gemma-4-31B-IT,openclaw,MMMU-Pro vision,mmmu_pro_test_Biology_259,0,0,0.22243930437993134,9277.0
Gemma-4-31B-IT,openclaw,MMMU-Pro vision,mmmu_pro_test_Biology_267,0,,0.0,
Gemma-4-31B-IT,openclaw,MMMU-Pro vision,mmmu_pro_test_Biology_295,0,1,0.12601889216900258,248.0
Gemma-4-31B-IT,openclaw,MMMU-Pro vision,mmmu_pro_test_Biology_302,0,1,0.10136277469783447,1455.0
Gemma-4-31B-IT,openclaw,MMMU-Pro vision,mmmu_pro_test_Biology_307,0,0,0.05100167266014027,1401.0
Gemma-4-31B-IT,openclaw,MMMU-Pro vision,mmmu_pro_test_Biology_310,0,1,0.16927543462800884,2058.0
Gemma-4-31B-IT,openclaw,MMMU-Pro vision,mmmu_pro_test_Biology_316,0,1,0.10233380360334104,237.0
Gemma-4-31B-IT,openclaw,MMMU-Pro vision,mmmu_pro_test_Biology_318,0,0,0.18041764676873692,6414.0
Gemma-4-31B-IT,openclaw,MMMU-Pro vision,mmmu_pro_test_Biology_321,0,,0.18425983952241304,7811.0
Gemma-4-31B-IT,openclaw,MMMU-Pro vision,mmmu_pro_test_Biology_328,0,1,0.2174487702021923,7963.0
Gemma-4-31B-IT,openclaw,MMMU-Pro vision,mmmu_pro_test_Biology_33,0,1,0.29232275875908953,1795.0
Gemma-4-31B-IT,openclaw,MMMU-Pro vision,mmmu_pro_test_Biology_334,0,0,0.17635874995899087,6859.0
Gemma-4-31B-IT,openclaw,MMMU-Pro vision,mmmu_pro_test_Biology_341,0,1,0.12574807528059717,4895.0
Gemma-4-31B-IT,openclaw,MMMU-Pro vision,mmmu_pro_test_Biology_40,0,1,0.02117449881174222,52.0
Gemma-4-31B-IT,openclaw,MMMU-Pro vision,mmmu_pro_test_Biology_46,0,0,0.10435687040074629,879.0
Gemma-4-31B-IT,openclaw,MMMU-Pro vision,mmmu_pro_test_Biology_47,0,1,0.12101625907538315,510.0
Gemma-4-31B-IT,openclaw,MMMU-Pro vision,mmmu_pro_test_Biology_59,0,1,0.16044649087083052,1993.0
Gemma-4-31B-IT,openclaw,MMMU-Pro vision,mmmu_pro_test_Biology_60,0,1,0.28673391372805795,6462.0
Gemma-4-31B-IT,openclaw,MMMU-Pro vision,mmmu_pro_test_Biology_76,0,1,0.15594545133310822,617.0
Gemma-4-31B-IT,openclaw,MMMU-Pro vision,mmmu_pro_test_Biology_79,0,1,0.28322506238791934,1987.0
Gemma-4-31B-IT,openclaw,MMMU-Pro vision,mmmu_pro_test_Biology_8,0,1,0.17397516236155722,8455.0
Gemma-4-31B-IT,openclaw,MMMU-Pro vision,mmmu_pro_test_Biology_88,0,1,0.15619658628761418,570.0
Gemma-4-31B-IT,openclaw,MMMU-Pro vision,mmmu_pro_test_Chemistry_102,0,1,0.15706613150261245,519.0
Gemma-4-31B-IT,openclaw,MMMU-Pro vision,mmmu_pro_test_Chemistry_11,0,1,0.21025453056424914,11953.0
Gemma-4-31B-IT,openclaw,MMMU-Pro vision,mmmu_pro_test_Chemistry_147,0,1,0.0676003959676586,541.0
Gemma-4-31B-IT,openclaw,MMMU-Pro vision,mmmu_pro_test_Chemistry_185,0,1,0.24198610643251406,1152.0
Gemma-4-31B-IT,openclaw,MMMU-Pro vision,mmmu_pro_test_Chemistry_189,0,1,0.13083557567703863,1548.0
Gemma-4-31B-IT,openclaw,MMMU-Pro vision,mmmu_pro_test_Chemistry_193,0,,0.0,
Gemma-4-31B-IT,openclaw,MMMU-Pro vision,mmmu_pro_test_Chemistry_197,0,0,0.2264380004282848,3859.0
Gemma-4-31B-IT,openclaw,MMMU-Pro vision,mmmu_pro_test_Chemistry_21,0,1,0.08051466268561293,192.0
Gemma-4-31B-IT,openclaw,MMMU-Pro vision,mmmu_pro_test_Chemistry_216,0,0,0.3596490067713321,808.0
Gemma-4-31B-IT,openclaw,MMMU-Pro vision,mmmu_pro_test_Chemistry_233,0,1,0.13412348337365487,880.0
Gemma-4-31B-IT,openclaw,MMMU-Pro vision,mmmu_pro_test_Chemistry_240,0,,0.0,
Gemma-4-31B-IT,openclaw,MMMU-Pro vision,mmmu_pro_test_Chemistry_287,0,1,0.10413256336563974,2087.0
Gemma-4-31B-IT,openclaw,MMMU-Pro vision,mmmu_pro_test_Chemistry_30,0,1,0.15679092174960843,1715.0
Gemma-4-31B-IT,openclaw,MMMU-Pro vision,mmmu_pro_test_Chemistry_314,0,1,0.19815336680825352,7196.0
Gemma-4-31B-IT,openclaw,MMMU-Pro vision,mmmu_pro_test_Chemistry_326,0,,0.0,
Gemma-4-31B-IT,openclaw,MMMU-Pro vision,mmmu_pro_test_Chemistry_345,0,0,0.1172019214795847,3418.0
Gemma-4-31B-IT,openclaw,MMMU-Pro vision,mmmu_pro_test_Chemistry_353,0,1,0.11757388358451736,665.0
Gemma-4-31B-IT,openclaw,MMMU-Pro vision,mmmu_pro_test_Chemistry_354,0,0,0.1806207157276207,15153.0
Gemma-4-31B-IT,openclaw,MMMU-Pro vision,mmmu_pro_test_Chemistry_362,0,1,0.2107231261012707,277.0
Gemma-4-31B-IT,openclaw,MMMU-Pro vision,mmmu_pro_test_Chemistry_366,0,1,0.17749606643282084,805.0
Gemma-4-31B-IT,openclaw,MMMU-Pro vision,mmmu_pro_test_Chemistry_40,0,1,0.136170018421532,2773.0
Gemma-4-31B-IT,openclaw,MMMU-Pro vision,mmmu_pro_test_Chemistry_400,0,1,0.22179028850536828,1446.0
Gemma-4-31B-IT,openclaw,MMMU-Pro vision,mmmu_pro_test_Chemistry_417,0,1,0.12223075032348746,2210.0
Gemma-4-31B-IT,openclaw,MMMU-Pro vision,mmmu_pro_test_Chemistry_43,0,1,0.20872729352069053,2373.0
Gemma-4-31B-IT,openclaw,MMMU-Pro vision,mmmu_pro_test_Chemistry_447,0,0,0.1797003082045486,3477.0
Gemma-4-31B-IT,openclaw,MMMU-Pro vision,mmmu_pro_test_Chemistry_451,0,,0.0,
Gemma-4-31B-IT,openclaw,MMMU-Pro vision,mmmu_pro_test_Chemistry_461,0,,0.0,
Gemma-4-31B-IT,openclaw,MMMU-Pro vision,mmmu_pro_test_Chemistry_471,0,0,0.045401946788453516,373.0
Gemma-4-31B-IT,openclaw,MMMU-Pro vision,mmmu_pro_test_Chemistry_481,0,1,0.2213555597737583,5741.0
Gemma-4-31B-IT,openclaw,MMMU-Pro vision,mmmu_pro_test_Chemistry_5,0,1,0.22139065485858594,2871.0
Gemma-4-31B-IT,openclaw,MMMU-Pro vision,mmmu_pro_test_Chemistry_524,0,0,0.13600477914753942,3586.0
Gemma-4-31B-IT,openclaw,MMMU-Pro vision,mmmu_pro_test_Chemistry_526,0,0,0.2831853346824586,667.0
Gemma-4-31B-IT,openclaw,MMMU-Pro vision,mmmu_pro_test_Chemistry_537,0,1,0.14855556323817137,5736.0
Gemma-4-31B-IT,openclaw,MMMU-Pro vision,mmmu_pro_test_Chemistry_541,0,1,0.15889914027237198,1858.0
Gemma-4-31B-IT,openclaw,MMMU-Pro vision,mmmu_pro_test_Chemistry_546,0,1,0.1505661445178605,1987.0
Gemma-4-31B-IT,openclaw,MMMU-Pro vision,mmmu_pro_test_Chemistry_555,0,,0.0,
Gemma-4-31B-IT,openclaw,MMMU-Pro vision,mmmu_pro_test_Chemistry_560,0,,0.10309914479609814,14618.0
Gemma-4-31B-IT,openclaw,MMMU-Pro vision,mmmu_pro_test_Chemistry_570,0,,0.0,
Gemma-4-31B-IT,openclaw,MMMU-Pro vision,mmmu_pro_test_Chemistry_582,0,1,0.19198159479309088,1372.0
Gemma-4-31B-IT,openclaw,MMMU-Pro vision,mmmu_pro_test_Chemistry_61,0,0,0.16539540617939252,3027.0
Gemma-4-31B-IT,openclaw,MMMU-Pro vision,mmmu_pro_test_Chemistry_94,0,0,0.11684766656561288,1495.0
Gemma-4-31B-IT,openclaw,MMMU-Pro vision,mmmu_pro_test_Chemistry_96,0,1,0.20836038906780152,4413.0
Gemma-4-31B-IT,openclaw,MMMU-Pro vision,mmmu_pro_test_Clinical_Medicine_1,0,1,0.17737046217245134,438.0
Gemma-4-31B-IT,openclaw,MMMU-Pro vision,mmmu_pro_test_Clinical_Medicine_100,0,0,0.2816636806959738,1725.0
Gemma-4-31B-IT,openclaw,MMMU-Pro vision,mmmu_pro_test_Clinical_Medicine_108,0,,0.0,
Gemma-4-31B-IT,openclaw,MMMU-Pro vision,mmmu_pro_test_Clinical_Medicine_114,0,1,0.21353192367230495,5479.0
Gemma-4-31B-IT,openclaw,MMMU-Pro vision,mmmu_pro_test_Clinical_Medicine_115,0,0,0.23712316881588894,5408.0
Gemma-4-31B-IT,openclaw,MMMU-Pro vision,mmmu_pro_test_Clinical_Medicine_118,0,1,0.2459903585443049,3816.0
Gemma-4-31B-IT,openclaw,MMMU-Pro vision,mmmu_pro_test_Clinical_Medicine_126,0,1,0.20542083368624728,87.0
Gemma-4-31B-IT,openclaw,MMMU-Pro vision,mmmu_pro_test_Clinical_Medicine_127,0,1,0.22272523491556903,1126.0
Gemma-4-31B-IT,openclaw,MMMU-Pro vision,mmmu_pro_test_Clinical_Medicine_128,0,1,0.1805860425642996,1457.0
Gemma-4-31B-IT,openclaw,MMMU-Pro vision,mmmu_pro_test_Clinical_Medicine_131,0,1,0.283647724135113,5639.0
Gemma-4-31B-IT,openclaw,MMMU-Pro vision,mmmu_pro_test_Clinical_Medicine_133,0,1,0.21197126718374634,2600.0
Gemma-4-31B-IT,openclaw,MMMU-Pro vision,mmmu_pro_test_Clinical_Medicine_147,0,0,0.2618867051494959,950.0
Gemma-4-31B-IT,openclaw,MMMU-Pro vision,mmmu_pro_test_Clinical_Medicine_148,0,1,0.16808964663541223,2714.0
Gemma-4-31B-IT,openclaw,MMMU-Pro vision,mmmu_pro_test_Clinical_Medicine_153,0,1,0.17842681913349856,433.0
Gemma-4-31B-IT,openclaw,MMMU-Pro vision,mmmu_pro_test_Clinical_Medicine_164,0,1,0.21326506404271467,5209.0
Gemma-4-31B-IT,openclaw,MMMU-Pro vision,mmmu_pro_test_Clinical_Medicine_165,0,1,0.22298376035427414,787.0
Gemma-4-31B-IT,openclaw,MMMU-Pro vision,mmmu_pro_test_Clinical_Medicine_173,0,1,0.2987774777298954,2325.0
Gemma-4-31B-IT,openclaw,MMMU-Pro vision,mmmu_pro_test_Clinical_Medicine_189,0,0,0.1807191265401194,3380.0
Gemma-4-31B-IT,openclaw,MMMU-Pro vision,mmmu_pro_test_Clinical_Medicine_206,0,1,0.2945478248424127,2510.0
Gemma-4-31B-IT,openclaw,MMMU-Pro vision,mmmu_pro_test_Clinical_Medicine_214,0,1,0.2561595942454994,2400.0
Gemma-4-31B-IT,openclaw,MMMU-Pro vision,mmmu_pro_test_Clinical_Medicine_232,0,1,0.20656076367006848,5942.0
Gemma-4-31B-IT,openclaw,MMMU-Pro vision,mmmu_pro_test_Clinical_Medicine_235,0,1,0.17408097530707695,6420.0
Gemma-4-31B-IT,openclaw,MMMU-Pro vision,mmmu_pro_test_Clinical_Medicine_247,0,0,0.2690519852496768,2294.0
Gemma-4-31B-IT,openclaw,MMMU-Pro vision,mmmu_pro_test_Clinical_Medicine_260,0,1,0.23624821081352626,3046.0
Gemma-4-31B-IT,openclaw,MMMU-Pro vision,mmmu_pro_test_Clinical_Medicine_283,0,0,0.2365747608205606,3395.0
Gemma-4-31B-IT,openclaw,MMMU-Pro vision,mmmu_pro_test_Clinical_Medicine_298,0,0,0.08717425445299011,28.0
Gemma-4-31B-IT,openclaw,MMMU-Pro vision,mmmu_pro_test_Clinical_Medicine_302,0,0,0.16426255481771973,1329.0
Gemma-4-31B-IT,openclaw,MMMU-Pro vision,mmmu_pro_test_Clinical_Medicine_312,0,1,0.21333245559803368,1543.0
Gemma-4-31B-IT,openclaw,MMMU-Pro vision,mmmu_pro_test_Clinical_Medicine_314,0,1,0.18348918837320197,5854.0
Gemma-4-31B-IT,openclaw,MMMU-Pro vision,mmmu_pro_test_Clinical_Medicine_316,0,1,0.24830221118543713,1712.0
Gemma-4-31B-IT,openclaw,MMMU-Pro vision,mmmu_pro_test_Clinical_Medicine_33,0,1,0.2353418302780131,5624.0
Gemma-4-31B-IT,openclaw,MMMU-Pro vision,mmmu_pro_test_Clinical_Medicine_55,0,1,0.28274926722615573,3752.0
Gemma-4-31B-IT,openclaw,MMMU-Pro vision,mmmu_pro_test_Clinical_Medicine_68,0,0,0.20758881142319183,11578.0
Gemma-4-31B-IT,openclaw,MMMU-Pro vision,mmmu_pro_test_Clinical_Medicine_69,0,,0.0,
Gemma-4-31B-IT,openclaw,MMMU-Pro vision,mmmu_pro_test_Clinical_Medicine_73,0,1,0.1848880471452028,796.0
Gemma-4-31B-IT,openclaw,MMMU-Pro vision,mmmu_pro_test_Clinical_Medicine_91,0,1,0.17847500951538414,1080.0
Gemma-4-31B-IT,openclaw,MMMU-Pro vision,mmmu_pro_test_Clinical_Medicine_92,0,0,0.2509426904408513,205.0
Gemma-4-31B-IT,openclaw,MMMU-Pro vision,mmmu_pro_test_Clinical_Medicine_95,0,1,0.18950723770294312,546.0
Gemma-4-31B-IT,openclaw,MMMU-Pro vision,mmmu_pro_test_Computer_Science_12,0,1,0.08452281633285558,245.0
Gemma-4-31B-IT,openclaw,MMMU-Pro vision,mmmu_pro_test_Computer_Science_120,0,,0.0,
Gemma-4-31B-IT,openclaw,MMMU-Pro vision,mmmu_pro_test_Computer_Science_123,0,1,0.2464465378429792,1401.0
Gemma-4-31B-IT,openclaw,MMMU-Pro vision,mmmu_pro_test_Computer_Science_124,0,1,0.33226482497582516,1762.0
Gemma-4-31B-IT,openclaw,MMMU-Pro vision,mmmu_pro_test_Computer_Science_140,0,0,0.2942624846994286,880.0
Gemma-4-31B-IT,openclaw,MMMU-Pro vision,mmmu_pro_test_Computer_Science_141,0,0,0.13742749738408047,3694.0
Gemma-4-31B-IT,openclaw,MMMU-Pro vision,mmmu_pro_test_Computer_Science_151,0,1,0.2845379094675548,2744.0
Gemma-4-31B-IT,openclaw,MMMU-Pro vision,mmmu_pro_test_Computer_Science_156,0,1,0.12291144041190663,11395.0
Gemma-4-31B-IT,openclaw,MMMU-Pro vision,mmmu_pro_test_Computer_Science_158,0,0,0.21841654501049523,12981.0
Gemma-4-31B-IT,openclaw,MMMU-Pro vision,mmmu_pro_test_Computer_Science_164,0,1,0.1972434926537358,3599.0
Gemma-4-31B-IT,openclaw,MMMU-Pro vision,mmmu_pro_test_Computer_Science_184,0,1,0.13926974665682712,3987.0
Gemma-4-31B-IT,openclaw,MMMU-Pro vision,mmmu_pro_test_Computer_Science_198,0,0,0.2187877592896022,536.0
Gemma-4-31B-IT,openclaw,MMMU-Pro vision,mmmu_pro_test_Computer_Science_203,0,1,0.1640403054434241,3312.0
Gemma-4-31B-IT,openclaw,MMMU-Pro vision,mmmu_pro_test_Computer_Science_226,0,0,0.35429412086787765,32.0
Gemma-4-31B-IT,openclaw,MMMU-Pro vision,mmmu_pro_test_Computer_Science_227,0,1,0.2320852245786257,20.0
Gemma-4-31B-IT,openclaw,MMMU-Pro vision,mmmu_pro_test_Computer_Science_228,0,0,0.19893011052025958,280.0
Gemma-4-31B-IT,openclaw,MMMU-Pro vision,mmmu_pro_test_Computer_Science_250,0,1,0.08186823976211637,1435.0
Gemma-4-31B-IT,openclaw,MMMU-Pro vision,mmmu_pro_test_Computer_Science_266,0,1,0.22000119065763304,4863.0
Gemma-4-31B-IT,openclaw,MMMU-Pro vision,mmmu_pro_test_Computer_Science_273,0,1,0.1335429650520018,449.0
Gemma-4-31B-IT,openclaw,MMMU-Pro vision,mmmu_pro_test_Computer_Science_276,0,1,0.21526560133984493,2511.0
Gemma-4-31B-IT,openclaw,MMMU-Pro vision,mmmu_pro_test_Computer_Science_307,0,,0.30554080007929985,7.0
Gemma-4-31B-IT,openclaw,MMMU-Pro vision,mmmu_pro_test_Computer_Science_309,0,1,0.18527425289250432,726.0
Gemma-4-31B-IT,openclaw,MMMU-Pro vision,mmmu_pro_test_Computer_Science_317,0,1,0.1443441055558628,1426.0
Gemma-4-31B-IT,openclaw,MMMU-Pro vision,mmmu_pro_test_Computer_Science_334,0,1,0.1586590361091136,1045.0
Gemma-4-31B-IT,openclaw,MMMU-Pro vision,mmmu_pro_test_Computer_Science_351,0,1,0.24214730878094437,4375.0
Gemma-4-31B-IT,openclaw,MMMU-Pro vision,mmmu_pro_test_Computer_Science_353,0,1,0.1898928064130663,2281.0
Gemma-4-31B-IT,openclaw,MMMU-Pro vision,mmmu_pro_test_Computer_Science_363,0,0,0.10887924810484512,7564.0
Gemma-4-31B-IT,openclaw,MMMU-Pro vision,mmmu_pro_test_Computer_Science_367,0,1,0.18537995651424066,1488.0
Gemma-4-31B-IT,openclaw,MMMU-Pro vision,mmmu_pro_test_Computer_Science_369,0,1,0.13870959579912873,3649.0
Gemma-4-31B-IT,openclaw,MMMU-Pro vision,mmmu_pro_test_Computer_Science_39,0,,0.10698294896002855,1762.0
Gemma-4-31B-IT,openclaw,MMMU-Pro vision,mmmu_pro_test_Computer_Science_50,0,0,0.2719669847439136,2615.0
Gemma-4-31B-IT,openclaw,MMMU-Pro vision,mmmu_pro_test_Computer_Science_51,0,1,0.20942422148649695,6035.0
Gemma-4-31B-IT,openclaw,MMMU-Pro vision,mmmu_pro_test_Computer_Science_61,0,,0.14418524935814195,2305.0
Gemma-4-31B-IT,openclaw,MMMU-Pro vision,mmmu_pro_test_Computer_Science_68,0,0,0.18701098433954605,1478.0
Gemma-4-31B-IT,openclaw,MMMU-Pro vision,mmmu_pro_test_Computer_Science_69,0,1,0.13675631195899643,5354.0
Gemma-4-31B-IT,openclaw,MMMU-Pro vision,mmmu_pro_test_Computer_Science_70,0,0,0.13694386527032415,1620.0
Gemma-4-31B-IT,openclaw,MMMU-Pro vision,mmmu_pro_test_Computer_Science_77,0,1,0.16385547857248134,1268.0
Gemma-4-31B-IT,openclaw,MMMU-Pro vision,mmmu_pro_test_Computer_Science_89,0,0,0.17775688904967474,1769.0
Gemma-4-31B-IT,openclaw,MMMU-Pro vision,mmmu_pro_test_Design_100,0,1,0.1688752276996584,2447.0
Gemma-4-31B-IT,openclaw,MMMU-Pro vision,mmmu_pro_test_Design_110,0,0,0.23992451087009553,2878.0
Gemma-4-31B-IT,openclaw,MMMU-Pro vision,mmmu_pro_test_Design_112,0,1,0.19690517987805292,4082.0
Gemma-4-31B-IT,openclaw,MMMU-Pro vision,mmmu_pro_test_Design_119,0,,0.0,
Gemma-4-31B-IT,openclaw,MMMU-Pro vision,mmmu_pro_test_Design_125,0,1,0.2588493715687823,942.0
Gemma-4-31B-IT,openclaw,MMMU-Pro vision,mmmu_pro_test_Design_126,0,1,0.2122279460128532,1396.0
Gemma-4-31B-IT,openclaw,MMMU-Pro vision,mmmu_pro_test_Design_130,0,1,0.19777612704311107,1791.0
Gemma-4-31B-IT,openclaw,MMMU-Pro vision,mmmu_pro_test_Design_135,0,1,0.25458183357024394,5920.0
Gemma-4-31B-IT,openclaw,MMMU-Pro vision,mmmu_pro_test_Design_139,0,,0.0,
Gemma-4-31B-IT,openclaw,MMMU-Pro vision,mmmu_pro_test_Design_143,0,1,0.0677199303808347,495.0
Gemma-4-31B-IT,openclaw,MMMU-Pro vision,mmmu_pro_test_Design_144,0,1,0.24319854622736817,1893.0
Gemma-4-31B-IT,openclaw,MMMU-Pro vision,mmmu_pro_test_Design_146,0,1,0.1988276192743597,5622.0
Gemma-4-31B-IT,openclaw,MMMU-Pro vision,mmmu_pro_test_Design_148,0,0,0.21166261065418762,2201.0
Gemma-4-31B-IT,openclaw,MMMU-Pro vision,mmmu_pro_test_Design_154,0,0,0.24126549826214708,3065.0
Gemma-4-31B-IT,openclaw,MMMU-Pro vision,mmmu_pro_test_Design_159,0,0,0.26957889253726697,266.0
Gemma-4-31B-IT,openclaw,MMMU-Pro vision,mmmu_pro_test_Design_162,0,1,0.25862513410266436,2240.0
Gemma-4-31B-IT,openclaw,MMMU-Pro vision,mmmu_pro_test_Design_168,0,1,0.28309528550152674,1360.0
Gemma-4-31B-IT,openclaw,MMMU-Pro vision,mmmu_pro_test_Design_18,0,,0.00021120656320365745,1739.0
Gemma-4-31B-IT,openclaw,MMMU-Pro vision,mmmu_pro_test_Design_20,0,0,0.2225268398772297,5244.0
Gemma-4-31B-IT,openclaw,MMMU-Pro vision,mmmu_pro_test_Design_27,0,0,0.19358941684922068,323.0
Gemma-4-31B-IT,openclaw,MMMU-Pro vision,mmmu_pro_test_Design_33,0,1,0.17065694116292576,1698.0
Gemma-4-31B-IT,openclaw,MMMU-Pro vision,mmmu_pro_test_Design_39,0,1,0.11805641861248718,790.0
Gemma-4-31B-IT,openclaw,MMMU-Pro vision,mmmu_pro_test_Design_4,0,1,0.21395659759649996,2496.0
Gemma-4-31B-IT,openclaw,MMMU-Pro vision,mmmu_pro_test_Design_45,0,1,0.22135639125350237,3391.0
Gemma-4-31B-IT,openclaw,MMMU-Pro vision,mmmu_pro_test_Design_48,0,,0.0,
Gemma-4-31B-IT,openclaw,MMMU-Pro vision,mmmu_pro_test_Design_53,0,1,0.17300888177333307,1676.0
Gemma-4-31B-IT,openclaw,MMMU-Pro vision,mmmu_pro_test_Design_56,0,0,0.14889619890064723,4204.0
Gemma-4-31B-IT,openclaw,MMMU-Pro vision,mmmu_pro_test_Design_60,0,1,0.11788134343577143,427.0
Gemma-4-31B-IT,openclaw,MMMU-Pro vision,mmmu_pro_test_Design_62,0,0,0.24990502759466496,299.0
Gemma-4-31B-IT,openclaw,MMMU-Pro vision,mmmu_pro_test_Design_66,0,0,0.28680362062243403,5829.0
Gemma-4-31B-IT,openclaw,MMMU-Pro vision,mmmu_pro_test_Design_69,0,1,0.2999360957981191,605.0
Gemma-4-31B-IT,openclaw,MMMU-Pro vision,mmmu_pro_test_Design_7,0,0,0.12680502573405522,6303.0
Gemma-4-31B-IT,openclaw,MMMU-Pro vision,mmmu_pro_test_Design_72,0,1,0.23076041366801797,2530.0
Gemma-4-31B-IT,openclaw,MMMU-Pro vision,mmmu_pro_test_Design_79,0,0,0.23111557620414927,816.0
Gemma-4-31B-IT,openclaw,MMMU-Pro vision,mmmu_pro_test_Design_8,0,1,0.18785843664735502,413.0
Gemma-4-31B-IT,openclaw,MMMU-Pro vision,mmmu_pro_test_Design_80,0,1,0.2804051139896904,3862.0
Gemma-4-31B-IT,openclaw,MMMU-Pro vision,mmmu_pro_test_Design_82,0,1,0.2017089637648879,5442.0
Gemma-4-31B-IT,openclaw,MMMU-Pro vision,mmmu_pro_test_Design_84,0,1,0.23997271457368252,2658.0
Gemma-4-31B-IT,openclaw,MMMU-Pro vision,mmmu_pro_test_Design_87,0,,0.0,
Gemma-4-31B-IT,openclaw,MMMU-Pro vision,mmmu_pro_test_Design_91,0,1,0.27599889984564213,3280.0
Gemma-4-31B-IT,openclaw,MMMU-Pro vision,mmmu_pro_test_Design_95,0,0,0.24290325641935465,1376.0
Gemma-4-31B-IT,openclaw,MMMU-Pro vision,mmmu_pro_test_Design_96,0,,0.0,
Gemma-4-31B-IT,openclaw,MMMU-Pro vision,mmmu_pro_test_Diagnostics_and_Laboratory_Medicine_101,0,1,0.2824666575770996,3165.0
Gemma-4-31B-IT,openclaw,MMMU-Pro vision,mmmu_pro_test_Diagnostics_and_Laboratory_Medicine_109,0,1,0.14292025345390594,1390.0
Gemma-4-31B-IT,openclaw,MMMU-Pro vision,mmmu_pro_test_Diagnostics_and_Laboratory_Medicine_116,0,0,0.16369679632844467,4993.0
Gemma-4-31B-IT,openclaw,MMMU-Pro vision,mmmu_pro_test_Diagnostics_and_Laboratory_Medicine_126,0,1,0.19679724941205515,1122.0
Gemma-4-31B-IT,openclaw,MMMU-Pro vision,mmmu_pro_test_Diagnostics_and_Laboratory_Medicine_133,0,1,0.20778692139848345,724.0
Gemma-4-31B-IT,openclaw,MMMU-Pro vision,mmmu_pro_test_Diagnostics_and_Laboratory_Medicine_14,0,,0.0,
Gemma-4-31B-IT,openclaw,MMMU-Pro vision,mmmu_pro_test_Diagnostics_and_Laboratory_Medicine_140,0,1,0.26798854954954016,500.0
Gemma-4-31B-IT,openclaw,MMMU-Pro vision,mmmu_pro_test_Diagnostics_and_Laboratory_Medicine_143,0,0,0.2534216422118531,6659.0
Gemma-4-31B-IT,openclaw,MMMU-Pro vision,mmmu_pro_test_Diagnostics_and_Laboratory_Medicine_144,0,0,0.1740720131276629,1469.0
Gemma-4-31B-IT,openclaw,MMMU-Pro vision,mmmu_pro_test_Diagnostics_and_Laboratory_Medicine_147,0,0,0.25880458724256505,4257.0
Gemma-4-31B-IT,openclaw,MMMU-Pro vision,mmmu_pro_test_Diagnostics_and_Laboratory_Medicine_154,0,0,0.2139881737430548,6284.0
Gemma-4-31B-IT,openclaw,MMMU-Pro vision,mmmu_pro_test_Diagnostics_and_Laboratory_Medicine_159,0,1,0.19430592083113266,606.0
Gemma-4-31B-IT,openclaw,MMMU-Pro vision,mmmu_pro_test_Diagnostics_and_Laboratory_Medicine_16,0,1,0.29236005972387225,2349.0
Gemma-4-31B-IT,openclaw,MMMU-Pro vision,mmmu_pro_test_Diagnostics_and_Laboratory_Medicine_161,0,1,0.2126977957593626,3662.0
Gemma-4-31B-IT,openclaw,MMMU-Pro vision,mmmu_pro_test_Diagnostics_and_Laboratory_Medicine_18,0,1,0.28456007908712216,3167.0
Gemma-4-31B-IT,openclaw,MMMU-Pro vision,mmmu_pro_test_Diagnostics_and_Laboratory_Medicine_2,0,0,0.3583438047665339,2033.0
Gemma-4-31B-IT,openclaw,MMMU-Pro vision,mmmu_pro_test_Diagnostics_and_Laboratory_Medicine_24,0,1,0.25890018123520286,3024.0
Gemma-4-31B-IT,openclaw,MMMU-Pro vision,mmmu_pro_test_Diagnostics_and_Laboratory_Medicine_28,0,1,0.36099281474044903,1256.0
Gemma-4-31B-IT,openclaw,MMMU-Pro vision,mmmu_pro_test_Diagnostics_and_Laboratory_Medicine_3,0,1,0.1717824625860353,2131.0
Gemma-4-31B-IT,openclaw,MMMU-Pro vision,mmmu_pro_test_Diagnostics_and_Laboratory_Medicine_32,0,0,0.27513300036494703,65.0
Gemma-4-31B-IT,openclaw,MMMU-Pro vision,mmmu_pro_test_Diagnostics_and_Laboratory_Medicine_36,0,1,0.10638759289896949,3427.0
Gemma-4-31B-IT,openclaw,MMMU-Pro vision,mmmu_pro_test_Diagnostics_and_Laboratory_Medicine_50,0,0,0.22078254265345165,183.0
Gemma-4-31B-IT,openclaw,MMMU-Pro vision,mmmu_pro_test_Diagnostics_and_Laboratory_Medicine_52,0,,0.0,
Gemma-4-31B-IT,openclaw,MMMU-Pro vision,mmmu_pro_test_Diagnostics_and_Laboratory_Medicine_58,0,0,0.2748280169264286,7670.0
Gemma-4-31B-IT,openclaw,MMMU-Pro vision,mmmu_pro_test_Diagnostics_and_Laboratory_Medicine_62,0,1,0.268097787270389,2291.0
Gemma-4-31B-IT,openclaw,MMMU-Pro vision,mmmu_pro_test_Diagnostics_and_Laboratory_Medicine_64,0,0,0.25489705822876524,531.0
Gemma-4-31B-IT,openclaw,MMMU-Pro vision,mmmu_pro_test_Diagnostics_and_Laboratory_Medicine_68,0,1,0.11389361666062012,113.0
Gemma-4-31B-IT,openclaw,MMMU-Pro vision,mmmu_pro_test_Diagnostics_and_Laboratory_Medicine_72,0,,0.0,
Gemma-4-31B-IT,openclaw,MMMU-Pro vision,mmmu_pro_test_Diagnostics_and_Laboratory_Medicine_76,0,,0.0,
Gemma-4-31B-IT,openclaw,MMMU-Pro vision,mmmu_pro_test_Diagnostics_and_Laboratory_Medicine_78,0,0,0.4126651039195082,678.0
Gemma-4-31B-IT,openclaw,MMMU-Pro vision,mmmu_pro_test_Diagnostics_and_Laboratory_Medicine_92,0,0,0.2529543991110504,4780.0
Gemma-4-31B-IT,openclaw,MMMU-Pro vision,mmmu_pro_test_Diagnostics_and_Laboratory_Medicine_93,0,1,0.35061068099515214,2032.0
Gemma-4-31B-IT,openclaw,MMMU-Pro vision,mmmu_pro_test_Economics_102,0,,0.0,
Gemma-4-31B-IT,openclaw,MMMU-Pro vision,mmmu_pro_test_Economics_105,0,1,0.16999866255155485,2137.0
Gemma-4-31B-IT,openclaw,MMMU-Pro vision,mmmu_pro_test_Economics_108,0,1,0.19762518821612252,3169.0
Gemma-4-31B-IT,openclaw,MMMU-Pro vision,mmmu_pro_test_Economics_112,0,1,0.1825425318452964,1857.0
Gemma-4-31B-IT,openclaw,MMMU-Pro vision,mmmu_pro_test_Economics_137,0,1,0.2785023139696893,2937.0
Gemma-4-31B-IT,openclaw,MMMU-Pro vision,mmmu_pro_test_Economics_142,0,1,0.20510532703879208,2476.0
Gemma-4-31B-IT,openclaw,MMMU-Pro vision,mmmu_pro_test_Economics_149,0,1,0.1841485942322544,1861.0
Gemma-4-31B-IT,openclaw,MMMU-Pro vision,mmmu_pro_test_Economics_155,0,1,0.20573813297740665,974.0
Gemma-4-31B-IT,openclaw,MMMU-Pro vision,mmmu_pro_test_Economics_157,0,0,0.02665450948013184,30.0
Gemma-4-31B-IT,openclaw,MMMU-Pro vision,mmmu_pro_test_Economics_16,0,,0.1384096053559814,1629.0
Gemma-4-31B-IT,openclaw,MMMU-Pro vision,mmmu_pro_test_Economics_162,0,0,0.14470909714403352,313.0
Gemma-4-31B-IT,openclaw,MMMU-Pro vision,mmmu_pro_test_Economics_17,0,1,0.213438038740195,2920.0
Gemma-4-31B-IT,openclaw,MMMU-Pro vision,mmmu_pro_test_Economics_182,0,1,0.1575441418248563,3608.0
Gemma-4-31B-IT,openclaw,MMMU-Pro vision,mmmu_pro_test_Economics_188,0,1,0.14714140661381825,2507.0
Gemma-4-31B-IT,openclaw,MMMU-Pro vision,mmmu_pro_test_Economics_190,0,1,0.24225826743937018,1129.0
Gemma-4-31B-IT,openclaw,MMMU-Pro vision,mmmu_pro_test_Economics_195,0,1,0.2193407369271294,7434.0
Gemma-4-31B-IT,openclaw,MMMU-Pro vision,mmmu_pro_test_Economics_210,0,1,0.2043031583133942,4775.0
Gemma-4-31B-IT,openclaw,MMMU-Pro vision,mmmu_pro_test_Economics_214,0,1,0.2682719333568677,154.0
Gemma-4-31B-IT,openclaw,MMMU-Pro vision,mmmu_pro_test_Economics_215,0,,0.0,
Gemma-4-31B-IT,openclaw,MMMU-Pro vision,mmmu_pro_test_Economics_216,0,1,0.17137646094487086,62.0
Gemma-4-31B-IT,openclaw,MMMU-Pro vision,mmmu_pro_test_Economics_22,0,1,0.2608132357839813,3851.0
Gemma-4-31B-IT,openclaw,MMMU-Pro vision,mmmu_pro_test_Economics_225,0,1,0.10755360729131264,365.0
Gemma-4-31B-IT,openclaw,MMMU-Pro vision,mmmu_pro_test_Economics_240,0,1,0.14072701248199423,5281.0
Gemma-4-31B-IT,openclaw,MMMU-Pro vision,mmmu_pro_test_Economics_243,0,1,0.15571664119966802,2853.0
Gemma-4-31B-IT,openclaw,MMMU-Pro vision,mmmu_pro_test_Economics_26,0,0,0.2681609095340244,4011.0
Gemma-4-31B-IT,openclaw,MMMU-Pro vision,mmmu_pro_test_Economics_260,0,1,0.2474950342152922,885.0
Gemma-4-31B-IT,openclaw,MMMU-Pro vision,mmmu_pro_test_Economics_262,0,1,0.25120992051549007,5804.0
Gemma-4-31B-IT,openclaw,MMMU-Pro vision,mmmu_pro_test_Economics_263,0,1,0.11289587808269355,7046.0
Gemma-4-31B-IT,openclaw,MMMU-Pro vision,mmmu_pro_test_Economics_39,0,,0.0,
Gemma-4-31B-IT,openclaw,MMMU-Pro vision,mmmu_pro_test_Economics_47,0,1,0.14346442269671952,5135.0
Gemma-4-31B-IT,openclaw,MMMU-Pro vision,mmmu_pro_test_Economics_56,0,1,0.18385134491467411,2479.0
Gemma-4-31B-IT,openclaw,MMMU-Pro vision,mmmu_pro_test_Economics_66,0,1,0.09368158658348293,3531.0
Gemma-4-31B-IT,openclaw,MMMU-Pro vision,mmmu_pro_test_Economics_7,0,1,0.14643633382948423,4728.0
Gemma-4-31B-IT,openclaw,MMMU-Pro vision,mmmu_pro_test_Economics_74,0,1,0.21937026667552836,655.0
Gemma-4-31B-IT,openclaw,MMMU-Pro vision,mmmu_pro_test_Economics_83,0,1,0.1025912385035068,112.0
Gemma-4-31B-IT,openclaw,MMMU-Pro vision,mmmu_pro_test_Economics_85,0,0,0.023934120671651005,480.0
Gemma-4-31B-IT,openclaw,MMMU-Pro vision,mmmu_pro_test_Economics_90,0,1,0.185340281070652,1083.0
Gemma-4-31B-IT,openclaw,MMMU-Pro vision,mmmu_pro_test_Economics_93,0,0,0.2793644519634584,4269.0
Gemma-4-31B-IT,openclaw,MMMU-Pro vision,mmmu_pro_test_Economics_94,0,1,0.12632716960719959,3848.0
Gemma-4-31B-IT,openclaw,MMMU-Pro vision,mmmu_pro_test_Economics_97,0,1,0.17337613053103493,339.0
Gemma-4-31B-IT,openclaw,MMMU-Pro vision,mmmu_pro_test_Electronics_101,0,0,0.15861035942914364,9482.0
Gemma-4-31B-IT,openclaw,MMMU-Pro vision,mmmu_pro_test_Electronics_108,0,1,0.20039540262531622,269.0
Gemma-4-31B-IT,openclaw,MMMU-Pro vision,mmmu_pro_test_Electronics_11,0,1,0.16439325539140262,4613.0
Gemma-4-31B-IT,openclaw,MMMU-Pro vision,mmmu_pro_test_Electronics_110,0,1,0.16676079016199827,3415.0
Gemma-4-31B-IT,openclaw,MMMU-Pro vision,mmmu_pro_test_Electronics_114,0,0,0.2241563475991079,468.0
Gemma-4-31B-IT,openclaw,MMMU-Pro vision,mmmu_pro_test_Electronics_116,0,,0.1359834487806833,198.0
Gemma-4-31B-IT,openclaw,MMMU-Pro vision,mmmu_pro_test_Electronics_118,0,1,0.14756040409767535,12523.0
Gemma-4-31B-IT,openclaw,MMMU-Pro vision,mmmu_pro_test_Electronics_123,0,0,0.16509748068669225,3291.0
Gemma-4-31B-IT,openclaw,MMMU-Pro vision,mmmu_pro_test_Electronics_135,0,,0.19471987495942056,2811.0
Gemma-4-31B-IT,openclaw,MMMU-Pro vision,mmmu_pro_test_Electronics_137,0,1,0.2355681479441546,1881.0
Gemma-4-31B-IT,openclaw,MMMU-Pro vision,mmmu_pro_test_Electronics_140,0,,0.1464345574591866,1408.0
Gemma-4-31B-IT,openclaw,MMMU-Pro vision,mmmu_pro_test_Electronics_141,0,1,0.18946354404871868,8094.0
Gemma-4-31B-IT,openclaw,MMMU-Pro vision,mmmu_pro_test_Electronics_147,0,1,0.18552535195182654,4242370.0
Gemma-4-31B-IT,openclaw,MMMU-Pro vision,mmmu_pro_test_Electronics_149,0,,0.09250017820084787,621.0
Gemma-4-31B-IT,openclaw,MMMU-Pro vision,mmmu_pro_test_Electronics_159,0,1,0.11733154063121753,6844.0
Gemma-4-31B-IT,openclaw,MMMU-Pro vision,mmmu_pro_test_Electronics_16,0,1,0.13178491182690646,10241.0
Gemma-4-31B-IT,openclaw,MMMU-Pro vision,mmmu_pro_test_Electronics_160,0,1,0.1361346641309651,4948.0
Gemma-4-31B-IT,openclaw,MMMU-Pro vision,mmmu_pro_test_Electronics_171,0,,0.2131055080359824,4665.0
Gemma-4-31B-IT,openclaw,MMMU-Pro vision,mmmu_pro_test_Electronics_172,0,0,0.18654544864481304,7050.0
Gemma-4-31B-IT,openclaw,MMMU-Pro vision,mmmu_pro_test_Electronics_18,0,0,0.1639727304294449,10128.0
Gemma-4-31B-IT,openclaw,MMMU-Pro vision,mmmu_pro_test_Electronics_180,0,1,0.21279224817587766,12138.0
Gemma-4-31B-IT,openclaw,MMMU-Pro vision,mmmu_pro_test_Electronics_185,0,,0.1516047089567932,19344.0
Gemma-4-31B-IT,openclaw,MMMU-Pro vision,mmmu_pro_test_Electronics_188,0,0,0.18597201180926423,2319.0
Gemma-4-31B-IT,openclaw,MMMU-Pro vision,mmmu_pro_test_Electronics_207,0,1,0.15879634296630502,3153.0
Gemma-4-31B-IT,openclaw,MMMU-Pro vision,mmmu_pro_test_Electronics_213,0,1,0.04729265603163564,47.0
Gemma-4-31B-IT,openclaw,MMMU-Pro vision,mmmu_pro_test_Electronics_22,0,,0.1370858944985987,2984.0
Gemma-4-31B-IT,openclaw,MMMU-Pro vision,mmmu_pro_test_Electronics_220,0,1,0.14862598795159404,12066.0
Gemma-4-31B-IT,openclaw,MMMU-Pro vision,mmmu_pro_test_Electronics_235,0,,0.0,
Gemma-4-31B-IT,openclaw,MMMU-Pro vision,mmmu_pro_test_Electronics_245,0,,0.13445542323295134,1868.0
Gemma-4-31B-IT,openclaw,MMMU-Pro vision,mmmu_pro_test_Electronics_247,0,,0.15482197915087625,1992.0
Gemma-4-31B-IT,openclaw,MMMU-Pro vision,mmmu_pro_test_Electronics_248,0,1,0.2339548369552818,18719.0
Gemma-4-31B-IT,openclaw,MMMU-Pro vision,mmmu_pro_test_Electronics_254,0,1,0.10012554291892391,5303.0
Gemma-4-31B-IT,openclaw,MMMU-Pro vision,mmmu_pro_test_Electronics_37,0,1,0.14950801168020622,7672.0
Gemma-4-31B-IT,openclaw,MMMU-Pro vision,mmmu_pro_test_Electronics_38,0,1,0.01835976034305577,134.0
Gemma-4-31B-IT,openclaw,MMMU-Pro vision,mmmu_pro_test_Electronics_49,0,,0.20571337824175145,5175.0
Gemma-4-31B-IT,openclaw,MMMU-Pro vision,mmmu_pro_test_Electronics_58,0,1,0.17910600957740097,5207.0
Gemma-4-31B-IT,openclaw,MMMU-Pro vision,mmmu_pro_test_Electronics_6,0,,0.19416362830306455,2176.0
Gemma-4-31B-IT,openclaw,MMMU-Pro vision,mmmu_pro_test_Electronics_67,0,1,0.1443121189713573,1116.0
Gemma-4-31B-IT,openclaw,MMMU-Pro vision,mmmu_pro_test_Electronics_68,0,1,0.1008817980440441,3131.0
Gemma-4-31B-IT,openclaw,MMMU-Pro vision,mmmu_pro_test_Electronics_69,0,1,0.19849827619894603,8553.0
Gemma-4-31B-IT,openclaw,MMMU-Pro vision,mmmu_pro_test_Electronics_7,0,0,0.16921570527569946,3954.0
Gemma-4-31B-IT,openclaw,MMMU-Pro vision,mmmu_pro_test_Electronics_72,0,0,0.20970207842907793,7201.0
Gemma-4-31B-IT,openclaw,MMMU-Pro vision,mmmu_pro_test_Electronics_76,0,,0.0,
Gemma-4-31B-IT,openclaw,MMMU-Pro vision,mmmu_pro_test_Electronics_81,0,1,0.1420203899147497,4012.0
Gemma-4-31B-IT,openclaw,MMMU-Pro vision,mmmu_pro_test_Electronics_91,0,0,0.1567059359277975,1125.0
Gemma-4-31B-IT,openclaw,MMMU-Pro vision,mmmu_pro_test_Electronics_93,0,,0.0,
Gemma-4-31B-IT,openclaw,MMMU-Pro vision,mmmu_pro_test_Electronics_97,0,1,0.16851884204095344,1043.0
Gemma-4-31B-IT,openclaw,MMMU-Pro vision,mmmu_pro_test_Energy_and_Power_101,0,1,0.15584071261993088,1599.0
Gemma-4-31B-IT,openclaw,MMMU-Pro vision,mmmu_pro_test_Energy_and_Power_139,0,1,0.22972026076986243,246.0
Gemma-4-31B-IT,openclaw,MMMU-Pro vision,mmmu_pro_test_Energy_and_Power_150,0,,0.0,
Gemma-4-31B-IT,openclaw,MMMU-Pro vision,mmmu_pro_test_Energy_and_Power_152,0,0,0.22860913852760026,6920.0
Gemma-4-31B-IT,openclaw,MMMU-Pro vision,mmmu_pro_test_Energy_and_Power_158,0,,0.10415726062333945,1531.0
Gemma-4-31B-IT,openclaw,MMMU-Pro vision,mmmu_pro_test_Energy_and_Power_16,0,1,0.139258072282676,739.0
Gemma-4-31B-IT,openclaw,MMMU-Pro vision,mmmu_pro_test_Energy_and_Power_180,0,1,0.19127242773866898,6456.0
Gemma-4-31B-IT,openclaw,MMMU-Pro vision,mmmu_pro_test_Energy_and_Power_185,0,1,0.07811636024047035,2397.0
Gemma-4-31B-IT,openclaw,MMMU-Pro vision,mmmu_pro_test_Energy_and_Power_191,0,1,0.20568304309166302,8162.0
Gemma-4-31B-IT,openclaw,MMMU-Pro vision,mmmu_pro_test_Energy_and_Power_192,0,,0.171247779340645,11906.0
Gemma-4-31B-IT,openclaw,MMMU-Pro vision,mmmu_pro_test_Energy_and_Power_20,0,0,0.16264417050415286,3029.0
Gemma-4-31B-IT,openclaw,MMMU-Pro vision,mmmu_pro_test_Energy_and_Power_202,0,0,0.19493348481180162,1963.0
Gemma-4-31B-IT,openclaw,MMMU-Pro vision,mmmu_pro_test_Energy_and_Power_220,0,1,0.17071418654547774,9509.0
Gemma-4-31B-IT,openclaw,MMMU-Pro vision,mmmu_pro_test_Energy_and_Power_230,0,1,0.10998267639019363,7506.0
Gemma-4-31B-IT,openclaw,MMMU-Pro vision,mmmu_pro_test_Energy_and_Power_231,0,1,0.24105367089932953,3109.0
Gemma-4-31B-IT,openclaw,MMMU-Pro vision,mmmu_pro_test_Energy_and_Power_276,0,1,0.11747515740197802,3637.0
Gemma-4-31B-IT,openclaw,MMMU-Pro vision,mmmu_pro_test_Energy_and_Power_312,0,1,0.1736939698040181,1923.0
Gemma-4-31B-IT,openclaw,MMMU-Pro vision,mmmu_pro_test_Energy_and_Power_33,0,0,0.2112203799217889,2897.0
Gemma-4-31B-IT,openclaw,MMMU-Pro vision,mmmu_pro_test_Energy_and_Power_349,0,1,0.1398036460809426,1513.0
Gemma-4-31B-IT,openclaw,MMMU-Pro vision,mmmu_pro_test_Energy_and_Power_352,0,1,0.18300569090026234,5214.0
Gemma-4-31B-IT,openclaw,MMMU-Pro vision,mmmu_pro_test_Energy_and_Power_371,0,1,0.1759276335794266,3606.0
Gemma-4-31B-IT,openclaw,MMMU-Pro vision,mmmu_pro_test_Energy_and_Power_375,0,1,0.0496587449390054,876.0
Gemma-4-31B-IT,openclaw,MMMU-Pro vision,mmmu_pro_test_Energy_and_Power_378,0,1,0.19548042585814998,2060.0
Gemma-4-31B-IT,openclaw,MMMU-Pro vision,mmmu_pro_test_Energy_and_Power_384,0,0,0.29250197851356957,1117.0
Gemma-4-31B-IT,openclaw,MMMU-Pro vision,mmmu_pro_test_Energy_and_Power_39,0,1,0.19999158322562793,498.0
Gemma-4-31B-IT,openclaw,MMMU-Pro vision,mmmu_pro_test_Energy_and_Power_414,0,,0.3000662490392954,1412.0
Gemma-4-31B-IT,openclaw,MMMU-Pro vision,mmmu_pro_test_Energy_and_Power_423,0,1,0.1832357244835516,2354.0
Gemma-4-31B-IT,openclaw,MMMU-Pro vision,mmmu_pro_test_Energy_and_Power_68,0,,0.0,
Gemma-4-31B-IT,openclaw,MMMU-Pro vision,mmmu_pro_test_Energy_and_Power_86,0,,0.0,
Gemma-4-31B-IT,openclaw,MMMU-Pro vision,mmmu_pro_test_Finance_10,0,1,0.18533184801655728,3031.0
Gemma-4-31B-IT,openclaw,MMMU-Pro vision,mmmu_pro_test_Finance_115,0,1,0.15877973174154786,487.0
Gemma-4-31B-IT,openclaw,MMMU-Pro vision,mmmu_pro_test_Finance_122,0,0,0.1635327099433204,10894.0
Gemma-4-31B-IT,openclaw,MMMU-Pro vision,mmmu_pro_test_Finance_133,0,1,0.1508741946349811,699.0
Gemma-4-31B-IT,openclaw,MMMU-Pro vision,mmmu_pro_test_Finance_163,0,1,0.10707462675082327,2003.0
Gemma-4-31B-IT,openclaw,MMMU-Pro vision,mmmu_pro_test_Finance_165,0,,0.0,
Gemma-4-31B-IT,openclaw,MMMU-Pro vision,mmmu_pro_test_Finance_192,0,1,0.16372322586070998,2648.0
Gemma-4-31B-IT,openclaw,MMMU-Pro vision,mmmu_pro_test_Finance_204,0,1,0.11394714763745907,9584.0
Gemma-4-31B-IT,openclaw,MMMU-Pro vision,mmmu_pro_test_Finance_238,0,,0.18819691892500434,15537.0
Gemma-4-31B-IT,openclaw,MMMU-Pro vision,mmmu_pro_test_Finance_241,0,0,0.16909922472571517,10659.0
Gemma-4-31B-IT,openclaw,MMMU-Pro vision,mmmu_pro_test_Finance_247,0,1,0.10363036722265516,118.0
Gemma-4-31B-IT,openclaw,MMMU-Pro vision,mmmu_pro_test_Finance_250,0,1,0.1514525212039343,5401.0
Gemma-4-31B-IT,openclaw,MMMU-Pro vision,mmmu_pro_test_Finance_260,0,1,0.07052963863997525,812.0
Gemma-4-31B-IT,openclaw,MMMU-Pro vision,mmmu_pro_test_Finance_278,0,1,0.1620767040880873,2832.0
Gemma-4-31B-IT,openclaw,MMMU-Pro vision,mmmu_pro_test_Finance_288,0,1,0.171871100272321,2947.0
Gemma-4-31B-IT,openclaw,MMMU-Pro vision,mmmu_pro_test_Finance_29,0,1,0.09396831402253975,2921.0
Gemma-4-31B-IT,openclaw,MMMU-Pro vision,mmmu_pro_test_Finance_290,0,1,0.015474935455954072,144.0
Gemma-4-31B-IT,openclaw,MMMU-Pro vision,mmmu_pro_test_Finance_293,0,1,0.12117703934758103,4572.0
Gemma-4-31B-IT,openclaw,MMMU-Pro vision,mmmu_pro_test_Finance_294,0,,0.1581110085119409,9035.0
Gemma-4-31B-IT,openclaw,MMMU-Pro vision,mmmu_pro_test_Finance_298,0,1,0.0724467935581037,702.0
Gemma-4-31B-IT,openclaw,MMMU-Pro vision,mmmu_pro_test_Finance_304,0,1,0.18770976347883458,776.0
Gemma-4-31B-IT,openclaw,MMMU-Pro vision,mmmu_pro_test_Finance_337,0,0,0.2130556501294871,5002.0
Gemma-4-31B-IT,openclaw,MMMU-Pro vision,mmmu_pro_test_Finance_338,0,1,0.15930971536229588,457.0
Gemma-4-31B-IT,openclaw,MMMU-Pro vision,mmmu_pro_test_Finance_346,0,1,0.01934610794785755,123.0
Gemma-4-31B-IT,openclaw,MMMU-Pro vision,mmmu_pro_test_Finance_38,0,1,0.24209763694266115,7512.0
Gemma-4-31B-IT,openclaw,MMMU-Pro vision,mmmu_pro_test_Finance_5,0,1,0.1739578150701633,2003.0
Gemma-4-31B-IT,openclaw,MMMU-Pro vision,mmmu_pro_test_Finance_57,0,1,0.21507006555935224,495.0
Gemma-4-31B-IT,openclaw,MMMU-Pro vision,mmmu_pro_test_Finance_62,0,1,0.18110393904916597,415.0
Gemma-4-31B-IT,openclaw,MMMU-Pro vision,mmmu_pro_test_Finance_64,0,1,0.1702694479123073,841.0
Gemma-4-31B-IT,openclaw,MMMU-Pro vision,mmmu_pro_test_Finance_67,0,1,0.17299646788842454,9573.0
Gemma-4-31B-IT,openclaw,MMMU-Pro vision,mmmu_pro_test_Finance_68,0,1,0.2539082126272885,1856.0
Gemma-4-31B-IT,openclaw,MMMU-Pro vision,mmmu_pro_test_Finance_77,0,,0.06116533667485627,137.0
Gemma-4-31B-IT,openclaw,MMMU-Pro vision,mmmu_pro_test_Finance_88,0,1,0.15969286482474315,5737.0
Gemma-4-31B-IT,openclaw,MMMU-Pro vision,mmmu_pro_test_Finance_92,0,1,0.17010895662377643,4044.0
Gemma-4-31B-IT,openclaw,MMMU-Pro vision,mmmu_pro_test_Finance_96,0,1,0.1678130620751677,3029.0
Gemma-4-31B-IT,openclaw,MMMU-Pro vision,mmmu_pro_test_Geography_114,0,1,0.2020511459239232,2253.0
Gemma-4-31B-IT,openclaw,MMMU-Pro vision,mmmu_pro_test_Geography_144,0,1,0.16079550524987196,492.0
Gemma-4-31B-IT,openclaw,MMMU-Pro vision,mmmu_pro_test_Geography_150,0,1,0.19453716713457003,7477.0
Gemma-4-31B-IT,openclaw,MMMU-Pro vision,mmmu_pro_test_Geography_160,0,0,0.28999648157721913,1278.0
Gemma-4-31B-IT,openclaw,MMMU-Pro vision,mmmu_pro_test_Geography_191,0,0,0.12845572955046042,1288.0
Gemma-4-31B-IT,openclaw,MMMU-Pro vision,mmmu_pro_test_Geography_209,0,,0.0,
Gemma-4-31B-IT,openclaw,MMMU-Pro vision,mmmu_pro_test_Geography_213,0,,0.10095904214764206,7024.0
Gemma-4-31B-IT,openclaw,MMMU-Pro vision,mmmu_pro_test_Geography_301,0,1,0.11553490716106306,1038.0
Gemma-4-31B-IT,openclaw,MMMU-Pro vision,mmmu_pro_test_Geography_317,0,1,0.24916912024152796,198.0
Gemma-4-31B-IT,openclaw,MMMU-Pro vision,mmmu_pro_test_Geography_329,0,1,0.10531134161012717,1896.0
Gemma-4-31B-IT,openclaw,MMMU-Pro vision,mmmu_pro_test_Geography_398,0,1,0.18670555524648333,6778.0
Gemma-4-31B-IT,openclaw,MMMU-Pro vision,mmmu_pro_test_Geography_412,0,1,0.1802449222896286,2493.0
Gemma-4-31B-IT,openclaw,MMMU-Pro vision,mmmu_pro_test_Geography_459,0,,0.0,
Gemma-4-31B-IT,openclaw,MMMU-Pro vision,mmmu_pro_test_Geography_462,0,1,0.20881430887377403,6877.0
Gemma-4-31B-IT,openclaw,MMMU-Pro vision,mmmu_pro_test_Geography_472,0,1,0.19859914515109442,943.0
Gemma-4-31B-IT,openclaw,MMMU-Pro vision,mmmu_pro_test_Geography_492,0,0,0.2662738634654718,2175.0
Gemma-4-31B-IT,openclaw,MMMU-Pro vision,mmmu_pro_test_Geography_518,0,1,0.2473384028687289,1139.0
Gemma-4-31B-IT,openclaw,MMMU-Pro vision,mmmu_pro_test_Geography_521,0,1,0.2732158931476333,1819.0
Gemma-4-31B-IT,openclaw,MMMU-Pro vision,mmmu_pro_test_Geography_530,0,1,0.15689242822744567,1084.0
Gemma-4-31B-IT,openclaw,MMMU-Pro vision,mmmu_pro_test_Geography_555,0,1,0.1829066751069617,7724.0
Gemma-4-31B-IT,openclaw,MMMU-Pro vision,mmmu_pro_test_Geography_74,0,1,0.21196034318584905,4942.0
Gemma-4-31B-IT,openclaw,MMMU-Pro vision,mmmu_pro_test_Geography_8,0,1,0.06522540324384199,827.0
Gemma-4-31B-IT,openclaw,MMMU-Pro vision,mmmu_pro_test_Geography_90,0,0,0.22358436426212755,744.0
Gemma-4-31B-IT,openclaw,MMMU-Pro vision,mmmu_pro_test_History_1,0,1,0.2114900913469033,265.0
Gemma-4-31B-IT,openclaw,MMMU-Pro vision,mmmu_pro_test_History_100,0,,0.0,
Gemma-4-31B-IT,openclaw,MMMU-Pro vision,mmmu_pro_test_History_106,0,1,0.24220098188025652,2906.0
Gemma-4-31B-IT,openclaw,MMMU-Pro vision,mmmu_pro_test_History_117,0,0,0.16459989650135365,1117.0
Gemma-4-31B-IT,openclaw,MMMU-Pro vision,mmmu_pro_test_History_12,0,1,0.15410524327501904,3165.0
Gemma-4-31B-IT,openclaw,MMMU-Pro vision,mmmu_pro_test_History_124,0,0,0.210545792280272,3845.0
Gemma-4-31B-IT,openclaw,MMMU-Pro vision,mmmu_pro_test_History_125,0,1,0.21871545272267362,2049.0
Gemma-4-31B-IT,openclaw,MMMU-Pro vision,mmmu_pro_test_History_131,0,1,0.22625938942301188,409.0
Gemma-4-31B-IT,openclaw,MMMU-Pro vision,mmmu_pro_test_History_134,0,0,0.1965237625877826,203.0
Gemma-4-31B-IT,openclaw,MMMU-Pro vision,mmmu_pro_test_History_138,0,0,0.22962980773816485,5090.0
Gemma-4-31B-IT,openclaw,MMMU-Pro vision,mmmu_pro_test_History_14,0,1,0.23118343266209404,3373.0
Gemma-4-31B-IT,openclaw,MMMU-Pro vision,mmmu_pro_test_History_157,0,,0.0,
Gemma-4-31B-IT,openclaw,MMMU-Pro vision,mmmu_pro_test_History_16,0,1,0.09039924967027746,373.0
Gemma-4-31B-IT,openclaw,MMMU-Pro vision,mmmu_pro_test_History_168,0,1,0.27139363299382663,4192.0
Gemma-4-31B-IT,openclaw,MMMU-Pro vision,mmmu_pro_test_History_170,0,1,0.20897012337814147,5827.0
Gemma-4-31B-IT,openclaw,MMMU-Pro vision,mmmu_pro_test_History_180,0,1,0.34882884392390334,3347.0
Gemma-4-31B-IT,openclaw,MMMU-Pro vision,mmmu_pro_test_History_189,0,1,0.13895064117096198,1170.0
Gemma-4-31B-IT,openclaw,MMMU-Pro vision,mmmu_pro_test_History_207,0,0,0.2073204999236181,4244.0
Gemma-4-31B-IT,openclaw,MMMU-Pro vision,mmmu_pro_test_History_208,0,1,0.16468250993548494,619.0
Gemma-4-31B-IT,openclaw,MMMU-Pro vision,mmmu_pro_test_History_216,0,1,0.1964704712082989,3733.0
Gemma-4-31B-IT,openclaw,MMMU-Pro vision,mmmu_pro_test_History_217,0,0,0.24206350207252234,7693.0
Gemma-4-31B-IT,openclaw,MMMU-Pro vision,mmmu_pro_test_History_220,0,0,0.3827870169594738,67.0
Gemma-4-31B-IT,openclaw,MMMU-Pro vision,mmmu_pro_test_History_222,0,1,0.0843180606384594,724.0
Gemma-4-31B-IT,openclaw,MMMU-Pro vision,mmmu_pro_test_History_239,0,1,0.049377563884447036,216.0
Gemma-4-31B-IT,openclaw,MMMU-Pro vision,mmmu_pro_test_History_24,0,1,0.2303300139244525,4126.0
Gemma-4-31B-IT,openclaw,MMMU-Pro vision,mmmu_pro_test_History_254,0,1,0.13585999355095438,1273.0
Gemma-4-31B-IT,openclaw,MMMU-Pro vision,mmmu_pro_test_History_26,0,0,0.2603146269874727,2342.0
Gemma-4-31B-IT,openclaw,MMMU-Pro vision,mmmu_pro_test_History_27,0,1,0.2620581753397952,4355.0
Gemma-4-31B-IT,openclaw,MMMU-Pro vision,mmmu_pro_test_History_272,0,1,0.24850262507536386,2062.0
Gemma-4-31B-IT,openclaw,MMMU-Pro vision,mmmu_pro_test_History_37,0,1,0.17864788550313046,480.0
Gemma-4-31B-IT,openclaw,MMMU-Pro vision,mmmu_pro_test_History_38,0,1,0.18728002269724078,1269.0
Gemma-4-31B-IT,openclaw,MMMU-Pro vision,mmmu_pro_test_History_44,0,1,0.267980495797272,1208.0
Gemma-4-31B-IT,openclaw,MMMU-Pro vision,mmmu_pro_test_History_46,0,,0.0,
Gemma-4-31B-IT,openclaw,MMMU-Pro vision,mmmu_pro_test_History_56,0,1,0.21085239071362713,1706.0
Gemma-4-31B-IT,openclaw,MMMU-Pro vision,mmmu_pro_test_History_70,0,1,0.14308378983423747,5221.0
Gemma-4-31B-IT,openclaw,MMMU-Pro vision,mmmu_pro_test_History_72,0,1,0.2389911406577466,1133.0
Gemma-4-31B-IT,openclaw,MMMU-Pro vision,mmmu_pro_test_History_74,0,1,0.26092648762145254,7615.0
Gemma-4-31B-IT,openclaw,MMMU-Pro vision,mmmu_pro_test_History_76,0,1,0.23695682213822591,309.0
Gemma-4-31B-IT,openclaw,MMMU-Pro vision,mmmu_pro_test_History_79,0,1,0.34044107190088585,731.0
Gemma-4-31B-IT,openclaw,MMMU-Pro vision,mmmu_pro_test_History_8,0,1,0.18477326300442692,4395.0
Gemma-4-31B-IT,openclaw,MMMU-Pro vision,mmmu_pro_test_History_80,0,1,0.31472667827445533,892.0
Gemma-4-31B-IT,openclaw,MMMU-Pro vision,mmmu_pro_test_History_82,0,1,0.21114272046239055,1515.0
Gemma-4-31B-IT,openclaw,MMMU-Pro vision,mmmu_pro_test_History_87,0,0,0.05967255065605228,20.0
Gemma-4-31B-IT,openclaw,MMMU-Pro vision,mmmu_pro_test_Literature_105,0,0,0.2121061221483383,256.0
Gemma-4-31B-IT,openclaw,MMMU-Pro vision,mmmu_pro_test_Literature_11,0,0,0.15436684050499377,307.0
Gemma-4-31B-IT,openclaw,MMMU-Pro vision,mmmu_pro_test_Literature_19,0,0,0.22369320909363297,18085.0
Gemma-4-31B-IT,openclaw,MMMU-Pro vision,mmmu_pro_test_Literature_21,0,1,0.14828785353141516,3313.0
Gemma-4-31B-IT,openclaw,MMMU-Pro vision,mmmu_pro_test_Literature_23,0,0,0.1988962947707983,248.0
Gemma-4-31B-IT,openclaw,MMMU-Pro vision,mmmu_pro_test_Literature_25,0,1,0.17235936311077846,2086.0
Gemma-4-31B-IT,openclaw,MMMU-Pro vision,mmmu_pro_test_Literature_36,0,1,0.1959069806360079,3228.0
Gemma-4-31B-IT,openclaw,MMMU-Pro vision,mmmu_pro_test_Literature_38,0,1,0.28228469483086777,600.0
Gemma-4-31B-IT,openclaw,MMMU-Pro vision,mmmu_pro_test_Literature_4,0,1,0.1342915739850919,3219.0
Gemma-4-31B-IT,openclaw,MMMU-Pro vision,mmmu_pro_test_Literature_40,0,1,0.2955305469594203,542.0
Gemma-4-31B-IT,openclaw,MMMU-Pro vision,mmmu_pro_test_Literature_46,0,0,0.18486475183974643,1076.0
Gemma-4-31B-IT,openclaw,MMMU-Pro vision,mmmu_pro_test_Literature_47,0,0,0.18194242210610076,2622.0
Gemma-4-31B-IT,openclaw,MMMU-Pro vision,mmmu_pro_test_Literature_56,0,1,0.22403247022241507,2577.0
Gemma-4-31B-IT,openclaw,MMMU-Pro vision,mmmu_pro_test_Literature_60,0,1,0.13673246154281518,1813.0
Gemma-4-31B-IT,openclaw,MMMU-Pro vision,mmmu_pro_test_Literature_64,0,1,0.31424494793471736,2041.0
Gemma-4-31B-IT,openclaw,MMMU-Pro vision,mmmu_pro_test_Literature_65,0,1,0.2915918636968028,3912.0
Gemma-4-31B-IT,openclaw,MMMU-Pro vision,mmmu_pro_test_Literature_69,0,1,0.2408668397916316,2242.0
Gemma-4-31B-IT,openclaw,MMMU-Pro vision,mmmu_pro_test_Literature_70,0,1,0.24360738438561505,3096.0
Gemma-4-31B-IT,openclaw,MMMU-Pro vision,mmmu_pro_test_Literature_96,0,1,0.26120330195307817,2507.0
Gemma-4-31B-IT,openclaw,MMMU-Pro vision,mmmu_pro_test_Literature_97,0,1,0.18050508907371807,4809.0
Gemma-4-31B-IT,openclaw,MMMU-Pro vision,mmmu_pro_test_Literature_99,0,1,0.14751174401060982,1290.0
Gemma-4-31B-IT,openclaw,MMMU-Pro vision,mmmu_pro_test_Manage_10,0,0,0.16048608943009876,721.0
Gemma-4-31B-IT,openclaw,MMMU-Pro vision,mmmu_pro_test_Manage_104,0,,0.0,
Gemma-4-31B-IT,openclaw,MMMU-Pro vision,mmmu_pro_test_Manage_140,0,1,0.16508544344365533,805.0
Gemma-4-31B-IT,openclaw,MMMU-Pro vision,mmmu_pro_test_Manage_15,0,1,0.10872575985891644,1511.0
Gemma-4-31B-IT,openclaw,MMMU-Pro vision,mmmu_pro_test_Manage_154,0,1,0.20990582370211203,4440.0
Gemma-4-31B-IT,openclaw,MMMU-Pro vision,mmmu_pro_test_Manage_173,0,1,0.20229795432577366,54.0
Gemma-4-31B-IT,openclaw,MMMU-Pro vision,mmmu_pro_test_Manage_177,0,1,0.2221358368952114,1069.0
Gemma-4-31B-IT,openclaw,MMMU-Pro vision,mmmu_pro_test_Manage_180,0,1,0.09292569433963545,42.0
Gemma-4-31B-IT,openclaw,MMMU-Pro vision,mmmu_pro_test_Manage_187,0,1,0.12405872981795911,234.0
Gemma-4-31B-IT,openclaw,MMMU-Pro vision,mmmu_pro_test_Manage_191,0,1,0.16555120494835016,1088.0
Gemma-4-31B-IT,openclaw,MMMU-Pro vision,mmmu_pro_test_Manage_20,0,0,0.2868825865279033,7445.0
Gemma-4-31B-IT,openclaw,MMMU-Pro vision,mmmu_pro_test_Manage_202,0,0,0.13649632249439192,3779.0
Gemma-4-31B-IT,openclaw,MMMU-Pro vision,mmmu_pro_test_Manage_207,0,1,0.210623348757756,4063.0
Gemma-4-31B-IT,openclaw,MMMU-Pro vision,mmmu_pro_test_Manage_22,0,,0.0,
Gemma-4-31B-IT,openclaw,MMMU-Pro vision,mmmu_pro_test_Manage_228,0,1,0.05911988098450312,159.0
Gemma-4-31B-IT,openclaw,MMMU-Pro vision,mmmu_pro_test_Manage_234,0,0,0.17199423754475895,51.0
Gemma-4-31B-IT,openclaw,MMMU-Pro vision,mmmu_pro_test_Manage_31,0,,0.0,
Gemma-4-31B-IT,openclaw,MMMU-Pro vision,mmmu_pro_test_Manage_35,0,1,0.054465287225412044,119.0
Gemma-4-31B-IT,openclaw,MMMU-Pro vision,mmmu_pro_test_Manage_36,0,1,0.23142454626000827,9819.0
Gemma-4-31B-IT,openclaw,MMMU-Pro vision,mmmu_pro_test_Manage_45,0,1,0.17433057487408687,5568.0
Gemma-4-31B-IT,openclaw,MMMU-Pro vision,mmmu_pro_test_Manage_52,0,1,0.06486342441440543,2460.0
Gemma-4-31B-IT,openclaw,MMMU-Pro vision,mmmu_pro_test_Manage_64,0,0,0.21700628217766907,765.0
Gemma-4-31B-IT,openclaw,MMMU-Pro vision,mmmu_pro_test_Manage_66,0,1,0.17557100140058557,6939.0
Gemma-4-31B-IT,openclaw,MMMU-Pro vision,mmmu_pro_test_Manage_68,0,1,0.14400378872053884,2824.0
Gemma-4-31B-IT,openclaw,MMMU-Pro vision,mmmu_pro_test_Manage_69,0,1,0.11029968103504768,635.0
Gemma-4-31B-IT,openclaw,MMMU-Pro vision,mmmu_pro_test_Manage_70,0,1,0.10775080767127394,1478.0
Gemma-4-31B-IT,openclaw,MMMU-Pro vision,mmmu_pro_test_Manage_73,0,1,0.17685590892123665,597.0
Gemma-4-31B-IT,openclaw,MMMU-Pro vision,mmmu_pro_test_Manage_75,0,1,0.1374690546275151,9086.0
Gemma-4-31B-IT,openclaw,MMMU-Pro vision,mmmu_pro_test_Manage_8,0,0,0.17491626373082939,4226.0
Gemma-4-31B-IT,openclaw,MMMU-Pro vision,mmmu_pro_test_Manage_80,0,1,0.12975551985935432,3217.0
Gemma-4-31B-IT,openclaw,MMMU-Pro vision,mmmu_pro_test_Manage_87,0,1,0.006931834342042709,19.0
Gemma-4-31B-IT,openclaw,MMMU-Pro vision,mmmu_pro_test_Manage_94,0,1,0.11911606086597712,2220.0
Gemma-4-31B-IT,openclaw,MMMU-Pro vision,mmmu_pro_test_Marketing_108,0,1,0.11832407501885328,3045.0
Gemma-4-31B-IT,openclaw,MMMU-Pro vision,mmmu_pro_test_Marketing_109,0,1,0.17730700191848228,3040.0
Gemma-4-31B-IT,openclaw,MMMU-Pro vision,mmmu_pro_test_Marketing_111,0,1,0.13761837291806672,2979.0
Gemma-4-31B-IT,openclaw,MMMU-Pro vision,mmmu_pro_test_Marketing_112,0,1,0.23200711908392666,6058.0
Gemma-4-31B-IT,openclaw,MMMU-Pro vision,mmmu_pro_test_Marketing_114,0,,0.0,
Gemma-4-31B-IT,openclaw,MMMU-Pro vision,mmmu_pro_test_Marketing_116,0,1,0.029910860294159444,1276.0
Gemma-4-31B-IT,openclaw,MMMU-Pro vision,mmmu_pro_test_Marketing_120,0,,0.0,
Gemma-4-31B-IT,openclaw,MMMU-Pro vision,mmmu_pro_test_Marketing_130,0,1,0.13242874207980113,5105.0
Gemma-4-31B-IT,openclaw,MMMU-Pro vision,mmmu_pro_test_Marketing_134,0,,0.0,
Gemma-4-31B-IT,openclaw,MMMU-Pro vision,mmmu_pro_test_Marketing_135,0,1,0.15568042681927577,127.0
Gemma-4-31B-IT,openclaw,MMMU-Pro vision,mmmu_pro_test_Marketing_144,0,1,0.09063510675419283,3821.0
Gemma-4-31B-IT,openclaw,MMMU-Pro vision,mmmu_pro_test_Marketing_155,0,1,0.09739758594038493,2295.0
Gemma-4-31B-IT,openclaw,MMMU-Pro vision,mmmu_pro_test_Marketing_161,0,1,0.2698170132374609,1368.0
Gemma-4-31B-IT,openclaw,MMMU-Pro vision,mmmu_pro_test_Marketing_164,0,1,0.12285795303005922,4273.0
Gemma-4-31B-IT,openclaw,MMMU-Pro vision,mmmu_pro_test_Marketing_166,0,0,0.09749040608152261,29626.0
Gemma-4-31B-IT,openclaw,MMMU-Pro vision,mmmu_pro_test_Marketing_172,0,1,0.1911390790178556,1803.0
Gemma-4-31B-IT,openclaw,MMMU-Pro vision,mmmu_pro_test_Marketing_177,0,1,0.23471109083243447,1669.0
Gemma-4-31B-IT,openclaw,MMMU-Pro vision,mmmu_pro_test_Marketing_2,0,,0.0,
Gemma-4-31B-IT,openclaw,MMMU-Pro vision,mmmu_pro_test_Marketing_27,0,1,0.10995362877573946,1088.0
Gemma-4-31B-IT,openclaw,MMMU-Pro vision,mmmu_pro_test_Marketing_33,0,1,0.12549765360332205,4686.0
Gemma-4-31B-IT,openclaw,MMMU-Pro vision,mmmu_pro_test_Marketing_35,0,1,0.13731416507511757,13044.0
Gemma-4-31B-IT,openclaw,MMMU-Pro vision,mmmu_pro_test_Marketing_37,0,1,0.13478392674577674,7444.0
Gemma-4-31B-IT,openclaw,MMMU-Pro vision,mmmu_pro_test_Marketing_40,0,0,0.26030889944637825,5078.0
Gemma-4-31B-IT,openclaw,MMMU-Pro vision,mmmu_pro_test_Marketing_44,0,,0.0,
Gemma-4-31B-IT,openclaw,MMMU-Pro vision,mmmu_pro_test_Marketing_56,0,1,0.27785730796398017,5955.0
Gemma-4-31B-IT,openclaw,MMMU-Pro vision,mmmu_pro_test_Marketing_61,0,1,0.08044174133086478,3310.0
Gemma-4-31B-IT,openclaw,MMMU-Pro vision,mmmu_pro_test_Marketing_62,0,1,0.12579083870962884,1232.0
Gemma-4-31B-IT,openclaw,MMMU-Pro vision,mmmu_pro_test_Marketing_63,0,1,0.24198227546514417,1134.0
Gemma-4-31B-IT,openclaw,MMMU-Pro vision,mmmu_pro_test_Marketing_64,0,1,0.16797096520330196,9242.0
Gemma-4-31B-IT,openclaw,MMMU-Pro vision,mmmu_pro_test_Marketing_68,0,0,0.059382608106125834,97.0
Gemma-4-31B-IT,openclaw,MMMU-Pro vision,mmmu_pro_test_Marketing_69,0,1,0.17552469884202967,8646.0
Gemma-4-31B-IT,openclaw,MMMU-Pro vision,mmmu_pro_test_Marketing_72,0,0,0.1418116074161113,5091.0
Gemma-4-31B-IT,openclaw,MMMU-Pro vision,mmmu_pro_test_Marketing_73,0,1,0.19347660232161296,1781.0
Gemma-4-31B-IT,openclaw,MMMU-Pro vision,mmmu_pro_test_Marketing_76,0,1,0.03065199022963182,725.0
Gemma-4-31B-IT,openclaw,MMMU-Pro vision,mmmu_pro_test_Marketing_86,0,1,0.1772648986835189,2873.0
Gemma-4-31B-IT,openclaw,MMMU-Pro vision,mmmu_pro_test_Marketing_87,0,,0.3092840962290174,3772.0
Gemma-4-31B-IT,openclaw,MMMU-Pro vision,mmmu_pro_test_Marketing_92,0,1,0.14059311578355632,2218.0
Gemma-4-31B-IT,openclaw,MMMU-Pro vision,mmmu_pro_test_Marketing_98,0,0,0.14377176322997473,2060.0
Gemma-4-31B-IT,openclaw,MMMU-Pro vision,mmmu_pro_test_Materials_121,0,1,0.10904142993731189,4006.0
Gemma-4-31B-IT,openclaw,MMMU-Pro vision,mmmu_pro_test_Materials_139,0,1,0.13988503497521768,1817.0
Gemma-4-31B-IT,openclaw,MMMU-Pro vision,mmmu_pro_test_Materials_150,0,1,0.16598111872754484,22.0
Gemma-4-31B-IT,openclaw,MMMU-Pro vision,mmmu_pro_test_Materials_16,0,,0.08264325257142327,2632.0
Gemma-4-31B-IT,openclaw,MMMU-Pro vision,mmmu_pro_test_Materials_165,0,0,0.21227395532726645,5179.0
Gemma-4-31B-IT,openclaw,MMMU-Pro vision,mmmu_pro_test_Materials_173,0,1,0.20130425631223947,15536.0
Gemma-4-31B-IT,openclaw,MMMU-Pro vision,mmmu_pro_test_Materials_204,0,0,0.2516280550454462,306.0
Gemma-4-31B-IT,openclaw,MMMU-Pro vision,mmmu_pro_test_Materials_230,0,1,0.2239426394744114,4425.0
Gemma-4-31B-IT,openclaw,MMMU-Pro vision,mmmu_pro_test_Materials_239,0,,0.16812633710572875,3656.0
Gemma-4-31B-IT,openclaw,MMMU-Pro vision,mmmu_pro_test_Materials_253,0,1,0.11953885502834567,647.0
Gemma-4-31B-IT,openclaw,MMMU-Pro vision,mmmu_pro_test_Materials_277,0,0,0.12776648391854833,410.0
Gemma-4-31B-IT,openclaw,MMMU-Pro vision,mmmu_pro_test_Materials_297,0,1,0.15437413865928976,2232.0
Gemma-4-31B-IT,openclaw,MMMU-Pro vision,mmmu_pro_test_Materials_314,0,1,0.16486347954935238,8110.0
Gemma-4-31B-IT,openclaw,MMMU-Pro vision,mmmu_pro_test_Materials_319,0,1,0.20852944331670084,35.0
Gemma-4-31B-IT,openclaw,MMMU-Pro vision,mmmu_pro_test_Materials_332,0,1,0.30751686272759515,502.0
Gemma-4-31B-IT,openclaw,MMMU-Pro vision,mmmu_pro_test_Materials_345,0,1,0.1629111020270787,846.0
Gemma-4-31B-IT,openclaw,MMMU-Pro vision,mmmu_pro_test_Materials_358,0,1,0.19973081370864956,13233.0
Gemma-4-31B-IT,openclaw,MMMU-Pro vision,mmmu_pro_test_Materials_383,0,1,0.10234779404591741,916.0
Gemma-4-31B-IT,openclaw,MMMU-Pro vision,mmmu_pro_test_Materials_392,0,,0.043903547760846005,160.0
Gemma-4-31B-IT,openclaw,MMMU-Pro vision,mmmu_pro_test_Materials_415,0,1,0.12348460802467602,6112.0
Gemma-4-31B-IT,openclaw,MMMU-Pro vision,mmmu_pro_test_Materials_417,0,1,0.23305928011399724,1661.0
Gemma-4-31B-IT,openclaw,MMMU-Pro vision,mmmu_pro_test_Materials_423,0,,0.0,
Gemma-4-31B-IT,openclaw,MMMU-Pro vision,mmmu_pro_test_Materials_450,0,0,0.19562560238003368,8523.0
Gemma-4-31B-IT,openclaw,MMMU-Pro vision,mmmu_pro_test_Materials_51,0,,0.2627632597784564,1376.0
Gemma-4-31B-IT,openclaw,MMMU-Pro vision,mmmu_pro_test_Materials_6,0,1,0.20015576480875102,4952.0
Gemma-4-31B-IT,openclaw,MMMU-Pro vision,mmmu_pro_test_Materials_72,0,0,0.1921197350458242,18023.0
Gemma-4-31B-IT,openclaw,MMMU-Pro vision,mmmu_pro_test_Materials_91,0,1,0.09816648478017655,1760.0
Gemma-4-31B-IT,openclaw,MMMU-Pro vision,mmmu_pro_test_Materials_96,0,1,0.26677583514062503,3758.0
Gemma-4-31B-IT,openclaw,MMMU-Pro vision,mmmu_pro_test_Materials_98,0,,0.10537103304372904,1582.0
Gemma-4-31B-IT,openclaw,MMMU-Pro vision,mmmu_pro_test_Math_11,0,1,0.11946324902072544,5897.0
Gemma-4-31B-IT,openclaw,MMMU-Pro vision,mmmu_pro_test_Math_115,0,1,0.18286856490649503,115.0
Gemma-4-31B-IT,openclaw,MMMU-Pro vision,mmmu_pro_test_Math_12,0,1,0.005746694618873744,85.0
Gemma-4-31B-IT,openclaw,MMMU-Pro vision,mmmu_pro_test_Math_122,0,,0.2742927436129513,6823.0
Gemma-4-31B-IT,openclaw,MMMU-Pro vision,mmmu_pro_test_Math_16,0,1,0.06051597483333477,2363.0
Gemma-4-31B-IT,openclaw,MMMU-Pro vision,mmmu_pro_test_Math_164,0,1,0.092736193248404,271.0
Gemma-4-31B-IT,openclaw,MMMU-Pro vision,mmmu_pro_test_Math_165,0,1,0.16169403005695412,884.0
Gemma-4-31B-IT,openclaw,MMMU-Pro vision,mmmu_pro_test_Math_170,0,1,0.23038160451444478,3542.0
Gemma-4-31B-IT,openclaw,MMMU-Pro vision,mmmu_pro_test_Math_18,0,0,0.1712983009970736,91.0
Gemma-4-31B-IT,openclaw,MMMU-Pro vision,mmmu_pro_test_Math_189,0,,0.0,
Gemma-4-31B-IT,openclaw,MMMU-Pro vision,mmmu_pro_test_Math_19,0,1,0.16916258134457776,1150.0
Gemma-4-31B-IT,openclaw,MMMU-Pro vision,mmmu_pro_test_Math_201,0,1,0.17444321664163248,3831.0
Gemma-4-31B-IT,openclaw,MMMU-Pro vision,mmmu_pro_test_Math_222,0,1,0.24865697221638472,1123.0
Gemma-4-31B-IT,openclaw,MMMU-Pro vision,mmmu_pro_test_Math_224,0,0,0.17397554784476374,4775.0
Gemma-4-31B-IT,openclaw,MMMU-Pro vision,mmmu_pro_test_Math_247,0,1,0.20136914964544725,1760.0
Gemma-4-31B-IT,openclaw,MMMU-Pro vision,mmmu_pro_test_Math_257,0,1,0.14067782737129583,1509.0
Gemma-4-31B-IT,openclaw,MMMU-Pro vision,mmmu_pro_test_Math_266,0,1,0.023952654312478443,604.0
Gemma-4-31B-IT,openclaw,MMMU-Pro vision,mmmu_pro_test_Math_270,0,1,0.1533991102773541,10082.0
Gemma-4-31B-IT,openclaw,MMMU-Pro vision,mmmu_pro_test_Math_279,0,0,0.23463108951200196,8232.0
Gemma-4-31B-IT,openclaw,MMMU-Pro vision,mmmu_pro_test_Math_282,0,,0.0,
Gemma-4-31B-IT,openclaw,MMMU-Pro vision,mmmu_pro_test_Math_290,0,1,0.12977530019527012,2772.0
Gemma-4-31B-IT,openclaw,MMMU-Pro vision,mmmu_pro_test_Math_341,0,1,0.08339695783179042,7246.0
Gemma-4-31B-IT,openclaw,MMMU-Pro vision,mmmu_pro_test_Math_346,0,1,0.17300649102073354,1937.0
Gemma-4-31B-IT,openclaw,MMMU-Pro vision,mmmu_pro_test_Math_390,0,,0.1552553407861024,8545.0
Gemma-4-31B-IT,openclaw,MMMU-Pro vision,mmmu_pro_test_Math_393,0,1,0.21347592724468115,12387.0
Gemma-4-31B-IT,openclaw,MMMU-Pro vision,mmmu_pro_test_Math_41,0,1,0.13994076515746567,821.0
Gemma-4-31B-IT,openclaw,MMMU-Pro vision,mmmu_pro_test_Math_435,0,0,0.26496966489338736,6358.0
Gemma-4-31B-IT,openclaw,MMMU-Pro vision,mmmu_pro_test_Math_475,0,1,0.1322970318370384,3604.0
Gemma-4-31B-IT,openclaw,MMMU-Pro vision,mmmu_pro_test_Math_476,0,,0.0,
Gemma-4-31B-IT,openclaw,MMMU-Pro vision,mmmu_pro_test_Math_492,0,1,0.17439102715991422,1825.0
Gemma-4-31B-IT,openclaw,MMMU-Pro vision,mmmu_pro_test_Math_504,0,,0.13640888693697606,4951.0
Gemma-4-31B-IT,openclaw,MMMU-Pro vision,mmmu_pro_test_Math_56,0,0,0.16537531188175345,2566.0
Gemma-4-31B-IT,openclaw,MMMU-Pro vision,mmmu_pro_test_Math_65,0,1,0.19422482551196532,3847.0
Gemma-4-31B-IT,openclaw,MMMU-Pro vision,mmmu_pro_test_Math_75,0,1,0.21110446481054532,4791.0
Gemma-4-31B-IT,openclaw,MMMU-Pro vision,mmmu_pro_test_Math_80,0,1,0.1301146404799567,177.0
Gemma-4-31B-IT,openclaw,MMMU-Pro vision,mmmu_pro_test_Mechanical_Engineering_104,0,,0.05419748601088783,889.0
Gemma-4-31B-IT,openclaw,MMMU-Pro vision,mmmu_pro_test_Mechanical_Engineering_123,0,1,0.1787049926178875,39.0
Gemma-4-31B-IT,openclaw,MMMU-Pro vision,mmmu_pro_test_Mechanical_Engineering_136,0,0,0.2914049373755915,1549.0
Gemma-4-31B-IT,openclaw,MMMU-Pro vision,mmmu_pro_test_Mechanical_Engineering_173,0,0,0.19770415971393593,3446.0
Gemma-4-31B-IT,openclaw,MMMU-Pro vision,mmmu_pro_test_Mechanical_Engineering_186,0,1,0.10060937564736189,3047.0
Gemma-4-31B-IT,openclaw,MMMU-Pro vision,mmmu_pro_test_Mechanical_Engineering_192,0,0,0.1978811789999078,6527.0
Gemma-4-31B-IT,openclaw,MMMU-Pro vision,mmmu_pro_test_Mechanical_Engineering_201,0,0,0.1404026938655028,1332.0
Gemma-4-31B-IT,openclaw,MMMU-Pro vision,mmmu_pro_test_Mechanical_Engineering_203,0,0,0.25117168397304795,5667.0
Gemma-4-31B-IT,openclaw,MMMU-Pro vision,mmmu_pro_test_Mechanical_Engineering_205,0,0,0.18461566797849316,3054.0
Gemma-4-31B-IT,openclaw,MMMU-Pro vision,mmmu_pro_test_Mechanical_Engineering_209,0,1,0.13278846391537683,7463.0
Gemma-4-31B-IT,openclaw,MMMU-Pro vision,mmmu_pro_test_Mechanical_Engineering_230,0,,0.0,
Gemma-4-31B-IT,openclaw,MMMU-Pro vision,mmmu_pro_test_Mechanical_Engineering_234,0,0,0.2084321602242705,1287.0
Gemma-4-31B-IT,openclaw,MMMU-Pro vision,mmmu_pro_test_Mechanical_Engineering_257,0,1,0.1694868458169822,2347.0
Gemma-4-31B-IT,openclaw,MMMU-Pro vision,mmmu_pro_test_Mechanical_Engineering_275,0,1,0.1532270362189841,2274.0
Gemma-4-31B-IT,openclaw,MMMU-Pro vision,mmmu_pro_test_Mechanical_Engineering_278,0,1,0.19706167363842686,1434.0
Gemma-4-31B-IT,openclaw,MMMU-Pro vision,mmmu_pro_test_Mechanical_Engineering_279,0,1,0.0708166020146084,1509.0
Gemma-4-31B-IT,openclaw,MMMU-Pro vision,mmmu_pro_test_Mechanical_Engineering_333,0,0,0.2979965619114286,2564.0
Gemma-4-31B-IT,openclaw,MMMU-Pro vision,mmmu_pro_test_Mechanical_Engineering_338,0,0,0.14216149738534148,2725.0
Gemma-4-31B-IT,openclaw,MMMU-Pro vision,mmmu_pro_test_Mechanical_Engineering_359,0,,0.18634238127303768,5509.0
Gemma-4-31B-IT,openclaw,MMMU-Pro vision,mmmu_pro_test_Mechanical_Engineering_372,0,1,0.23200526185730228,2832.0
Gemma-4-31B-IT,openclaw,MMMU-Pro vision,mmmu_pro_test_Mechanical_Engineering_382,0,0,0.16607473456877514,3475.0
Gemma-4-31B-IT,openclaw,MMMU-Pro vision,mmmu_pro_test_Mechanical_Engineering_396,0,1,0.06081311178598679,1095.0
Gemma-4-31B-IT,openclaw,MMMU-Pro vision,mmmu_pro_test_Mechanical_Engineering_409,0,,0.0,
Gemma-4-31B-IT,openclaw,MMMU-Pro vision,mmmu_pro_test_Mechanical_Engineering_420,0,1,0.14297400124817378,1590.0
Gemma-4-31B-IT,openclaw,MMMU-Pro vision,mmmu_pro_test_Mechanical_Engineering_55,0,0,0.1411411170375199,1631.0
Gemma-4-31B-IT,openclaw,MMMU-Pro vision,mmmu_pro_test_Mechanical_Engineering_58,0,0,0.18419004618510768,12290.0
Gemma-4-31B-IT,openclaw,MMMU-Pro vision,mmmu_pro_test_Mechanical_Engineering_62,0,1,0.246202787879722,5773.0
Gemma-4-31B-IT,openclaw,MMMU-Pro vision,mmmu_pro_test_Mechanical_Engineering_7,0,1,0.17058478748389921,10531.0
Gemma-4-31B-IT,openclaw,MMMU-Pro vision,mmmu_pro_test_Mechanical_Engineering_81,0,1,0.1829909220771787,24354.0
Gemma-4-31B-IT,openclaw,MMMU-Pro vision,mmmu_pro_test_Mechanical_Engineering_87,0,1,0.17703995134471273,853.0
Gemma-4-31B-IT,openclaw,MMMU-Pro vision,mmmu_pro_test_Mechanical_Engineering_96,0,0,0.10462702545416515,181.0
Gemma-4-31B-IT,openclaw,MMMU-Pro vision,mmmu_pro_test_Music_103,0,1,0.1288029087039609,1049.0
Gemma-4-31B-IT,openclaw,MMMU-Pro vision,mmmu_pro_test_Music_105,0,1,0.2787192888777777,6096.0
Gemma-4-31B-IT,openclaw,MMMU-Pro vision,mmmu_pro_test_Music_11,0,0,0.1870563363695066,5625.0
Gemma-4-31B-IT,openclaw,MMMU-Pro vision,mmmu_pro_test_Music_116,0,1,0.14688918261492687,193.0
Gemma-4-31B-IT,openclaw,MMMU-Pro vision,mmmu_pro_test_Music_123,0,1,0.18935147546778686,534.0
Gemma-4-31B-IT,openclaw,MMMU-Pro vision,mmmu_pro_test_Music_127,0,0,0.08358651300522303,1038.0
Gemma-4-31B-IT,openclaw,MMMU-Pro vision,mmmu_pro_test_Music_134,0,,0.22226829568942758,10225.0
Gemma-4-31B-IT,openclaw,MMMU-Pro vision,mmmu_pro_test_Music_209,0,0,0.18623489098890075,3931.0
Gemma-4-31B-IT,openclaw,MMMU-Pro vision,mmmu_pro_test_Music_210,0,0,0.28373218078297424,1110.0
Gemma-4-31B-IT,openclaw,MMMU-Pro vision,mmmu_pro_test_Music_219,0,0,0.25585209749836185,5925.0
Gemma-4-31B-IT,openclaw,MMMU-Pro vision,mmmu_pro_test_Music_222,0,0,0.17805909461130393,4437.0
Gemma-4-31B-IT,openclaw,MMMU-Pro vision,mmmu_pro_test_Music_244,0,1,0.2851248827636983,4508.0
Gemma-4-31B-IT,openclaw,MMMU-Pro vision,mmmu_pro_test_Music_247,0,1,0.20701092758878675,4111.0
Gemma-4-31B-IT,openclaw,MMMU-Pro vision,mmmu_pro_test_Music_251,0,1,0.14739630451130104,1425.0
Gemma-4-31B-IT,openclaw,MMMU-Pro vision,mmmu_pro_test_Music_264,0,1,0.1751430349763311,615.0
Gemma-4-31B-IT,openclaw,MMMU-Pro vision,mmmu_pro_test_Music_289,0,0,0.20312792376236455,4626.0
Gemma-4-31B-IT,openclaw,MMMU-Pro vision,mmmu_pro_test_Music_293,0,0,0.08155852702617611,167.0
Gemma-4-31B-IT,openclaw,MMMU-Pro vision,mmmu_pro_test_Music_310,0,0,0.0916817277011084,797.0
Gemma-4-31B-IT,openclaw,MMMU-Pro vision,mmmu_pro_test_Music_317,0,1,0.19512080531087383,7316.0
Gemma-4-31B-IT,openclaw,MMMU-Pro vision,mmmu_pro_test_Music_322,0,1,0.2922433941440371,6738.0
Gemma-4-31B-IT,openclaw,MMMU-Pro vision,mmmu_pro_test_Music_327,0,0,0.22600465593548028,2708.0
Gemma-4-31B-IT,openclaw,MMMU-Pro vision,mmmu_pro_test_Music_333,0,0,0.11985594324348463,144.0
Gemma-4-31B-IT,openclaw,MMMU-Pro vision,mmmu_pro_test_Music_39,0,0,0.24426079051622565,878.0
Gemma-4-31B-IT,openclaw,MMMU-Pro vision,mmmu_pro_test_Music_42,0,0,0.21309716542923934,1470.0
Gemma-4-31B-IT,openclaw,MMMU-Pro vision,mmmu_pro_test_Music_5,0,0,0.16649320828804673,1627.0
Gemma-4-31B-IT,openclaw,MMMU-Pro vision,mmmu_pro_test_Music_53,0,0,0.2170663008361938,195.0
Gemma-4-31B-IT,openclaw,MMMU-Pro vision,mmmu_pro_test_Music_70,0,1,0.02350299094655959,51.0
Gemma-4-31B-IT,openclaw,MMMU-Pro vision,mmmu_pro_test_Music_74,0,0,0.20506164545056615,5053.0
Gemma-4-31B-IT,openclaw,MMMU-Pro vision,mmmu_pro_test_Pharmacy_140,0,1,0.08375114427631314,3140.0
Gemma-4-31B-IT,openclaw,MMMU-Pro vision,mmmu_pro_test_Pharmacy_141,0,1,0.20106574311897701,3029.0
Gemma-4-31B-IT,openclaw,MMMU-Pro vision,mmmu_pro_test_Pharmacy_170,0,1,0.13833238126928998,2377.0
Gemma-4-31B-IT,openclaw,MMMU-Pro vision,mmmu_pro_test_Pharmacy_174,0,1,0.2390958406516655,3631.0
Gemma-4-31B-IT,openclaw,MMMU-Pro vision,mmmu_pro_test_Pharmacy_19,0,1,0.23765537586339014,579.0
Gemma-4-31B-IT,openclaw,MMMU-Pro vision,mmmu_pro_test_Pharmacy_198,0,1,0.27746262378284553,336.0
Gemma-4-31B-IT,openclaw,MMMU-Pro vision,mmmu_pro_test_Pharmacy_20,0,1,0.13011800788033284,3890.0
Gemma-4-31B-IT,openclaw,MMMU-Pro vision,mmmu_pro_test_Pharmacy_201,0,0,0.18289427956436696,2932.0
Gemma-4-31B-IT,openclaw,MMMU-Pro vision,mmmu_pro_test_Pharmacy_206,0,1,0.29001351860988017,1781.0
Gemma-4-31B-IT,openclaw,MMMU-Pro vision,mmmu_pro_test_Pharmacy_210,0,1,0.14066249691361385,1500.0
Gemma-4-31B-IT,openclaw,MMMU-Pro vision,mmmu_pro_test_Pharmacy_226,0,0,0.2603764449345023,1050.0
Gemma-4-31B-IT,openclaw,MMMU-Pro vision,mmmu_pro_test_Pharmacy_230,0,1,0.2007549613554687,2030.0
Gemma-4-31B-IT,openclaw,MMMU-Pro vision,mmmu_pro_test_Pharmacy_231,0,0,0.2267859763198432,481.0
Gemma-4-31B-IT,openclaw,MMMU-Pro vision,mmmu_pro_test_Pharmacy_242,0,1,0.15475140426046793,3022.0
Gemma-4-31B-IT,openclaw,MMMU-Pro vision,mmmu_pro_test_Pharmacy_246,0,0,0.18006170790925394,344.0
Gemma-4-31B-IT,openclaw,MMMU-Pro vision,mmmu_pro_test_Pharmacy_254,0,0,0.2503762764290612,349.0
Gemma-4-31B-IT,openclaw,MMMU-Pro vision,mmmu_pro_test_Pharmacy_260,0,0,0.25075233655938595,1406.0
Gemma-4-31B-IT,openclaw,MMMU-Pro vision,mmmu_pro_test_Pharmacy_280,0,0,0.1806789070968237,3961.0
Gemma-4-31B-IT,openclaw,MMMU-Pro vision,mmmu_pro_test_Pharmacy_287,0,0,0.17763406491983905,7152.0
Gemma-4-31B-IT,openclaw,MMMU-Pro vision,mmmu_pro_test_Pharmacy_308,0,1,0.17719519157567037,840.0
Gemma-4-31B-IT,openclaw,MMMU-Pro vision,mmmu_pro_test_Pharmacy_318,0,0,0.19506438722497302,2975.0
Gemma-4-31B-IT,openclaw,MMMU-Pro vision,mmmu_pro_test_Pharmacy_333,0,,0.0,
Gemma-4-31B-IT,openclaw,MMMU-Pro vision,mmmu_pro_test_Pharmacy_35,0,1,0.1342770006761666,2239.0
Gemma-4-31B-IT,openclaw,MMMU-Pro vision,mmmu_pro_test_Pharmacy_355,0,1,0.17280660748768137,4070.0
Gemma-4-31B-IT,openclaw,MMMU-Pro vision,mmmu_pro_test_Pharmacy_393,0,1,0.21254322069547896,2902.0
Gemma-4-31B-IT,openclaw,MMMU-Pro vision,mmmu_pro_test_Pharmacy_410,0,0,0.1668822931629293,490.0
Gemma-4-31B-IT,openclaw,MMMU-Pro vision,mmmu_pro_test_Pharmacy_414,0,1,0.06200316597796663,1624.0
Gemma-4-31B-IT,openclaw,MMMU-Pro vision,mmmu_pro_test_Pharmacy_415,0,1,0.18208384307615094,4301.0
Gemma-4-31B-IT,openclaw,MMMU-Pro vision,mmmu_pro_test_Pharmacy_426,0,1,0.20662787518934106,4903.0
Gemma-4-31B-IT,openclaw,MMMU-Pro vision,mmmu_pro_test_Pharmacy_427,0,1,0.25586411375209395,1890.0
Gemma-4-31B-IT,openclaw,MMMU-Pro vision,mmmu_pro_test_Pharmacy_45,0,0,0.14384675334854757,12675.0
Gemma-4-31B-IT,openclaw,MMMU-Pro vision,mmmu_pro_test_Pharmacy_78,0,1,0.14224663512860264,1437.0
Gemma-4-31B-IT,openclaw,MMMU-Pro vision,mmmu_pro_test_Pharmacy_83,0,,0.0,
Gemma-4-31B-IT,openclaw,MMMU-Pro vision,mmmu_pro_test_Pharmacy_89,0,1,0.21719226438305134,1805.0
Gemma-4-31B-IT,openclaw,MMMU-Pro vision,mmmu_pro_test_Pharmacy_96,0,1,0.12663427483711667,1182.0
Gemma-4-31B-IT,openclaw,MMMU-Pro vision,mmmu_pro_test_Physics_103,0,1,0.18978016710415072,6847.0
Gemma-4-31B-IT,openclaw,MMMU-Pro vision,mmmu_pro_test_Physics_118,0,1,0.1394558396300634,4743.0
Gemma-4-31B-IT,openclaw,MMMU-Pro vision,mmmu_pro_test_Physics_127,0,1,0.1905062870114931,737.0
Gemma-4-31B-IT,openclaw,MMMU-Pro vision,mmmu_pro_test_Physics_16,0,1,0.1594190448050227,4313.0
Gemma-4-31B-IT,openclaw,MMMU-Pro vision,mmmu_pro_test_Physics_161,0,0,0.11179798856184589,39.0
Gemma-4-31B-IT,openclaw,MMMU-Pro vision,mmmu_pro_test_Physics_166,0,0,0.20141984152012293,11987.0
Gemma-4-31B-IT,openclaw,MMMU-Pro vision,mmmu_pro_test_Physics_173,0,1,0.14792221756111157,1021.0
Gemma-4-31B-IT,openclaw,MMMU-Pro vision,mmmu_pro_test_Physics_174,0,1,0.1581265755389021,5622.0
Gemma-4-31B-IT,openclaw,MMMU-Pro vision,mmmu_pro_test_Physics_20,0,1,0.15925061628107665,1671.0
Gemma-4-31B-IT,openclaw,MMMU-Pro vision,mmmu_pro_test_Physics_201,0,1,0.21275037935346985,11540.0
Gemma-4-31B-IT,openclaw,MMMU-Pro vision,mmmu_pro_test_Physics_210,0,0,0.2334101060440814,23231.0
Gemma-4-31B-IT,openclaw,MMMU-Pro vision,mmmu_pro_test_Physics_214,0,0,0.23925826386860732,5986.0
Gemma-4-31B-IT,openclaw,MMMU-Pro vision,mmmu_pro_test_Physics_218,0,1,0.1573986294525894,1738.0
Gemma-4-31B-IT,openclaw,MMMU-Pro vision,mmmu_pro_test_Physics_224,0,1,0.13003389378961608,1580.0
Gemma-4-31B-IT,openclaw,MMMU-Pro vision,mmmu_pro_test_Physics_243,0,1,0.2828127289766066,4008.0
Gemma-4-31B-IT,openclaw,MMMU-Pro vision,mmmu_pro_test_Physics_252,0,,0.3883893869395679,142.0
Gemma-4-31B-IT,openclaw,MMMU-Pro vision,mmmu_pro_test_Physics_253,0,1,0.12568056185634688,2562.0
Gemma-4-31B-IT,openclaw,MMMU-Pro vision,mmmu_pro_test_Physics_275,0,0,0.1339726146203405,2057.0
Gemma-4-31B-IT,openclaw,MMMU-Pro vision,mmmu_pro_test_Physics_292,0,,0.1281256940755674,151.0
Gemma-4-31B-IT,openclaw,MMMU-Pro vision,mmmu_pro_test_Physics_293,0,1,0.2721349156291484,3179.0
Gemma-4-31B-IT,openclaw,MMMU-Pro vision,mmmu_pro_test_Physics_30,0,0,0.2150893168756361,1076.0
Gemma-4-31B-IT,openclaw,MMMU-Pro vision,mmmu_pro_test_Physics_307,0,1,0.1707943847738473,1734.0
Gemma-4-31B-IT,openclaw,MMMU-Pro vision,mmmu_pro_test_Physics_34,0,1,0.06861082938117889,4968.0
Gemma-4-31B-IT,openclaw,MMMU-Pro vision,mmmu_pro_test_Physics_353,0,1,0.19991804105216057,2054.0
Gemma-4-31B-IT,openclaw,MMMU-Pro vision,mmmu_pro_test_Physics_359,0,1,0.15434513647103365,311.0
Gemma-4-31B-IT,openclaw,MMMU-Pro vision,mmmu_pro_test_Physics_369,0,1,0.21419797554993877,3412.0
Gemma-4-31B-IT,openclaw,MMMU-Pro vision,mmmu_pro_test_Physics_384,0,0,0.18750382630950868,1647.0
Gemma-4-31B-IT,openclaw,MMMU-Pro vision,mmmu_pro_test_Physics_386,0,1,0.0983518856205215,656.0
Gemma-4-31B-IT,openclaw,MMMU-Pro vision,mmmu_pro_test_Physics_397,0,1,0.22033793550113948,13201.0
Gemma-4-31B-IT,openclaw,MMMU-Pro vision,mmmu_pro_test_Physics_40,0,,0.1340374581815834,1855.0
Gemma-4-31B-IT,openclaw,MMMU-Pro vision,mmmu_pro_test_Physics_401,0,0,0.2182708723417267,9349.0
Gemma-4-31B-IT,openclaw,MMMU-Pro vision,mmmu_pro_test_Physics_406,0,0,0.1770494672131791,5451.0
Gemma-4-31B-IT,openclaw,MMMU-Pro vision,mmmu_pro_test_Physics_61,0,,0.0,
Gemma-4-31B-IT,openclaw,MMMU-Pro vision,mmmu_pro_test_Physics_85,0,1,0.19297675988542995,3532.0
Gemma-4-31B-IT,openclaw,MMMU-Pro vision,mmmu_pro_test_Physics_98,0,1,0.1619839023907553,2934.0
Gemma-4-31B-IT,openclaw,MMMU-Pro vision,mmmu_pro_test_Psychology_103,0,0,0.258343023686585,2667.0
Gemma-4-31B-IT,openclaw,MMMU-Pro vision,mmmu_pro_test_Psychology_105,0,0,0.21266199012827416,2974.0
Gemma-4-31B-IT,openclaw,MMMU-Pro vision,mmmu_pro_test_Psychology_106,0,1,0.19585261462188455,400.0
Gemma-4-31B-IT,openclaw,MMMU-Pro vision,mmmu_pro_test_Psychology_111,0,1,0.21786007975886876,5793.0
Gemma-4-31B-IT,openclaw,MMMU-Pro vision,mmmu_pro_test_Psychology_128,0,0,0.14607497317861753,260.0
Gemma-4-31B-IT,openclaw,MMMU-Pro vision,mmmu_pro_test_Psychology_149,0,1,0.12729210866231563,2478.0
Gemma-4-31B-IT,openclaw,MMMU-Pro vision,mmmu_pro_test_Psychology_15,0,1,0.17565364274493306,391.0
Gemma-4-31B-IT,openclaw,MMMU-Pro vision,mmmu_pro_test_Psychology_151,0,0,0.28645729510829543,4887.0
Gemma-4-31B-IT,openclaw,MMMU-Pro vision,mmmu_pro_test_Psychology_153,0,1,0.25745451821909077,2023.0
Gemma-4-31B-IT,openclaw,MMMU-Pro vision,mmmu_pro_test_Psychology_155,0,1,0.2974579499155002,5885.0
Gemma-4-31B-IT,openclaw,MMMU-Pro vision,mmmu_pro_test_Psychology_157,0,0,0.2520815584763082,562.0
Gemma-4-31B-IT,openclaw,MMMU-Pro vision,mmmu_pro_test_Psychology_159,0,1,0.1385874421760302,2252.0
Gemma-4-31B-IT,openclaw,MMMU-Pro vision,mmmu_pro_test_Psychology_163,0,0,0.16164071009338019,4359.0
Gemma-4-31B-IT,openclaw,MMMU-Pro vision,mmmu_pro_test_Psychology_180,0,1,0.17958380199418136,8257.0
Gemma-4-31B-IT,openclaw,MMMU-Pro vision,mmmu_pro_test_Psychology_196,0,1,0.14231109382875742,1195.0
Gemma-4-31B-IT,openclaw,MMMU-Pro vision,mmmu_pro_test_Psychology_21,0,1,0.17170479582461498,5289.0
Gemma-4-31B-IT,openclaw,MMMU-Pro vision,mmmu_pro_test_Psychology_213,0,0,0.23112699411661225,4616.0
Gemma-4-31B-IT,openclaw,MMMU-Pro vision,mmmu_pro_test_Psychology_220,0,0,0.20868547890021233,4673.0
Gemma-4-31B-IT,openclaw,MMMU-Pro vision,mmmu_pro_test_Psychology_223,0,0,0.2520546374552842,2434.0
Gemma-4-31B-IT,openclaw,MMMU-Pro vision,mmmu_pro_test_Psychology_225,0,0,0.2682431847595262,7130.0
Gemma-4-31B-IT,openclaw,MMMU-Pro vision,mmmu_pro_test_Psychology_228,0,,0.0,
Gemma-4-31B-IT,openclaw,MMMU-Pro vision,mmmu_pro_test_Psychology_245,0,0,0.21276664992801547,3461.0
Gemma-4-31B-IT,openclaw,MMMU-Pro vision,mmmu_pro_test_Psychology_258,0,1,0.17482175796130353,5517.0
Gemma-4-31B-IT,openclaw,MMMU-Pro vision,mmmu_pro_test_Psychology_270,0,0,0.175407258410142,1748.0
Gemma-4-31B-IT,openclaw,MMMU-Pro vision,mmmu_pro_test_Psychology_285,0,1,0.15044540497365408,3914.0
Gemma-4-31B-IT,openclaw,MMMU-Pro vision,mmmu_pro_test_Psychology_33,0,1,0.17352690456924708,1108.0
Gemma-4-31B-IT,openclaw,MMMU-Pro vision,mmmu_pro_test_Psychology_35,0,1,0.18444488366897419,4221.0
Gemma-4-31B-IT,openclaw,MMMU-Pro vision,mmmu_pro_test_Psychology_44,0,1,0.2196347483676564,6703.0
Gemma-4-31B-IT,openclaw,MMMU-Pro vision,mmmu_pro_test_Psychology_56,0,1,0.21522678993195182,7273.0
Gemma-4-31B-IT,openclaw,MMMU-Pro vision,mmmu_pro_test_Psychology_63,0,1,0.19638048514332757,1281.0
Gemma-4-31B-IT,openclaw,MMMU-Pro vision,mmmu_pro_test_Psychology_65,0,1,0.1849958823105558,2060.0
Gemma-4-31B-IT,openclaw,MMMU-Pro vision,mmmu_pro_test_Psychology_69,0,0,0.13850199635763452,259.0
Gemma-4-31B-IT,openclaw,MMMU-Pro vision,mmmu_pro_test_Psychology_78,0,0,0.2386737419564187,3454.0
Gemma-4-31B-IT,openclaw,MMMU-Pro vision,mmmu_pro_test_Psychology_83,0,1,0.16563956093823112,861.0
Gemma-4-31B-IT,openclaw,MMMU-Pro vision,mmmu_pro_test_Psychology_85,0,0,0.11857868513347312,5035.0
Gemma-4-31B-IT,openclaw,MMMU-Pro vision,mmmu_pro_test_Psychology_88,0,0,0.3432054883741368,1724.0
Gemma-4-31B-IT,openclaw,MMMU-Pro vision,mmmu_pro_test_Psychology_96,0,1,0.21134705101889634,5619.0
Gemma-4-31B-IT,openclaw,MMMU-Pro vision,mmmu_pro_test_Public_Health_103,0,1,0.06030897638535845,3252.0
Gemma-4-31B-IT,openclaw,MMMU-Pro vision,mmmu_pro_test_Public_Health_127,0,1,0.20636657251857013,1388.0
Gemma-4-31B-IT,openclaw,MMMU-Pro vision,mmmu_pro_test_Public_Health_152,0,1,0.2127736215458872,400.0
Gemma-4-31B-IT,openclaw,MMMU-Pro vision,mmmu_pro_test_Public_Health_169,0,0,0.4564034937251963,106.0
Gemma-4-31B-IT,openclaw,MMMU-Pro vision,mmmu_pro_test_Public_Health_179,0,1,0.24510665409503118,697.0
Gemma-4-31B-IT,openclaw,MMMU-Pro vision,mmmu_pro_test_Public_Health_186,0,0,0.17001094516885173,4934.0
Gemma-4-31B-IT,openclaw,MMMU-Pro vision,mmmu_pro_test_Public_Health_189,0,1,0.2470175739422704,10414.0
Gemma-4-31B-IT,openclaw,MMMU-Pro vision,mmmu_pro_test_Public_Health_19,0,1,0.14694023020129116,69.0
Gemma-4-31B-IT,openclaw,MMMU-Pro vision,mmmu_pro_test_Public_Health_191,0,1,0.3006704680353616,8524.0
Gemma-4-31B-IT,openclaw,MMMU-Pro vision,mmmu_pro_test_Public_Health_199,0,1,0.19646960451754528,829.0
Gemma-4-31B-IT,openclaw,MMMU-Pro vision,mmmu_pro_test_Public_Health_208,0,1,0.21549432025885992,981.0
Gemma-4-31B-IT,openclaw,MMMU-Pro vision,mmmu_pro_test_Public_Health_212,0,1,0.1435880711177357,905.0
Gemma-4-31B-IT,openclaw,MMMU-Pro vision,mmmu_pro_test_Public_Health_239,0,0,0.2012997721919132,2851.0
Gemma-4-31B-IT,openclaw,MMMU-Pro vision,mmmu_pro_test_Public_Health_240,0,1,0.22216100708371944,243.0
Gemma-4-31B-IT,openclaw,MMMU-Pro vision,mmmu_pro_test_Public_Health_243,0,0,0.12554240392115537,2846.0
Gemma-4-31B-IT,openclaw,MMMU-Pro vision,mmmu_pro_test_Public_Health_248,0,0,0.16519989964139797,6773.0
Gemma-4-31B-IT,openclaw,MMMU-Pro vision,mmmu_pro_test_Public_Health_266,0,1,0.23146725822574835,513.0
Gemma-4-31B-IT,openclaw,MMMU-Pro vision,mmmu_pro_test_Public_Health_28,0,0,0.19165640059369954,8453.0
Gemma-4-31B-IT,openclaw,MMMU-Pro vision,mmmu_pro_test_Public_Health_291,0,1,0.1893804797234214,5665.0
Gemma-4-31B-IT,openclaw,MMMU-Pro vision,mmmu_pro_test_Public_Health_295,0,1,0.18061769021405485,4562.0
Gemma-4-31B-IT,openclaw,MMMU-Pro vision,mmmu_pro_test_Public_Health_300,0,1,0.14476332631555147,4101.0
Gemma-4-31B-IT,openclaw,MMMU-Pro vision,mmmu_pro_test_Public_Health_309,0,1,0.14916826687806756,165.0
Gemma-4-31B-IT,openclaw,MMMU-Pro vision,mmmu_pro_test_Public_Health_331,0,1,0.1785783346864748,5688.0
Gemma-4-31B-IT,openclaw,MMMU-Pro vision,mmmu_pro_test_Public_Health_353,0,1,0.21114426663684255,881.0
Gemma-4-31B-IT,openclaw,MMMU-Pro vision,mmmu_pro_test_Public_Health_360,0,1,0.07132642927306425,2985.0
Gemma-4-31B-IT,openclaw,MMMU-Pro vision,mmmu_pro_test_Public_Health_381,0,1,0.18125865505342817,142.0
Gemma-4-31B-IT,openclaw,MMMU-Pro vision,mmmu_pro_test_Public_Health_388,0,1,0.1355008209409112,1589.0
Gemma-4-31B-IT,openclaw,MMMU-Pro vision,mmmu_pro_test_Public_Health_39,0,1,0.13372328766523672,941.0
Gemma-4-31B-IT,openclaw,MMMU-Pro vision,mmmu_pro_test_Public_Health_4,0,1,0.2711501786939024,303.0
Gemma-4-31B-IT,openclaw,MMMU-Pro vision,mmmu_pro_test_Public_Health_427,0,0,0.2615138113751934,5443.0
Gemma-4-31B-IT,openclaw,MMMU-Pro vision,mmmu_pro_test_Public_Health_463,0,1,0.04628679473454946,2565.0
Gemma-4-31B-IT,openclaw,MMMU-Pro vision,mmmu_pro_test_Public_Health_465,0,1,0.17007667635367552,124.0
Gemma-4-31B-IT,openclaw,MMMU-Pro vision,mmmu_pro_test_Public_Health_470,0,0,0.15096753320499884,2166.0
Gemma-4-31B-IT,openclaw,MMMU-Pro vision,mmmu_pro_test_Public_Health_509,0,1,0.1774710228451289,1834.0
Gemma-4-31B-IT,openclaw,MMMU-Pro vision,mmmu_pro_test_Sociology_1,0,1,0.19088302513462388,2871.0
Gemma-4-31B-IT,openclaw,MMMU-Pro vision,mmmu_pro_test_Sociology_102,0,0,0.16078585927826458,10500.0
Gemma-4-31B-IT,openclaw,MMMU-Pro vision,mmmu_pro_test_Sociology_114,0,1,0.24053109404459772,1185.0
Gemma-4-31B-IT,openclaw,MMMU-Pro vision,mmmu_pro_test_Sociology_122,0,0,0.17606922377761394,7402.0
Gemma-4-31B-IT,openclaw,MMMU-Pro vision,mmmu_pro_test_Sociology_125,0,,0.0,
Gemma-4-31B-IT,openclaw,MMMU-Pro vision,mmmu_pro_test_Sociology_140,0,0,0.29646024453969366,1748.0
Gemma-4-31B-IT,openclaw,MMMU-Pro vision,mmmu_pro_test_Sociology_145,0,1,0.20141947931503434,2102.0
Gemma-4-31B-IT,openclaw,MMMU-Pro vision,mmmu_pro_test_Sociology_155,0,1,0.20348641390002287,2379.0
Gemma-4-31B-IT,openclaw,MMMU-Pro vision,mmmu_pro_test_Sociology_168,0,1,0.264048719054366,1365.0
Gemma-4-31B-IT,openclaw,MMMU-Pro vision,mmmu_pro_test_Sociology_176,0,1,0.14681054824613102,5206.0
Gemma-4-31B-IT,openclaw,MMMU-Pro vision,mmmu_pro_test_Sociology_18,0,1,0.22808562376149993,1257.0
Gemma-4-31B-IT,openclaw,MMMU-Pro vision,mmmu_pro_test_Sociology_181,0,0,0.3264417612338283,833.0
Gemma-4-31B-IT,openclaw,MMMU-Pro vision,mmmu_pro_test_Sociology_191,0,1,0.221458594500839,1930.0
Gemma-4-31B-IT,openclaw,MMMU-Pro vision,mmmu_pro_test_Sociology_20,0,0,0.2172242467684684,5012.0
Gemma-4-31B-IT,openclaw,MMMU-Pro vision,mmmu_pro_test_Sociology_202,0,1,0.27897705948555324,501.0
Gemma-4-31B-IT,openclaw,MMMU-Pro vision,mmmu_pro_test_Sociology_213,0,1,0.19381095876849236,1726.0
Gemma-4-31B-IT,openclaw,MMMU-Pro vision,mmmu_pro_test_Sociology_214,0,1,0.28313791877488925,289.0
Gemma-4-31B-IT,openclaw,MMMU-Pro vision,mmmu_pro_test_Sociology_219,0,1,0.11122249212103763,240.0
Gemma-4-31B-IT,openclaw,MMMU-Pro vision,mmmu_pro_test_Sociology_229,0,0,0.1108952630343119,23.0
Gemma-4-31B-IT,openclaw,MMMU-Pro vision,mmmu_pro_test_Sociology_230,0,1,0.129552512368263,95.0
Gemma-4-31B-IT,openclaw,MMMU-Pro vision,mmmu_pro_test_Sociology_245,0,1,0.13228355685414453,1338.0
Gemma-4-31B-IT,openclaw,MMMU-Pro vision,mmmu_pro_test_Sociology_26,0,1,0.2716306371425857,503.0
Gemma-4-31B-IT,openclaw,MMMU-Pro vision,mmmu_pro_test_Sociology_39,0,1,0.2281721538258028,5065.0
Gemma-4-31B-IT,openclaw,MMMU-Pro vision,mmmu_pro_test_Sociology_4,0,0,0.1838645043017843,3275.0
Gemma-4-31B-IT,openclaw,MMMU-Pro vision,mmmu_pro_test_Sociology_40,0,0,0.2453980984648598,4636.0
Gemma-4-31B-IT,openclaw,MMMU-Pro vision,mmmu_pro_test_Sociology_47,0,1,0.197933061663008,2222.0
Gemma-4-31B-IT,openclaw,MMMU-Pro vision,mmmu_pro_test_Sociology_52,0,1,0.2235498883792109,481.0
Gemma-4-31B-IT,openclaw,MMMU-Pro vision,mmmu_pro_test_Sociology_63,0,1,0.15932428829989734,1273.0
Gemma-4-31B-IT,openclaw,MMMU-Pro vision,mmmu_pro_test_Sociology_68,0,1,0.1632457041623318,1663.0
Gemma-4-31B-IT,openclaw,MMMU-Pro vision,mmmu_pro_test_Sociology_77,0,1,0.14225039128938247,3491.0
Gemma-4-31B-IT,openclaw,MMMU-Pro vision,mmmu_pro_test_Sociology_83,0,,0.0,
Gemma-4-31B-IT,openclaw,MMMU-Pro vision,mmmu_pro_test_Sociology_9,0,1,0.1661597849511478,1164.0
Gemma-4-31B-IT,openclaw,MMMU-Pro vision,mmmu_pro_test_Sociology_93,0,,0.0,
Gemma-4-31B-IT,openclaw,MMMU-Pro vision,mmmu_pro_test_Sociology_96,0,1,0.25536183606144097,1106.0
Gemma-4-31B-IT,openclaw,MMMU-Pro vision,mmmu_pro_test_Sociology_99,0,1,0.17264343632136983,739.0
Gemma-4-31B-IT,openclaw,MMMU-Pro vision,mmmu_pro_validation_Accounting_10,0,1,0.25540337059995094,496.0
Gemma-4-31B-IT,openclaw,MMMU-Pro vision,mmmu_pro_validation_Accounting_11,0,1,0.28958077619606726,1829.0
Gemma-4-31B-IT,openclaw,MMMU-Pro vision,mmmu_pro_validation_Accounting_13,0,1,0.1031654241178666,4316.0
Gemma-4-31B-IT,openclaw,MMMU-Pro vision,mmmu_pro_validation_Accounting_14,0,1,0.158169454794066,3525.0
Gemma-4-31B-IT,openclaw,MMMU-Pro vision,mmmu_pro_validation_Accounting_15,0,,0.1236171446550499,6958.0
Gemma-4-31B-IT,openclaw,MMMU-Pro vision,mmmu_pro_validation_Accounting_16,0,1,0.2042914402416142,5585.0
Gemma-4-31B-IT,openclaw,MMMU-Pro vision,mmmu_pro_validation_Accounting_17,0,1,0.17290964088278596,481.0
Gemma-4-31B-IT,openclaw,MMMU-Pro vision,mmmu_pro_validation_Accounting_18,0,1,0.14263177368051205,962.0
Gemma-4-31B-IT,openclaw,MMMU-Pro vision,mmmu_pro_validation_Accounting_19,0,0,0.1962877036582327,2284.0
Gemma-4-31B-IT,openclaw,MMMU-Pro vision,mmmu_pro_validation_Accounting_2,0,1,0.1718427194036649,228.0
Gemma-4-31B-IT,openclaw,MMMU-Pro vision,mmmu_pro_validation_Accounting_20,0,0,0.11636148679360817,5225.0
Gemma-4-31B-IT,openclaw,MMMU-Pro vision,mmmu_pro_validation_Accounting_21,0,0,0.24673673033414523,7731.0
Gemma-4-31B-IT,openclaw,MMMU-Pro vision,mmmu_pro_validation_Accounting_23,0,1,0.1368501223340595,1441.0
Gemma-4-31B-IT,openclaw,MMMU-Pro vision,mmmu_pro_validation_Accounting_24,0,1,0.23944132214648492,2819.0
Gemma-4-31B-IT,openclaw,MMMU-Pro vision,mmmu_pro_validation_Accounting_26,0,1,0.23747410685323805,4333.0
Gemma-4-31B-IT,openclaw,MMMU-Pro vision,mmmu_pro_validation_Accounting_27,0,1,0.12317822879885611,1832.0
Gemma-4-31B-IT,openclaw,MMMU-Pro vision,mmmu_pro_validation_Accounting_29,0,1,0.080329987052414,97.0
Gemma-4-31B-IT,openclaw,MMMU-Pro vision,mmmu_pro_validation_Accounting_3,0,1,0.06831818410423866,4725.0
Gemma-4-31B-IT,openclaw,MMMU-Pro vision,mmmu_pro_validation_Accounting_30,0,0,0.18641523383383604,4826.0
Gemma-4-31B-IT,openclaw,MMMU-Pro vision,mmmu_pro_validation_Accounting_4,0,1,0.19707393243414373,3888.0
Gemma-4-31B-IT,openclaw,MMMU-Pro vision,mmmu_pro_validation_Accounting_5,0,,0.21097536292335736,7032.0
Gemma-4-31B-IT,openclaw,MMMU-Pro vision,mmmu_pro_validation_Accounting_6,0,1,0.025264617045286646,635.0
Gemma-4-31B-IT,openclaw,MMMU-Pro vision,mmmu_pro_validation_Accounting_7,0,1,0.0998801891869181,6116.0
Gemma-4-31B-IT,openclaw,MMMU-Pro vision,mmmu_pro_validation_Accounting_8,0,1,0.23167605835355867,4293.0
Gemma-4-31B-IT,openclaw,MMMU-Pro vision,mmmu_pro_validation_Agriculture_1,0,1,0.21318176240129016,1148.0
Gemma-4-31B-IT,openclaw,MMMU-Pro vision,mmmu_pro_validation_Agriculture_10,0,1,0.2568394914272689,3364.0
Gemma-4-31B-IT,openclaw,MMMU-Pro vision,mmmu_pro_validation_Agriculture_11,0,0,0.24785073771208088,2886.0
Gemma-4-31B-IT,openclaw,MMMU-Pro vision,mmmu_pro_validation_Agriculture_13,0,0,0.24890761286110313,4116.0
Gemma-4-31B-IT,openclaw,MMMU-Pro vision,mmmu_pro_validation_Agriculture_17,0,0,0.31138070878723445,105.0
Gemma-4-31B-IT,openclaw,MMMU-Pro vision,mmmu_pro_validation_Agriculture_18,0,1,0.29595423103821694,1199.0
Gemma-4-31B-IT,openclaw,MMMU-Pro vision,mmmu_pro_validation_Agriculture_20,0,1,0.12863572588883082,11.0
Gemma-4-31B-IT,openclaw,MMMU-Pro vision,mmmu_pro_validation_Agriculture_21,0,1,0.24848922888588196,5006.0
Gemma-4-31B-IT,openclaw,MMMU-Pro vision,mmmu_pro_validation_Agriculture_22,0,0,0.26462532589091553,253.0
Gemma-4-31B-IT,openclaw,MMMU-Pro vision,mmmu_pro_validation_Agriculture_27,0,1,0.25280134618800315,5184.0
Gemma-4-31B-IT,openclaw,MMMU-Pro vision,mmmu_pro_validation_Agriculture_29,0,1,0.21385429990585922,528.0
Gemma-4-31B-IT,openclaw,MMMU-Pro vision,mmmu_pro_validation_Agriculture_4,0,1,0.1858606741693592,1806.0
Gemma-4-31B-IT,openclaw,MMMU-Pro vision,mmmu_pro_validation_Agriculture_5,0,0,0.2040479688119255,2787.0
Gemma-4-31B-IT,openclaw,MMMU-Pro vision,mmmu_pro_validation_Agriculture_6,0,1,0.2551432882758302,2184.0
Gemma-4-31B-IT,openclaw,MMMU-Pro vision,mmmu_pro_validation_Agriculture_8,0,0,0.2562220187140467,4196.0
Gemma-4-31B-IT,openclaw,MMMU-Pro vision,mmmu_pro_validation_Architecture_and_Engineering_10,0,1,0.13021846500096373,192.0
Gemma-4-31B-IT,openclaw,MMMU-Pro vision,mmmu_pro_validation_Architecture_and_Engineering_11,0,1,0.14844139426635308,1831.0
Gemma-4-31B-IT,openclaw,MMMU-Pro vision,mmmu_pro_validation_Architecture_and_Engineering_12,0,1,0.272680930452907,82.0
Gemma-4-31B-IT,openclaw,MMMU-Pro vision,mmmu_pro_validation_Architecture_and_Engineering_13,0,1,0.13550658908523555,5431.0
Gemma-4-31B-IT,openclaw,MMMU-Pro vision,mmmu_pro_validation_Architecture_and_Engineering_17,0,1,0.1735617566362102,1771.0
Gemma-4-31B-IT,openclaw,MMMU-Pro vision,mmmu_pro_validation_Architecture_and_Engineering_20,0,1,0.13719299878255198,8017.0
Gemma-4-31B-IT,openclaw,MMMU-Pro vision,mmmu_pro_validation_Architecture_and_Engineering_22,0,1,0.17696207418944446,7739.0
Gemma-4-31B-IT,openclaw,MMMU-Pro vision,mmmu_pro_validation_Architecture_and_Engineering_23,0,1,0.23056492780030902,3668.0
Gemma-4-31B-IT,openclaw,MMMU-Pro vision,mmmu_pro_validation_Architecture_and_Engineering_24,0,1,0.16403187606405822,3884.0
Gemma-4-31B-IT,openclaw,MMMU-Pro vision,mmmu_pro_validation_Architecture_and_Engineering_26,0,1,0.19907856333807245,15614.0
Gemma-4-31B-IT,openclaw,MMMU-Pro vision,mmmu_pro_validation_Architecture_and_Engineering_27,0,1,0.10650201066546428,2572.0
Gemma-4-31B-IT,openclaw,MMMU-Pro vision,mmmu_pro_validation_Architecture_and_Engineering_28,0,1,0.2994954928380377,2987.0
Gemma-4-31B-IT,openclaw,MMMU-Pro vision,mmmu_pro_validation_Architecture_and_Engineering_29,0,1,0.24662840797850266,571.0
Gemma-4-31B-IT,openclaw,MMMU-Pro vision,mmmu_pro_validation_Architecture_and_Engineering_3,0,1,0.1359903611210101,4676.0
Gemma-4-31B-IT,openclaw,MMMU-Pro vision,mmmu_pro_validation_Architecture_and_Engineering_30,0,1,0.21166611621909684,2506.0
Gemma-4-31B-IT,openclaw,MMMU-Pro vision,mmmu_pro_validation_Architecture_and_Engineering_4,0,1,0.0974317598539011,585.0
Gemma-4-31B-IT,openclaw,MMMU-Pro vision,mmmu_pro_validation_Architecture_and_Engineering_5,0,1,0.16192566166523445,13248.0
Gemma-4-31B-IT,openclaw,MMMU-Pro vision,mmmu_pro_validation_Architecture_and_Engineering_7,0,1,0.12379756019982523,6578.0
Gemma-4-31B-IT,openclaw,MMMU-Pro vision,mmmu_pro_validation_Architecture_and_Engineering_8,0,1,0.1910067471840875,15005.0
Gemma-4-31B-IT,openclaw,MMMU-Pro vision,mmmu_pro_validation_Architecture_and_Engineering_9,0,1,0.10377796690028576,41.0
Gemma-4-31B-IT,openclaw,MMMU-Pro vision,mmmu_pro_validation_Art_10,0,1,0.12370623576998013,435.0
Gemma-4-31B-IT,openclaw,MMMU-Pro vision,mmmu_pro_validation_Art_12,0,0,0.2647948275168571,1927.0
Gemma-4-31B-IT,openclaw,MMMU-Pro vision,mmmu_pro_validation_Art_13,0,1,0.2300423484152706,7886.0
Gemma-4-31B-IT,openclaw,MMMU-Pro vision,mmmu_pro_validation_Art_14,0,,0.0,
Gemma-4-31B-IT,openclaw,MMMU-Pro vision,mmmu_pro_validation_Art_15,0,0,0.24351905515720695,4384.0
Gemma-4-31B-IT,openclaw,MMMU-Pro vision,mmmu_pro_validation_Art_16,0,1,0.25280338917727924,3392.0
Gemma-4-31B-IT,openclaw,MMMU-Pro vision,mmmu_pro_validation_Art_2,0,1,0.20894812954985229,824.0
Gemma-4-31B-IT,openclaw,MMMU-Pro vision,mmmu_pro_validation_Art_25,0,1,0.17278137432346888,2441.0
Gemma-4-31B-IT,openclaw,MMMU-Pro vision,mmmu_pro_validation_Art_26,0,,0.22144942382818694,10948.0
Gemma-4-31B-IT,openclaw,MMMU-Pro vision,mmmu_pro_validation_Art_29,0,1,0.2679819283477112,1636.0
Gemma-4-31B-IT,openclaw,MMMU-Pro vision,mmmu_pro_validation_Art_3,0,1,0.17833930545274432,3656.0
Gemma-4-31B-IT,openclaw,MMMU-Pro vision,mmmu_pro_validation_Art_30,0,0,0.2981287417083746,4290.0
Gemma-4-31B-IT,openclaw,MMMU-Pro vision,mmmu_pro_validation_Art_5,0,1,0.11546096360414147,151.0
Gemma-4-31B-IT,openclaw,MMMU-Pro vision,mmmu_pro_validation_Art_6,0,1,7.67839035481248e-05,199.0
Gemma-4-31B-IT,openclaw,MMMU-Pro vision,mmmu_pro_validation_Art_7,0,1,0.28039622830936106,3986.0
Gemma-4-31B-IT,openclaw,MMMU-Pro vision,mmmu_pro_validation_Art_Theory_12,0,0,0.17920427914919385,2762.0
Gemma-4-31B-IT,openclaw,MMMU-Pro vision,mmmu_pro_validation_Art_Theory_14,0,1,0.2316419422138242,421.0
Gemma-4-31B-IT,openclaw,MMMU-Pro vision,mmmu_pro_validation_Art_Theory_15,0,1,0.20841128579494242,2029.0
Gemma-4-31B-IT,openclaw,MMMU-Pro vision,mmmu_pro_validation_Art_Theory_16,0,0,0.23433465396652547,342.0
Gemma-4-31B-IT,openclaw,MMMU-Pro vision,mmmu_pro_validation_Art_Theory_17,0,1,0.1883150176682304,3079.0
Gemma-4-31B-IT,openclaw,MMMU-Pro vision,mmmu_pro_validation_Art_Theory_19,0,,0.0,
Gemma-4-31B-IT,openclaw,MMMU-Pro vision,mmmu_pro_validation_Art_Theory_20,0,1,0.17845644316735182,99.0
Gemma-4-31B-IT,openclaw,MMMU-Pro vision,mmmu_pro_validation_Art_Theory_21,0,0,0.2708824160939691,435.0
Gemma-4-31B-IT,openclaw,MMMU-Pro vision,mmmu_pro_validation_Art_Theory_22,0,1,0.21943039210231682,4777.0
Gemma-4-31B-IT,openclaw,MMMU-Pro vision,mmmu_pro_validation_Art_Theory_23,0,1,0.25196778747778315,7709.0
Gemma-4-31B-IT,openclaw,MMMU-Pro vision,mmmu_pro_validation_Art_Theory_25,0,1,0.42767421540856904,344.0
Gemma-4-31B-IT,openclaw,MMMU-Pro vision,mmmu_pro_validation_Art_Theory_26,0,0,0.2144778030513192,217.0
Gemma-4-31B-IT,openclaw,MMMU-Pro vision,mmmu_pro_validation_Art_Theory_27,0,1,0.27028500949344364,2858.0
Gemma-4-31B-IT,openclaw,MMMU-Pro vision,mmmu_pro_validation_Art_Theory_28,0,1,0.1397161234418063,535.0
Gemma-4-31B-IT,openclaw,MMMU-Pro vision,mmmu_pro_validation_Art_Theory_29,0,1,0.29030493644999233,3398.0
Gemma-4-31B-IT,openclaw,MMMU-Pro vision,mmmu_pro_validation_Art_Theory_3,0,1,0.14277390081662794,1565.0
Gemma-4-31B-IT,openclaw,MMMU-Pro vision,mmmu_pro_validation_Art_Theory_30,0,1,0.22418130004254277,2789.0
Gemma-4-31B-IT,openclaw,MMMU-Pro vision,mmmu_pro_validation_Art_Theory_4,0,0,0.3232389056587985,430.0
Gemma-4-31B-IT,openclaw,MMMU-Pro vision,mmmu_pro_validation_Art_Theory_6,0,1,0.3109471531444107,3040.0
Gemma-4-31B-IT,openclaw,MMMU-Pro vision,mmmu_pro_validation_Art_Theory_7,0,1,0.3675532518464654,41.0
Gemma-4-31B-IT,openclaw,MMMU-Pro vision,mmmu_pro_validation_Art_Theory_9,0,1,0.26824443034255185,475.0
Gemma-4-31B-IT,openclaw,MMMU-Pro vision,mmmu_pro_validation_Basic_Medical_Science_1,0,1,0.19526247582517536,5620.0
Gemma-4-31B-IT,openclaw,MMMU-Pro vision,mmmu_pro_validation_Basic_Medical_Science_11,0,0,0.17493562063897372,1814.0
Gemma-4-31B-IT,openclaw,MMMU-Pro vision,mmmu_pro_validation_Basic_Medical_Science_12,0,,0.0,
Gemma-4-31B-IT,openclaw,MMMU-Pro vision,mmmu_pro_validation_Basic_Medical_Science_13,0,0,0.20702932481531677,6593.0
Gemma-4-31B-IT,openclaw,MMMU-Pro vision,mmmu_pro_validation_Basic_Medical_Science_17,0,0,0.25281118387472756,3002.0
Gemma-4-31B-IT,openclaw,MMMU-Pro vision,mmmu_pro_validation_Basic_Medical_Science_18,0,1,0.21681405277839816,1412.0
Gemma-4-31B-IT,openclaw,MMMU-Pro vision,mmmu_pro_validation_Basic_Medical_Science_21,0,1,0.2523572439101415,1292.0
Gemma-4-31B-IT,openclaw,MMMU-Pro vision,mmmu_pro_validation_Basic_Medical_Science_23,0,1,0.1398123217512981,2776.0
Gemma-4-31B-IT,openclaw,MMMU-Pro vision,mmmu_pro_validation_Basic_Medical_Science_26,0,1,0.1283098661044136,439.0
Gemma-4-31B-IT,openclaw,MMMU-Pro vision,mmmu_pro_validation_Basic_Medical_Science_28,0,1,0.11832835736700184,369.0
Gemma-4-31B-IT,openclaw,MMMU-Pro vision,mmmu_pro_validation_Basic_Medical_Science_5,0,1,0.2065072744349301,1638.0
Gemma-4-31B-IT,openclaw,MMMU-Pro vision,mmmu_pro_validation_Basic_Medical_Science_6,0,0,0.2779777443993525,562.0
Gemma-4-31B-IT,openclaw,MMMU-Pro vision,mmmu_pro_validation_Basic_Medical_Science_9,0,1,0.217058227482376,928.0
Gemma-4-31B-IT,openclaw,MMMU-Pro vision,mmmu_pro_validation_Biology_1,0,0,0.213962098769497,1129.0
Gemma-4-31B-IT,openclaw,MMMU-Pro vision,mmmu_pro_validation_Biology_11,0,1,0.16811090379221658,2405.0
Gemma-4-31B-IT,openclaw,MMMU-Pro vision,mmmu_pro_validation_Biology_14,0,0,0.19538775785229703,4615.0
Gemma-4-31B-IT,openclaw,MMMU-Pro vision,mmmu_pro_validation_Biology_15,0,1,0.19205803726844747,3095.0
Gemma-4-31B-IT,openclaw,MMMU-Pro vision,mmmu_pro_validation_Biology_17,0,0,0.1827217365537473,2029.0
Gemma-4-31B-IT,openclaw,MMMU-Pro vision,mmmu_pro_validation_Biology_20,0,1,0.21461613475743005,2770.0
Gemma-4-31B-IT,openclaw,MMMU-Pro vision,mmmu_pro_validation_Biology_21,0,1,0.08312550277921081,2351.0
Gemma-4-31B-IT,openclaw,MMMU-Pro vision,mmmu_pro_validation_Biology_22,0,0,0.20559116486952067,1732.0
Gemma-4-31B-IT,openclaw,MMMU-Pro vision,mmmu_pro_validation_Biology_23,0,0,0.2044202929749168,7247.0
Gemma-4-31B-IT,openclaw,MMMU-Pro vision,mmmu_pro_validation_Biology_24,0,1,0.13408899088498744,358.0
Gemma-4-31B-IT,openclaw,MMMU-Pro vision,mmmu_pro_validation_Biology_25,0,1,0.1867003701139888,2786.0
Gemma-4-31B-IT,openclaw,MMMU-Pro vision,mmmu_pro_validation_Biology_27,0,0,0.18858995934099357,3959.0
Gemma-4-31B-IT,openclaw,MMMU-Pro vision,mmmu_pro_validation_Biology_28,0,0,0.2426632271547512,4726.0
Gemma-4-31B-IT,openclaw,MMMU-Pro vision,mmmu_pro_validation_Biology_29,0,0,0.2102494167506897,1957.0
Gemma-4-31B-IT,openclaw,MMMU-Pro vision,mmmu_pro_validation_Biology_30,0,1,0.270805448424901,3709.0
Gemma-4-31B-IT,openclaw,MMMU-Pro vision,mmmu_pro_validation_Biology_4,0,1,0.18356961938439623,4191.0
Gemma-4-31B-IT,openclaw,MMMU-Pro vision,mmmu_pro_validation_Biology_6,0,,0.0,
Gemma-4-31B-IT,openclaw,MMMU-Pro vision,mmmu_pro_validation_Biology_8,0,0,0.22473007617719032,7954.0
Gemma-4-31B-IT,openclaw,MMMU-Pro vision,mmmu_pro_validation_Biology_9,0,0,0.20188032185105595,14300.0
Gemma-4-31B-IT,openclaw,MMMU-Pro vision,mmmu_pro_validation_Chemistry_1,0,1,0.1703416091767528,3906.0
Gemma-4-31B-IT,openclaw,MMMU-Pro vision,mmmu_pro_validation_Chemistry_11,0,0,0.26994592918598803,2994.0
Gemma-4-31B-IT,openclaw,MMMU-Pro vision,mmmu_pro_validation_Chemistry_12,0,0,0.18909453554440056,11660.0
Gemma-4-31B-IT,openclaw,MMMU-Pro vision,mmmu_pro_validation_Chemistry_16,0,0,0.2553990839315191,3056.0
Gemma-4-31B-IT,openclaw,MMMU-Pro vision,mmmu_pro_validation_Chemistry_17,0,0,0.1429200000310355,21739.0
Gemma-4-31B-IT,openclaw,MMMU-Pro vision,mmmu_pro_validation_Chemistry_2,0,1,0.18104459697091912,675.0
Gemma-4-31B-IT,openclaw,MMMU-Pro vision,mmmu_pro_validation_Chemistry_21,0,0,0.19012621508470787,3795.0
Gemma-4-31B-IT,openclaw,MMMU-Pro vision,mmmu_pro_validation_Chemistry_22,0,1,0.2035938650034336,3316.0
Gemma-4-31B-IT,openclaw,MMMU-Pro vision,mmmu_pro_validation_Chemistry_24,0,1,0.09818203028396136,7425.0
Gemma-4-31B-IT,openclaw,MMMU-Pro vision,mmmu_pro_validation_Chemistry_26,0,1,0.2000909362243191,1291.0
Gemma-4-31B-IT,openclaw,MMMU-Pro vision,mmmu_pro_validation_Chemistry_28,0,1,0.1428160750604211,6080.0
Gemma-4-31B-IT,openclaw,MMMU-Pro vision,mmmu_pro_validation_Chemistry_29,0,0,0.22126171549959203,10300.0
Gemma-4-31B-IT,openclaw,MMMU-Pro vision,mmmu_pro_validation_Chemistry_3,0,0,0.20213331934806714,8739.0
Gemma-4-31B-IT,openclaw,MMMU-Pro vision,mmmu_pro_validation_Chemistry_5,0,1,0.2169346904899619,1746.0
Gemma-4-31B-IT,openclaw,MMMU-Pro vision,mmmu_pro_validation_Chemistry_7,0,,0.13358050736654853,5966.0
Gemma-4-31B-IT,openclaw,MMMU-Pro vision,mmmu_pro_validation_Chemistry_8,0,,0.0,
Gemma-4-31B-IT,openclaw,MMMU-Pro vision,mmmu_pro_validation_Chemistry_9,0,1,0.2657552338750763,4771.0
Gemma-4-31B-IT,openclaw,MMMU-Pro vision,mmmu_pro_validation_Clinical_Medicine_1,0,1,0.2857428296798422,5093.0
Gemma-4-31B-IT,openclaw,MMMU-Pro vision,mmmu_pro_validation_Clinical_Medicine_11,0,0,0.2531139419014137,20941.0
Gemma-4-31B-IT,openclaw,MMMU-Pro vision,mmmu_pro_validation_Clinical_Medicine_13,0,0,0.311591595018668,9141.0
Gemma-4-31B-IT,openclaw,MMMU-Pro vision,mmmu_pro_validation_Clinical_Medicine_14,0,0,0.21490038304422857,1551.0
Gemma-4-31B-IT,openclaw,MMMU-Pro vision,mmmu_pro_validation_Clinical_Medicine_15,0,1,0.2290782215103634,1361.0
Gemma-4-31B-IT,openclaw,MMMU-Pro vision,mmmu_pro_validation_Clinical_Medicine_16,0,0,0.1534723958632975,4931.0
Gemma-4-31B-IT,openclaw,MMMU-Pro vision,mmmu_pro_validation_Clinical_Medicine_18,0,1,0.3704241909676928,137.0
Gemma-4-31B-IT,openclaw,MMMU-Pro vision,mmmu_pro_validation_Clinical_Medicine_2,0,0,0.19481017874052967,147.0
Gemma-4-31B-IT,openclaw,MMMU-Pro vision,mmmu_pro_validation_Clinical_Medicine_20,0,0,0.10357352979735786,116.0
Gemma-4-31B-IT,openclaw,MMMU-Pro vision,mmmu_pro_validation_Clinical_Medicine_22,0,1,0.24464904823452951,4310.0
Gemma-4-31B-IT,openclaw,MMMU-Pro vision,mmmu_pro_validation_Clinical_Medicine_23,0,0,0.2928457130636986,457.0
Gemma-4-31B-IT,openclaw,MMMU-Pro vision,mmmu_pro_validation_Clinical_Medicine_24,0,0,0.20889487194301778,2961.0
Gemma-4-31B-IT,openclaw,MMMU-Pro vision,mmmu_pro_validation_Clinical_Medicine_25,0,0,0.16775814797875443,391.0
Gemma-4-31B-IT,openclaw,MMMU-Pro vision,mmmu_pro_validation_Clinical_Medicine_3,0,1,0.24854452043597014,7440.0
Gemma-4-31B-IT,openclaw,MMMU-Pro vision,mmmu_pro_validation_Clinical_Medicine_5,0,0,0.24381572311939487,3172.0
Gemma-4-31B-IT,openclaw,MMMU-Pro vision,mmmu_pro_validation_Clinical_Medicine_8,0,1,0.2429743858640869,2504.0
Gemma-4-31B-IT,openclaw,MMMU-Pro vision,mmmu_pro_validation_Clinical_Medicine_9,0,1,0.1896194898821954,927.0
Gemma-4-31B-IT,openclaw,MMMU-Pro vision,mmmu_pro_validation_Computer_Science_1,0,,0.21407821394960613,11557.0
Gemma-4-31B-IT,openclaw,MMMU-Pro vision,mmmu_pro_validation_Computer_Science_10,0,1,0.1601629164761272,2223.0
Gemma-4-31B-IT,openclaw,MMMU-Pro vision,mmmu_pro_validation_Computer_Science_11,0,1,0.2265317553957291,159.0
Gemma-4-31B-IT,openclaw,MMMU-Pro vision,mmmu_pro_validation_Computer_Science_12,0,1,0.16745343091611167,3618.0
Gemma-4-31B-IT,openclaw,MMMU-Pro vision,mmmu_pro_validation_Computer_Science_14,0,1,0.07943572111715833,6732.0
Gemma-4-31B-IT,openclaw,MMMU-Pro vision,mmmu_pro_validation_Computer_Science_15,0,0,0.15716366289514438,1253.0
Gemma-4-31B-IT,openclaw,MMMU-Pro vision,mmmu_pro_validation_Computer_Science_18,0,1,0.1445313660599598,11015.0
Gemma-4-31B-IT,openclaw,MMMU-Pro vision,mmmu_pro_validation_Computer_Science_19,0,,0.14095675213447287,18701.0
Gemma-4-31B-IT,openclaw,MMMU-Pro vision,mmmu_pro_validation_Computer_Science_2,0,0,0.13721021958464497,1600.0
Gemma-4-31B-IT,openclaw,MMMU-Pro vision,mmmu_pro_validation_Computer_Science_24,0,,0.0,
Gemma-4-31B-IT,openclaw,MMMU-Pro vision,mmmu_pro_validation_Computer_Science_25,0,1,0.15622230347242325,4321.0
Gemma-4-31B-IT,openclaw,MMMU-Pro vision,mmmu_pro_validation_Computer_Science_28,0,0,0.05179046388664884,38.0
Gemma-4-31B-IT,openclaw,MMMU-Pro vision,mmmu_pro_validation_Computer_Science_29,0,0,0.20906707253411907,5048.0
Gemma-4-31B-IT,openclaw,MMMU-Pro vision,mmmu_pro_validation_Computer_Science_30,0,1,0.15407103582719045,5869.0
Gemma-4-31B-IT,openclaw,MMMU-Pro vision,mmmu_pro_validation_Computer_Science_5,0,1,0.20447981119686187,402.0
Gemma-4-31B-IT,openclaw,MMMU-Pro vision,mmmu_pro_validation_Computer_Science_7,0,1,0.21888999941417658,631.0
Gemma-4-31B-IT,openclaw,MMMU-Pro vision,mmmu_pro_validation_Design_1,0,1,0.26819716118674286,1536.0
Gemma-4-31B-IT,openclaw,MMMU-Pro vision,mmmu_pro_validation_Design_10,0,1,0.13845728058801193,2357.0
Gemma-4-31B-IT,openclaw,MMMU-Pro vision,mmmu_pro_validation_Design_11,0,,0.0,
Gemma-4-31B-IT,openclaw,MMMU-Pro vision,mmmu_pro_validation_Design_12,0,0,0.24411007251724948,474.0
Gemma-4-31B-IT,openclaw,MMMU-Pro vision,mmmu_pro_validation_Design_14,0,1,0.21093073551411318,633.0
Gemma-4-31B-IT,openclaw,MMMU-Pro vision,mmmu_pro_validation_Design_15,0,0,0.25395753646796704,131.0
Gemma-4-31B-IT,openclaw,MMMU-Pro vision,mmmu_pro_validation_Design_16,0,1,0.23678617536177374,2236.0
Gemma-4-31B-IT,openclaw,MMMU-Pro vision,mmmu_pro_validation_Design_19,0,0,0.19859825727887082,200.0
Gemma-4-31B-IT,openclaw,MMMU-Pro vision,mmmu_pro_validation_Design_2,0,0,0.3142562527155784,311.0
Gemma-4-31B-IT,openclaw,MMMU-Pro vision,mmmu_pro_validation_Design_24,0,1,0.2073919209049358,2615.0
Gemma-4-31B-IT,openclaw,MMMU-Pro vision,mmmu_pro_validation_Design_25,0,1,0.20202420367534824,2507.0
Gemma-4-31B-IT,openclaw,MMMU-Pro vision,mmmu_pro_validation_Design_27,0,1,0.20259595122510557,3156.0
Gemma-4-31B-IT,openclaw,MMMU-Pro vision,mmmu_pro_validation_Design_29,0,1,0.34846389936832417,487.0
Gemma-4-31B-IT,openclaw,MMMU-Pro vision,mmmu_pro_validation_Design_5,0,1,0.22697626786420463,1293.0
Gemma-4-31B-IT,openclaw,MMMU-Pro vision,mmmu_pro_validation_Design_8,0,1,0.27207711450362293,67.0
Gemma-4-31B-IT,openclaw,MMMU-Pro vision,mmmu_pro_validation_Diagnostics_and_Laboratory_Medicine_1,0,0,0.2824394067721062,521.0
Gemma-4-31B-IT,openclaw,MMMU-Pro vision,mmmu_pro_validation_Diagnostics_and_Laboratory_Medicine_10,0,0,0.29200172033638727,1149.0
Gemma-4-31B-IT,openclaw,MMMU-Pro vision,mmmu_pro_validation_Diagnostics_and_Laboratory_Medicine_12,0,1,0.21748978679331385,557.0
Gemma-4-31B-IT,openclaw,MMMU-Pro vision,mmmu_pro_validation_Diagnostics_and_Laboratory_Medicine_13,0,1,0.18671685849412012,4256.0
Gemma-4-31B-IT,openclaw,MMMU-Pro vision,mmmu_pro_validation_Diagnostics_and_Laboratory_Medicine_14,0,0,0.23612519276457908,9233.0
Gemma-4-31B-IT,openclaw,MMMU-Pro vision,mmmu_pro_validation_Diagnostics_and_Laboratory_Medicine_15,0,1,0.21798859313150237,6779.0
Gemma-4-31B-IT,openclaw,MMMU-Pro vision,mmmu_pro_validation_Diagnostics_and_Laboratory_Medicine_16,0,0,0.14239689904676198,7020.0
Gemma-4-31B-IT,openclaw,MMMU-Pro vision,mmmu_pro_validation_Diagnostics_and_Laboratory_Medicine_17,0,0,0.22593301445361355,2674.0
Gemma-4-31B-IT,openclaw,MMMU-Pro vision,mmmu_pro_validation_Diagnostics_and_Laboratory_Medicine_18,0,1,0.17154074524500873,2079.0
Gemma-4-31B-IT,openclaw,MMMU-Pro vision,mmmu_pro_validation_Diagnostics_and_Laboratory_Medicine_19,0,0,0.22859235255728563,3144.0
Gemma-4-31B-IT,openclaw,MMMU-Pro vision,mmmu_pro_validation_Diagnostics_and_Laboratory_Medicine_2,0,1,0.25105169960769486,1266.0
Gemma-4-31B-IT,openclaw,MMMU-Pro vision,mmmu_pro_validation_Diagnostics_and_Laboratory_Medicine_20,0,0,0.1677636576476634,1972.0
Gemma-4-31B-IT,openclaw,MMMU-Pro vision,mmmu_pro_validation_Diagnostics_and_Laboratory_Medicine_21,0,0,0.2628604660031952,380.0
Gemma-4-31B-IT,openclaw,MMMU-Pro vision,mmmu_pro_validation_Diagnostics_and_Laboratory_Medicine_22,0,0,0.2107660473575413,311.0
Gemma-4-31B-IT,openclaw,MMMU-Pro vision,mmmu_pro_validation_Diagnostics_and_Laboratory_Medicine_24,0,1,0.2834860722067134,1012.0
Gemma-4-31B-IT,openclaw,MMMU-Pro vision,mmmu_pro_validation_Diagnostics_and_Laboratory_Medicine_26,0,0,0.1642019154025238,3666.0
Gemma-4-31B-IT,openclaw,MMMU-Pro vision,mmmu_pro_validation_Diagnostics_and_Laboratory_Medicine_27,0,0,0.1762536520454267,1802.0
Gemma-4-31B-IT,openclaw,MMMU-Pro vision,mmmu_pro_validation_Diagnostics_and_Laboratory_Medicine_3,0,1,0.23075194095106197,5775.0
Gemma-4-31B-IT,openclaw,MMMU-Pro vision,mmmu_pro_validation_Diagnostics_and_Laboratory_Medicine_30,0,0,0.2071962706253976,7031.0
Gemma-4-31B-IT,openclaw,MMMU-Pro vision,mmmu_pro_validation_Diagnostics_and_Laboratory_Medicine_7,0,0,0.23914905642895745,687.0
Gemma-4-31B-IT,openclaw,MMMU-Pro vision,mmmu_pro_validation_Diagnostics_and_Laboratory_Medicine_8,0,0,0.26883780442208305,3396.0
Gemma-4-31B-IT,openclaw,MMMU-Pro vision,mmmu_pro_validation_Diagnostics_and_Laboratory_Medicine_9,0,1,0.20690763932419226,1340.0
Gemma-4-31B-IT,openclaw,MMMU-Pro vision,mmmu_pro_validation_Economics_1,0,1,0.11244346635464758,1414.0
Gemma-4-31B-IT,openclaw,MMMU-Pro vision,mmmu_pro_validation_Economics_12,0,1,0.20579360358642265,943.0
Gemma-4-31B-IT,openclaw,MMMU-Pro vision,mmmu_pro_validation_Economics_13,0,1,0.1603289842423859,3071.0
Gemma-4-31B-IT,openclaw,MMMU-Pro vision,mmmu_pro_validation_Economics_14,0,1,0.2593760416473097,703.0
Gemma-4-31B-IT,openclaw,MMMU-Pro vision,mmmu_pro_validation_Economics_17,0,1,0.2250075035503919,6961.0
Gemma-4-31B-IT,openclaw,MMMU-Pro vision,mmmu_pro_validation_Economics_24,0,0,0.16967177850808088,3269.0
Gemma-4-31B-IT,openclaw,MMMU-Pro vision,mmmu_pro_validation_Economics_26,0,0,0.19213512952190845,3627.0
Gemma-4-31B-IT,openclaw,MMMU-Pro vision,mmmu_pro_validation_Economics_28,0,0,0.18912891589474864,2689.0
Gemma-4-31B-IT,openclaw,MMMU-Pro vision,mmmu_pro_validation_Economics_29,0,1,0.11661485933596474,5038.0
Gemma-4-31B-IT,openclaw,MMMU-Pro vision,mmmu_pro_validation_Economics_3,0,1,0.1621180728248543,4586.0
Gemma-4-31B-IT,openclaw,MMMU-Pro vision,mmmu_pro_validation_Economics_4,0,1,0.16218838228229582,2804.0
Gemma-4-31B-IT,openclaw,MMMU-Pro vision,mmmu_pro_validation_Economics_5,0,1,0.3372307320617245,649.0
Gemma-4-31B-IT,openclaw,MMMU-Pro vision,mmmu_pro_validation_Economics_6,0,1,0.1977565052818087,3151.0
Gemma-4-31B-IT,openclaw,MMMU-Pro vision,mmmu_pro_validation_Economics_7,0,0,0.10012542699453868,2669.0
Gemma-4-31B-IT,openclaw,MMMU-Pro vision,mmmu_pro_validation_Economics_8,0,1,0.1836045763243203,2323.0
Gemma-4-31B-IT,openclaw,MMMU-Pro vision,mmmu_pro_validation_Economics_9,0,1,0.13479822856204182,5324.0
Gemma-4-31B-IT,openclaw,MMMU-Pro vision,mmmu_pro_validation_Electronics_1,0,1,0.17472557746560427,2437.0
Gemma-4-31B-IT,openclaw,MMMU-Pro vision,mmmu_pro_validation_Electronics_10,0,1,0.13708132178306726,790.0
Gemma-4-31B-IT,openclaw,MMMU-Pro vision,mmmu_pro_validation_Electronics_13,0,,0.0,
Gemma-4-31B-IT,openclaw,MMMU-Pro vision,mmmu_pro_validation_Electronics_17,0,,0.19118268935983715,5831.0
Gemma-4-31B-IT,openclaw,MMMU-Pro vision,mmmu_pro_validation_Electronics_19,0,0,0.08765834028822651,662.0
Gemma-4-31B-IT,openclaw,MMMU-Pro vision,mmmu_pro_validation_Electronics_20,0,1,0.18129449739754644,5730.0
Gemma-4-31B-IT,openclaw,MMMU-Pro vision,mmmu_pro_validation_Electronics_7,0,,0.04923684058646671,6951.0
Gemma-4-31B-IT,openclaw,MMMU-Pro vision,mmmu_pro_validation_Electronics_8,0,1,0.20624278380782327,10380.0
Gemma-4-31B-IT,openclaw,MMMU-Pro vision,mmmu_pro_validation_Energy_and_Power_10,0,1,0.083391431700673,907.0
Gemma-4-31B-IT,openclaw,MMMU-Pro vision,mmmu_pro_validation_Energy_and_Power_13,0,1,0.15018824644493484,2516.0
Gemma-4-31B-IT,openclaw,MMMU-Pro vision,mmmu_pro_validation_Energy_and_Power_14,0,1,0.1573242231445004,3483.0
Gemma-4-31B-IT,openclaw,MMMU-Pro vision,mmmu_pro_validation_Energy_and_Power_16,0,1,0.1264270231750032,5745.0
Gemma-4-31B-IT,openclaw,MMMU-Pro vision,mmmu_pro_validation_Energy_and_Power_18,0,,0.0,
Gemma-4-31B-IT,openclaw,MMMU-Pro vision,mmmu_pro_validation_Energy_and_Power_19,0,1,0.1661437396240878,14224.0
Gemma-4-31B-IT,openclaw,MMMU-Pro vision,mmmu_pro_validation_Energy_and_Power_2,0,1,0.1572535816966104,216.0
Gemma-4-31B-IT,openclaw,MMMU-Pro vision,mmmu_pro_validation_Energy_and_Power_20,0,,0.0,
Gemma-4-31B-IT,openclaw,MMMU-Pro vision,mmmu_pro_validation_Energy_and_Power_22,0,0,0.21392575131967467,132.0
Gemma-4-31B-IT,openclaw,MMMU-Pro vision,mmmu_pro_validation_Energy_and_Power_23,0,1,0.22736288808668262,1970.0
Gemma-4-31B-IT,openclaw,MMMU-Pro vision,mmmu_pro_validation_Energy_and_Power_24,0,1,0.09551810216278177,1336.0
Gemma-4-31B-IT,openclaw,MMMU-Pro vision,mmmu_pro_validation_Energy_and_Power_25,0,,0.0,
Gemma-4-31B-IT,openclaw,MMMU-Pro vision,mmmu_pro_validation_Energy_and_Power_27,0,1,0.14364941440522994,418.0
Gemma-4-31B-IT,openclaw,MMMU-Pro vision,mmmu_pro_validation_Energy_and_Power_28,0,1,0.18849630005940918,3098.0
Gemma-4-31B-IT,openclaw,MMMU-Pro vision,mmmu_pro_validation_Energy_and_Power_29,0,1,0.19850369372218418,989.0
Gemma-4-31B-IT,openclaw,MMMU-Pro vision,mmmu_pro_validation_Energy_and_Power_3,0,1,0.15757533488457567,2764.0
Gemma-4-31B-IT,openclaw,MMMU-Pro vision,mmmu_pro_validation_Energy_and_Power_4,0,0,0.17508079566137505,4536.0
Gemma-4-31B-IT,openclaw,MMMU-Pro vision,mmmu_pro_validation_Energy_and_Power_5,0,1,0.1522164266083157,7153.0
Gemma-4-31B-IT,openclaw,MMMU-Pro vision,mmmu_pro_validation_Energy_and_Power_6,0,0,0.30543685405548504,1604.0
Gemma-4-31B-IT,openclaw,MMMU-Pro vision,mmmu_pro_validation_Energy_and_Power_7,0,1,0.24665311533260345,3089.0
Gemma-4-31B-IT,openclaw,MMMU-Pro vision,mmmu_pro_validation_Energy_and_Power_8,0,,0.10876729071622394,1510.0
Gemma-4-31B-IT,openclaw,MMMU-Pro vision,mmmu_pro_validation_Energy_and_Power_9,0,1,0.06829361248134341,52.0
Gemma-4-31B-IT,openclaw,MMMU-Pro vision,mmmu_pro_validation_Finance_1,0,1,0.1570083059436127,9181.0
Gemma-4-31B-IT,openclaw,MMMU-Pro vision,mmmu_pro_validation_Finance_12,0,1,0.17514229412919544,5205.0
Gemma-4-31B-IT,openclaw,MMMU-Pro vision,mmmu_pro_validation_Finance_13,0,1,0.20004096802493945,4065.0
Gemma-4-31B-IT,openclaw,MMMU-Pro vision,mmmu_pro_validation_Finance_14,0,1,0.1819659009431982,1738.0
Gemma-4-31B-IT,openclaw,MMMU-Pro vision,mmmu_pro_validation_Finance_15,0,1,0.11317688388819173,5909.0
Gemma-4-31B-IT,openclaw,MMMU-Pro vision,mmmu_pro_validation_Finance_16,0,1,0.18363400870276084,2801.0
Gemma-4-31B-IT,openclaw,MMMU-Pro vision,mmmu_pro_validation_Finance_18,0,1,0.0701173285378281,1322.0
Gemma-4-31B-IT,openclaw,MMMU-Pro vision,mmmu_pro_validation_Finance_19,0,1,0.06421910571665779,4708.0
Gemma-4-31B-IT,openclaw,MMMU-Pro vision,mmmu_pro_validation_Finance_21,0,,0.06601708557877743,28.0
Gemma-4-31B-IT,openclaw,MMMU-Pro vision,mmmu_pro_validation_Finance_22,0,1,0.0438854564756263,38.0
Gemma-4-31B-IT,openclaw,MMMU-Pro vision,mmmu_pro_validation_Finance_26,0,1,0.19144630261882065,333.0
Gemma-4-31B-IT,openclaw,MMMU-Pro vision,mmmu_pro_validation_Finance_27,0,1,0.12884002362244812,201.0
Gemma-4-31B-IT,openclaw,MMMU-Pro vision,mmmu_pro_validation_Finance_29,0,1,0.09932865052487053,1806.0
Gemma-4-31B-IT,openclaw,MMMU-Pro vision,mmmu_pro_validation_Finance_3,0,1,0.19784332273526883,3301.0
Gemma-4-31B-IT,openclaw,MMMU-Pro vision,mmmu_pro_validation_Finance_4,0,1,0.1327764462370642,1031.0
Gemma-4-31B-IT,openclaw,MMMU-Pro vision,mmmu_pro_validation_Finance_5,0,,0.0,
Gemma-4-31B-IT,openclaw,MMMU-Pro vision,mmmu_pro_validation_Finance_6,0,1,0.08418755614223242,1943.0
Gemma-4-31B-IT,openclaw,MMMU-Pro vision,mmmu_pro_validation_Finance_7,0,1,0.16129026319340792,5377.0
Gemma-4-31B-IT,openclaw,MMMU-Pro vision,mmmu_pro_validation_Finance_9,0,1,0.12158438811821387,3447.0
Gemma-4-31B-IT,openclaw,MMMU-Pro vision,mmmu_pro_validation_Geography_1,0,0,0.22872328975716208,1646.0
Gemma-4-31B-IT,openclaw,MMMU-Pro vision,mmmu_pro_validation_Geography_11,0,0,0.19919017679160184,2360.0
Gemma-4-31B-IT,openclaw,MMMU-Pro vision,mmmu_pro_validation_Geography_16,0,0,0.14357686554815027,635.0
Gemma-4-31B-IT,openclaw,MMMU-Pro vision,mmmu_pro_validation_Geography_18,0,1,0.11921115797281667,750.0
Gemma-4-31B-IT,openclaw,MMMU-Pro vision,mmmu_pro_validation_Geography_30,0,0,0.16246574278586975,4826.0
Gemma-4-31B-IT,openclaw,MMMU-Pro vision,mmmu_pro_validation_Geography_5,0,,0.1883125159438964,756.0
Gemma-4-31B-IT,openclaw,MMMU-Pro vision,mmmu_pro_validation_Geography_7,0,,0.0,
Gemma-4-31B-IT,openclaw,MMMU-Pro vision,mmmu_pro_validation_Geography_8,0,1,0.24564110534225322,7375.0
Gemma-4-31B-IT,openclaw,MMMU-Pro vision,mmmu_pro_validation_Geography_9,0,1,0.2432900745929555,9425.0
Gemma-4-31B-IT,openclaw,MMMU-Pro vision,mmmu_pro_validation_History_10,0,0,0.21412799058384238,6102.0
Gemma-4-31B-IT,openclaw,MMMU-Pro vision,mmmu_pro_validation_History_16,0,1,0.3129925953211988,59.0
Gemma-4-31B-IT,openclaw,MMMU-Pro vision,mmmu_pro_validation_History_17,0,1,0.320655477170966,1930.0
Gemma-4-31B-IT,openclaw,MMMU-Pro vision,mmmu_pro_validation_History_2,0,0,0.26088699966059625,414.0
Gemma-4-31B-IT,openclaw,MMMU-Pro vision,mmmu_pro_validation_History_5,0,0,0.2265892221231695,4235.0
Gemma-4-31B-IT,openclaw,MMMU-Pro vision,mmmu_pro_validation_History_6,0,0,0.24836549186814685,2628.0
Gemma-4-31B-IT,openclaw,MMMU-Pro vision,mmmu_pro_validation_History_7,0,0,0.19484675870922932,3261.0
Gemma-4-31B-IT,openclaw,MMMU-Pro vision,mmmu_pro_validation_History_8,0,0,0.30064965234381036,3211.0
Gemma-4-31B-IT,openclaw,MMMU-Pro vision,mmmu_pro_validation_History_9,0,0,0.26893070892938004,1593.0
Gemma-4-31B-IT,openclaw,MMMU-Pro vision,mmmu_pro_validation_Literature_1,0,1,0.21436204660413066,2519.0
Gemma-4-31B-IT,openclaw,MMMU-Pro vision,mmmu_pro_validation_Literature_10,0,1,0.12248032327027995,320.0
Gemma-4-31B-IT,openclaw,MMMU-Pro vision,mmmu_pro_validation_Literature_11,0,1,0.16591818045519574,3743.0
Gemma-4-31B-IT,openclaw,MMMU-Pro vision,mmmu_pro_validation_Literature_12,0,1,0.1463221808219217,3245.0
Gemma-4-31B-IT,openclaw,MMMU-Pro vision,mmmu_pro_validation_Literature_13,0,1,0.18992688882330572,3495.0
Gemma-4-31B-IT,openclaw,MMMU-Pro vision,mmmu_pro_validation_Literature_16,0,1,0.18260481293957845,2210.0
Gemma-4-31B-IT,openclaw,MMMU-Pro vision,mmmu_pro_validation_Literature_18,0,1,0.11658132033356933,2584.0
Gemma-4-31B-IT,openclaw,MMMU-Pro vision,mmmu_pro_validation_Literature_2,0,1,0.23587454369385563,577.0
Gemma-4-31B-IT,openclaw,MMMU-Pro vision,mmmu_pro_validation_Literature_20,0,1,0.3397272066744142,784.0
Gemma-4-31B-IT,openclaw,MMMU-Pro vision,mmmu_pro_validation_Literature_22,0,1,0.2062484926005743,115.0
Gemma-4-31B-IT,openclaw,MMMU-Pro vision,mmmu_pro_validation_Literature_26,0,1,0.19505959378511206,3734.0
Gemma-4-31B-IT,openclaw,MMMU-Pro vision,mmmu_pro_validation_Literature_27,0,1,0.21693790702990487,455.0
Gemma-4-31B-IT,openclaw,MMMU-Pro vision,mmmu_pro_validation_Literature_28,0,0,0.3272255019736166,1393.0
Gemma-4-31B-IT,openclaw,MMMU-Pro vision,mmmu_pro_validation_Literature_29,0,1,0.2558779669746327,3510.0
Gemma-4-31B-IT,openclaw,MMMU-Pro vision,mmmu_pro_validation_Literature_3,0,1,0.18262925086912055,846.0
Gemma-4-31B-IT,openclaw,MMMU-Pro vision,mmmu_pro_validation_Literature_30,0,1,0.17150803318552982,3779.0
Gemma-4-31B-IT,openclaw,MMMU-Pro vision,mmmu_pro_validation_Literature_4,0,1,0.15363649830698597,1778.0
Gemma-4-31B-IT,openclaw,MMMU-Pro vision,mmmu_pro_validation_Literature_5,0,1,0.15382018809862344,1595.0
Gemma-4-31B-IT,openclaw,MMMU-Pro vision,mmmu_pro_validation_Literature_7,0,1,0.26873468285355795,10476.0
Gemma-4-31B-IT,openclaw,MMMU-Pro vision,mmmu_pro_validation_Literature_8,0,1,0.2501563691540338,4370.0
Gemma-4-31B-IT,openclaw,MMMU-Pro vision,mmmu_pro_validation_Literature_9,0,1,0.17971129134440927,2067.0
Gemma-4-31B-IT,openclaw,MMMU-Pro vision,mmmu_pro_validation_Manage_11,0,0,0.20572571750248758,10725.0
Gemma-4-31B-IT,openclaw,MMMU-Pro vision,mmmu_pro_validation_Manage_12,0,1,0.21328904456634135,7742.0
Gemma-4-31B-IT,openclaw,MMMU-Pro vision,mmmu_pro_validation_Manage_13,0,,0.0,
Gemma-4-31B-IT,openclaw,MMMU-Pro vision,mmmu_pro_validation_Manage_15,0,0,0.20637806247511453,10947.0
Gemma-4-31B-IT,openclaw,MMMU-Pro vision,mmmu_pro_validation_Manage_2,0,0,0.2768519419326127,3261.0
Gemma-4-31B-IT,openclaw,MMMU-Pro vision,mmmu_pro_validation_Manage_24,0,0,0.13649913757347873,1751.0
Gemma-4-31B-IT,openclaw,MMMU-Pro vision,mmmu_pro_validation_Manage_26,0,1,0.09827337116025109,11472.0
Gemma-4-31B-IT,openclaw,MMMU-Pro vision,mmmu_pro_validation_Manage_29,0,0,0.24646758654973178,931.0
Gemma-4-31B-IT,openclaw,MMMU-Pro vision,mmmu_pro_validation_Manage_30,0,1,0.26027123036960964,10365.0
Gemma-4-31B-IT,openclaw,MMMU-Pro vision,mmmu_pro_validation_Manage_4,0,0,0.11275735035375871,10083.0
Gemma-4-31B-IT,openclaw,MMMU-Pro vision,mmmu_pro_validation_Manage_6,0,0,0.28405937031025097,1466.0
Gemma-4-31B-IT,openclaw,MMMU-Pro vision,mmmu_pro_validation_Manage_7,0,0,0.24185473435313523,6220.0
Gemma-4-31B-IT,openclaw,MMMU-Pro vision,mmmu_pro_validation_Manage_8,0,0,0.19069372708078416,361.0
Gemma-4-31B-IT,openclaw,MMMU-Pro vision,mmmu_pro_validation_Marketing_1,0,1,0.16252037560061425,4043.0
Gemma-4-31B-IT,openclaw,MMMU-Pro vision,mmmu_pro_validation_Marketing_10,0,1,0.10623361847489793,5102.0
Gemma-4-31B-IT,openclaw,MMMU-Pro vision,mmmu_pro_validation_Marketing_12,0,,0.17049244287286167,615.0
Gemma-4-31B-IT,openclaw,MMMU-Pro vision,mmmu_pro_validation_Marketing_13,0,1,0.20689330429209773,4769.0
Gemma-4-31B-IT,openclaw,MMMU-Pro vision,mmmu_pro_validation_Marketing_14,0,0,0.17730893104427634,7316.0
Gemma-4-31B-IT,openclaw,MMMU-Pro vision,mmmu_pro_validation_Marketing_15,0,1,0.18875235374900434,4726.0
Gemma-4-31B-IT,openclaw,MMMU-Pro vision,mmmu_pro_validation_Marketing_19,0,1,0.1808747217886494,19.0
Gemma-4-31B-IT,openclaw,MMMU-Pro vision,mmmu_pro_validation_Marketing_22,0,1,0.2088305792355304,6145.0
Gemma-4-31B-IT,openclaw,MMMU-Pro vision,mmmu_pro_validation_Marketing_23,0,1,0.09198363499622032,8397.0
Gemma-4-31B-IT,openclaw,MMMU-Pro vision,mmmu_pro_validation_Marketing_24,0,1,0.19590635176049787,3413.0
Gemma-4-31B-IT,openclaw,MMMU-Pro vision,mmmu_pro_validation_Marketing_25,0,1,0.2093322560554002,7535.0
Gemma-4-31B-IT,openclaw,MMMU-Pro vision,mmmu_pro_validation_Marketing_26,0,,0.0,
Gemma-4-31B-IT,openclaw,MMMU-Pro vision,mmmu_pro_validation_Marketing_28,0,1,0.20888446132002167,11737.0
Gemma-4-31B-IT,openclaw,MMMU-Pro vision,mmmu_pro_validation_Marketing_29,0,,0.0,
Gemma-4-31B-IT,openclaw,MMMU-Pro vision,mmmu_pro_validation_Marketing_3,0,1,0.1889625148508342,2917.0
Gemma-4-31B-IT,openclaw,MMMU-Pro vision,mmmu_pro_validation_Marketing_30,0,1,0.12962442866990012,343.0
Gemma-4-31B-IT,openclaw,MMMU-Pro vision,mmmu_pro_validation_Marketing_4,0,1,0.2603787143223491,969.0
Gemma-4-31B-IT,openclaw,MMMU-Pro vision,mmmu_pro_validation_Marketing_7,0,1,0.10995105750087251,4668.0
Gemma-4-31B-IT,openclaw,MMMU-Pro vision,mmmu_pro_validation_Marketing_9,0,1,0.08487372956275034,505.0
Gemma-4-31B-IT,openclaw,MMMU-Pro vision,mmmu_pro_validation_Materials_1,0,0,0.1306033582647528,1292.0
Gemma-4-31B-IT,openclaw,MMMU-Pro vision,mmmu_pro_validation_Materials_10,0,1,0.0616809394954279,1035.0
Gemma-4-31B-IT,openclaw,MMMU-Pro vision,mmmu_pro_validation_Materials_11,0,0,0.14118880174021783,1226.0
Gemma-4-31B-IT,openclaw,MMMU-Pro vision,mmmu_pro_validation_Materials_12,0,1,0.22083676296130839,5405.0
Gemma-4-31B-IT,openclaw,MMMU-Pro vision,mmmu_pro_validation_Materials_13,0,0,0.15626334011624388,7853.0
Gemma-4-31B-IT,openclaw,MMMU-Pro vision,mmmu_pro_validation_Materials_14,0,,0.0,
Gemma-4-31B-IT,openclaw,MMMU-Pro vision,mmmu_pro_validation_Materials_16,0,,0.18442964242830964,3091.0
Gemma-4-31B-IT,openclaw,MMMU-Pro vision,mmmu_pro_validation_Materials_17,0,,0.1973236227778633,7541.0
Gemma-4-31B-IT,openclaw,MMMU-Pro vision,mmmu_pro_validation_Materials_18,0,1,0.21099444414422572,3361.0
Gemma-4-31B-IT,openclaw,MMMU-Pro vision,mmmu_pro_validation_Materials_19,0,0,0.090637582469233,146.0
Gemma-4-31B-IT,openclaw,MMMU-Pro vision,mmmu_pro_validation_Materials_2,0,1,0.19024243187215906,4391.0
Gemma-4-31B-IT,openclaw,MMMU-Pro vision,mmmu_pro_validation_Materials_20,0,1,0.15383439684641706,10745.0
Gemma-4-31B-IT,openclaw,MMMU-Pro vision,mmmu_pro_validation_Materials_21,0,0,0.22177012940100996,16311.0
Gemma-4-31B-IT,openclaw,MMMU-Pro vision,mmmu_pro_validation_Materials_22,0,,0.17783490360269671,1306.0
Gemma-4-31B-IT,openclaw,MMMU-Pro vision,mmmu_pro_validation_Materials_23,0,,0.0,
Gemma-4-31B-IT,openclaw,MMMU-Pro vision,mmmu_pro_validation_Materials_24,0,0,0.28155992963767706,2426.0
Gemma-4-31B-IT,openclaw,MMMU-Pro vision,mmmu_pro_validation_Materials_25,0,1,0.23706249765507373,379.0
Gemma-4-31B-IT,openclaw,MMMU-Pro vision,mmmu_pro_validation_Materials_27,0,0,0.008798053979208558,140.0
Gemma-4-31B-IT,openclaw,MMMU-Pro vision,mmmu_pro_validation_Materials_28,0,0,0.20015196120346088,606.0
Gemma-4-31B-IT,openclaw,MMMU-Pro vision,mmmu_pro_validation_Materials_29,0,1,0.15087006912426135,515.0
Gemma-4-31B-IT,openclaw,MMMU-Pro vision,mmmu_pro_validation_Materials_3,0,0,0.1690577871811664,13994.0
Gemma-4-31B-IT,openclaw,MMMU-Pro vision,mmmu_pro_validation_Materials_30,0,0,0.09741996283858663,410.0
Gemma-4-31B-IT,openclaw,MMMU-Pro vision,mmmu_pro_validation_Materials_4,0,0,0.21061848174685152,2765.0
Gemma-4-31B-IT,openclaw,MMMU-Pro vision,mmmu_pro_validation_Materials_6,0,,0.16567141995101986,744.0
Gemma-4-31B-IT,openclaw,MMMU-Pro vision,mmmu_pro_validation_Materials_7,0,0,0.13154391516937183,1328.0
Gemma-4-31B-IT,openclaw,MMMU-Pro vision,mmmu_pro_validation_Materials_8,0,1,0.1345807522372162,960.0
Gemma-4-31B-IT,openclaw,MMMU-Pro vision,mmmu_pro_validation_Materials_9,0,0,0.03519084622028979,906.0
Gemma-4-31B-IT,openclaw,MMMU-Pro vision,mmmu_pro_validation_Math_1,0,1,0.16537709368522097,1186.0
Gemma-4-31B-IT,openclaw,MMMU-Pro vision,mmmu_pro_validation_Math_14,0,1,0.1755231060248355,2584.0
Gemma-4-31B-IT,openclaw,MMMU-Pro vision,mmmu_pro_validation_Math_16,0,1,0.127703043423189,1455.0
Gemma-4-31B-IT,openclaw,MMMU-Pro vision,mmmu_pro_validation_Math_17,0,1,0.12979745700409112,821.0
Gemma-4-31B-IT,openclaw,MMMU-Pro vision,mmmu_pro_validation_Math_19,0,,0.20521134673145,635.0
Gemma-4-31B-IT,openclaw,MMMU-Pro vision,mmmu_pro_validation_Math_2,0,,0.0,
Gemma-4-31B-IT,openclaw,MMMU-Pro vision,mmmu_pro_validation_Math_20,0,0,0.26907073689657557,2447.0
Gemma-4-31B-IT,openclaw,MMMU-Pro vision,mmmu_pro_validation_Math_22,0,1,0.15436848999889125,182.0
Gemma-4-31B-IT,openclaw,MMMU-Pro vision,mmmu_pro_validation_Math_25,0,1,0.23888747674962849,923.0
Gemma-4-31B-IT,openclaw,MMMU-Pro vision,mmmu_pro_validation_Math_27,0,1,0.1662090943171881,3054.0
Gemma-4-31B-IT,openclaw,MMMU-Pro vision,mmmu_pro_validation_Math_28,0,1,0.11985998560077847,1506.0
Gemma-4-31B-IT,openclaw,MMMU-Pro vision,mmmu_pro_validation_Math_29,0,1,0.21936186877580596,3521.0
Gemma-4-31B-IT,openclaw,MMMU-Pro vision,mmmu_pro_validation_Math_3,0,0,0.18902179160555002,10482.0
Gemma-4-31B-IT,openclaw,MMMU-Pro vision,mmmu_pro_validation_Math_30,0,1,0.030151576962544883,39.0
Gemma-4-31B-IT,openclaw,MMMU-Pro vision,mmmu_pro_validation_Math_4,0,0,0.23363510104436894,4588.0
Gemma-4-31B-IT,openclaw,MMMU-Pro vision,mmmu_pro_validation_Math_5,0,1,0.12060764403115491,3644.0
Gemma-4-31B-IT,openclaw,MMMU-Pro vision,mmmu_pro_validation_Math_7,0,0,0.24641820602347106,7504.0
Gemma-4-31B-IT,openclaw,MMMU-Pro vision,mmmu_pro_validation_Math_8,0,1,0.19309050713375656,429.0
Gemma-4-31B-IT,openclaw,MMMU-Pro vision,mmmu_pro_validation_Mechanical_Engineering_1,0,0,0.18552535195182654,4242370.0
Gemma-4-31B-IT,openclaw,MMMU-Pro vision,mmmu_pro_validation_Mechanical_Engineering_10,0,1,0.16090236391478197,7589.0
Gemma-4-31B-IT,openclaw,MMMU-Pro vision,mmmu_pro_validation_Mechanical_Engineering_12,0,0,0.2539700508993357,5485.0
Gemma-4-31B-IT,openclaw,MMMU-Pro vision,mmmu_pro_validation_Mechanical_Engineering_14,0,1,0.21220154995577364,3304.0
Gemma-4-31B-IT,openclaw,MMMU-Pro vision,mmmu_pro_validation_Mechanical_Engineering_15,0,0,0.22668016614273118,3192.0
Gemma-4-31B-IT,openclaw,MMMU-Pro vision,mmmu_pro_validation_Mechanical_Engineering_16,0,1,0.07556041809212023,7337.0
Gemma-4-31B-IT,openclaw,MMMU-Pro vision,mmmu_pro_validation_Mechanical_Engineering_17,0,1,0.15608642304019268,717.0
Gemma-4-31B-IT,openclaw,MMMU-Pro vision,mmmu_pro_validation_Mechanical_Engineering_18,0,1,0.17859625413262686,595.0
Gemma-4-31B-IT,openclaw,MMMU-Pro vision,mmmu_pro_validation_Mechanical_Engineering_20,0,,0.0,
Gemma-4-31B-IT,openclaw,MMMU-Pro vision,mmmu_pro_validation_Mechanical_Engineering_22,0,1,0.1475851914009675,11981.0
Gemma-4-31B-IT,openclaw,MMMU-Pro vision,mmmu_pro_validation_Mechanical_Engineering_23,0,0,0.1673408998689104,1756.0
Gemma-4-31B-IT,openclaw,MMMU-Pro vision,mmmu_pro_validation_Mechanical_Engineering_24,0,1,0.22435817483083095,2897.0
Gemma-4-31B-IT,openclaw,MMMU-Pro vision,mmmu_pro_validation_Mechanical_Engineering_25,0,1,0.034844564532135726,1536.0
Gemma-4-31B-IT,openclaw,MMMU-Pro vision,mmmu_pro_validation_Mechanical_Engineering_26,0,0,0.2605256496340118,10982.0
Gemma-4-31B-IT,openclaw,MMMU-Pro vision,mmmu_pro_validation_Mechanical_Engineering_29,0,1,0.11765120963967987,8150.0
Gemma-4-31B-IT,openclaw,MMMU-Pro vision,mmmu_pro_validation_Mechanical_Engineering_3,0,1,0.16275245623507417,288.0
Gemma-4-31B-IT,openclaw,MMMU-Pro vision,mmmu_pro_validation_Mechanical_Engineering_30,0,0,0.2575743933602498,219.0
Gemma-4-31B-IT,openclaw,MMMU-Pro vision,mmmu_pro_validation_Mechanical_Engineering_4,0,1,0.1803664288696155,3836.0
Gemma-4-31B-IT,openclaw,MMMU-Pro vision,mmmu_pro_validation_Mechanical_Engineering_5,0,1,0.10569136096278103,435.0
Gemma-4-31B-IT,openclaw,MMMU-Pro vision,mmmu_pro_validation_Mechanical_Engineering_7,0,1,0.1738810289932864,2949.0
Gemma-4-31B-IT,openclaw,MMMU-Pro vision,mmmu_pro_validation_Mechanical_Engineering_8,0,,0.18530982098281823,4217.0
Gemma-4-31B-IT,openclaw,MMMU-Pro vision,mmmu_pro_validation_Music_1,0,0,0.13836759434016,8134.0
Gemma-4-31B-IT,openclaw,MMMU-Pro vision,mmmu_pro_validation_Music_11,0,0,0.15937195832278392,1695.0
Gemma-4-31B-IT,openclaw,MMMU-Pro vision,mmmu_pro_validation_Music_12,0,1,0.16111329497146198,1221.0
Gemma-4-31B-IT,openclaw,MMMU-Pro vision,mmmu_pro_validation_Music_13,0,0,0.3112073399470232,1808.0
Gemma-4-31B-IT,openclaw,MMMU-Pro vision,mmmu_pro_validation_Music_14,0,,0.06335005994047645,77.0
Gemma-4-31B-IT,openclaw,MMMU-Pro vision,mmmu_pro_validation_Music_15,0,1,0.14018844158813823,2375.0
Gemma-4-31B-IT,openclaw,MMMU-Pro vision,mmmu_pro_validation_Music_17,0,,0.2065301860823873,1089.0
Gemma-4-31B-IT,openclaw,MMMU-Pro vision,mmmu_pro_validation_Music_18,0,,0.19917727075925695,15803.0
Gemma-4-31B-IT,openclaw,MMMU-Pro vision,mmmu_pro_validation_Music_19,0,,0.07722709632486842,12146.0
Gemma-4-31B-IT,openclaw,MMMU-Pro vision,mmmu_pro_validation_Music_2,0,0,0.1825498832108196,4361.0
Gemma-4-31B-IT,openclaw,MMMU-Pro vision,mmmu_pro_validation_Music_20,0,0,0.207608169465198,2572.0
Gemma-4-31B-IT,openclaw,MMMU-Pro vision,mmmu_pro_validation_Music_21,0,0,0.18296560671770082,3803.0
Gemma-4-31B-IT,openclaw,MMMU-Pro vision,mmmu_pro_validation_Music_22,0,,0.10601587130848342,371.0
Gemma-4-31B-IT,openclaw,MMMU-Pro vision,mmmu_pro_validation_Music_23,0,0,0.20887704730464782,220.0
Gemma-4-31B-IT,openclaw,MMMU-Pro vision,mmmu_pro_validation_Music_24,0,0,0.23822987528910794,2920.0
Gemma-4-31B-IT,openclaw,MMMU-Pro vision,mmmu_pro_validation_Music_25,0,0,0.2028128773917191,150.0
Gemma-4-31B-IT,openclaw,MMMU-Pro vision,mmmu_pro_validation_Music_27,0,0,0.2092881703595773,1480.0
Gemma-4-31B-IT,openclaw,MMMU-Pro vision,mmmu_pro_validation_Music_28,0,,0.107034272094787,11109.0
Gemma-4-31B-IT,openclaw,MMMU-Pro vision,mmmu_pro_validation_Music_29,0,1,0.24063237903079376,4434.0
Gemma-4-31B-IT,openclaw,MMMU-Pro vision,mmmu_pro_validation_Music_3,0,0,0.09056088509196583,244.0
Gemma-4-31B-IT,openclaw,MMMU-Pro vision,mmmu_pro_validation_Music_30,0,1,0.11488387916933718,643.0
Gemma-4-31B-IT,openclaw,MMMU-Pro vision,mmmu_pro_validation_Music_4,0,0,0.15082787659874888,4558.0
Gemma-4-31B-IT,openclaw,MMMU-Pro vision,mmmu_pro_validation_Music_5,0,1,0.18586879673867154,1305.0
Gemma-4-31B-IT,openclaw,MMMU-Pro vision,mmmu_pro_validation_Music_6,0,1,0.13156212611527704,253.0
Gemma-4-31B-IT,openclaw,MMMU-Pro vision,mmmu_pro_validation_Music_7,0,0,0.13943872361460422,2550.0
Gemma-4-31B-IT,openclaw,MMMU-Pro vision,mmmu_pro_validation_Music_8,0,0,0.17737648090580505,11502.0
Gemma-4-31B-IT,openclaw,MMMU-Pro vision,mmmu_pro_validation_Music_9,0,0,0.23640682915208658,1132.0
Gemma-4-31B-IT,openclaw,MMMU-Pro vision,mmmu_pro_validation_Pharmacy_1,0,1,0.0930551642698548,286.0
Gemma-4-31B-IT,openclaw,MMMU-Pro vision,mmmu_pro_validation_Pharmacy_10,0,1,0.23490178201493886,4791.0
Gemma-4-31B-IT,openclaw,MMMU-Pro vision,mmmu_pro_validation_Pharmacy_11,0,1,0.1850966803798472,1256.0
Gemma-4-31B-IT,openclaw,MMMU-Pro vision,mmmu_pro_validation_Pharmacy_14,0,1,0.14775566696541595,1756.0
Gemma-4-31B-IT,openclaw,MMMU-Pro vision,mmmu_pro_validation_Pharmacy_17,0,1,0.249125463974679,2441.0
Gemma-4-31B-IT,openclaw,MMMU-Pro vision,mmmu_pro_validation_Pharmacy_18,0,1,0.22687213003295587,847.0
Gemma-4-31B-IT,openclaw,MMMU-Pro vision,mmmu_pro_validation_Pharmacy_21,0,0,0.3370374173629243,3630.0
Gemma-4-31B-IT,openclaw,MMMU-Pro vision,mmmu_pro_validation_Pharmacy_22,0,1,0.1645779601781188,5498.0
Gemma-4-31B-IT,openclaw,MMMU-Pro vision,mmmu_pro_validation_Pharmacy_23,0,0,0.1756521437977376,11651.0
Gemma-4-31B-IT,openclaw,MMMU-Pro vision,mmmu_pro_validation_Pharmacy_24,0,0,0.22165461249495697,1841.0
Gemma-4-31B-IT,openclaw,MMMU-Pro vision,mmmu_pro_validation_Pharmacy_27,0,1,0.08760613839780529,978.0
Gemma-4-31B-IT,openclaw,MMMU-Pro vision,mmmu_pro_validation_Pharmacy_28,0,1,0.14878576524407156,3759.0
Gemma-4-31B-IT,openclaw,MMMU-Pro vision,mmmu_pro_validation_Pharmacy_30,0,1,0.27331544178634226,5469.0
Gemma-4-31B-IT,openclaw,MMMU-Pro vision,mmmu_pro_validation_Pharmacy_4,0,1,0.27668226373348087,1951.0
Gemma-4-31B-IT,openclaw,MMMU-Pro vision,mmmu_pro_validation_Pharmacy_7,0,,0.0,
Gemma-4-31B-IT,openclaw,MMMU-Pro vision,mmmu_pro_validation_Pharmacy_8,0,1,0.22100444559112573,3819.0
Gemma-4-31B-IT,openclaw,MMMU-Pro vision,mmmu_pro_validation_Pharmacy_9,0,1,0.2336035023339578,768.0
Gemma-4-31B-IT,openclaw,MMMU-Pro vision,mmmu_pro_validation_Physics_1,0,1,0.26563658159721404,1523.0
Gemma-4-31B-IT,openclaw,MMMU-Pro vision,mmmu_pro_validation_Physics_11,0,1,0.15501899220490503,1213.0
Gemma-4-31B-IT,openclaw,MMMU-Pro vision,mmmu_pro_validation_Physics_12,0,1,0.17995636483473595,3558.0
Gemma-4-31B-IT,openclaw,MMMU-Pro vision,mmmu_pro_validation_Physics_13,0,0,0.1907378638942243,4881.0
Gemma-4-31B-IT,openclaw,MMMU-Pro vision,mmmu_pro_validation_Physics_14,0,1,0.05183430655659439,630.0
Gemma-4-31B-IT,openclaw,MMMU-Pro vision,mmmu_pro_validation_Physics_16,0,1,0.15979522546229943,463.0
Gemma-4-31B-IT,openclaw,MMMU-Pro vision,mmmu_pro_validation_Physics_17,0,0,0.11114751172889206,278.0
Gemma-4-31B-IT,openclaw,MMMU-Pro vision,mmmu_pro_validation_Physics_18,0,0,0.1786738156165352,8950.0
Gemma-4-31B-IT,openclaw,MMMU-Pro vision,mmmu_pro_validation_Physics_19,0,0,0.2847178670072208,3412.0
Gemma-4-31B-IT,openclaw,MMMU-Pro vision,mmmu_pro_validation_Physics_2,0,0,0.18511688977868812,666.0
Gemma-4-31B-IT,openclaw,MMMU-Pro vision,mmmu_pro_validation_Physics_20,0,0,0.13981399099888756,1964.0
Gemma-4-31B-IT,openclaw,MMMU-Pro vision,mmmu_pro_validation_Physics_23,0,1,0.17155279531638884,169.0
Gemma-4-31B-IT,openclaw,MMMU-Pro vision,mmmu_pro_validation_Physics_26,0,1,0.21192159180322614,3353.0
Gemma-4-31B-IT,openclaw,MMMU-Pro vision,mmmu_pro_validation_Physics_27,0,1,0.28537366135799697,5169.0
Gemma-4-31B-IT,openclaw,MMMU-Pro vision,mmmu_pro_validation_Physics_28,0,1,0.1262005234999996,633.0
Gemma-4-31B-IT,openclaw,MMMU-Pro vision,mmmu_pro_validation_Physics_29,0,1,0.24976151974421323,2298.0
Gemma-4-31B-IT,openclaw,MMMU-Pro vision,mmmu_pro_validation_Physics_30,0,1,0.13569794111292924,3943.0
Gemma-4-31B-IT,openclaw,MMMU-Pro vision,mmmu_pro_validation_Physics_4,0,1,0.16958723586492172,199.0
Gemma-4-31B-IT,openclaw,MMMU-Pro vision,mmmu_pro_validation_Physics_5,0,1,0.045936542907928826,296.0
Gemma-4-31B-IT,openclaw,MMMU-Pro vision,mmmu_pro_validation_Physics_7,0,1,0.2047795549646911,25852.0
Gemma-4-31B-IT,openclaw,MMMU-Pro vision,mmmu_pro_validation_Physics_8,0,1,0.16493990205534526,4982.0
Gemma-4-31B-IT,openclaw,MMMU-Pro vision,mmmu_pro_validation_Physics_9,0,,0.23215224232917595,508.0
Gemma-4-31B-IT,openclaw,MMMU-Pro vision,mmmu_pro_validation_Psychology_1,0,1,0.1248713955488416,935.0
Gemma-4-31B-IT,openclaw,MMMU-Pro vision,mmmu_pro_validation_Psychology_12,0,0,0.14109890825515609,3339.0
Gemma-4-31B-IT,openclaw,MMMU-Pro vision,mmmu_pro_validation_Psychology_15,0,1,0.1719304179395746,838.0
Gemma-4-31B-IT,openclaw,MMMU-Pro vision,mmmu_pro_validation_Psychology_17,0,1,0.15297219302092321,4879.0
Gemma-4-31B-IT,openclaw,MMMU-Pro vision,mmmu_pro_validation_Psychology_18,0,1,0.14650917873681427,3566.0
Gemma-4-31B-IT,openclaw,MMMU-Pro vision,mmmu_pro_validation_Psychology_19,0,1,0.2238474856108136,3810.0
Gemma-4-31B-IT,openclaw,MMMU-Pro vision,mmmu_pro_validation_Psychology_21,0,0,0.18312119586455292,3264.0
Gemma-4-31B-IT,openclaw,MMMU-Pro vision,mmmu_pro_validation_Psychology_24,0,0,0.07784202173662105,119.0
Gemma-4-31B-IT,openclaw,MMMU-Pro vision,mmmu_pro_validation_Psychology_26,0,0,0.25498785302627214,5098.0
Gemma-4-31B-IT,openclaw,MMMU-Pro vision,mmmu_pro_validation_Psychology_29,0,1,0.18542828910204126,417.0
Gemma-4-31B-IT,openclaw,MMMU-Pro vision,mmmu_pro_validation_Psychology_3,0,1,0.22689066408997857,986.0
Gemma-4-31B-IT,openclaw,MMMU-Pro vision,mmmu_pro_validation_Psychology_30,0,1,0.30671996544076574,1589.0
Gemma-4-31B-IT,openclaw,MMMU-Pro vision,mmmu_pro_validation_Psychology_4,0,0,0.2551292948700622,6718.0
Gemma-4-31B-IT,openclaw,MMMU-Pro vision,mmmu_pro_validation_Psychology_5,0,1,0.17997685012180056,1207.0
Gemma-4-31B-IT,openclaw,MMMU-Pro vision,mmmu_pro_validation_Psychology_6,0,0,0.23019604153514953,4469.0
Gemma-4-31B-IT,openclaw,MMMU-Pro vision,mmmu_pro_validation_Psychology_7,0,1,0.20356655728384604,2437.0
Gemma-4-31B-IT,openclaw,MMMU-Pro vision,mmmu_pro_validation_Psychology_8,0,1,0.1843889456080698,2130.0
Gemma-4-31B-IT,openclaw,MMMU-Pro vision,mmmu_pro_validation_Public_Health_1,0,1,0.15146960386679661,5976.0
Gemma-4-31B-IT,openclaw,MMMU-Pro vision,mmmu_pro_validation_Public_Health_10,0,1,0.08535767167436206,392.0
Gemma-4-31B-IT,openclaw,MMMU-Pro vision,mmmu_pro_validation_Public_Health_14,0,1,0.1617512900390642,3408.0
Gemma-4-31B-IT,openclaw,MMMU-Pro vision,mmmu_pro_validation_Public_Health_15,0,1,0.13439778879137473,3732.0
Gemma-4-31B-IT,openclaw,MMMU-Pro vision,mmmu_pro_validation_Public_Health_16,0,1,0.052388123552688216,64.0
Gemma-4-31B-IT,openclaw,MMMU-Pro vision,mmmu_pro_validation_Public_Health_17,0,1,0.13787289645909737,217.0
Gemma-4-31B-IT,openclaw,MMMU-Pro vision,mmmu_pro_validation_Public_Health_2,0,1,0.21557855345452898,3409.0
Gemma-4-31B-IT,openclaw,MMMU-Pro vision,mmmu_pro_validation_Public_Health_20,0,1,0.0659674427709396,381.0
Gemma-4-31B-IT,openclaw,MMMU-Pro vision,mmmu_pro_validation_Public_Health_21,0,1,0.16629258401408487,17017.0
Gemma-4-31B-IT,openclaw,MMMU-Pro vision,mmmu_pro_validation_Public_Health_23,0,1,0.17395178890167343,3836.0
Gemma-4-31B-IT,openclaw,MMMU-Pro vision,mmmu_pro_validation_Public_Health_24,0,0,0.08819940841192994,149.0
Gemma-4-31B-IT,openclaw,MMMU-Pro vision,mmmu_pro_validation_Public_Health_25,0,1,0.11267283769498761,819.0
Gemma-4-31B-IT,openclaw,MMMU-Pro vision,mmmu_pro_validation_Public_Health_27,0,1,0.27740645927756935,2663.0
Gemma-4-31B-IT,openclaw,MMMU-Pro vision,mmmu_pro_validation_Public_Health_28,0,1,0.22475582592909366,6701.0
Gemma-4-31B-IT,openclaw,MMMU-Pro vision,mmmu_pro_validation_Public_Health_29,0,1,0.1186352949738909,431.0
Gemma-4-31B-IT,openclaw,MMMU-Pro vision,mmmu_pro_validation_Public_Health_30,0,1,0.11449689620628352,1556.0
Gemma-4-31B-IT,openclaw,MMMU-Pro vision,mmmu_pro_validation_Public_Health_5,0,1,0.11896890507289135,668.0
Gemma-4-31B-IT,openclaw,MMMU-Pro vision,mmmu_pro_validation_Public_Health_7,0,,0.0,
Gemma-4-31B-IT,openclaw,MMMU-Pro vision,mmmu_pro_validation_Public_Health_8,0,0,0.24812369861754363,1278.0
Gemma-4-31B-IT,openclaw,MMMU-Pro vision,mmmu_pro_validation_Public_Health_9,0,1,0.3782322198649511,108.0
Gemma-4-31B-IT,openclaw,MMMU-Pro vision,mmmu_pro_validation_Sociology_1,0,1,0.2969080382336095,2427.0
Gemma-4-31B-IT,openclaw,MMMU-Pro vision,mmmu_pro_validation_Sociology_10,0,1,0.27119066040242695,5732.0
Gemma-4-31B-IT,openclaw,MMMU-Pro vision,mmmu_pro_validation_Sociology_11,0,1,0.316667216482829,2031.0
Gemma-4-31B-IT,openclaw,MMMU-Pro vision,mmmu_pro_validation_Sociology_12,0,1,0.23456872643167673,9123.0
Gemma-4-31B-IT,openclaw,MMMU-Pro vision,mmmu_pro_validation_Sociology_15,0,0,0.28487269612635396,982.0
Gemma-4-31B-IT,openclaw,MMMU-Pro vision,mmmu_pro_validation_Sociology_17,0,1,0.4182687724795464,69.0
Gemma-4-31B-IT,openclaw,MMMU-Pro vision,mmmu_pro_validation_Sociology_20,0,0,0.25702598716922,1850.0
Gemma-4-31B-IT,openclaw,MMMU-Pro vision,mmmu_pro_validation_Sociology_21,0,0,0.1932870995574265,3780.0
Gemma-4-31B-IT,openclaw,MMMU-Pro vision,mmmu_pro_validation_Sociology_22,0,1,0.2515632231492532,3212.0
Gemma-4-31B-IT,openclaw,MMMU-Pro vision,mmmu_pro_validation_Sociology_25,0,0,0.284279848516784,3590.0
Gemma-4-31B-IT,openclaw,MMMU-Pro vision,mmmu_pro_validation_Sociology_28,0,1,0.24102920466945926,16459.0
Gemma-4-31B-IT,openclaw,MMMU-Pro vision,mmmu_pro_validation_Sociology_29,0,1,0.18459204387052439,803.0
Gemma-4-31B-IT,openclaw,MMMU-Pro vision,mmmu_pro_validation_Sociology_30,0,,0.0,
Gemma-4-31B-IT,openclaw,MMMU-Pro vision,mmmu_pro_validation_Sociology_4,0,1,0.2122136285431669,3138.0
Gemma-4-31B-IT,openclaw,MMMU-Pro vision,mmmu_pro_validation_Sociology_5,0,0,0.23630945499308412,235.0
Gemma-4-31B-IT,openclaw,MMMU-Pro vision,mmmu_pro_validation_Sociology_8,0,1,0.1921231332677843,205.0
Gemma-4-31B-IT,opencode,MMMU-Pro vision,mmmu_pro_test_Accounting_129,0,1,0.08248136975308726,927.0
Gemma-4-31B-IT,opencode,MMMU-Pro vision,mmmu_pro_test_Accounting_13,0,1,0.12754876170897517,402.0
Gemma-4-31B-IT,opencode,MMMU-Pro vision,mmmu_pro_test_Accounting_131,0,1,0.16705610791658276,1782.0
Gemma-4-31B-IT,opencode,MMMU-Pro vision,mmmu_pro_test_Accounting_138,0,1,0.16712264637819052,1552.0
Gemma-4-31B-IT,opencode,MMMU-Pro vision,mmmu_pro_test_Accounting_160,0,1,0.07898571680569039,921.0
Gemma-4-31B-IT,opencode,MMMU-Pro vision,mmmu_pro_test_Accounting_170,0,1,0.15410895464189167,3398.0
Gemma-4-31B-IT,opencode,MMMU-Pro vision,mmmu_pro_test_Accounting_201,0,1,0.07954646466382877,1842.0
Gemma-4-31B-IT,opencode,MMMU-Pro vision,mmmu_pro_test_Accounting_208,0,1,0.07517693913470984,860.0
Gemma-4-31B-IT,opencode,MMMU-Pro vision,mmmu_pro_test_Accounting_227,0,1,0.1338273286516144,1178.0
Gemma-4-31B-IT,opencode,MMMU-Pro vision,mmmu_pro_test_Accounting_241,0,1,0.07737368530968301,859.0
Gemma-4-31B-IT,opencode,MMMU-Pro vision,mmmu_pro_test_Accounting_248,0,1,0.03451037327825783,911.0
Gemma-4-31B-IT,opencode,MMMU-Pro vision,mmmu_pro_test_Accounting_252,0,1,0.18042683585133967,1945.0
Gemma-4-31B-IT,opencode,MMMU-Pro vision,mmmu_pro_test_Accounting_256,0,1,0.06474853228501569,818.0
Gemma-4-31B-IT,opencode,MMMU-Pro vision,mmmu_pro_test_Accounting_279,0,1,0.04916100893235603,1155.0
Gemma-4-31B-IT,opencode,MMMU-Pro vision,mmmu_pro_test_Accounting_292,0,1,0.13326550239533183,2035.0
Gemma-4-31B-IT,opencode,MMMU-Pro vision,mmmu_pro_test_Accounting_30,0,1,0.06869066765548464,1207.0
Gemma-4-31B-IT,opencode,MMMU-Pro vision,mmmu_pro_test_Accounting_307,0,1,0.09935162699615008,1854.0
Gemma-4-31B-IT,opencode,MMMU-Pro vision,mmmu_pro_test_Accounting_312,0,1,0.1079427057202239,1533.0
Gemma-4-31B-IT,opencode,MMMU-Pro vision,mmmu_pro_test_Accounting_315,0,1,0.136385279391481,2520.0
Gemma-4-31B-IT,opencode,MMMU-Pro vision,mmmu_pro_test_Accounting_328,0,1,0.05716222177900578,980.0
Gemma-4-31B-IT,opencode,MMMU-Pro vision,mmmu_pro_test_Accounting_34,0,1,0.056646252146819294,1132.0
Gemma-4-31B-IT,opencode,MMMU-Pro vision,mmmu_pro_test_Accounting_345,0,1,0.07835602973993022,1010.0
Gemma-4-31B-IT,opencode,MMMU-Pro vision,mmmu_pro_test_Accounting_360,0,1,0.09575074942277963,877.0
Gemma-4-31B-IT,opencode,MMMU-Pro vision,mmmu_pro_test_Accounting_361,0,1,0.19973715064209874,13307.0
Gemma-4-31B-IT,opencode,MMMU-Pro vision,mmmu_pro_test_Accounting_365,0,1,0.08405968391272438,1372.0
Gemma-4-31B-IT,opencode,MMMU-Pro vision,mmmu_pro_test_Accounting_38,0,1,0.07701778226365294,664.0
Gemma-4-31B-IT,opencode,MMMU-Pro vision,mmmu_pro_test_Accounting_380,0,1,0.13324963051317718,853.0
Gemma-4-31B-IT,opencode,MMMU-Pro vision,mmmu_pro_test_Accounting_42,0,1,0.22410123142707014,4482.0
Gemma-4-31B-IT,opencode,MMMU-Pro vision,mmmu_pro_test_Accounting_50,0,1,0.12883811404323134,1654.0
Gemma-4-31B-IT,opencode,MMMU-Pro vision,mmmu_pro_test_Accounting_55,0,0,0.08435544522751601,1237.0
Gemma-4-31B-IT,opencode,MMMU-Pro vision,mmmu_pro_test_Accounting_63,0,1,0.08631706563688993,2058.0
Gemma-4-31B-IT,opencode,MMMU-Pro vision,mmmu_pro_test_Accounting_80,0,1,0.04326211284628393,584.0
Gemma-4-31B-IT,opencode,MMMU-Pro vision,mmmu_pro_test_Accounting_99,0,0,0.07768991408238612,1438.0
Gemma-4-31B-IT,opencode,MMMU-Pro vision,mmmu_pro_test_Agriculture_102,0,1,0.293336516476186,1197.0
Gemma-4-31B-IT,opencode,MMMU-Pro vision,mmmu_pro_test_Agriculture_105,0,1,0.3330097898098073,495.0
Gemma-4-31B-IT,opencode,MMMU-Pro vision,mmmu_pro_test_Agriculture_117,0,1,0.2873725216853283,459.0
Gemma-4-31B-IT,opencode,MMMU-Pro vision,mmmu_pro_test_Agriculture_123,0,1,0.36885196484808724,2656.0
Gemma-4-31B-IT,opencode,MMMU-Pro vision,mmmu_pro_test_Agriculture_139,0,1,0.22092431328716275,1188.0
Gemma-4-31B-IT,opencode,MMMU-Pro vision,mmmu_pro_test_Agriculture_145,0,1,0.32130130325483014,1359.0
Gemma-4-31B-IT,opencode,MMMU-Pro vision,mmmu_pro_test_Agriculture_146,0,0,0.348978338897478,581.0
Gemma-4-31B-IT,opencode,MMMU-Pro vision,mmmu_pro_test_Agriculture_15,0,0,0.2778639146637335,519.0
Gemma-4-31B-IT,opencode,MMMU-Pro vision,mmmu_pro_test_Agriculture_157,0,1,0.31840631622613225,998.0
Gemma-4-31B-IT,opencode,MMMU-Pro vision,mmmu_pro_test_Agriculture_165,0,1,0.37057758360954446,2220.0
Gemma-4-31B-IT,opencode,MMMU-Pro vision,mmmu_pro_test_Agriculture_169,0,0,0.45389092231495204,1910.0
Gemma-4-31B-IT,opencode,MMMU-Pro vision,mmmu_pro_test_Agriculture_174,0,0,0.36299427125712197,851.0
Gemma-4-31B-IT,opencode,MMMU-Pro vision,mmmu_pro_test_Agriculture_178,0,1,0.3560654178115068,2069.0
Gemma-4-31B-IT,opencode,MMMU-Pro vision,mmmu_pro_test_Agriculture_183,0,0,0.29247082367049704,396.0
Gemma-4-31B-IT,opencode,MMMU-Pro vision,mmmu_pro_test_Agriculture_187,0,0,0.30179190902246544,5294.0
Gemma-4-31B-IT,opencode,MMMU-Pro vision,mmmu_pro_test_Agriculture_19,0,0,0.31309997735410416,1061.0
Gemma-4-31B-IT,opencode,MMMU-Pro vision,mmmu_pro_test_Agriculture_190,0,0,0.33147228955511,497.0
Gemma-4-31B-IT,opencode,MMMU-Pro vision,mmmu_pro_test_Agriculture_192,0,0,0.3834984466812258,1082.0
Gemma-4-31B-IT,opencode,MMMU-Pro vision,mmmu_pro_test_Agriculture_193,0,1,0.30545577454655287,2362.0
Gemma-4-31B-IT,opencode,MMMU-Pro vision,mmmu_pro_test_Agriculture_195,0,1,0.32867928384811235,511.0
Gemma-4-31B-IT,opencode,MMMU-Pro vision,mmmu_pro_test_Agriculture_207,0,0,0.27246809107444103,3213.0
Gemma-4-31B-IT,opencode,MMMU-Pro vision,mmmu_pro_test_Agriculture_210,0,0,0.3054176137544028,1013.0
Gemma-4-31B-IT,opencode,MMMU-Pro vision,mmmu_pro_test_Agriculture_217,0,1,0.25965914034478843,1086.0
Gemma-4-31B-IT,opencode,MMMU-Pro vision,mmmu_pro_test_Agriculture_234,0,0,0.37629697981959975,442.0
Gemma-4-31B-IT,opencode,MMMU-Pro vision,mmmu_pro_test_Agriculture_248,0,0,0.350762809041447,933.0
Gemma-4-31B-IT,opencode,MMMU-Pro vision,mmmu_pro_test_Agriculture_262,0,0,0.026408840967160986,32766.0
Gemma-4-31B-IT,opencode,MMMU-Pro vision,mmmu_pro_test_Agriculture_269,0,1,0.3559704272690906,1277.0
Gemma-4-31B-IT,opencode,MMMU-Pro vision,mmmu_pro_test_Agriculture_270,0,0,0.2582258291000005,464.0
Gemma-4-31B-IT,opencode,MMMU-Pro vision,mmmu_pro_test_Agriculture_271,0,1,0.24808162181282972,615.0
Gemma-4-31B-IT,opencode,MMMU-Pro vision,mmmu_pro_test_Agriculture_278,0,0,0.33970472294098186,1168.0
Gemma-4-31B-IT,opencode,MMMU-Pro vision,mmmu_pro_test_Agriculture_282,0,0,0.4073900573387233,1786.0
Gemma-4-31B-IT,opencode,MMMU-Pro vision,mmmu_pro_test_Agriculture_37,0,0,0.22567100973735718,398.0
Gemma-4-31B-IT,opencode,MMMU-Pro vision,mmmu_pro_test_Agriculture_39,0,1,0.4201964113392063,1711.0
Gemma-4-31B-IT,opencode,MMMU-Pro vision,mmmu_pro_test_Agriculture_4,0,0,0.24349019596206398,459.0
Gemma-4-31B-IT,opencode,MMMU-Pro vision,mmmu_pro_test_Agriculture_42,0,0,0.30558745869388226,1987.0
Gemma-4-31B-IT,opencode,MMMU-Pro vision,mmmu_pro_test_Agriculture_46,0,0,0.22541070906980953,562.0
Gemma-4-31B-IT,opencode,MMMU-Pro vision,mmmu_pro_test_Agriculture_55,0,0,0.41781869980258585,695.0
Gemma-4-31B-IT,opencode,MMMU-Pro vision,mmmu_pro_test_Agriculture_69,0,1,0.05764616985054912,1102.0
Gemma-4-31B-IT,opencode,MMMU-Pro vision,mmmu_pro_test_Agriculture_8,0,1,0.22790231624804572,3343.0
Gemma-4-31B-IT,opencode,MMMU-Pro vision,mmmu_pro_test_Agriculture_92,0,0,0.26885880303943693,2357.0
Gemma-4-31B-IT,opencode,MMMU-Pro vision,mmmu_pro_test_Agriculture_93,0,1,0.32328258916401076,1603.0
Gemma-4-31B-IT,opencode,MMMU-Pro vision,mmmu_pro_test_Architecture_and_Engineering_111,0,1,0.06201796186142496,1033.0
Gemma-4-31B-IT,opencode,MMMU-Pro vision,mmmu_pro_test_Architecture_and_Engineering_113,0,1,0.08530494659430977,3101.0
Gemma-4-31B-IT,opencode,MMMU-Pro vision,mmmu_pro_test_Architecture_and_Engineering_146,0,1,0.14713363186992925,10579.0
Gemma-4-31B-IT,opencode,MMMU-Pro vision,mmmu_pro_test_Architecture_and_Engineering_191,0,1,0.0974964484614475,4786.0
Gemma-4-31B-IT,opencode,MMMU-Pro vision,mmmu_pro_test_Architecture_and_Engineering_206,0,1,0.15769934371905944,6116.0
Gemma-4-31B-IT,opencode,MMMU-Pro vision,mmmu_pro_test_Architecture_and_Engineering_207,0,1,0.20184869272992956,6347.0
Gemma-4-31B-IT,opencode,MMMU-Pro vision,mmmu_pro_test_Architecture_and_Engineering_214,0,0,0.018843500009620137,32766.0
Gemma-4-31B-IT,opencode,MMMU-Pro vision,mmmu_pro_test_Architecture_and_Engineering_242,0,1,0.15004342752345504,6683.0
Gemma-4-31B-IT,opencode,MMMU-Pro vision,mmmu_pro_test_Architecture_and_Engineering_250,0,1,0.07812280747607607,2438.0
Gemma-4-31B-IT,opencode,MMMU-Pro vision,mmmu_pro_test_Architecture_and_Engineering_266,0,0,0.1792570425103854,18085.0
Gemma-4-31B-IT,opencode,MMMU-Pro vision,mmmu_pro_test_Architecture_and_Engineering_278,0,1,0.1712149115652919,1286.0
Gemma-4-31B-IT,opencode,MMMU-Pro vision,mmmu_pro_test_Architecture_and_Engineering_307,0,1,0.08010627887516603,1996.0
Gemma-4-31B-IT,opencode,MMMU-Pro vision,mmmu_pro_test_Architecture_and_Engineering_312,0,1,0.15942411581211047,9519.0
Gemma-4-31B-IT,opencode,MMMU-Pro vision,mmmu_pro_test_Architecture_and_Engineering_320,0,1,0.09274349572949672,4340.0
Gemma-4-31B-IT,opencode,MMMU-Pro vision,mmmu_pro_test_Architecture_and_Engineering_336,0,1,0.084546347905533,1374.0
Gemma-4-31B-IT,opencode,MMMU-Pro vision,mmmu_pro_test_Architecture_and_Engineering_359,0,0,0.016428913446563182,32766.0
Gemma-4-31B-IT,opencode,MMMU-Pro vision,mmmu_pro_test_Architecture_and_Engineering_361,0,1,0.11914502664488058,1701.0
Gemma-4-31B-IT,opencode,MMMU-Pro vision,mmmu_pro_test_Architecture_and_Engineering_391,0,0,0.07898248113577316,38817.0
Gemma-4-31B-IT,opencode,MMMU-Pro vision,mmmu_pro_test_Architecture_and_Engineering_392,0,1,0.09321317853839461,1609.0
Gemma-4-31B-IT,opencode,MMMU-Pro vision,mmmu_pro_test_Architecture_and_Engineering_395,0,0,0.14734217506792935,15620.0
Gemma-4-31B-IT,opencode,MMMU-Pro vision,mmmu_pro_test_Architecture_and_Engineering_403,0,0,0.16652162152838568,13123.0
Gemma-4-31B-IT,opencode,MMMU-Pro vision,mmmu_pro_test_Architecture_and_Engineering_41,0,1,0.09387138987066262,8412.0
Gemma-4-31B-IT,opencode,MMMU-Pro vision,mmmu_pro_test_Architecture_and_Engineering_413,0,1,0.08305882933545666,1053.0
Gemma-4-31B-IT,opencode,MMMU-Pro vision,mmmu_pro_test_Architecture_and_Engineering_416,0,0,0.33264807704044896,5363.0
Gemma-4-31B-IT,opencode,MMMU-Pro vision,mmmu_pro_test_Architecture_and_Engineering_442,0,0,0.03347444596995414,42436.0
Gemma-4-31B-IT,opencode,MMMU-Pro vision,mmmu_pro_test_Architecture_and_Engineering_443,0,1,0.1519790905917304,6511.0
Gemma-4-31B-IT,opencode,MMMU-Pro vision,mmmu_pro_test_Architecture_and_Engineering_457,0,1,0.1210260058308625,6038.0
Gemma-4-31B-IT,opencode,MMMU-Pro vision,mmmu_pro_test_Architecture_and_Engineering_47,0,1,0.20276649361502191,2066.0
Gemma-4-31B-IT,opencode,MMMU-Pro vision,mmmu_pro_test_Architecture_and_Engineering_470,0,0,0.2520456624918812,5878.0
Gemma-4-31B-IT,opencode,MMMU-Pro vision,mmmu_pro_test_Architecture_and_Engineering_473,0,0,0.14755676383023086,29097.0
Gemma-4-31B-IT,opencode,MMMU-Pro vision,mmmu_pro_test_Architecture_and_Engineering_492,0,0,0.18103177159885422,15948.0
Gemma-4-31B-IT,opencode,MMMU-Pro vision,mmmu_pro_test_Architecture_and_Engineering_493,0,1,0.1227769699325902,1713.0
Gemma-4-31B-IT,opencode,MMMU-Pro vision,mmmu_pro_test_Architecture_and_Engineering_503,0,0,0.1635828089567942,14093.0
Gemma-4-31B-IT,opencode,MMMU-Pro vision,mmmu_pro_test_Architecture_and_Engineering_512,0,1,0.102611239401846,2099.0
Gemma-4-31B-IT,opencode,MMMU-Pro vision,mmmu_pro_test_Architecture_and_Engineering_518,0,0,0.014634314240951013,32766.0
Gemma-4-31B-IT,opencode,MMMU-Pro vision,mmmu_pro_test_Architecture_and_Engineering_533,0,1,0.17291001099551534,5081.0
Gemma-4-31B-IT,opencode,MMMU-Pro vision,mmmu_pro_test_Architecture_and_Engineering_77,0,1,0.1655262891661773,4743.0
Gemma-4-31B-IT,opencode,MMMU-Pro vision,mmmu_pro_test_Architecture_and_Engineering_86,0,1,0.12104510043069441,3281.0
Gemma-4-31B-IT,opencode,MMMU-Pro vision,mmmu_pro_test_Art_107,0,0,0.2577715081883875,301.0
Gemma-4-31B-IT,opencode,MMMU-Pro vision,mmmu_pro_test_Art_111,0,1,0.4327898057489608,222.0
Gemma-4-31B-IT,opencode,MMMU-Pro vision,mmmu_pro_test_Art_113,0,1,0.2680053538800294,891.0
Gemma-4-31B-IT,opencode,MMMU-Pro vision,mmmu_pro_test_Art_117,0,1,0.22274489290778554,19545.0
Gemma-4-31B-IT,opencode,MMMU-Pro vision,mmmu_pro_test_Art_12,0,0,0.34373375669049044,1657.0
Gemma-4-31B-IT,opencode,MMMU-Pro vision,mmmu_pro_test_Art_121,0,1,0.26247802457074265,392.0
Gemma-4-31B-IT,opencode,MMMU-Pro vision,mmmu_pro_test_Art_124,0,1,0.39290045770159354,2720.0
Gemma-4-31B-IT,opencode,MMMU-Pro vision,mmmu_pro_test_Art_130,0,0,0.28586810224285053,444.0
Gemma-4-31B-IT,opencode,MMMU-Pro vision,mmmu_pro_test_Art_139,0,1,0.41441456607685645,2188.0
Gemma-4-31B-IT,opencode,MMMU-Pro vision,mmmu_pro_test_Art_147,0,1,0.38233407589159263,551.0
Gemma-4-31B-IT,opencode,MMMU-Pro vision,mmmu_pro_test_Art_159,0,0,0.2915804027636188,2183.0
Gemma-4-31B-IT,opencode,MMMU-Pro vision,mmmu_pro_test_Art_164,0,1,0.17515601799997693,609.0
Gemma-4-31B-IT,opencode,MMMU-Pro vision,mmmu_pro_test_Art_176,0,0,0.3829580383047241,2880.0
Gemma-4-31B-IT,opencode,MMMU-Pro vision,mmmu_pro_test_Art_184,0,1,0.4210630016770579,888.0
Gemma-4-31B-IT,opencode,MMMU-Pro vision,mmmu_pro_test_Art_195,0,1,0.23808709214751725,424.0
Gemma-4-31B-IT,opencode,MMMU-Pro vision,mmmu_pro_test_Art_2,0,1,0.1762768767584895,310.0
Gemma-4-31B-IT,opencode,MMMU-Pro vision,mmmu_pro_test_Art_208,0,0,0.3321735627859016,4606.0
Gemma-4-31B-IT,opencode,MMMU-Pro vision,mmmu_pro_test_Art_21,0,0,0.2928026826609925,551.0
Gemma-4-31B-IT,opencode,MMMU-Pro vision,mmmu_pro_test_Art_224,0,1,0.1815164566720615,387.0
Gemma-4-31B-IT,opencode,MMMU-Pro vision,mmmu_pro_test_Art_227,0,0,0.19228032899492797,560.0
Gemma-4-31B-IT,opencode,MMMU-Pro vision,mmmu_pro_test_Art_231,0,1,0.2715298246739155,454.0
Gemma-4-31B-IT,opencode,MMMU-Pro vision,mmmu_pro_test_Art_24,0,1,0.3177027072390155,2243.0
Gemma-4-31B-IT,opencode,MMMU-Pro vision,mmmu_pro_test_Art_25,0,1,0.14161039175017753,495.0
Gemma-4-31B-IT,opencode,MMMU-Pro vision,mmmu_pro_test_Art_35,0,0,0.45595417730865856,1929.0
Gemma-4-31B-IT,opencode,MMMU-Pro vision,mmmu_pro_test_Art_41,0,1,0.15660225140635603,310.0
Gemma-4-31B-IT,opencode,MMMU-Pro vision,mmmu_pro_test_Art_63,0,1,0.3005042390760986,1603.0
Gemma-4-31B-IT,opencode,MMMU-Pro vision,mmmu_pro_test_Art_67,0,1,0.20555287409286732,1268.0
Gemma-4-31B-IT,opencode,MMMU-Pro vision,mmmu_pro_test_Art_79,0,0,0.26938717827925407,3816.0
Gemma-4-31B-IT,opencode,MMMU-Pro vision,mmmu_pro_test_Art_8,0,0,0.36173931665324555,329.0
Gemma-4-31B-IT,opencode,MMMU-Pro vision,mmmu_pro_test_Art_81,0,1,0.14394755034809947,441.0
Gemma-4-31B-IT,opencode,MMMU-Pro vision,mmmu_pro_test_Art_84,0,0,0.36622757696675257,2742.0
Gemma-4-31B-IT,opencode,MMMU-Pro vision,mmmu_pro_test_Art_87,0,1,0.17875749293503612,307.0
Gemma-4-31B-IT,opencode,MMMU-Pro vision,mmmu_pro_test_Art_9,0,0,0.34721160809352486,1300.0
Gemma-4-31B-IT,opencode,MMMU-Pro vision,mmmu_pro_test_Art_93,0,0,0.3390217824373807,6481.0
Gemma-4-31B-IT,opencode,MMMU-Pro vision,mmmu_pro_test_Art_94,0,1,0.32640267166392173,517.0
Gemma-4-31B-IT,opencode,MMMU-Pro vision,mmmu_pro_test_Art_Theory_11,0,0,0.2766286228146287,510.0
Gemma-4-31B-IT,opencode,MMMU-Pro vision,mmmu_pro_test_Art_Theory_117,0,1,0.4521787997601297,2112.0
Gemma-4-31B-IT,opencode,MMMU-Pro vision,mmmu_pro_test_Art_Theory_131,0,1,0.3837852389004066,1630.0
Gemma-4-31B-IT,opencode,MMMU-Pro vision,mmmu_pro_test_Art_Theory_152,0,0,0.2595638378613774,524.0
Gemma-4-31B-IT,opencode,MMMU-Pro vision,mmmu_pro_test_Art_Theory_156,0,1,0.41906185389827816,1580.0
Gemma-4-31B-IT,opencode,MMMU-Pro vision,mmmu_pro_test_Art_Theory_162,0,1,0.09923672672191837,264.0
Gemma-4-31B-IT,opencode,MMMU-Pro vision,mmmu_pro_test_Art_Theory_168,0,1,0.29382837953628443,1454.0
Gemma-4-31B-IT,opencode,MMMU-Pro vision,mmmu_pro_test_Art_Theory_171,0,1,0.14540343096934277,252.0
Gemma-4-31B-IT,opencode,MMMU-Pro vision,mmmu_pro_test_Art_Theory_19,0,0,0.33838205065629595,3163.0
Gemma-4-31B-IT,opencode,MMMU-Pro vision,mmmu_pro_test_Art_Theory_199,0,1,0.2222805821290616,442.0
Gemma-4-31B-IT,opencode,MMMU-Pro vision,mmmu_pro_test_Art_Theory_208,0,1,0.26133973272922717,492.0
Gemma-4-31B-IT,opencode,MMMU-Pro vision,mmmu_pro_test_Art_Theory_24,0,1,0.11714536884665938,434.0
Gemma-4-31B-IT,opencode,MMMU-Pro vision,mmmu_pro_test_Art_Theory_246,0,0,0.34323087749924625,1976.0
Gemma-4-31B-IT,opencode,MMMU-Pro vision,mmmu_pro_test_Art_Theory_249,0,1,0.3152265578146856,1711.0
Gemma-4-31B-IT,opencode,MMMU-Pro vision,mmmu_pro_test_Art_Theory_25,0,1,0.26735573648928745,662.0
Gemma-4-31B-IT,opencode,MMMU-Pro vision,mmmu_pro_test_Art_Theory_256,0,1,0.14535574297984372,442.0
Gemma-4-31B-IT,opencode,MMMU-Pro vision,mmmu_pro_test_Art_Theory_259,0,1,0.3513689579520796,3254.0
Gemma-4-31B-IT,opencode,MMMU-Pro vision,mmmu_pro_test_Art_Theory_26,0,1,0.12076863705445699,465.0
Gemma-4-31B-IT,opencode,MMMU-Pro vision,mmmu_pro_test_Art_Theory_266,0,1,0.4015872217458905,800.0
Gemma-4-31B-IT,opencode,MMMU-Pro vision,mmmu_pro_test_Art_Theory_273,0,1,0.38091708440868816,1782.0
Gemma-4-31B-IT,opencode,MMMU-Pro vision,mmmu_pro_test_Art_Theory_276,0,1,0.29794265587332425,513.0
Gemma-4-31B-IT,opencode,MMMU-Pro vision,mmmu_pro_test_Art_Theory_289,0,1,0.37858614078994024,931.0
Gemma-4-31B-IT,opencode,MMMU-Pro vision,mmmu_pro_test_Art_Theory_335,0,1,0.3951793484450535,2117.0
Gemma-4-31B-IT,opencode,MMMU-Pro vision,mmmu_pro_test_Art_Theory_375,0,0,0.27066998280746324,806.0
Gemma-4-31B-IT,opencode,MMMU-Pro vision,mmmu_pro_test_Art_Theory_39,0,0,0.38097095971659845,3125.0
Gemma-4-31B-IT,opencode,MMMU-Pro vision,mmmu_pro_test_Art_Theory_403,0,1,0.31289760980652154,489.0
Gemma-4-31B-IT,opencode,MMMU-Pro vision,mmmu_pro_test_Art_Theory_419,0,1,0.21842562839011817,457.0
Gemma-4-31B-IT,opencode,MMMU-Pro vision,mmmu_pro_test_Art_Theory_420,0,1,0.40041173751732106,1060.0
Gemma-4-31B-IT,opencode,MMMU-Pro vision,mmmu_pro_test_Art_Theory_425,0,1,0.47696500455654156,770.0
Gemma-4-31B-IT,opencode,MMMU-Pro vision,mmmu_pro_test_Art_Theory_45,0,1,0.17321088685593894,365.0
Gemma-4-31B-IT,opencode,MMMU-Pro vision,mmmu_pro_test_Art_Theory_52,0,0,0.19866239349238338,479.0
Gemma-4-31B-IT,opencode,MMMU-Pro vision,mmmu_pro_test_Art_Theory_53,0,0,0.21897066040732888,404.0
Gemma-4-31B-IT,opencode,MMMU-Pro vision,mmmu_pro_test_Basic_Medical_Science_100,0,1,0.18578775145840043,664.0
Gemma-4-31B-IT,opencode,MMMU-Pro vision,mmmu_pro_test_Basic_Medical_Science_106,0,1,0.1309943579774583,461.0
Gemma-4-31B-IT,opencode,MMMU-Pro vision,mmmu_pro_test_Basic_Medical_Science_107,0,1,0.280090263378275,437.0
Gemma-4-31B-IT,opencode,MMMU-Pro vision,mmmu_pro_test_Basic_Medical_Science_148,0,1,0.17072420936959826,561.0
Gemma-4-31B-IT,opencode,MMMU-Pro vision,mmmu_pro_test_Basic_Medical_Science_158,0,1,0.15762417007082297,888.0
Gemma-4-31B-IT,opencode,MMMU-Pro vision,mmmu_pro_test_Basic_Medical_Science_177,0,0,0.2962230262207355,786.0
Gemma-4-31B-IT,opencode,MMMU-Pro vision,mmmu_pro_test_Basic_Medical_Science_179,0,1,0.17869208567148434,308.0
Gemma-4-31B-IT,opencode,MMMU-Pro vision,mmmu_pro_test_Basic_Medical_Science_181,0,1,0.2753990120776972,771.0
Gemma-4-31B-IT,opencode,MMMU-Pro vision,mmmu_pro_test_Basic_Medical_Science_209,0,0,0.24035206397260214,588.0
Gemma-4-31B-IT,opencode,MMMU-Pro vision,mmmu_pro_test_Basic_Medical_Science_216,0,1,0.1351422944351007,462.0
Gemma-4-31B-IT,opencode,MMMU-Pro vision,mmmu_pro_test_Basic_Medical_Science_218,0,0,0.22489644323436164,496.0
Gemma-4-31B-IT,opencode,MMMU-Pro vision,mmmu_pro_test_Basic_Medical_Science_219,0,1,0.13929193792739294,708.0
Gemma-4-31B-IT,opencode,MMMU-Pro vision,mmmu_pro_test_Basic_Medical_Science_221,0,1,0.2336328637071,656.0
Gemma-4-31B-IT,opencode,MMMU-Pro vision,mmmu_pro_test_Basic_Medical_Science_222,0,0,0.17802045114368456,377.0
Gemma-4-31B-IT,opencode,MMMU-Pro vision,mmmu_pro_test_Basic_Medical_Science_230,0,1,0.346733652222922,4887.0
Gemma-4-31B-IT,opencode,MMMU-Pro vision,mmmu_pro_test_Basic_Medical_Science_233,0,0,0.22514692808142386,1123.0
Gemma-4-31B-IT,opencode,MMMU-Pro vision,mmmu_pro_test_Basic_Medical_Science_24,0,0,0.21133641043887455,607.0
Gemma-4-31B-IT,opencode,MMMU-Pro vision,mmmu_pro_test_Basic_Medical_Science_240,0,1,0.14008516808265561,1803.0
Gemma-4-31B-IT,opencode,MMMU-Pro vision,mmmu_pro_test_Basic_Medical_Science_247,0,1,0.3105458283902013,993.0
Gemma-4-31B-IT,opencode,MMMU-Pro vision,mmmu_pro_test_Basic_Medical_Science_253,0,1,0.21553867116128136,564.0
Gemma-4-31B-IT,opencode,MMMU-Pro vision,mmmu_pro_test_Basic_Medical_Science_261,0,1,0.16542502175349869,458.0
Gemma-4-31B-IT,opencode,MMMU-Pro vision,mmmu_pro_test_Basic_Medical_Science_262,0,1,0.12652996013450207,975.0
Gemma-4-31B-IT,opencode,MMMU-Pro vision,mmmu_pro_test_Basic_Medical_Science_267,0,0,0.1507315762426138,758.0
Gemma-4-31B-IT,opencode,MMMU-Pro vision,mmmu_pro_test_Basic_Medical_Science_269,0,1,0.1779169153887867,411.0
Gemma-4-31B-IT,opencode,MMMU-Pro vision,mmmu_pro_test_Basic_Medical_Science_27,0,1,0.18112073307046464,519.0
Gemma-4-31B-IT,opencode,MMMU-Pro vision,mmmu_pro_test_Basic_Medical_Science_270,0,1,0.1788885703088397,580.0
Gemma-4-31B-IT,opencode,MMMU-Pro vision,mmmu_pro_test_Basic_Medical_Science_283,0,0,0.24412229337202546,963.0
Gemma-4-31B-IT,opencode,MMMU-Pro vision,mmmu_pro_test_Basic_Medical_Science_29,0,0,0.34424028070588053,4612.0
Gemma-4-31B-IT,opencode,MMMU-Pro vision,mmmu_pro_test_Basic_Medical_Science_291,0,1,0.17719274797694357,717.0
Gemma-4-31B-IT,opencode,MMMU-Pro vision,mmmu_pro_test_Basic_Medical_Science_30,0,1,0.17743354985361115,422.0
Gemma-4-31B-IT,opencode,MMMU-Pro vision,mmmu_pro_test_Basic_Medical_Science_313,0,0,0.2645970805263827,1149.0
Gemma-4-31B-IT,opencode,MMMU-Pro vision,mmmu_pro_test_Basic_Medical_Science_35,0,0,0.20042128371083234,389.0
Gemma-4-31B-IT,opencode,MMMU-Pro vision,mmmu_pro_test_Basic_Medical_Science_41,0,1,0.21230786873519206,744.0
Gemma-4-31B-IT,opencode,MMMU-Pro vision,mmmu_pro_test_Basic_Medical_Science_46,0,1,0.18727650232569373,688.0
Gemma-4-31B-IT,opencode,MMMU-Pro vision,mmmu_pro_test_Basic_Medical_Science_72,0,0,0.2576089988877971,1912.0
Gemma-4-31B-IT,opencode,MMMU-Pro vision,mmmu_pro_test_Basic_Medical_Science_76,0,1,0.1282698611390191,684.0
Gemma-4-31B-IT,opencode,MMMU-Pro vision,mmmu_pro_test_Basic_Medical_Science_95,0,0,0.2895888388496464,1940.0
Gemma-4-31B-IT,opencode,MMMU-Pro vision,mmmu_pro_test_Basic_Medical_Science_98,0,1,0.153924777683785,391.0
Gemma-4-31B-IT,opencode,MMMU-Pro vision,mmmu_pro_test_Biology_12,0,1,0.1548544336668867,444.0
Gemma-4-31B-IT,opencode,MMMU-Pro vision,mmmu_pro_test_Biology_132,0,0,0.23365868174329185,936.0
Gemma-4-31B-IT,opencode,MMMU-Pro vision,mmmu_pro_test_Biology_138,0,0,0.032757432080183786,32766.0
Gemma-4-31B-IT,opencode,MMMU-Pro vision,mmmu_pro_test_Biology_142,0,1,0.19593726489876323,785.0
Gemma-4-31B-IT,opencode,MMMU-Pro vision,mmmu_pro_test_Biology_146,0,1,0.21835454010091512,575.0
Gemma-4-31B-IT,opencode,MMMU-Pro vision,mmmu_pro_test_Biology_153,0,0,0.22674546212552432,993.0
Gemma-4-31B-IT,opencode,MMMU-Pro vision,mmmu_pro_test_Biology_156,0,0,0.34345881965960295,1424.0
Gemma-4-31B-IT,opencode,MMMU-Pro vision,mmmu_pro_test_Biology_157,0,0,0.3052485097368368,799.0
Gemma-4-31B-IT,opencode,MMMU-Pro vision,mmmu_pro_test_Biology_160,0,1,0.4350953236898521,2639.0
Gemma-4-31B-IT,opencode,MMMU-Pro vision,mmmu_pro_test_Biology_175,0,0,0.03591726205738465,32766.0
Gemma-4-31B-IT,opencode,MMMU-Pro vision,mmmu_pro_test_Biology_183,0,1,0.17995276797423118,759.0
Gemma-4-31B-IT,opencode,MMMU-Pro vision,mmmu_pro_test_Biology_19,0,1,0.2335754769126383,619.0
Gemma-4-31B-IT,opencode,MMMU-Pro vision,mmmu_pro_test_Biology_195,0,0,0.2742915909051453,7047.0
Gemma-4-31B-IT,opencode,MMMU-Pro vision,mmmu_pro_test_Biology_196,0,0,0.2184855429827677,418.0
Gemma-4-31B-IT,opencode,MMMU-Pro vision,mmmu_pro_test_Biology_231,0,1,0.24383616738367933,1483.0
Gemma-4-31B-IT,opencode,MMMU-Pro vision,mmmu_pro_test_Biology_249,0,1,0.15480576010756125,696.0
Gemma-4-31B-IT,opencode,MMMU-Pro vision,mmmu_pro_test_Biology_259,0,0,0.26911122122390824,3123.0
Gemma-4-31B-IT,opencode,MMMU-Pro vision,mmmu_pro_test_Biology_267,0,0,0.25016893511828725,633.0
Gemma-4-31B-IT,opencode,MMMU-Pro vision,mmmu_pro_test_Biology_285,0,0,0.24513988918877197,627.0
Gemma-4-31B-IT,opencode,MMMU-Pro vision,mmmu_pro_test_Biology_295,0,1,0.21957239894376404,2493.0
Gemma-4-31B-IT,opencode,MMMU-Pro vision,mmmu_pro_test_Biology_302,0,1,0.12670982536837255,368.0
Gemma-4-31B-IT,opencode,MMMU-Pro vision,mmmu_pro_test_Biology_307,0,0,0.22162840495322417,9527.0
Gemma-4-31B-IT,opencode,MMMU-Pro vision,mmmu_pro_test_Biology_310,0,1,0.22334745037776815,726.0
Gemma-4-31B-IT,opencode,MMMU-Pro vision,mmmu_pro_test_Biology_316,0,1,0.2186975819533223,781.0
Gemma-4-31B-IT,opencode,MMMU-Pro vision,mmmu_pro_test_Biology_318,0,0,0.2104198600161466,1000.0
Gemma-4-31B-IT,opencode,MMMU-Pro vision,mmmu_pro_test_Biology_321,0,0,0.1295109703293369,12224.0
Gemma-4-31B-IT,opencode,MMMU-Pro vision,mmmu_pro_test_Biology_328,0,1,0.2298919770514957,22801.0
Gemma-4-31B-IT,opencode,MMMU-Pro vision,mmmu_pro_test_Biology_33,0,1,0.14651790307948573,798.0
Gemma-4-31B-IT,opencode,MMMU-Pro vision,mmmu_pro_test_Biology_334,0,0,0.22483811488115846,964.0
Gemma-4-31B-IT,opencode,MMMU-Pro vision,mmmu_pro_test_Biology_341,0,1,0.2577043069882021,1657.0
Gemma-4-31B-IT,opencode,MMMU-Pro vision,mmmu_pro_test_Biology_40,0,1,0.19180692586384443,369.0
Gemma-4-31B-IT,opencode,MMMU-Pro vision,mmmu_pro_test_Biology_46,0,0,0.184056817195341,9276.0
Gemma-4-31B-IT,opencode,MMMU-Pro vision,mmmu_pro_test_Biology_47,0,1,0.16713674723389663,516.0
Gemma-4-31B-IT,opencode,MMMU-Pro vision,mmmu_pro_test_Biology_59,0,1,0.219481603331902,387.0
Gemma-4-31B-IT,opencode,MMMU-Pro vision,mmmu_pro_test_Biology_60,0,0,0.025317155201356814,32766.0
Gemma-4-31B-IT,opencode,MMMU-Pro vision,mmmu_pro_test_Biology_76,0,1,0.07776247289303932,1134.0
Gemma-4-31B-IT,opencode,MMMU-Pro vision,mmmu_pro_test_Biology_79,0,1,0.22143637399928606,345.0
Gemma-4-31B-IT,opencode,MMMU-Pro vision,mmmu_pro_test_Biology_8,0,1,0.1457732462098717,1574.0
Gemma-4-31B-IT,opencode,MMMU-Pro vision,mmmu_pro_test_Biology_88,0,1,0.18031417613912007,369.0
Gemma-4-31B-IT,opencode,MMMU-Pro vision,mmmu_pro_test_Chemistry_102,0,1,0.13213149007531944,1050.0
Gemma-4-31B-IT,opencode,MMMU-Pro vision,mmmu_pro_test_Chemistry_11,0,1,0.19897174026933376,2599.0
Gemma-4-31B-IT,opencode,MMMU-Pro vision,mmmu_pro_test_Chemistry_147,0,1,0.15416769280853324,3563.0
Gemma-4-31B-IT,opencode,MMMU-Pro vision,mmmu_pro_test_Chemistry_185,0,1,0.3151235512906312,1581.0
Gemma-4-31B-IT,opencode,MMMU-Pro vision,mmmu_pro_test_Chemistry_189,0,1,0.37146471824984617,3136.0
Gemma-4-31B-IT,opencode,MMMU-Pro vision,mmmu_pro_test_Chemistry_193,0,1,0.18470622550441468,666.0
Gemma-4-31B-IT,opencode,MMMU-Pro vision,mmmu_pro_test_Chemistry_197,0,0,0.13355195399788014,628.0
Gemma-4-31B-IT,opencode,MMMU-Pro vision,mmmu_pro_test_Chemistry_21,0,1,0.25550890325562947,2275.0
Gemma-4-31B-IT,opencode,MMMU-Pro vision,mmmu_pro_test_Chemistry_216,0,0,0.3147775218439206,1469.0
Gemma-4-31B-IT,opencode,MMMU-Pro vision,mmmu_pro_test_Chemistry_233,0,1,0.12421320241820195,1218.0
Gemma-4-31B-IT,opencode,MMMU-Pro vision,mmmu_pro_test_Chemistry_240,0,0,0.2508280583622356,4305.0
Gemma-4-31B-IT,opencode,MMMU-Pro vision,mmmu_pro_test_Chemistry_287,0,1,0.08462251902189169,609.0
Gemma-4-31B-IT,opencode,MMMU-Pro vision,mmmu_pro_test_Chemistry_30,0,1,0.08473665211140509,1977.0
Gemma-4-31B-IT,opencode,MMMU-Pro vision,mmmu_pro_test_Chemistry_314,0,1,0.15645581858633206,1157.0
Gemma-4-31B-IT,opencode,MMMU-Pro vision,mmmu_pro_test_Chemistry_326,0,1,0.21324418314021323,1538.0
Gemma-4-31B-IT,opencode,MMMU-Pro vision,mmmu_pro_test_Chemistry_345,0,0,0.22454535931025438,1306.0
Gemma-4-31B-IT,opencode,MMMU-Pro vision,mmmu_pro_test_Chemistry_353,0,1,0.09619048785874003,983.0
Gemma-4-31B-IT,opencode,MMMU-Pro vision,mmmu_pro_test_Chemistry_354,0,0,0.17190077809471213,4122.0
Gemma-4-31B-IT,opencode,MMMU-Pro vision,mmmu_pro_test_Chemistry_362,0,1,0.195123083694742,682.0
Gemma-4-31B-IT,opencode,MMMU-Pro vision,mmmu_pro_test_Chemistry_366,0,1,0.1843965491925584,1036.0
Gemma-4-31B-IT,opencode,MMMU-Pro vision,mmmu_pro_test_Chemistry_40,0,1,0.20515068516437981,1232.0
Gemma-4-31B-IT,opencode,MMMU-Pro vision,mmmu_pro_test_Chemistry_400,0,1,0.1620016541552722,683.0
Gemma-4-31B-IT,opencode,MMMU-Pro vision,mmmu_pro_test_Chemistry_417,0,1,0.1145888517208048,1054.0
Gemma-4-31B-IT,opencode,MMMU-Pro vision,mmmu_pro_test_Chemistry_43,0,1,0.17943560410848206,1270.0
Gemma-4-31B-IT,opencode,MMMU-Pro vision,mmmu_pro_test_Chemistry_447,0,0,0.18739366017590312,848.0
Gemma-4-31B-IT,opencode,MMMU-Pro vision,mmmu_pro_test_Chemistry_451,0,0,0.3432749126214242,3484.0
Gemma-4-31B-IT,opencode,MMMU-Pro vision,mmmu_pro_test_Chemistry_461,0,0,0.27711726496333977,2962.0
Gemma-4-31B-IT,opencode,MMMU-Pro vision,mmmu_pro_test_Chemistry_471,0,1,0.20005592946402576,1475.0
Gemma-4-31B-IT,opencode,MMMU-Pro vision,mmmu_pro_test_Chemistry_481,0,1,0.20909927574132556,633.0
Gemma-4-31B-IT,opencode,MMMU-Pro vision,mmmu_pro_test_Chemistry_5,0,1,0.16342736778028683,359.0
Gemma-4-31B-IT,opencode,MMMU-Pro vision,mmmu_pro_test_Chemistry_524,0,1,0.20893393345130243,2613.0
Gemma-4-31B-IT,opencode,MMMU-Pro vision,mmmu_pro_test_Chemistry_526,0,1,0.17981949685519333,4663.0
Gemma-4-31B-IT,opencode,MMMU-Pro vision,mmmu_pro_test_Chemistry_537,0,1,0.11460522237110728,1590.0
Gemma-4-31B-IT,opencode,MMMU-Pro vision,mmmu_pro_test_Chemistry_541,0,1,0.24752364185615688,855.0
Gemma-4-31B-IT,opencode,MMMU-Pro vision,mmmu_pro_test_Chemistry_546,0,1,0.15550768242082486,11780.0
Gemma-4-31B-IT,opencode,MMMU-Pro vision,mmmu_pro_test_Chemistry_555,0,1,0.08711030327839864,574.0
Gemma-4-31B-IT,opencode,MMMU-Pro vision,mmmu_pro_test_Chemistry_560,0,0,0.01102061989601098,32766.0
Gemma-4-31B-IT,opencode,MMMU-Pro vision,mmmu_pro_test_Chemistry_570,0,1,0.1572337033989162,638.0
Gemma-4-31B-IT,opencode,MMMU-Pro vision,mmmu_pro_test_Chemistry_582,0,1,0.2170804953005633,1429.0
Gemma-4-31B-IT,opencode,MMMU-Pro vision,mmmu_pro_test_Chemistry_61,0,0,0.14056055994146321,826.0
Gemma-4-31B-IT,opencode,MMMU-Pro vision,mmmu_pro_test_Chemistry_94,0,0,0.11566652688769036,1062.0
Gemma-4-31B-IT,opencode,MMMU-Pro vision,mmmu_pro_test_Chemistry_96,0,0,0.028417217125742918,32766.0
Gemma-4-31B-IT,opencode,MMMU-Pro vision,mmmu_pro_test_Clinical_Medicine_1,0,1,0.3026678264773352,1226.0
Gemma-4-31B-IT,opencode,MMMU-Pro vision,mmmu_pro_test_Clinical_Medicine_100,0,1,0.17167412977101387,380.0
Gemma-4-31B-IT,opencode,MMMU-Pro vision,mmmu_pro_test_Clinical_Medicine_108,0,0,0.3541519594565344,817.0
Gemma-4-31B-IT,opencode,MMMU-Pro vision,mmmu_pro_test_Clinical_Medicine_114,0,1,0.37487217525784516,1145.0
Gemma-4-31B-IT,opencode,MMMU-Pro vision,mmmu_pro_test_Clinical_Medicine_115,0,1,0.34403985403573284,5051.0
Gemma-4-31B-IT,opencode,MMMU-Pro vision,mmmu_pro_test_Clinical_Medicine_118,0,1,0.207828221900197,942.0
Gemma-4-31B-IT,opencode,MMMU-Pro vision,mmmu_pro_test_Clinical_Medicine_126,0,1,0.29671516315936164,735.0
Gemma-4-31B-IT,opencode,MMMU-Pro vision,mmmu_pro_test_Clinical_Medicine_127,0,0,0.3130658955203478,2328.0
Gemma-4-31B-IT,opencode,MMMU-Pro vision,mmmu_pro_test_Clinical_Medicine_128,0,1,0.2880431847709172,828.0
Gemma-4-31B-IT,opencode,MMMU-Pro vision,mmmu_pro_test_Clinical_Medicine_131,0,0,0.3076253872132973,754.0
Gemma-4-31B-IT,opencode,MMMU-Pro vision,mmmu_pro_test_Clinical_Medicine_133,0,1,0.2125209471984722,488.0
Gemma-4-31B-IT,opencode,MMMU-Pro vision,mmmu_pro_test_Clinical_Medicine_147,0,1,0.4515045637140019,702.0
Gemma-4-31B-IT,opencode,MMMU-Pro vision,mmmu_pro_test_Clinical_Medicine_148,0,1,0.25858850342997386,652.0
Gemma-4-31B-IT,opencode,MMMU-Pro vision,mmmu_pro_test_Clinical_Medicine_153,0,1,0.37545797299418193,1034.0
Gemma-4-31B-IT,opencode,MMMU-Pro vision,mmmu_pro_test_Clinical_Medicine_164,0,1,0.20086628072030502,846.0
Gemma-4-31B-IT,opencode,MMMU-Pro vision,mmmu_pro_test_Clinical_Medicine_165,0,1,0.2428287448176994,750.0
Gemma-4-31B-IT,opencode,MMMU-Pro vision,mmmu_pro_test_Clinical_Medicine_172,0,1,0.28631937271650065,707.0
Gemma-4-31B-IT,opencode,MMMU-Pro vision,mmmu_pro_test_Clinical_Medicine_173,0,1,0.2743806311848296,505.0
Gemma-4-31B-IT,opencode,MMMU-Pro vision,mmmu_pro_test_Clinical_Medicine_189,0,0,0.24422809567843953,814.0
Gemma-4-31B-IT,opencode,MMMU-Pro vision,mmmu_pro_test_Clinical_Medicine_206,0,0,0.30622633810347094,605.0
Gemma-4-31B-IT,opencode,MMMU-Pro vision,mmmu_pro_test_Clinical_Medicine_214,0,1,0.2787974821595865,529.0
Gemma-4-31B-IT,opencode,MMMU-Pro vision,mmmu_pro_test_Clinical_Medicine_232,0,0,0.3251582522910193,1748.0
Gemma-4-31B-IT,opencode,MMMU-Pro vision,mmmu_pro_test_Clinical_Medicine_235,0,1,0.18731295479259244,2025.0
Gemma-4-31B-IT,opencode,MMMU-Pro vision,mmmu_pro_test_Clinical_Medicine_247,0,1,0.26436650681704005,1079.0
Gemma-4-31B-IT,opencode,MMMU-Pro vision,mmmu_pro_test_Clinical_Medicine_260,0,1,0.26495710946137524,819.0
Gemma-4-31B-IT,opencode,MMMU-Pro vision,mmmu_pro_test_Clinical_Medicine_278,0,0,0.2442638228721317,864.0
Gemma-4-31B-IT,opencode,MMMU-Pro vision,mmmu_pro_test_Clinical_Medicine_283,0,0,0.29972731685844417,868.0
Gemma-4-31B-IT,opencode,MMMU-Pro vision,mmmu_pro_test_Clinical_Medicine_298,0,0,0.31422141041871066,1838.0
Gemma-4-31B-IT,opencode,MMMU-Pro vision,mmmu_pro_test_Clinical_Medicine_302,0,1,0.14994595814508602,657.0
Gemma-4-31B-IT,opencode,MMMU-Pro vision,mmmu_pro_test_Clinical_Medicine_312,0,1,0.17237894030177847,485.0
Gemma-4-31B-IT,opencode,MMMU-Pro vision,mmmu_pro_test_Clinical_Medicine_314,0,1,0.34154325793853474,1678.0
Gemma-4-31B-IT,opencode,MMMU-Pro vision,mmmu_pro_test_Clinical_Medicine_316,0,1,0.2858973725796626,980.0
Gemma-4-31B-IT,opencode,MMMU-Pro vision,mmmu_pro_test_Clinical_Medicine_33,0,0,0.03449109164224531,32766.0
Gemma-4-31B-IT,opencode,MMMU-Pro vision,mmmu_pro_test_Clinical_Medicine_45,0,0,0.2580711888829798,600.0
Gemma-4-31B-IT,opencode,MMMU-Pro vision,mmmu_pro_test_Clinical_Medicine_55,0,1,0.33743249058729474,570.0
Gemma-4-31B-IT,opencode,MMMU-Pro vision,mmmu_pro_test_Clinical_Medicine_68,0,0,0.3230623850363144,910.0
Gemma-4-31B-IT,opencode,MMMU-Pro vision,mmmu_pro_test_Clinical_Medicine_69,0,1,0.24870205610952104,531.0
Gemma-4-31B-IT,opencode,MMMU-Pro vision,mmmu_pro_test_Clinical_Medicine_73,0,0,0.26141259724972354,524.0
Gemma-4-31B-IT,opencode,MMMU-Pro vision,mmmu_pro_test_Clinical_Medicine_91,0,1,0.28343519803608686,477.0
Gemma-4-31B-IT,opencode,MMMU-Pro vision,mmmu_pro_test_Clinical_Medicine_92,0,0,0.3400814510753327,2064.0
Gemma-4-31B-IT,opencode,MMMU-Pro vision,mmmu_pro_test_Clinical_Medicine_95,0,1,0.24502210780683814,903.0
Gemma-4-31B-IT,opencode,MMMU-Pro vision,mmmu_pro_test_Computer_Science_12,0,1,0.10109021339950308,5059.0
Gemma-4-31B-IT,opencode,MMMU-Pro vision,mmmu_pro_test_Computer_Science_120,0,1,0.08298742751723319,540.0
Gemma-4-31B-IT,opencode,MMMU-Pro vision,mmmu_pro_test_Computer_Science_123,0,1,0.08063562381373328,3741.0
Gemma-4-31B-IT,opencode,MMMU-Pro vision,mmmu_pro_test_Computer_Science_124,0,1,0.07530964285198322,616.0
Gemma-4-31B-IT,opencode,MMMU-Pro vision,mmmu_pro_test_Computer_Science_14,0,0,0.24698087291007303,573.0
Gemma-4-31B-IT,opencode,MMMU-Pro vision,mmmu_pro_test_Computer_Science_140,0,0,0.09486163007937863,1621.0
Gemma-4-31B-IT,opencode,MMMU-Pro vision,mmmu_pro_test_Computer_Science_141,0,0,0.14069228361679836,8176.0
Gemma-4-31B-IT,opencode,MMMU-Pro vision,mmmu_pro_test_Computer_Science_151,0,1,0.3299092172583789,2152.0
Gemma-4-31B-IT,opencode,MMMU-Pro vision,mmmu_pro_test_Computer_Science_156,0,1,0.15529904764076888,1615.0
Gemma-4-31B-IT,opencode,MMMU-Pro vision,mmmu_pro_test_Computer_Science_158,0,0,0.16411182915921,7078.0
Gemma-4-31B-IT,opencode,MMMU-Pro vision,mmmu_pro_test_Computer_Science_164,0,0,0.03432211093528197,32766.0
Gemma-4-31B-IT,opencode,MMMU-Pro vision,mmmu_pro_test_Computer_Science_184,0,1,0.1509097835518512,1080.0
Gemma-4-31B-IT,opencode,MMMU-Pro vision,mmmu_pro_test_Computer_Science_198,0,0,0.2088601379058092,1413.0
Gemma-4-31B-IT,opencode,MMMU-Pro vision,mmmu_pro_test_Computer_Science_203,0,1,0.25711179551255525,579.0
Gemma-4-31B-IT,opencode,MMMU-Pro vision,mmmu_pro_test_Computer_Science_226,0,0,0.27755887563614373,1003.0
Gemma-4-31B-IT,opencode,MMMU-Pro vision,mmmu_pro_test_Computer_Science_227,0,1,0.13085642316088894,1688.0
Gemma-4-31B-IT,opencode,MMMU-Pro vision,mmmu_pro_test_Computer_Science_228,0,0,0.2691173786705577,2508.0
Gemma-4-31B-IT,opencode,MMMU-Pro vision,mmmu_pro_test_Computer_Science_249,0,1,0.23086227014296487,1623.0
Gemma-4-31B-IT,opencode,MMMU-Pro vision,mmmu_pro_test_Computer_Science_250,0,1,0.10234095259629933,452.0
Gemma-4-31B-IT,opencode,MMMU-Pro vision,mmmu_pro_test_Computer_Science_266,0,1,0.2035217677206775,3295.0
Gemma-4-31B-IT,opencode,MMMU-Pro vision,mmmu_pro_test_Computer_Science_273,0,1,0.19414142065246148,2157.0
Gemma-4-31B-IT,opencode,MMMU-Pro vision,mmmu_pro_test_Computer_Science_276,0,1,0.2891950681505466,2349.0
Gemma-4-31B-IT,opencode,MMMU-Pro vision,mmmu_pro_test_Computer_Science_307,0,0,0.24317432185825238,4459.0
Gemma-4-31B-IT,opencode,MMMU-Pro vision,mmmu_pro_test_Computer_Science_309,0,1,0.08742733437549387,958.0
Gemma-4-31B-IT,opencode,MMMU-Pro vision,mmmu_pro_test_Computer_Science_313,0,1,0.2871062637861555,5909.0
Gemma-4-31B-IT,opencode,MMMU-Pro vision,mmmu_pro_test_Computer_Science_317,0,1,0.18670834252908228,3195.0
Gemma-4-31B-IT,opencode,MMMU-Pro vision,mmmu_pro_test_Computer_Science_334,0,1,0.14162676643831815,2582.0
Gemma-4-31B-IT,opencode,MMMU-Pro vision,mmmu_pro_test_Computer_Science_351,0,1,0.25428251325444057,6070.0
Gemma-4-31B-IT,opencode,MMMU-Pro vision,mmmu_pro_test_Computer_Science_353,0,1,0.16969054405150383,662.0
Gemma-4-31B-IT,opencode,MMMU-Pro vision,mmmu_pro_test_Computer_Science_363,0,1,0.15127292389540709,6120.0
Gemma-4-31B-IT,opencode,MMMU-Pro vision,mmmu_pro_test_Computer_Science_367,0,1,0.15130947479251636,513.0
Gemma-4-31B-IT,opencode,MMMU-Pro vision,mmmu_pro_test_Computer_Science_369,0,1,0.13087504723393278,851.0
Gemma-4-31B-IT,opencode,MMMU-Pro vision,mmmu_pro_test_Computer_Science_39,0,0,0.04428580331725111,32766.0
Gemma-4-31B-IT,opencode,MMMU-Pro vision,mmmu_pro_test_Computer_Science_50,0,0,0.22057787724471023,4783.0
Gemma-4-31B-IT,opencode,MMMU-Pro vision,mmmu_pro_test_Computer_Science_51,0,0,0.13881577881896942,11591.0
Gemma-4-31B-IT,opencode,MMMU-Pro vision,mmmu_pro_test_Computer_Science_61,0,0,0.041209987542308604,32766.0
Gemma-4-31B-IT,opencode,MMMU-Pro vision,mmmu_pro_test_Computer_Science_68,0,0,0.20500874290699134,1564.0
Gemma-4-31B-IT,opencode,MMMU-Pro vision,mmmu_pro_test_Computer_Science_69,0,1,0.07313487973922474,1127.0
Gemma-4-31B-IT,opencode,MMMU-Pro vision,mmmu_pro_test_Computer_Science_70,0,1,0.26886970319380404,606.0
Gemma-4-31B-IT,opencode,MMMU-Pro vision,mmmu_pro_test_Computer_Science_77,0,1,0.1806323770154609,5924.0
Gemma-4-31B-IT,opencode,MMMU-Pro vision,mmmu_pro_test_Computer_Science_89,0,0,0.008370080444447167,32766.0
Gemma-4-31B-IT,opencode,MMMU-Pro vision,mmmu_pro_test_Design_100,0,1,0.29066160109001854,523.0
Gemma-4-31B-IT,opencode,MMMU-Pro vision,mmmu_pro_test_Design_110,0,0,0.37827165656159956,635.0
Gemma-4-31B-IT,opencode,MMMU-Pro vision,mmmu_pro_test_Design_112,0,1,0.18366251028190536,294.0
Gemma-4-31B-IT,opencode,MMMU-Pro vision,mmmu_pro_test_Design_119,0,1,0.208299234752627,661.0
Gemma-4-31B-IT,opencode,MMMU-Pro vision,mmmu_pro_test_Design_125,0,1,0.4314426995366086,535.0
Gemma-4-31B-IT,opencode,MMMU-Pro vision,mmmu_pro_test_Design_126,0,1,0.24213833566090245,427.0
Gemma-4-31B-IT,opencode,MMMU-Pro vision,mmmu_pro_test_Design_130,0,1,0.29845035306232887,309.0
Gemma-4-31B-IT,opencode,MMMU-Pro vision,mmmu_pro_test_Design_135,0,1,0.3723482649353007,840.0
Gemma-4-31B-IT,opencode,MMMU-Pro vision,mmmu_pro_test_Design_139,0,0,0.3406634884940437,1467.0
Gemma-4-31B-IT,opencode,MMMU-Pro vision,mmmu_pro_test_Design_143,0,1,0.28611161425008036,468.0
Gemma-4-31B-IT,opencode,MMMU-Pro vision,mmmu_pro_test_Design_144,0,1,0.22806901916587385,1404.0
Gemma-4-31B-IT,opencode,MMMU-Pro vision,mmmu_pro_test_Design_146,0,1,0.3121042893153562,574.0
Gemma-4-31B-IT,opencode,MMMU-Pro vision,mmmu_pro_test_Design_148,0,1,0.37143074581776836,5305.0
Gemma-4-31B-IT,opencode,MMMU-Pro vision,mmmu_pro_test_Design_154,0,0,0.2127481872414755,621.0
Gemma-4-31B-IT,opencode,MMMU-Pro vision,mmmu_pro_test_Design_159,0,0,0.4327682847023112,1395.0
Gemma-4-31B-IT,opencode,MMMU-Pro vision,mmmu_pro_test_Design_162,0,1,0.12898014685124498,221.0
Gemma-4-31B-IT,opencode,MMMU-Pro vision,mmmu_pro_test_Design_168,0,1,0.2363141208683128,409.0
Gemma-4-31B-IT,opencode,MMMU-Pro vision,mmmu_pro_test_Design_18,0,0,0.08976154887643785,37900.0
Gemma-4-31B-IT,opencode,MMMU-Pro vision,mmmu_pro_test_Design_2,0,1,0.3452385581972606,984.0
Gemma-4-31B-IT,opencode,MMMU-Pro vision,mmmu_pro_test_Design_20,0,0,0.4077588547384216,944.0
Gemma-4-31B-IT,opencode,MMMU-Pro vision,mmmu_pro_test_Design_25,0,1,0.2924622435489233,1028.0
Gemma-4-31B-IT,opencode,MMMU-Pro vision,mmmu_pro_test_Design_27,0,0,0.3102057277668839,741.0
Gemma-4-31B-IT,opencode,MMMU-Pro vision,mmmu_pro_test_Design_33,0,1,0.16198709230876268,346.0
Gemma-4-31B-IT,opencode,MMMU-Pro vision,mmmu_pro_test_Design_39,0,1,0.11109233663177412,244.0
Gemma-4-31B-IT,opencode,MMMU-Pro vision,mmmu_pro_test_Design_4,0,1,0.21191543005827732,393.0
Gemma-4-31B-IT,opencode,MMMU-Pro vision,mmmu_pro_test_Design_45,0,1,0.30172672816967283,538.0
Gemma-4-31B-IT,opencode,MMMU-Pro vision,mmmu_pro_test_Design_48,0,1,0.21431500498403988,270.0
Gemma-4-31B-IT,opencode,MMMU-Pro vision,mmmu_pro_test_Design_5,0,1,0.18635315957244175,698.0
Gemma-4-31B-IT,opencode,MMMU-Pro vision,mmmu_pro_test_Design_53,0,1,0.25142788071708305,589.0
Gemma-4-31B-IT,opencode,MMMU-Pro vision,mmmu_pro_test_Design_56,0,0,0.18719507567415883,649.0
Gemma-4-31B-IT,opencode,MMMU-Pro vision,mmmu_pro_test_Design_60,0,1,0.2726614245305096,416.0
Gemma-4-31B-IT,opencode,MMMU-Pro vision,mmmu_pro_test_Design_62,0,1,0.38054617432219345,1680.0
Gemma-4-31B-IT,opencode,MMMU-Pro vision,mmmu_pro_test_Design_66,0,0,0.3362645016325827,4298.0
Gemma-4-31B-IT,opencode,MMMU-Pro vision,mmmu_pro_test_Design_69,0,1,0.23030403373482652,553.0
Gemma-4-31B-IT,opencode,MMMU-Pro vision,mmmu_pro_test_Design_7,0,0,0.3251639980321779,2475.0
Gemma-4-31B-IT,opencode,MMMU-Pro vision,mmmu_pro_test_Design_72,0,1,0.1440800860983967,460.0
Gemma-4-31B-IT,opencode,MMMU-Pro vision,mmmu_pro_test_Design_79,0,1,0.2850288681757792,440.0
Gemma-4-31B-IT,opencode,MMMU-Pro vision,mmmu_pro_test_Design_8,0,1,0.32531506621421746,442.0
Gemma-4-31B-IT,opencode,MMMU-Pro vision,mmmu_pro_test_Design_80,0,1,0.36555499075206205,1695.0
Gemma-4-31B-IT,opencode,MMMU-Pro vision,mmmu_pro_test_Design_82,0,0,0.40907538473771093,3737.0
Gemma-4-31B-IT,opencode,MMMU-Pro vision,mmmu_pro_test_Design_84,0,1,0.3134637906453793,779.0
Gemma-4-31B-IT,opencode,MMMU-Pro vision,mmmu_pro_test_Design_87,0,1,0.3252232013173482,1269.0
Gemma-4-31B-IT,opencode,MMMU-Pro vision,mmmu_pro_test_Design_91,0,1,0.2913836179334279,556.0
Gemma-4-31B-IT,opencode,MMMU-Pro vision,mmmu_pro_test_Design_95,0,0,0.3105150189798708,1288.0
Gemma-4-31B-IT,opencode,MMMU-Pro vision,mmmu_pro_test_Design_96,0,1,0.13457669675166714,335.0
Gemma-4-31B-IT,opencode,MMMU-Pro vision,mmmu_pro_test_Diagnostics_and_Laboratory_Medicine_101,0,0,0.02982162527216737,33283.0
Gemma-4-31B-IT,opencode,MMMU-Pro vision,mmmu_pro_test_Diagnostics_and_Laboratory_Medicine_104,0,0,0.3407510394146348,4104.0
Gemma-4-31B-IT,opencode,MMMU-Pro vision,mmmu_pro_test_Diagnostics_and_Laboratory_Medicine_109,0,1,0.3007796104448496,1078.0
Gemma-4-31B-IT,opencode,MMMU-Pro vision,mmmu_pro_test_Diagnostics_and_Laboratory_Medicine_116,0,0,0.3600430457014989,753.0
Gemma-4-31B-IT,opencode,MMMU-Pro vision,mmmu_pro_test_Diagnostics_and_Laboratory_Medicine_126,0,1,0.3158190720520646,1076.0
Gemma-4-31B-IT,opencode,MMMU-Pro vision,mmmu_pro_test_Diagnostics_and_Laboratory_Medicine_131,0,1,0.26190728916555356,431.0
Gemma-4-31B-IT,opencode,MMMU-Pro vision,mmmu_pro_test_Diagnostics_and_Laboratory_Medicine_133,0,1,0.35370560968975495,1311.0
Gemma-4-31B-IT,opencode,MMMU-Pro vision,mmmu_pro_test_Diagnostics_and_Laboratory_Medicine_135,0,0,0.38807143107609104,1112.0
Gemma-4-31B-IT,opencode,MMMU-Pro vision,mmmu_pro_test_Diagnostics_and_Laboratory_Medicine_14,0,0,0.355106746824376,2085.0
Gemma-4-31B-IT,opencode,MMMU-Pro vision,mmmu_pro_test_Diagnostics_and_Laboratory_Medicine_140,0,1,0.42705318230847217,1598.0
Gemma-4-31B-IT,opencode,MMMU-Pro vision,mmmu_pro_test_Diagnostics_and_Laboratory_Medicine_143,0,0,0.3541472991000992,819.0
Gemma-4-31B-IT,opencode,MMMU-Pro vision,mmmu_pro_test_Diagnostics_and_Laboratory_Medicine_144,0,0,0.37160561390705904,614.0
Gemma-4-31B-IT,opencode,MMMU-Pro vision,mmmu_pro_test_Diagnostics_and_Laboratory_Medicine_147,0,0,0.3086465839178778,1148.0
Gemma-4-31B-IT,opencode,MMMU-Pro vision,mmmu_pro_test_Diagnostics_and_Laboratory_Medicine_154,0,0,0.3566411499567024,2895.0
Gemma-4-31B-IT,opencode,MMMU-Pro vision,mmmu_pro_test_Diagnostics_and_Laboratory_Medicine_159,0,1,0.3862387459370804,1171.0
Gemma-4-31B-IT,opencode,MMMU-Pro vision,mmmu_pro_test_Diagnostics_and_Laboratory_Medicine_16,0,1,0.2517008351503591,521.0
Gemma-4-31B-IT,opencode,MMMU-Pro vision,mmmu_pro_test_Diagnostics_and_Laboratory_Medicine_161,0,1,0.29342034522168725,681.0
Gemma-4-31B-IT,opencode,MMMU-Pro vision,mmmu_pro_test_Diagnostics_and_Laboratory_Medicine_18,0,1,0.41765330635333087,2127.0
Gemma-4-31B-IT,opencode,MMMU-Pro vision,mmmu_pro_test_Diagnostics_and_Laboratory_Medicine_2,0,0,0.26994464775537935,789.0
Gemma-4-31B-IT,opencode,MMMU-Pro vision,mmmu_pro_test_Diagnostics_and_Laboratory_Medicine_24,0,1,0.28930763806545134,923.0
Gemma-4-31B-IT,opencode,MMMU-Pro vision,mmmu_pro_test_Diagnostics_and_Laboratory_Medicine_28,0,1,0.2229666706563901,682.0
Gemma-4-31B-IT,opencode,MMMU-Pro vision,mmmu_pro_test_Diagnostics_and_Laboratory_Medicine_3,0,1,0.17003977526368194,585.0
Gemma-4-31B-IT,opencode,MMMU-Pro vision,mmmu_pro_test_Diagnostics_and_Laboratory_Medicine_32,0,1,0.20052708094844443,778.0
Gemma-4-31B-IT,opencode,MMMU-Pro vision,mmmu_pro_test_Diagnostics_and_Laboratory_Medicine_36,0,1,0.19678229581531037,667.0
Gemma-4-31B-IT,opencode,MMMU-Pro vision,mmmu_pro_test_Diagnostics_and_Laboratory_Medicine_5,0,1,0.33397261211831974,666.0
Gemma-4-31B-IT,opencode,MMMU-Pro vision,mmmu_pro_test_Diagnostics_and_Laboratory_Medicine_50,0,0,0.37678071979475025,419.0
Gemma-4-31B-IT,opencode,MMMU-Pro vision,mmmu_pro_test_Diagnostics_and_Laboratory_Medicine_52,0,1,0.2292175500610385,641.0
Gemma-4-31B-IT,opencode,MMMU-Pro vision,mmmu_pro_test_Diagnostics_and_Laboratory_Medicine_58,0,1,0.3956891521817743,2355.0
Gemma-4-31B-IT,opencode,MMMU-Pro vision,mmmu_pro_test_Diagnostics_and_Laboratory_Medicine_62,0,1,0.2819809288363623,814.0
Gemma-4-31B-IT,opencode,MMMU-Pro vision,mmmu_pro_test_Diagnostics_and_Laboratory_Medicine_64,0,0,0.3463589985425476,961.0
Gemma-4-31B-IT,opencode,MMMU-Pro vision,mmmu_pro_test_Diagnostics_and_Laboratory_Medicine_68,0,1,0.15027574397471966,615.0
Gemma-4-31B-IT,opencode,MMMU-Pro vision,mmmu_pro_test_Diagnostics_and_Laboratory_Medicine_72,0,1,0.3210674993386946,1600.0
Gemma-4-31B-IT,opencode,MMMU-Pro vision,mmmu_pro_test_Diagnostics_and_Laboratory_Medicine_76,0,0,0.3056975401839384,752.0
Gemma-4-31B-IT,opencode,MMMU-Pro vision,mmmu_pro_test_Diagnostics_and_Laboratory_Medicine_78,0,0,0.3555741565729851,6094.0
Gemma-4-31B-IT,opencode,MMMU-Pro vision,mmmu_pro_test_Diagnostics_and_Laboratory_Medicine_9,0,0,0.4403629783362603,1731.0
Gemma-4-31B-IT,opencode,MMMU-Pro vision,mmmu_pro_test_Diagnostics_and_Laboratory_Medicine_92,0,0,0.3176076178767021,1070.0
Gemma-4-31B-IT,opencode,MMMU-Pro vision,mmmu_pro_test_Diagnostics_and_Laboratory_Medicine_93,0,1,0.27734636229727505,645.0
Gemma-4-31B-IT,opencode,MMMU-Pro vision,mmmu_pro_test_Economics_102,0,1,0.1026437552880255,552.0
Gemma-4-31B-IT,opencode,MMMU-Pro vision,mmmu_pro_test_Economics_105,0,1,0.12830095599372215,504.0
Gemma-4-31B-IT,opencode,MMMU-Pro vision,mmmu_pro_test_Economics_108,0,1,0.09312709544700175,651.0
Gemma-4-31B-IT,opencode,MMMU-Pro vision,mmmu_pro_test_Economics_112,0,1,0.19596046051251467,626.0
Gemma-4-31B-IT,opencode,MMMU-Pro vision,mmmu_pro_test_Economics_137,0,1,0.24347988021695013,1092.0
Gemma-4-31B-IT,opencode,MMMU-Pro vision,mmmu_pro_test_Economics_142,0,1,0.08315423435904234,461.0
Gemma-4-31B-IT,opencode,MMMU-Pro vision,mmmu_pro_test_Economics_149,0,1,0.11282898645956824,369.0
Gemma-4-31B-IT,opencode,MMMU-Pro vision,mmmu_pro_test_Economics_155,0,1,0.19630219105751961,663.0
Gemma-4-31B-IT,opencode,MMMU-Pro vision,mmmu_pro_test_Economics_157,0,1,0.20801252304482776,2693.0
Gemma-4-31B-IT,opencode,MMMU-Pro vision,mmmu_pro_test_Economics_16,0,1,0.08400753721058757,999.0
Gemma-4-31B-IT,opencode,MMMU-Pro vision,mmmu_pro_test_Economics_162,0,1,0.1521684949212458,931.0
Gemma-4-31B-IT,opencode,MMMU-Pro vision,mmmu_pro_test_Economics_169,0,1,0.2527483492592921,747.0
Gemma-4-31B-IT,opencode,MMMU-Pro vision,mmmu_pro_test_Economics_17,0,1,0.12135768236349512,946.0
Gemma-4-31B-IT,opencode,MMMU-Pro vision,mmmu_pro_test_Economics_182,0,1,0.14873351937257626,1670.0
Gemma-4-31B-IT,opencode,MMMU-Pro vision,mmmu_pro_test_Economics_188,0,1,0.1156713555858656,451.0
Gemma-4-31B-IT,opencode,MMMU-Pro vision,mmmu_pro_test_Economics_190,0,1,0.1309844342306924,1194.0
Gemma-4-31B-IT,opencode,MMMU-Pro vision,mmmu_pro_test_Economics_195,0,0,0.01568816352331082,32766.0
Gemma-4-31B-IT,opencode,MMMU-Pro vision,mmmu_pro_test_Economics_210,0,1,0.2533263041141068,4803.0
Gemma-4-31B-IT,opencode,MMMU-Pro vision,mmmu_pro_test_Economics_214,0,1,0.10670981683969065,829.0
Gemma-4-31B-IT,opencode,MMMU-Pro vision,mmmu_pro_test_Economics_215,0,1,0.17908957990468596,2531.0
Gemma-4-31B-IT,opencode,MMMU-Pro vision,mmmu_pro_test_Economics_216,0,1,0.06185444880454694,584.0
Gemma-4-31B-IT,opencode,MMMU-Pro vision,mmmu_pro_test_Economics_22,0,1,0.19711354152464433,648.0
Gemma-4-31B-IT,opencode,MMMU-Pro vision,mmmu_pro_test_Economics_225,0,1,0.04611005094302891,2089.0
Gemma-4-31B-IT,opencode,MMMU-Pro vision,mmmu_pro_test_Economics_240,0,1,0.11648931456665146,734.0
Gemma-4-31B-IT,opencode,MMMU-Pro vision,mmmu_pro_test_Economics_243,0,1,0.06510511443024032,731.0
Gemma-4-31B-IT,opencode,MMMU-Pro vision,mmmu_pro_test_Economics_26,0,0,0.19869649902456832,8268.0
Gemma-4-31B-IT,opencode,MMMU-Pro vision,mmmu_pro_test_Economics_260,0,1,0.11638489285623917,1059.0
Gemma-4-31B-IT,opencode,MMMU-Pro vision,mmmu_pro_test_Economics_262,0,1,0.1535360131542748,832.0
Gemma-4-31B-IT,opencode,MMMU-Pro vision,mmmu_pro_test_Economics_263,0,1,0.06772689368893034,1285.0
Gemma-4-31B-IT,opencode,MMMU-Pro vision,mmmu_pro_test_Economics_39,0,1,0.10257412584817684,795.0
Gemma-4-31B-IT,opencode,MMMU-Pro vision,mmmu_pro_test_Economics_47,0,1,0.06845513873469093,1128.0
Gemma-4-31B-IT,opencode,MMMU-Pro vision,mmmu_pro_test_Economics_56,0,1,0.18361587312633634,518.0
Gemma-4-31B-IT,opencode,MMMU-Pro vision,mmmu_pro_test_Economics_66,0,1,0.10804592777877356,520.0
Gemma-4-31B-IT,opencode,MMMU-Pro vision,mmmu_pro_test_Economics_7,0,1,0.2589621106844135,1118.0
Gemma-4-31B-IT,opencode,MMMU-Pro vision,mmmu_pro_test_Economics_74,0,1,0.25494508362762613,1522.0
Gemma-4-31B-IT,opencode,MMMU-Pro vision,mmmu_pro_test_Economics_83,0,1,0.04058861106315205,2970.0
Gemma-4-31B-IT,opencode,MMMU-Pro vision,mmmu_pro_test_Economics_85,0,0,0.02382640932565637,32766.0
Gemma-4-31B-IT,opencode,MMMU-Pro vision,mmmu_pro_test_Economics_90,0,1,0.065831515204664,791.0
Gemma-4-31B-IT,opencode,MMMU-Pro vision,mmmu_pro_test_Economics_93,0,0,0.2653539215977012,3840.0
Gemma-4-31B-IT,opencode,MMMU-Pro vision,mmmu_pro_test_Economics_94,0,1,0.11105629672462015,676.0
Gemma-4-31B-IT,opencode,MMMU-Pro vision,mmmu_pro_test_Economics_97,0,1,0.12882910915378448,857.0
Gemma-4-31B-IT,opencode,MMMU-Pro vision,mmmu_pro_test_Electronics_101,0,1,0.17361584572417815,12454.0
Gemma-4-31B-IT,opencode,MMMU-Pro vision,mmmu_pro_test_Electronics_108,0,1,0.16970187630884043,5090.0
Gemma-4-31B-IT,opencode,MMMU-Pro vision,mmmu_pro_test_Electronics_11,0,1,0.21070952484412173,7863.0
Gemma-4-31B-IT,opencode,MMMU-Pro vision,mmmu_pro_test_Electronics_110,0,1,0.06684083975363594,1914.0
Gemma-4-31B-IT,opencode,MMMU-Pro vision,mmmu_pro_test_Electronics_114,0,0,0.1365226182584084,16307.0
Gemma-4-31B-IT,opencode,MMMU-Pro vision,mmmu_pro_test_Electronics_116,0,1,0.14616832328688523,4295.0
Gemma-4-31B-IT,opencode,MMMU-Pro vision,mmmu_pro_test_Electronics_118,0,0,0.17205980254263623,16575.0
Gemma-4-31B-IT,opencode,MMMU-Pro vision,mmmu_pro_test_Electronics_123,0,1,0.1498800014740238,7980.0
Gemma-4-31B-IT,opencode,MMMU-Pro vision,mmmu_pro_test_Electronics_135,0,1,0.11157042606731414,24722.0
Gemma-4-31B-IT,opencode,MMMU-Pro vision,mmmu_pro_test_Electronics_137,0,1,0.14890819640275263,10455.0
Gemma-4-31B-IT,opencode,MMMU-Pro vision,mmmu_pro_test_Electronics_140,0,0,0.02261848428739182,32766.0
Gemma-4-31B-IT,opencode,MMMU-Pro vision,mmmu_pro_test_Electronics_141,0,1,0.1400462900612532,6814.0
Gemma-4-31B-IT,opencode,MMMU-Pro vision,mmmu_pro_test_Electronics_147,0,1,0.0841087180828698,1327.0
Gemma-4-31B-IT,opencode,MMMU-Pro vision,mmmu_pro_test_Electronics_149,0,0,0.0566495062542458,32766.0
Gemma-4-31B-IT,opencode,MMMU-Pro vision,mmmu_pro_test_Electronics_159,0,1,0.1583246373710154,6925.0
Gemma-4-31B-IT,opencode,MMMU-Pro vision,mmmu_pro_test_Electronics_16,0,1,0.20843783092393503,7393.0
Gemma-4-31B-IT,opencode,MMMU-Pro vision,mmmu_pro_test_Electronics_160,0,1,0.09404306779894883,39560.0
Gemma-4-31B-IT,opencode,MMMU-Pro vision,mmmu_pro_test_Electronics_171,0,0,0.047333521189867916,35310.0
Gemma-4-31B-IT,opencode,MMMU-Pro vision,mmmu_pro_test_Electronics_172,0,1,0.15149739859304695,11695.0
Gemma-4-31B-IT,opencode,MMMU-Pro vision,mmmu_pro_test_Electronics_174,0,0,0.10528992755638061,19440.0
Gemma-4-31B-IT,opencode,MMMU-Pro vision,mmmu_pro_test_Electronics_178,0,0,0.04305052679575373,32766.0
Gemma-4-31B-IT,opencode,MMMU-Pro vision,mmmu_pro_test_Electronics_18,0,0,0.11772333152694475,16673.0
Gemma-4-31B-IT,opencode,MMMU-Pro vision,mmmu_pro_test_Electronics_180,0,1,0.07230075869748163,1811.0
Gemma-4-31B-IT,opencode,MMMU-Pro vision,mmmu_pro_test_Electronics_185,0,1,0.16458944464830352,9998.0
Gemma-4-31B-IT,opencode,MMMU-Pro vision,mmmu_pro_test_Electronics_188,0,0,0.2083330072455556,4217.0
Gemma-4-31B-IT,opencode,MMMU-Pro vision,mmmu_pro_test_Electronics_205,0,1,0.10561849581200504,5316.0
Gemma-4-31B-IT,opencode,MMMU-Pro vision,mmmu_pro_test_Electronics_207,0,1,0.13925550570449136,7082.0
Gemma-4-31B-IT,opencode,MMMU-Pro vision,mmmu_pro_test_Electronics_213,0,1,0.12869987609846884,3457.0
Gemma-4-31B-IT,opencode,MMMU-Pro vision,mmmu_pro_test_Electronics_22,0,1,0.14934525200755666,13914.0
Gemma-4-31B-IT,opencode,MMMU-Pro vision,mmmu_pro_test_Electronics_220,0,1,0.13603779283978293,5161.0
Gemma-4-31B-IT,opencode,MMMU-Pro vision,mmmu_pro_test_Electronics_235,0,0,0.12185538513293452,3795.0
Gemma-4-31B-IT,opencode,MMMU-Pro vision,mmmu_pro_test_Electronics_245,0,1,0.16401501269179397,14132.0
Gemma-4-31B-IT,opencode,MMMU-Pro vision,mmmu_pro_test_Electronics_247,0,1,0.10601887724253031,8239.0
Gemma-4-31B-IT,opencode,MMMU-Pro vision,mmmu_pro_test_Electronics_248,0,0,0.14394522714203564,17528.0
Gemma-4-31B-IT,opencode,MMMU-Pro vision,mmmu_pro_test_Electronics_252,0,1,0.1205158858324504,7514.0
Gemma-4-31B-IT,opencode,MMMU-Pro vision,mmmu_pro_test_Electronics_254,0,1,0.12057317541372796,2911.0
Gemma-4-31B-IT,opencode,MMMU-Pro vision,mmmu_pro_test_Electronics_37,0,1,0.16893777203678845,3088.0
Gemma-4-31B-IT,opencode,MMMU-Pro vision,mmmu_pro_test_Electronics_38,0,1,0.1409316769437196,1598.0
Gemma-4-31B-IT,opencode,MMMU-Pro vision,mmmu_pro_test_Electronics_49,0,1,0.13193942539699488,17284.0
Gemma-4-31B-IT,opencode,MMMU-Pro vision,mmmu_pro_test_Electronics_58,0,1,0.16699625464490778,11777.0
Gemma-4-31B-IT,opencode,MMMU-Pro vision,mmmu_pro_test_Electronics_6,0,0,0.15038403601448,8673.0
Gemma-4-31B-IT,opencode,MMMU-Pro vision,mmmu_pro_test_Electronics_67,0,1,0.1489432053394055,13655.0
Gemma-4-31B-IT,opencode,MMMU-Pro vision,mmmu_pro_test_Electronics_68,0,1,0.11594396710168034,3335.0
Gemma-4-31B-IT,opencode,MMMU-Pro vision,mmmu_pro_test_Electronics_69,0,1,0.1467670475930521,2365.0
Gemma-4-31B-IT,opencode,MMMU-Pro vision,mmmu_pro_test_Electronics_7,0,1,0.15471365452488892,10329.0
Gemma-4-31B-IT,opencode,MMMU-Pro vision,mmmu_pro_test_Electronics_72,0,1,0.1491888165331528,12133.0
Gemma-4-31B-IT,opencode,MMMU-Pro vision,mmmu_pro_test_Electronics_76,0,1,0.1899094940780487,11024.0
Gemma-4-31B-IT,opencode,MMMU-Pro vision,mmmu_pro_test_Electronics_81,0,1,0.10091911924110047,2267.0
Gemma-4-31B-IT,opencode,MMMU-Pro vision,mmmu_pro_test_Electronics_91,0,0,0.04965849562734523,32766.0
Gemma-4-31B-IT,opencode,MMMU-Pro vision,mmmu_pro_test_Electronics_93,0,0,0.1333664904578282,19464.0
Gemma-4-31B-IT,opencode,MMMU-Pro vision,mmmu_pro_test_Electronics_97,0,1,0.07187542744479279,4899.0
Gemma-4-31B-IT,opencode,MMMU-Pro vision,mmmu_pro_test_Energy_and_Power_101,0,1,0.10805717399314649,1223.0
Gemma-4-31B-IT,opencode,MMMU-Pro vision,mmmu_pro_test_Energy_and_Power_139,0,1,0.11991910334977267,1306.0
Gemma-4-31B-IT,opencode,MMMU-Pro vision,mmmu_pro_test_Energy_and_Power_150,0,1,0.14298533025564628,8528.0
Gemma-4-31B-IT,opencode,MMMU-Pro vision,mmmu_pro_test_Energy_and_Power_152,0,0,0.16656701828170362,12757.0
Gemma-4-31B-IT,opencode,MMMU-Pro vision,mmmu_pro_test_Energy_and_Power_158,0,1,0.09862985269431787,3008.0
Gemma-4-31B-IT,opencode,MMMU-Pro vision,mmmu_pro_test_Energy_and_Power_16,0,0,0.14921907746359786,14606.0
Gemma-4-31B-IT,opencode,MMMU-Pro vision,mmmu_pro_test_Energy_and_Power_180,0,1,0.08128946116325449,936.0
Gemma-4-31B-IT,opencode,MMMU-Pro vision,mmmu_pro_test_Energy_and_Power_185,0,1,0.1043727912270718,7644.0
Gemma-4-31B-IT,opencode,MMMU-Pro vision,mmmu_pro_test_Energy_and_Power_191,0,1,0.16475282509188746,9585.0
Gemma-4-31B-IT,opencode,MMMU-Pro vision,mmmu_pro_test_Energy_and_Power_192,0,0,0.05114708086772334,32766.0
Gemma-4-31B-IT,opencode,MMMU-Pro vision,mmmu_pro_test_Energy_and_Power_20,0,1,0.16107038189260675,12860.0
Gemma-4-31B-IT,opencode,MMMU-Pro vision,mmmu_pro_test_Energy_and_Power_202,0,0,0.2232377368787597,4963.0
Gemma-4-31B-IT,opencode,MMMU-Pro vision,mmmu_pro_test_Energy_and_Power_220,0,1,0.16836124806800803,7376.0
Gemma-4-31B-IT,opencode,MMMU-Pro vision,mmmu_pro_test_Energy_and_Power_230,0,1,0.1347019343932957,5463.0
Gemma-4-31B-IT,opencode,MMMU-Pro vision,mmmu_pro_test_Energy_and_Power_231,0,1,0.15986587003504416,2888.0
Gemma-4-31B-IT,opencode,MMMU-Pro vision,mmmu_pro_test_Energy_and_Power_276,0,0,0.1852860861524138,15517.0
Gemma-4-31B-IT,opencode,MMMU-Pro vision,mmmu_pro_test_Energy_and_Power_28,0,1,0.2030588809123519,9873.0
Gemma-4-31B-IT,opencode,MMMU-Pro vision,mmmu_pro_test_Energy_and_Power_302,0,1,0.17986211165583665,13589.0
Gemma-4-31B-IT,opencode,MMMU-Pro vision,mmmu_pro_test_Energy_and_Power_312,0,1,0.16374423299115437,3370.0
Gemma-4-31B-IT,opencode,MMMU-Pro vision,mmmu_pro_test_Energy_and_Power_33,0,0,0.21739886811506415,5503.0
Gemma-4-31B-IT,opencode,MMMU-Pro vision,mmmu_pro_test_Energy_and_Power_349,0,1,0.16715747117524804,7965.0
Gemma-4-31B-IT,opencode,MMMU-Pro vision,mmmu_pro_test_Energy_and_Power_352,0,0,0.2144482064539302,12307.0
Gemma-4-31B-IT,opencode,MMMU-Pro vision,mmmu_pro_test_Energy_and_Power_371,0,1,0.09490313352127039,1349.0
Gemma-4-31B-IT,opencode,MMMU-Pro vision,mmmu_pro_test_Energy_and_Power_375,0,0,0.16282739048021566,15350.0
Gemma-4-31B-IT,opencode,MMMU-Pro vision,mmmu_pro_test_Energy_and_Power_378,0,1,0.15016333071196986,6972.0
Gemma-4-31B-IT,opencode,MMMU-Pro vision,mmmu_pro_test_Energy_and_Power_384,0,0,0.21684232890149305,19550.0
Gemma-4-31B-IT,opencode,MMMU-Pro vision,mmmu_pro_test_Energy_and_Power_39,0,1,0.1617362834298148,8739.0
Gemma-4-31B-IT,opencode,MMMU-Pro vision,mmmu_pro_test_Energy_and_Power_414,0,0,0.16040527281830924,16413.0
Gemma-4-31B-IT,opencode,MMMU-Pro vision,mmmu_pro_test_Energy_and_Power_423,0,1,0.05841068648545434,34288.0
Gemma-4-31B-IT,opencode,MMMU-Pro vision,mmmu_pro_test_Energy_and_Power_54,0,1,0.13560405421458965,3346.0
Gemma-4-31B-IT,opencode,MMMU-Pro vision,mmmu_pro_test_Energy_and_Power_68,0,1,0.07641745770625549,1482.0
Gemma-4-31B-IT,opencode,MMMU-Pro vision,mmmu_pro_test_Energy_and_Power_86,0,1,0.10280858101396803,1626.0
Gemma-4-31B-IT,opencode,MMMU-Pro vision,mmmu_pro_test_Finance_10,0,1,0.07050280673795713,970.0
Gemma-4-31B-IT,opencode,MMMU-Pro vision,mmmu_pro_test_Finance_115,0,1,0.10186703915300538,795.0
Gemma-4-31B-IT,opencode,MMMU-Pro vision,mmmu_pro_test_Finance_122,0,0,0.18369353170596583,3042.0
Gemma-4-31B-IT,opencode,MMMU-Pro vision,mmmu_pro_test_Finance_133,0,1,0.12408426925927592,1263.0
Gemma-4-31B-IT,opencode,MMMU-Pro vision,mmmu_pro_test_Finance_138,0,1,0.05273229504477484,1061.0
Gemma-4-31B-IT,opencode,MMMU-Pro vision,mmmu_pro_test_Finance_163,0,1,0.1161311307213353,3457.0
Gemma-4-31B-IT,opencode,MMMU-Pro vision,mmmu_pro_test_Finance_165,0,1,0.1579110281155237,4671.0
Gemma-4-31B-IT,opencode,MMMU-Pro vision,mmmu_pro_test_Finance_192,0,1,0.09765718918843434,1026.0
Gemma-4-31B-IT,opencode,MMMU-Pro vision,mmmu_pro_test_Finance_204,0,1,0.13831608014346874,785.0
Gemma-4-31B-IT,opencode,MMMU-Pro vision,mmmu_pro_test_Finance_211,0,1,0.14441864057600856,632.0
Gemma-4-31B-IT,opencode,MMMU-Pro vision,mmmu_pro_test_Finance_238,0,1,0.1192343600428685,12398.0
Gemma-4-31B-IT,opencode,MMMU-Pro vision,mmmu_pro_test_Finance_241,0,0,0.008542667247037802,32766.0
Gemma-4-31B-IT,opencode,MMMU-Pro vision,mmmu_pro_test_Finance_247,0,1,0.09728210869143426,984.0
Gemma-4-31B-IT,opencode,MMMU-Pro vision,mmmu_pro_test_Finance_250,0,1,0.16018067940605488,7270.0
Gemma-4-31B-IT,opencode,MMMU-Pro vision,mmmu_pro_test_Finance_260,0,1,0.03377668281391621,1305.0
Gemma-4-31B-IT,opencode,MMMU-Pro vision,mmmu_pro_test_Finance_262,0,1,0.03322939725333793,1243.0
Gemma-4-31B-IT,opencode,MMMU-Pro vision,mmmu_pro_test_Finance_27,0,1,0.0646036544957252,1076.0
Gemma-4-31B-IT,opencode,MMMU-Pro vision,mmmu_pro_test_Finance_278,0,1,0.20311326391210188,3113.0
Gemma-4-31B-IT,opencode,MMMU-Pro vision,mmmu_pro_test_Finance_288,0,1,0.0616556883834077,1264.0
Gemma-4-31B-IT,opencode,MMMU-Pro vision,mmmu_pro_test_Finance_29,0,1,0.10377863533072333,978.0
Gemma-4-31B-IT,opencode,MMMU-Pro vision,mmmu_pro_test_Finance_290,0,1,0.1276118811895023,2672.0
Gemma-4-31B-IT,opencode,MMMU-Pro vision,mmmu_pro_test_Finance_293,0,1,0.08896073348663532,933.0
Gemma-4-31B-IT,opencode,MMMU-Pro vision,mmmu_pro_test_Finance_294,0,1,0.14161998133557735,10343.0
Gemma-4-31B-IT,opencode,MMMU-Pro vision,mmmu_pro_test_Finance_298,0,1,0.10872864781761657,2395.0
Gemma-4-31B-IT,opencode,MMMU-Pro vision,mmmu_pro_test_Finance_304,0,1,0.06076711980421204,5380.0
Gemma-4-31B-IT,opencode,MMMU-Pro vision,mmmu_pro_test_Finance_313,0,1,0.1393232872978736,13030.0
Gemma-4-31B-IT,opencode,MMMU-Pro vision,mmmu_pro_test_Finance_337,0,1,0.20184978487601724,1231.0
Gemma-4-31B-IT,opencode,MMMU-Pro vision,mmmu_pro_test_Finance_338,0,1,0.08266704625803979,1434.0
Gemma-4-31B-IT,opencode,MMMU-Pro vision,mmmu_pro_test_Finance_346,0,1,0.14506718904639188,3427.0
Gemma-4-31B-IT,opencode,MMMU-Pro vision,mmmu_pro_test_Finance_38,0,0,0.13895211309686958,15123.0
Gemma-4-31B-IT,opencode,MMMU-Pro vision,mmmu_pro_test_Finance_5,0,1,0.12824834056293533,592.0
Gemma-4-31B-IT,opencode,MMMU-Pro vision,mmmu_pro_test_Finance_57,0,1,0.055474350482021796,1012.0
Gemma-4-31B-IT,opencode,MMMU-Pro vision,mmmu_pro_test_Finance_62,0,1,0.045539284231671626,1407.0
Gemma-4-31B-IT,opencode,MMMU-Pro vision,mmmu_pro_test_Finance_64,0,1,0.10205747522514715,820.0
Gemma-4-31B-IT,opencode,MMMU-Pro vision,mmmu_pro_test_Finance_67,0,1,0.13370271219632288,4910.0
Gemma-4-31B-IT,opencode,MMMU-Pro vision,mmmu_pro_test_Finance_68,0,1,0.15885987613503166,12505.0
Gemma-4-31B-IT,opencode,MMMU-Pro vision,mmmu_pro_test_Finance_7,0,1,0.05113942909280444,772.0
Gemma-4-31B-IT,opencode,MMMU-Pro vision,mmmu_pro_test_Finance_77,0,1,0.1237474989943627,9111.0
Gemma-4-31B-IT,opencode,MMMU-Pro vision,mmmu_pro_test_Finance_88,0,1,0.09612345684428782,1262.0
Gemma-4-31B-IT,opencode,MMMU-Pro vision,mmmu_pro_test_Finance_92,0,1,0.10072256372743484,874.0
Gemma-4-31B-IT,opencode,MMMU-Pro vision,mmmu_pro_test_Finance_96,0,1,0.06253885256858494,2556.0
Gemma-4-31B-IT,opencode,MMMU-Pro vision,mmmu_pro_test_Geography_114,0,1,0.3999206514855612,1061.0
Gemma-4-31B-IT,opencode,MMMU-Pro vision,mmmu_pro_test_Geography_14,0,1,0.3960300576898051,6996.0
Gemma-4-31B-IT,opencode,MMMU-Pro vision,mmmu_pro_test_Geography_144,0,1,0.21308211912551853,566.0
Gemma-4-31B-IT,opencode,MMMU-Pro vision,mmmu_pro_test_Geography_150,0,1,0.30958297289712317,3136.0
Gemma-4-31B-IT,opencode,MMMU-Pro vision,mmmu_pro_test_Geography_160,0,0,0.3760906736874704,667.0
Gemma-4-31B-IT,opencode,MMMU-Pro vision,mmmu_pro_test_Geography_19,0,0,0.3501760381929598,3109.0
Gemma-4-31B-IT,opencode,MMMU-Pro vision,mmmu_pro_test_Geography_191,0,0,0.026412542512126012,32766.0
Gemma-4-31B-IT,opencode,MMMU-Pro vision,mmmu_pro_test_Geography_205,0,1,0.34032342982122393,737.0
Gemma-4-31B-IT,opencode,MMMU-Pro vision,mmmu_pro_test_Geography_209,0,1,0.3317584571695273,1841.0
Gemma-4-31B-IT,opencode,MMMU-Pro vision,mmmu_pro_test_Geography_213,0,1,0.30460315918531267,796.0
Gemma-4-31B-IT,opencode,MMMU-Pro vision,mmmu_pro_test_Geography_222,0,0,0.31220105226769823,1932.0
Gemma-4-31B-IT,opencode,MMMU-Pro vision,mmmu_pro_test_Geography_231,0,1,0.2823154898177372,391.0
Gemma-4-31B-IT,opencode,MMMU-Pro vision,mmmu_pro_test_Geography_241,0,1,0.18219384306748487,528.0
Gemma-4-31B-IT,opencode,MMMU-Pro vision,mmmu_pro_test_Geography_252,0,0,0.2968379710807013,2045.0
Gemma-4-31B-IT,opencode,MMMU-Pro vision,mmmu_pro_test_Geography_26,0,0,0.3476580376135267,871.0
Gemma-4-31B-IT,opencode,MMMU-Pro vision,mmmu_pro_test_Geography_267,0,1,0.1903602637969193,728.0
Gemma-4-31B-IT,opencode,MMMU-Pro vision,mmmu_pro_test_Geography_276,0,1,0.2190512803203197,3105.0
Gemma-4-31B-IT,opencode,MMMU-Pro vision,mmmu_pro_test_Geography_298,0,1,0.2871215292675152,2762.0
Gemma-4-31B-IT,opencode,MMMU-Pro vision,mmmu_pro_test_Geography_301,0,1,0.10650076822629345,713.0
Gemma-4-31B-IT,opencode,MMMU-Pro vision,mmmu_pro_test_Geography_317,0,1,0.26292297641284734,866.0
Gemma-4-31B-IT,opencode,MMMU-Pro vision,mmmu_pro_test_Geography_329,0,1,0.34710071665545256,2040.0
Gemma-4-31B-IT,opencode,MMMU-Pro vision,mmmu_pro_test_Geography_38,0,1,0.14978352602027936,415.0
Gemma-4-31B-IT,opencode,MMMU-Pro vision,mmmu_pro_test_Geography_398,0,1,0.1823438791155545,1626.0
Gemma-4-31B-IT,opencode,MMMU-Pro vision,mmmu_pro_test_Geography_40,0,1,0.26435437593093675,1152.0
Gemma-4-31B-IT,opencode,MMMU-Pro vision,mmmu_pro_test_Geography_412,0,1,0.30100488605050346,520.0
Gemma-4-31B-IT,opencode,MMMU-Pro vision,mmmu_pro_test_Geography_42,0,1,0.31131238322382093,598.0
Gemma-4-31B-IT,opencode,MMMU-Pro vision,mmmu_pro_test_Geography_428,0,0,0.14414711662675153,5752.0
Gemma-4-31B-IT,opencode,MMMU-Pro vision,mmmu_pro_test_Geography_45,0,0,0.23045723173513752,406.0
Gemma-4-31B-IT,opencode,MMMU-Pro vision,mmmu_pro_test_Geography_459,0,1,0.2469321035693744,620.0
Gemma-4-31B-IT,opencode,MMMU-Pro vision,mmmu_pro_test_Geography_462,0,1,0.1896408752281299,1354.0
Gemma-4-31B-IT,opencode,MMMU-Pro vision,mmmu_pro_test_Geography_472,0,1,0.09899067572399081,1503.0
Gemma-4-31B-IT,opencode,MMMU-Pro vision,mmmu_pro_test_Geography_492,0,0,0.3555761099469936,15139.0
Gemma-4-31B-IT,opencode,MMMU-Pro vision,mmmu_pro_test_Geography_518,0,0,0.009506674963530906,32766.0
Gemma-4-31B-IT,opencode,MMMU-Pro vision,mmmu_pro_test_Geography_521,0,1,0.3014110558706939,388.0
Gemma-4-31B-IT,opencode,MMMU-Pro vision,mmmu_pro_test_Geography_530,0,1,0.24603056729492978,503.0
Gemma-4-31B-IT,opencode,MMMU-Pro vision,mmmu_pro_test_Geography_55,0,0,0.27513945312636545,430.0
Gemma-4-31B-IT,opencode,MMMU-Pro vision,mmmu_pro_test_Geography_555,0,1,0.2540121448007102,1133.0
Gemma-4-31B-IT,opencode,MMMU-Pro vision,mmmu_pro_test_Geography_57,0,1,0.3255315863604919,2754.0
Gemma-4-31B-IT,opencode,MMMU-Pro vision,mmmu_pro_test_Geography_61,0,0,0.21587326800578902,606.0
Gemma-4-31B-IT,opencode,MMMU-Pro vision,mmmu_pro_test_Geography_74,0,0,0.48817009032831293,885.0
Gemma-4-31B-IT,opencode,MMMU-Pro vision,mmmu_pro_test_Geography_8,0,1,0.13782751894385448,2406.0
Gemma-4-31B-IT,opencode,MMMU-Pro vision,mmmu_pro_test_Geography_90,0,0,0.17680174531149867,628.0
Gemma-4-31B-IT,opencode,MMMU-Pro vision,mmmu_pro_test_History_1,0,1,0.3349389231215037,1075.0
Gemma-4-31B-IT,opencode,MMMU-Pro vision,mmmu_pro_test_History_100,0,0,0.20020507339518437,1218.0
Gemma-4-31B-IT,opencode,MMMU-Pro vision,mmmu_pro_test_History_106,0,1,0.372016146707236,706.0
Gemma-4-31B-IT,opencode,MMMU-Pro vision,mmmu_pro_test_History_117,0,0,0.30551119655982356,616.0
Gemma-4-31B-IT,opencode,MMMU-Pro vision,mmmu_pro_test_History_12,0,1,0.17639059830880258,749.0
Gemma-4-31B-IT,opencode,MMMU-Pro vision,mmmu_pro_test_History_124,0,0,0.25787557972305536,1393.0
Gemma-4-31B-IT,opencode,MMMU-Pro vision,mmmu_pro_test_History_125,0,1,0.19460243809597771,513.0
Gemma-4-31B-IT,opencode,MMMU-Pro vision,mmmu_pro_test_History_131,0,1,0.26644672048095486,1134.0
Gemma-4-31B-IT,opencode,MMMU-Pro vision,mmmu_pro_test_History_134,0,1,0.2322992232879761,923.0
Gemma-4-31B-IT,opencode,MMMU-Pro vision,mmmu_pro_test_History_138,0,1,0.30259588249576597,1428.0
Gemma-4-31B-IT,opencode,MMMU-Pro vision,mmmu_pro_test_History_14,0,1,0.2151822587963406,1011.0
Gemma-4-31B-IT,opencode,MMMU-Pro vision,mmmu_pro_test_History_142,0,0,0.2017433035321592,967.0
Gemma-4-31B-IT,opencode,MMMU-Pro vision,mmmu_pro_test_History_157,0,1,0.2554196387257449,638.0
Gemma-4-31B-IT,opencode,MMMU-Pro vision,mmmu_pro_test_History_16,0,1,0.2294527573822615,581.0
Gemma-4-31B-IT,opencode,MMMU-Pro vision,mmmu_pro_test_History_168,0,1,0.24767307436282282,757.0
Gemma-4-31B-IT,opencode,MMMU-Pro vision,mmmu_pro_test_History_170,0,1,0.29585920045348146,5674.0
Gemma-4-31B-IT,opencode,MMMU-Pro vision,mmmu_pro_test_History_180,0,1,0.36173042143651823,3441.0
Gemma-4-31B-IT,opencode,MMMU-Pro vision,mmmu_pro_test_History_189,0,1,0.15165915705234467,617.0
Gemma-4-31B-IT,opencode,MMMU-Pro vision,mmmu_pro_test_History_207,0,0,0.3349922290734847,1068.0
Gemma-4-31B-IT,opencode,MMMU-Pro vision,mmmu_pro_test_History_208,0,1,0.3287506912438222,1341.0
Gemma-4-31B-IT,opencode,MMMU-Pro vision,mmmu_pro_test_History_209,0,0,0.28890861848676314,1006.0
Gemma-4-31B-IT,opencode,MMMU-Pro vision,mmmu_pro_test_History_216,0,1,0.2447176467528634,943.0
Gemma-4-31B-IT,opencode,MMMU-Pro vision,mmmu_pro_test_History_217,0,0,0.3721462954284045,4632.0
Gemma-4-31B-IT,opencode,MMMU-Pro vision,mmmu_pro_test_History_220,0,0,0.4263518376454797,2019.0
Gemma-4-31B-IT,opencode,MMMU-Pro vision,mmmu_pro_test_History_222,0,1,0.3295737652145685,1079.0
Gemma-4-31B-IT,opencode,MMMU-Pro vision,mmmu_pro_test_History_239,0,1,0.06433416295968568,466.0
Gemma-4-31B-IT,opencode,MMMU-Pro vision,mmmu_pro_test_History_24,0,1,0.24814140233890636,753.0
Gemma-4-31B-IT,opencode,MMMU-Pro vision,mmmu_pro_test_History_254,0,1,0.21452360343253438,675.0
Gemma-4-31B-IT,opencode,MMMU-Pro vision,mmmu_pro_test_History_26,0,0,0.32245516405582814,5596.0
Gemma-4-31B-IT,opencode,MMMU-Pro vision,mmmu_pro_test_History_27,0,1,0.34061423149241143,1926.0
Gemma-4-31B-IT,opencode,MMMU-Pro vision,mmmu_pro_test_History_272,0,1,0.2862922438918975,710.0
Gemma-4-31B-IT,opencode,MMMU-Pro vision,mmmu_pro_test_History_34,0,0,0.2188444874046057,4134.0
Gemma-4-31B-IT,opencode,MMMU-Pro vision,mmmu_pro_test_History_37,0,1,0.13231084682825495,321.0
Gemma-4-31B-IT,opencode,MMMU-Pro vision,mmmu_pro_test_History_38,0,0,0.3640225233024575,1692.0
Gemma-4-31B-IT,opencode,MMMU-Pro vision,mmmu_pro_test_History_44,0,1,0.27678240198452175,912.0
Gemma-4-31B-IT,opencode,MMMU-Pro vision,mmmu_pro_test_History_46,0,0,0.34856394812082986,3574.0
Gemma-4-31B-IT,opencode,MMMU-Pro vision,mmmu_pro_test_History_56,0,1,0.3056985935658986,749.0
Gemma-4-31B-IT,opencode,MMMU-Pro vision,mmmu_pro_test_History_70,0,1,0.20132447699278067,1623.0
Gemma-4-31B-IT,opencode,MMMU-Pro vision,mmmu_pro_test_History_72,0,1,0.2412544152140624,1557.0
Gemma-4-31B-IT,opencode,MMMU-Pro vision,mmmu_pro_test_History_74,0,1,0.24806006331582028,891.0
Gemma-4-31B-IT,opencode,MMMU-Pro vision,mmmu_pro_test_History_76,0,1,0.2841236526244707,2177.0
Gemma-4-31B-IT,opencode,MMMU-Pro vision,mmmu_pro_test_History_79,0,1,0.30739579026879443,1929.0
Gemma-4-31B-IT,opencode,MMMU-Pro vision,mmmu_pro_test_History_8,0,1,0.20864127442952396,666.0
Gemma-4-31B-IT,opencode,MMMU-Pro vision,mmmu_pro_test_History_80,0,1,0.28772497635912947,833.0
Gemma-4-31B-IT,opencode,MMMU-Pro vision,mmmu_pro_test_History_82,0,1,0.194490325754826,946.0
Gemma-4-31B-IT,opencode,MMMU-Pro vision,mmmu_pro_test_History_87,0,0,0.16661053494728445,509.0
Gemma-4-31B-IT,opencode,MMMU-Pro vision,mmmu_pro_test_Literature_1,0,1,0.07597663238320909,300.0
Gemma-4-31B-IT,opencode,MMMU-Pro vision,mmmu_pro_test_Literature_101,0,1,0.1381493024437761,410.0
Gemma-4-31B-IT,opencode,MMMU-Pro vision,mmmu_pro_test_Literature_105,0,0,0.37987266680645515,1948.0
Gemma-4-31B-IT,opencode,MMMU-Pro vision,mmmu_pro_test_Literature_11,0,0,0.2643510131244842,1497.0
Gemma-4-31B-IT,opencode,MMMU-Pro vision,mmmu_pro_test_Literature_19,0,1,0.3621476467033818,2053.0
Gemma-4-31B-IT,opencode,MMMU-Pro vision,mmmu_pro_test_Literature_20,0,1,0.22638864273208226,673.0
Gemma-4-31B-IT,opencode,MMMU-Pro vision,mmmu_pro_test_Literature_21,0,1,0.22082374530847096,709.0
Gemma-4-31B-IT,opencode,MMMU-Pro vision,mmmu_pro_test_Literature_23,0,0,0.35299795780871546,816.0
Gemma-4-31B-IT,opencode,MMMU-Pro vision,mmmu_pro_test_Literature_25,0,1,0.3198911245789725,879.0
Gemma-4-31B-IT,opencode,MMMU-Pro vision,mmmu_pro_test_Literature_34,0,1,0.1624073557356608,377.0
Gemma-4-31B-IT,opencode,MMMU-Pro vision,mmmu_pro_test_Literature_36,0,1,0.22447061743550495,848.0
Gemma-4-31B-IT,opencode,MMMU-Pro vision,mmmu_pro_test_Literature_38,0,1,0.19681347697748258,360.0
Gemma-4-31B-IT,opencode,MMMU-Pro vision,mmmu_pro_test_Literature_4,0,1,0.3515142406786846,943.0
Gemma-4-31B-IT,opencode,MMMU-Pro vision,mmmu_pro_test_Literature_40,0,1,0.4050486227742655,2696.0
Gemma-4-31B-IT,opencode,MMMU-Pro vision,mmmu_pro_test_Literature_44,0,1,0.22941492547374348,502.0
Gemma-4-31B-IT,opencode,MMMU-Pro vision,mmmu_pro_test_Literature_46,0,0,0.3774513418286921,1743.0
Gemma-4-31B-IT,opencode,MMMU-Pro vision,mmmu_pro_test_Literature_47,0,0,0.30326933349546603,1810.0
Gemma-4-31B-IT,opencode,MMMU-Pro vision,mmmu_pro_test_Literature_50,0,1,0.2556917158214009,700.0
Gemma-4-31B-IT,opencode,MMMU-Pro vision,mmmu_pro_test_Literature_56,0,1,0.22356033966663175,347.0
Gemma-4-31B-IT,opencode,MMMU-Pro vision,mmmu_pro_test_Literature_60,0,1,0.2602492497183809,680.0
Gemma-4-31B-IT,opencode,MMMU-Pro vision,mmmu_pro_test_Literature_64,0,1,0.33836861041373045,406.0
Gemma-4-31B-IT,opencode,MMMU-Pro vision,mmmu_pro_test_Literature_65,0,1,0.2651601417814723,751.0
Gemma-4-31B-IT,opencode,MMMU-Pro vision,mmmu_pro_test_Literature_69,0,1,0.19116963555059366,372.0
Gemma-4-31B-IT,opencode,MMMU-Pro vision,mmmu_pro_test_Literature_7,0,1,0.15073476356745535,257.0
Gemma-4-31B-IT,opencode,MMMU-Pro vision,mmmu_pro_test_Literature_70,0,1,0.4047759120180372,755.0
Gemma-4-31B-IT,opencode,MMMU-Pro vision,mmmu_pro_test_Literature_75,0,1,0.25327198141312807,568.0
Gemma-4-31B-IT,opencode,MMMU-Pro vision,mmmu_pro_test_Literature_86,0,1,0.24608679965832697,1363.0
Gemma-4-31B-IT,opencode,MMMU-Pro vision,mmmu_pro_test_Literature_93,0,1,0.2255248895817741,462.0
Gemma-4-31B-IT,opencode,MMMU-Pro vision,mmmu_pro_test_Literature_96,0,1,0.26576812811206935,577.0
Gemma-4-31B-IT,opencode,MMMU-Pro vision,mmmu_pro_test_Literature_97,0,1,0.27278037236417474,935.0
Gemma-4-31B-IT,opencode,MMMU-Pro vision,mmmu_pro_test_Literature_99,0,1,0.21151873874876284,365.0
Gemma-4-31B-IT,opencode,MMMU-Pro vision,mmmu_pro_test_Manage_10,0,0,0.39767263662223834,2955.0
Gemma-4-31B-IT,opencode,MMMU-Pro vision,mmmu_pro_test_Manage_104,0,1,0.12547361104555485,1253.0
Gemma-4-31B-IT,opencode,MMMU-Pro vision,mmmu_pro_test_Manage_115,0,1,0.12424705495694525,659.0
Gemma-4-31B-IT,opencode,MMMU-Pro vision,mmmu_pro_test_Manage_126,0,0,0.26867665300602767,4896.0
Gemma-4-31B-IT,opencode,MMMU-Pro vision,mmmu_pro_test_Manage_140,0,1,0.06928881458363577,1800.0
Gemma-4-31B-IT,opencode,MMMU-Pro vision,mmmu_pro_test_Manage_15,0,1,0.10161108675349373,585.0
Gemma-4-31B-IT,opencode,MMMU-Pro vision,mmmu_pro_test_Manage_154,0,1,0.13406005206658025,2209.0
Gemma-4-31B-IT,opencode,MMMU-Pro vision,mmmu_pro_test_Manage_173,0,1,0.16619058175264903,4346.0
Gemma-4-31B-IT,opencode,MMMU-Pro vision,mmmu_pro_test_Manage_177,0,1,0.15851616791641707,471.0
Gemma-4-31B-IT,opencode,MMMU-Pro vision,mmmu_pro_test_Manage_180,0,1,0.08453646383570029,2233.0
Gemma-4-31B-IT,opencode,MMMU-Pro vision,mmmu_pro_test_Manage_187,0,1,0.09289461207559947,976.0
Gemma-4-31B-IT,opencode,MMMU-Pro vision,mmmu_pro_test_Manage_191,0,1,0.22569328112195286,663.0
Gemma-4-31B-IT,opencode,MMMU-Pro vision,mmmu_pro_test_Manage_20,0,0,0.3444474143690303,4542.0
Gemma-4-31B-IT,opencode,MMMU-Pro vision,mmmu_pro_test_Manage_202,0,0,0.03938972733825928,32766.0
Gemma-4-31B-IT,opencode,MMMU-Pro vision,mmmu_pro_test_Manage_207,0,1,0.1160052610976188,1498.0
Gemma-4-31B-IT,opencode,MMMU-Pro vision,mmmu_pro_test_Manage_22,0,0,0.15202700902121716,10376.0
Gemma-4-31B-IT,opencode,MMMU-Pro vision,mmmu_pro_test_Manage_228,0,1,0.12032619847893324,992.0
Gemma-4-31B-IT,opencode,MMMU-Pro vision,mmmu_pro_test_Manage_234,0,1,0.17293227522868132,8060.0
Gemma-4-31B-IT,opencode,MMMU-Pro vision,mmmu_pro_test_Manage_239,0,1,0.06389728491228654,2497.0
Gemma-4-31B-IT,opencode,MMMU-Pro vision,mmmu_pro_test_Manage_31,0,1,0.19883298949119005,607.0
Gemma-4-31B-IT,opencode,MMMU-Pro vision,mmmu_pro_test_Manage_35,0,1,0.07852843065251652,1845.0
Gemma-4-31B-IT,opencode,MMMU-Pro vision,mmmu_pro_test_Manage_36,0,1,0.26803152977256184,2568.0
Gemma-4-31B-IT,opencode,MMMU-Pro vision,mmmu_pro_test_Manage_45,0,1,0.12656456205826627,7365.0
Gemma-4-31B-IT,opencode,MMMU-Pro vision,mmmu_pro_test_Manage_49,0,1,0.11117995633297788,1183.0
Gemma-4-31B-IT,opencode,MMMU-Pro vision,mmmu_pro_test_Manage_52,0,1,0.039100087928300754,2833.0
Gemma-4-31B-IT,opencode,MMMU-Pro vision,mmmu_pro_test_Manage_56,0,0,0.35963968078998243,5859.0
Gemma-4-31B-IT,opencode,MMMU-Pro vision,mmmu_pro_test_Manage_64,0,0,0.3528819163610342,1067.0
Gemma-4-31B-IT,opencode,MMMU-Pro vision,mmmu_pro_test_Manage_66,0,1,0.1709687989782278,953.0
Gemma-4-31B-IT,opencode,MMMU-Pro vision,mmmu_pro_test_Manage_68,0,1,0.04226418701800644,2223.0
Gemma-4-31B-IT,opencode,MMMU-Pro vision,mmmu_pro_test_Manage_69,0,1,0.09241414576641832,1546.0
Gemma-4-31B-IT,opencode,MMMU-Pro vision,mmmu_pro_test_Manage_70,0,1,0.06879141546783317,2528.0
Gemma-4-31B-IT,opencode,MMMU-Pro vision,mmmu_pro_test_Manage_73,0,1,0.10260874603028196,2272.0
Gemma-4-31B-IT,opencode,MMMU-Pro vision,mmmu_pro_test_Manage_75,0,1,0.0930951113655033,4909.0
Gemma-4-31B-IT,opencode,MMMU-Pro vision,mmmu_pro_test_Manage_8,0,0,0.2469766739091855,1868.0
Gemma-4-31B-IT,opencode,MMMU-Pro vision,mmmu_pro_test_Manage_80,0,0,0.12231763126770732,16812.0
Gemma-4-31B-IT,opencode,MMMU-Pro vision,mmmu_pro_test_Manage_87,0,1,0.06543944499851996,883.0
Gemma-4-31B-IT,opencode,MMMU-Pro vision,mmmu_pro_test_Manage_94,0,1,0.1387077630541618,2417.0
Gemma-4-31B-IT,opencode,MMMU-Pro vision,mmmu_pro_test_Marketing_108,0,1,0.09374217952567143,606.0
Gemma-4-31B-IT,opencode,MMMU-Pro vision,mmmu_pro_test_Marketing_109,0,1,0.13677712036877154,2681.0
Gemma-4-31B-IT,opencode,MMMU-Pro vision,mmmu_pro_test_Marketing_111,0,1,0.08488180337654354,500.0
Gemma-4-31B-IT,opencode,MMMU-Pro vision,mmmu_pro_test_Marketing_112,0,1,0.20978381244575503,3697.0
Gemma-4-31B-IT,opencode,MMMU-Pro vision,mmmu_pro_test_Marketing_114,0,1,0.19037799342987094,6799.0
Gemma-4-31B-IT,opencode,MMMU-Pro vision,mmmu_pro_test_Marketing_116,0,1,0.19124363679638584,1829.0
Gemma-4-31B-IT,opencode,MMMU-Pro vision,mmmu_pro_test_Marketing_120,0,1,0.20295643207320263,810.0
Gemma-4-31B-IT,opencode,MMMU-Pro vision,mmmu_pro_test_Marketing_130,0,1,0.07985584965953614,937.0
Gemma-4-31B-IT,opencode,MMMU-Pro vision,mmmu_pro_test_Marketing_134,0,1,0.05968033451477569,1003.0
Gemma-4-31B-IT,opencode,MMMU-Pro vision,mmmu_pro_test_Marketing_135,0,1,0.09636692807623808,1381.0
Gemma-4-31B-IT,opencode,MMMU-Pro vision,mmmu_pro_test_Marketing_144,0,1,0.10781629810121524,630.0
Gemma-4-31B-IT,opencode,MMMU-Pro vision,mmmu_pro_test_Marketing_150,0,1,0.14066706059469664,12966.0
Gemma-4-31B-IT,opencode,MMMU-Pro vision,mmmu_pro_test_Marketing_155,0,1,0.06496900915670017,677.0
Gemma-4-31B-IT,opencode,MMMU-Pro vision,mmmu_pro_test_Marketing_161,0,1,0.1870565452415689,3156.0
Gemma-4-31B-IT,opencode,MMMU-Pro vision,mmmu_pro_test_Marketing_164,0,1,0.05688403885194062,709.0
Gemma-4-31B-IT,opencode,MMMU-Pro vision,mmmu_pro_test_Marketing_166,0,0,0.06575134515394201,53213.0
Gemma-4-31B-IT,opencode,MMMU-Pro vision,mmmu_pro_test_Marketing_172,0,1,0.22701954313385778,760.0
Gemma-4-31B-IT,opencode,MMMU-Pro vision,mmmu_pro_test_Marketing_177,0,1,0.0984936408774623,1854.0
Gemma-4-31B-IT,opencode,MMMU-Pro vision,mmmu_pro_test_Marketing_2,0,1,0.05797502150523934,1376.0
Gemma-4-31B-IT,opencode,MMMU-Pro vision,mmmu_pro_test_Marketing_27,0,1,0.12269283569729725,1038.0
Gemma-4-31B-IT,opencode,MMMU-Pro vision,mmmu_pro_test_Marketing_33,0,1,0.06496429909208223,1051.0
Gemma-4-31B-IT,opencode,MMMU-Pro vision,mmmu_pro_test_Marketing_35,0,1,0.0503468697939151,1597.0
Gemma-4-31B-IT,opencode,MMMU-Pro vision,mmmu_pro_test_Marketing_37,0,1,0.06667302693853062,1351.0
Gemma-4-31B-IT,opencode,MMMU-Pro vision,mmmu_pro_test_Marketing_40,0,0,0.18923324265979954,1937.0
Gemma-4-31B-IT,opencode,MMMU-Pro vision,mmmu_pro_test_Marketing_44,0,1,0.061391279889552,1050.0
Gemma-4-31B-IT,opencode,MMMU-Pro vision,mmmu_pro_test_Marketing_56,0,1,0.05711809556481834,1441.0
Gemma-4-31B-IT,opencode,MMMU-Pro vision,mmmu_pro_test_Marketing_61,0,1,0.12233198399817931,1524.0
Gemma-4-31B-IT,opencode,MMMU-Pro vision,mmmu_pro_test_Marketing_62,0,1,0.042473958370427146,1208.0
Gemma-4-31B-IT,opencode,MMMU-Pro vision,mmmu_pro_test_Marketing_63,0,1,0.12151080317495379,1196.0
Gemma-4-31B-IT,opencode,MMMU-Pro vision,mmmu_pro_test_Marketing_64,0,1,0.16738698084310488,10206.0
Gemma-4-31B-IT,opencode,MMMU-Pro vision,mmmu_pro_test_Marketing_68,0,0,0.18528363580393634,611.0
Gemma-4-31B-IT,opencode,MMMU-Pro vision,mmmu_pro_test_Marketing_69,0,0,0.21885937053465576,8652.0
Gemma-4-31B-IT,opencode,MMMU-Pro vision,mmmu_pro_test_Marketing_72,0,1,0.14633702035110263,5456.0
Gemma-4-31B-IT,opencode,MMMU-Pro vision,mmmu_pro_test_Marketing_73,0,1,0.12079593671647318,1317.0
Gemma-4-31B-IT,opencode,MMMU-Pro vision,mmmu_pro_test_Marketing_76,0,1,0.12713858355621352,6051.0
Gemma-4-31B-IT,opencode,MMMU-Pro vision,mmmu_pro_test_Marketing_86,0,1,0.07000311365228593,646.0
Gemma-4-31B-IT,opencode,MMMU-Pro vision,mmmu_pro_test_Marketing_87,0,1,0.1871517142040608,3862.0
Gemma-4-31B-IT,opencode,MMMU-Pro vision,mmmu_pro_test_Marketing_92,0,1,0.10326183905387892,1161.0
Gemma-4-31B-IT,opencode,MMMU-Pro vision,mmmu_pro_test_Marketing_98,0,0,0.12568580232374568,1219.0
Gemma-4-31B-IT,opencode,MMMU-Pro vision,mmmu_pro_test_Materials_121,0,1,0.1007070406419218,718.0
Gemma-4-31B-IT,opencode,MMMU-Pro vision,mmmu_pro_test_Materials_139,0,1,0.17668844055526173,1652.0
Gemma-4-31B-IT,opencode,MMMU-Pro vision,mmmu_pro_test_Materials_150,0,1,0.25478826392660253,1654.0
Gemma-4-31B-IT,opencode,MMMU-Pro vision,mmmu_pro_test_Materials_16,0,1,0.1960887504337777,10323.0
Gemma-4-31B-IT,opencode,MMMU-Pro vision,mmmu_pro_test_Materials_165,0,0,0.09657682892872027,1092.0
Gemma-4-31B-IT,opencode,MMMU-Pro vision,mmmu_pro_test_Materials_173,0,0,0.01747572265262891,32766.0
Gemma-4-31B-IT,opencode,MMMU-Pro vision,mmmu_pro_test_Materials_204,0,0,0.1827624705463475,5980.0
Gemma-4-31B-IT,opencode,MMMU-Pro vision,mmmu_pro_test_Materials_230,0,1,0.20842348622671864,4510.0
Gemma-4-31B-IT,opencode,MMMU-Pro vision,mmmu_pro_test_Materials_239,0,0,0.1384738495024893,18572.0
Gemma-4-31B-IT,opencode,MMMU-Pro vision,mmmu_pro_test_Materials_253,0,1,0.10657989787206225,4136.0
Gemma-4-31B-IT,opencode,MMMU-Pro vision,mmmu_pro_test_Materials_277,0,1,0.21707371831361857,7352.0
Gemma-4-31B-IT,opencode,MMMU-Pro vision,mmmu_pro_test_Materials_297,0,1,0.34521877242596594,1202.0
Gemma-4-31B-IT,opencode,MMMU-Pro vision,mmmu_pro_test_Materials_298,0,1,0.12374956006076934,3253.0
Gemma-4-31B-IT,opencode,MMMU-Pro vision,mmmu_pro_test_Materials_314,0,1,0.23049073696473701,4442.0
Gemma-4-31B-IT,opencode,MMMU-Pro vision,mmmu_pro_test_Materials_319,0,1,0.15250060017299594,11084.0
Gemma-4-31B-IT,opencode,MMMU-Pro vision,mmmu_pro_test_Materials_326,0,1,0.07965400698120002,2183.0
Gemma-4-31B-IT,opencode,MMMU-Pro vision,mmmu_pro_test_Materials_327,0,0,0.09174734083940014,32766.0
Gemma-4-31B-IT,opencode,MMMU-Pro vision,mmmu_pro_test_Materials_332,0,1,0.2413038015081247,572.0
Gemma-4-31B-IT,opencode,MMMU-Pro vision,mmmu_pro_test_Materials_345,0,1,0.21002621112692274,1879.0
Gemma-4-31B-IT,opencode,MMMU-Pro vision,mmmu_pro_test_Materials_358,0,1,0.189551351283697,2217.0
Gemma-4-31B-IT,opencode,MMMU-Pro vision,mmmu_pro_test_Materials_383,0,1,0.1377589919933945,4325.0
Gemma-4-31B-IT,opencode,MMMU-Pro vision,mmmu_pro_test_Materials_392,0,0,0.17720024383454572,17244.0
Gemma-4-31B-IT,opencode,MMMU-Pro vision,mmmu_pro_test_Materials_415,0,1,0.07850244023454227,3207.0
Gemma-4-31B-IT,opencode,MMMU-Pro vision,mmmu_pro_test_Materials_417,0,1,0.24924483584979923,1817.0
Gemma-4-31B-IT,opencode,MMMU-Pro vision,mmmu_pro_test_Materials_423,0,0,0.21787241686309686,10363.0
Gemma-4-31B-IT,opencode,MMMU-Pro vision,mmmu_pro_test_Materials_446,0,1,0.14970411671012626,644.0
Gemma-4-31B-IT,opencode,MMMU-Pro vision,mmmu_pro_test_Materials_450,0,0,0.025510176753964418,32766.0
Gemma-4-31B-IT,opencode,MMMU-Pro vision,mmmu_pro_test_Materials_51,0,1,0.20182859383587257,16414.0
Gemma-4-31B-IT,opencode,MMMU-Pro vision,mmmu_pro_test_Materials_6,0,1,0.21800049839610405,7589.0
Gemma-4-31B-IT,opencode,MMMU-Pro vision,mmmu_pro_test_Materials_72,0,0,0.19920494570499248,14333.0
Gemma-4-31B-IT,opencode,MMMU-Pro vision,mmmu_pro_test_Materials_91,0,1,0.1613947467149929,11989.0
Gemma-4-31B-IT,opencode,MMMU-Pro vision,mmmu_pro_test_Materials_96,0,1,0.24151794729899415,904.0
Gemma-4-31B-IT,opencode,MMMU-Pro vision,mmmu_pro_test_Materials_98,0,1,0.19609491850086233,9700.0
Gemma-4-31B-IT,opencode,MMMU-Pro vision,mmmu_pro_test_Math_11,0,1,0.07957921436340273,846.0
Gemma-4-31B-IT,opencode,MMMU-Pro vision,mmmu_pro_test_Math_115,0,1,0.055823262005357296,1289.0
Gemma-4-31B-IT,opencode,MMMU-Pro vision,mmmu_pro_test_Math_12,0,1,0.18607165768280448,1758.0
Gemma-4-31B-IT,opencode,MMMU-Pro vision,mmmu_pro_test_Math_122,0,0,0.02278349480585854,32766.0
Gemma-4-31B-IT,opencode,MMMU-Pro vision,mmmu_pro_test_Math_16,0,1,0.10613829735866272,763.0
Gemma-4-31B-IT,opencode,MMMU-Pro vision,mmmu_pro_test_Math_164,0,1,0.13959338448403485,4655.0
Gemma-4-31B-IT,opencode,MMMU-Pro vision,mmmu_pro_test_Math_165,0,0,0.029478868077403644,32766.0
Gemma-4-31B-IT,opencode,MMMU-Pro vision,mmmu_pro_test_Math_170,0,1,0.24415629534790487,1380.0
Gemma-4-31B-IT,opencode,MMMU-Pro vision,mmmu_pro_test_Math_18,0,0,0.21005213081115942,3140.0
Gemma-4-31B-IT,opencode,MMMU-Pro vision,mmmu_pro_test_Math_189,0,1,0.1291428231100224,511.0
Gemma-4-31B-IT,opencode,MMMU-Pro vision,mmmu_pro_test_Math_19,0,0,0.10829011344920451,1115.0
Gemma-4-31B-IT,opencode,MMMU-Pro vision,mmmu_pro_test_Math_201,0,1,0.1999843031625142,3049.0
Gemma-4-31B-IT,opencode,MMMU-Pro vision,mmmu_pro_test_Math_205,0,1,0.21181302647547773,2328.0
Gemma-4-31B-IT,opencode,MMMU-Pro vision,mmmu_pro_test_Math_209,0,1,0.20835352637281093,1383.0
Gemma-4-31B-IT,opencode,MMMU-Pro vision,mmmu_pro_test_Math_22,0,1,0.1547740661102513,1143.0
Gemma-4-31B-IT,opencode,MMMU-Pro vision,mmmu_pro_test_Math_222,0,1,0.1611407502037786,5020.0
Gemma-4-31B-IT,opencode,MMMU-Pro vision,mmmu_pro_test_Math_224,0,0,0.20292463850764947,1236.0
Gemma-4-31B-IT,opencode,MMMU-Pro vision,mmmu_pro_test_Math_247,0,1,0.23292975154719145,390.0
Gemma-4-31B-IT,opencode,MMMU-Pro vision,mmmu_pro_test_Math_257,0,1,0.15533983980359958,3792.0
Gemma-4-31B-IT,opencode,MMMU-Pro vision,mmmu_pro_test_Math_266,0,1,0.08581915868879345,2639.0
Gemma-4-31B-IT,opencode,MMMU-Pro vision,mmmu_pro_test_Math_270,0,1,0.14019987385663252,3752.0
Gemma-4-31B-IT,opencode,MMMU-Pro vision,mmmu_pro_test_Math_279,0,0,0.11390243617492099,2155.0
Gemma-4-31B-IT,opencode,MMMU-Pro vision,mmmu_pro_test_Math_282,0,1,0.13684324889292446,3075.0
Gemma-4-31B-IT,opencode,MMMU-Pro vision,mmmu_pro_test_Math_290,0,1,0.07756534959648739,1862.0
Gemma-4-31B-IT,opencode,MMMU-Pro vision,mmmu_pro_test_Math_341,0,1,0.11376839398474421,4247.0
Gemma-4-31B-IT,opencode,MMMU-Pro vision,mmmu_pro_test_Math_346,0,1,0.15197539143098815,639.0
Gemma-4-31B-IT,opencode,MMMU-Pro vision,mmmu_pro_test_Math_390,0,0,0.006864654524438693,32766.0
Gemma-4-31B-IT,opencode,MMMU-Pro vision,mmmu_pro_test_Math_393,0,1,0.22290282646968315,4972.0
Gemma-4-31B-IT,opencode,MMMU-Pro vision,mmmu_pro_test_Math_41,0,1,0.09578385034241299,1494.0
Gemma-4-31B-IT,opencode,MMMU-Pro vision,mmmu_pro_test_Math_435,0,0,0.2391930110501178,1877.0
Gemma-4-31B-IT,opencode,MMMU-Pro vision,mmmu_pro_test_Math_436,0,1,0.0984254773074595,1025.0
Gemma-4-31B-IT,opencode,MMMU-Pro vision,mmmu_pro_test_Math_475,0,1,0.1710935219130059,3817.0
Gemma-4-31B-IT,opencode,MMMU-Pro vision,mmmu_pro_test_Math_476,0,1,0.06720925388343095,1704.0
Gemma-4-31B-IT,opencode,MMMU-Pro vision,mmmu_pro_test_Math_492,0,1,0.12690757624084717,1262.0
Gemma-4-31B-IT,opencode,MMMU-Pro vision,mmmu_pro_test_Math_504,0,0,0.1038491652825208,14980.0
Gemma-4-31B-IT,opencode,MMMU-Pro vision,mmmu_pro_test_Math_56,0,1,0.08746939924116576,1257.0
Gemma-4-31B-IT,opencode,MMMU-Pro vision,mmmu_pro_test_Math_65,0,0,0.05448111208077759,32766.0
Gemma-4-31B-IT,opencode,MMMU-Pro vision,mmmu_pro_test_Math_75,0,1,0.1966335273027231,1297.0
Gemma-4-31B-IT,opencode,MMMU-Pro vision,mmmu_pro_test_Math_80,0,1,0.15150630497499815,3507.0
Gemma-4-31B-IT,opencode,MMMU-Pro vision,mmmu_pro_test_Mechanical_Engineering_104,0,1,0.14895388082944994,2225.0
Gemma-4-31B-IT,opencode,MMMU-Pro vision,mmmu_pro_test_Mechanical_Engineering_123,0,1,0.07340883068298301,5456.0
Gemma-4-31B-IT,opencode,MMMU-Pro vision,mmmu_pro_test_Mechanical_Engineering_136,0,1,0.31008433352982684,8365.0
Gemma-4-31B-IT,opencode,MMMU-Pro vision,mmmu_pro_test_Mechanical_Engineering_173,0,0,0.033470447720072606,32766.0
Gemma-4-31B-IT,opencode,MMMU-Pro vision,mmmu_pro_test_Mechanical_Engineering_186,0,1,0.12448480599872806,2295.0
Gemma-4-31B-IT,opencode,MMMU-Pro vision,mmmu_pro_test_Mechanical_Engineering_190,0,0,0.0889906007083582,953.0
Gemma-4-31B-IT,opencode,MMMU-Pro vision,mmmu_pro_test_Mechanical_Engineering_192,0,0,0.19594300221197825,10723.0
Gemma-4-31B-IT,opencode,MMMU-Pro vision,mmmu_pro_test_Mechanical_Engineering_201,0,0,0.324082020678511,3597.0
Gemma-4-31B-IT,opencode,MMMU-Pro vision,mmmu_pro_test_Mechanical_Engineering_203,0,0,0.0325856771622653,32766.0
Gemma-4-31B-IT,opencode,MMMU-Pro vision,mmmu_pro_test_Mechanical_Engineering_205,0,0,0.24948348374971213,7661.0
Gemma-4-31B-IT,opencode,MMMU-Pro vision,mmmu_pro_test_Mechanical_Engineering_209,0,1,0.23143011117992934,9165.0
Gemma-4-31B-IT,opencode,MMMU-Pro vision,mmmu_pro_test_Mechanical_Engineering_230,0,0,0.14989566793693165,34778.0
Gemma-4-31B-IT,opencode,MMMU-Pro vision,mmmu_pro_test_Mechanical_Engineering_234,0,1,0.20079281673740315,9387.0
Gemma-4-31B-IT,opencode,MMMU-Pro vision,mmmu_pro_test_Mechanical_Engineering_257,0,0,0.05618587416243129,32766.0
Gemma-4-31B-IT,opencode,MMMU-Pro vision,mmmu_pro_test_Mechanical_Engineering_275,0,1,0.147735955753633,5559.0
Gemma-4-31B-IT,opencode,MMMU-Pro vision,mmmu_pro_test_Mechanical_Engineering_278,0,1,0.14806803568628435,4605.0
Gemma-4-31B-IT,opencode,MMMU-Pro vision,mmmu_pro_test_Mechanical_Engineering_279,0,1,0.1155613025287372,3113.0
Gemma-4-31B-IT,opencode,MMMU-Pro vision,mmmu_pro_test_Mechanical_Engineering_333,0,1,0.311966028222547,5833.0
Gemma-4-31B-IT,opencode,MMMU-Pro vision,mmmu_pro_test_Mechanical_Engineering_338,0,1,0.25709628340728596,16451.0
Gemma-4-31B-IT,opencode,MMMU-Pro vision,mmmu_pro_test_Mechanical_Engineering_359,0,1,0.17876418757350385,30528.0
Gemma-4-31B-IT,opencode,MMMU-Pro vision,mmmu_pro_test_Mechanical_Engineering_372,0,1,0.2405312865985678,7703.0
Gemma-4-31B-IT,opencode,MMMU-Pro vision,mmmu_pro_test_Mechanical_Engineering_382,0,0,0.1723951234301633,5040.0
Gemma-4-31B-IT,opencode,MMMU-Pro vision,mmmu_pro_test_Mechanical_Engineering_392,0,1,0.15884250325236407,15854.0
Gemma-4-31B-IT,opencode,MMMU-Pro vision,mmmu_pro_test_Mechanical_Engineering_396,0,1,0.07556732224033959,1041.0
Gemma-4-31B-IT,opencode,MMMU-Pro vision,mmmu_pro_test_Mechanical_Engineering_409,0,1,0.1168280770836868,3579.0
Gemma-4-31B-IT,opencode,MMMU-Pro vision,mmmu_pro_test_Mechanical_Engineering_420,0,1,0.051431590256141496,1663.0
Gemma-4-31B-IT,opencode,MMMU-Pro vision,mmmu_pro_test_Mechanical_Engineering_55,0,0,0.1762325784474652,8239.0
Gemma-4-31B-IT,opencode,MMMU-Pro vision,mmmu_pro_test_Mechanical_Engineering_58,0,0,0.17074249456309762,7340.0
Gemma-4-31B-IT,opencode,MMMU-Pro vision,mmmu_pro_test_Mechanical_Engineering_62,0,1,0.2166694249156904,4938.0
Gemma-4-31B-IT,opencode,MMMU-Pro vision,mmmu_pro_test_Mechanical_Engineering_7,0,1,0.07998328728646763,1796.0
Gemma-4-31B-IT,opencode,MMMU-Pro vision,mmmu_pro_test_Mechanical_Engineering_78,0,1,0.10275588887597362,1471.0
Gemma-4-31B-IT,opencode,MMMU-Pro vision,mmmu_pro_test_Mechanical_Engineering_81,0,1,0.18904752256552967,8415.0
Gemma-4-31B-IT,opencode,MMMU-Pro vision,mmmu_pro_test_Mechanical_Engineering_87,0,1,0.12463448991351449,867.0
Gemma-4-31B-IT,opencode,MMMU-Pro vision,mmmu_pro_test_Mechanical_Engineering_96,0,0,0.032946130226336454,32766.0
Gemma-4-31B-IT,opencode,MMMU-Pro vision,mmmu_pro_test_Music_103,0,0,0.04346294610109773,32766.0
Gemma-4-31B-IT,opencode,MMMU-Pro vision,mmmu_pro_test_Music_105,0,0,0.2251198295005044,4541.0
Gemma-4-31B-IT,opencode,MMMU-Pro vision,mmmu_pro_test_Music_11,0,0,0.014027742401808475,32766.0
Gemma-4-31B-IT,opencode,MMMU-Pro vision,mmmu_pro_test_Music_116,0,1,0.2357803407598404,7040.0
Gemma-4-31B-IT,opencode,MMMU-Pro vision,mmmu_pro_test_Music_123,0,1,0.11660190678771006,8535.0
Gemma-4-31B-IT,opencode,MMMU-Pro vision,mmmu_pro_test_Music_127,0,0,0.1543878123481597,3342.0
Gemma-4-31B-IT,opencode,MMMU-Pro vision,mmmu_pro_test_Music_133,0,1,0.12855711633149727,467.0
Gemma-4-31B-IT,opencode,MMMU-Pro vision,mmmu_pro_test_Music_134,0,0,0.023698584657685342,32766.0
Gemma-4-31B-IT,opencode,MMMU-Pro vision,mmmu_pro_test_Music_209,0,0,0.17754641438185917,808.0
Gemma-4-31B-IT,opencode,MMMU-Pro vision,mmmu_pro_test_Music_210,0,0,0.012592662065058843,32766.0
Gemma-4-31B-IT,opencode,MMMU-Pro vision,mmmu_pro_test_Music_219,0,0,0.0067199254264100235,32766.0
Gemma-4-31B-IT,opencode,MMMU-Pro vision,mmmu_pro_test_Music_222,0,0,0.2020062214760704,689.0
Gemma-4-31B-IT,opencode,MMMU-Pro vision,mmmu_pro_test_Music_244,0,1,0.29659222387603773,1302.0
Gemma-4-31B-IT,opencode,MMMU-Pro vision,mmmu_pro_test_Music_247,0,1,0.17021743617143884,3034.0
Gemma-4-31B-IT,opencode,MMMU-Pro vision,mmmu_pro_test_Music_251,0,1,0.3161772011075215,4726.0
Gemma-4-31B-IT,opencode,MMMU-Pro vision,mmmu_pro_test_Music_264,0,1,0.15846344874346668,248.0
Gemma-4-31B-IT,opencode,MMMU-Pro vision,mmmu_pro_test_Music_289,0,0,0.20661883221921737,883.0
Gemma-4-31B-IT,opencode,MMMU-Pro vision,mmmu_pro_test_Music_293,0,0,0.23379577657746964,4736.0
Gemma-4-31B-IT,opencode,MMMU-Pro vision,mmmu_pro_test_Music_299,0,0,0.021626225536287843,32766.0
Gemma-4-31B-IT,opencode,MMMU-Pro vision,mmmu_pro_test_Music_310,0,0,0.05355150541765287,32766.0
Gemma-4-31B-IT,opencode,MMMU-Pro vision,mmmu_pro_test_Music_317,0,1,0.26823691012327255,722.0
Gemma-4-31B-IT,opencode,MMMU-Pro vision,mmmu_pro_test_Music_322,0,0,0.031047610354677027,32766.0
Gemma-4-31B-IT,opencode,MMMU-Pro vision,mmmu_pro_test_Music_324,0,0,0.2223259361143537,1007.0
Gemma-4-31B-IT,opencode,MMMU-Pro vision,mmmu_pro_test_Music_327,0,1,0.21751835095721417,1169.0
Gemma-4-31B-IT,opencode,MMMU-Pro vision,mmmu_pro_test_Music_333,0,0,0.005665984408121764,32766.0
Gemma-4-31B-IT,opencode,MMMU-Pro vision,mmmu_pro_test_Music_39,0,0,0.2763208439720122,5266.0
Gemma-4-31B-IT,opencode,MMMU-Pro vision,mmmu_pro_test_Music_42,0,1,0.21022689881515116,2182.0
Gemma-4-31B-IT,opencode,MMMU-Pro vision,mmmu_pro_test_Music_5,0,0,0.2011954835828349,1741.0
Gemma-4-31B-IT,opencode,MMMU-Pro vision,mmmu_pro_test_Music_53,0,0,0.007214681414398817,32766.0
Gemma-4-31B-IT,opencode,MMMU-Pro vision,mmmu_pro_test_Music_60,0,0,0.02213995372798747,32766.0
Gemma-4-31B-IT,opencode,MMMU-Pro vision,mmmu_pro_test_Music_70,0,1,0.13380123805835017,1245.0
Gemma-4-31B-IT,opencode,MMMU-Pro vision,mmmu_pro_test_Music_74,0,1,0.20813546064998592,913.0
Gemma-4-31B-IT,opencode,MMMU-Pro vision,mmmu_pro_test_Pharmacy_140,0,1,0.15054332339437576,1013.0
Gemma-4-31B-IT,opencode,MMMU-Pro vision,mmmu_pro_test_Pharmacy_141,0,1,0.07915618833063433,996.0
Gemma-4-31B-IT,opencode,MMMU-Pro vision,mmmu_pro_test_Pharmacy_170,0,1,0.1520856890060433,728.0
Gemma-4-31B-IT,opencode,MMMU-Pro vision,mmmu_pro_test_Pharmacy_174,0,1,0.07053029614182266,814.0
Gemma-4-31B-IT,opencode,MMMU-Pro vision,mmmu_pro_test_Pharmacy_19,0,1,0.1285572625884245,491.0
Gemma-4-31B-IT,opencode,MMMU-Pro vision,mmmu_pro_test_Pharmacy_198,0,0,0.32447913771017667,2512.0
Gemma-4-31B-IT,opencode,MMMU-Pro vision,mmmu_pro_test_Pharmacy_20,0,1,0.10163470429736114,2235.0
Gemma-4-31B-IT,opencode,MMMU-Pro vision,mmmu_pro_test_Pharmacy_201,0,0,0.19290995952147363,969.0
Gemma-4-31B-IT,opencode,MMMU-Pro vision,mmmu_pro_test_Pharmacy_206,0,1,0.13946729121135842,345.0
Gemma-4-31B-IT,opencode,MMMU-Pro vision,mmmu_pro_test_Pharmacy_210,0,0,0.011472940858364228,32766.0
Gemma-4-31B-IT,opencode,MMMU-Pro vision,mmmu_pro_test_Pharmacy_211,0,1,0.21485378674721325,1881.0
Gemma-4-31B-IT,opencode,MMMU-Pro vision,mmmu_pro_test_Pharmacy_226,0,1,0.37860684108157716,4214.0
Gemma-4-31B-IT,opencode,MMMU-Pro vision,mmmu_pro_test_Pharmacy_230,0,1,0.14003175416817834,637.0
Gemma-4-31B-IT,opencode,MMMU-Pro vision,mmmu_pro_test_Pharmacy_231,0,0,0.28295382029138993,1110.0
Gemma-4-31B-IT,opencode,MMMU-Pro vision,mmmu_pro_test_Pharmacy_234,0,0,0.045822363338981695,32766.0
Gemma-4-31B-IT,opencode,MMMU-Pro vision,mmmu_pro_test_Pharmacy_24,0,1,0.1485086559993369,1724.0
Gemma-4-31B-IT,opencode,MMMU-Pro vision,mmmu_pro_test_Pharmacy_242,0,1,0.1941351694689169,666.0
Gemma-4-31B-IT,opencode,MMMU-Pro vision,mmmu_pro_test_Pharmacy_246,0,0,0.049809195615182614,32766.0
Gemma-4-31B-IT,opencode,MMMU-Pro vision,mmmu_pro_test_Pharmacy_254,0,1,0.3224611008795638,4506.0
Gemma-4-31B-IT,opencode,MMMU-Pro vision,mmmu_pro_test_Pharmacy_260,0,0,0.3523883539253035,4293.0
Gemma-4-31B-IT,opencode,MMMU-Pro vision,mmmu_pro_test_Pharmacy_280,0,0,0.27273796009838785,523.0
Gemma-4-31B-IT,opencode,MMMU-Pro vision,mmmu_pro_test_Pharmacy_287,0,0,0.20996573281166972,895.0
Gemma-4-31B-IT,opencode,MMMU-Pro vision,mmmu_pro_test_Pharmacy_308,0,1,0.12565833668871226,3237.0
Gemma-4-31B-IT,opencode,MMMU-Pro vision,mmmu_pro_test_Pharmacy_318,0,0,0.14636186623029018,2987.0
Gemma-4-31B-IT,opencode,MMMU-Pro vision,mmmu_pro_test_Pharmacy_333,0,1,0.15037823978669987,5417.0
Gemma-4-31B-IT,opencode,MMMU-Pro vision,mmmu_pro_test_Pharmacy_34,0,1,0.262312898078132,1065.0
Gemma-4-31B-IT,opencode,MMMU-Pro vision,mmmu_pro_test_Pharmacy_35,0,1,0.18369464387850512,9186.0
Gemma-4-31B-IT,opencode,MMMU-Pro vision,mmmu_pro_test_Pharmacy_355,0,1,0.11930438957171763,1405.0
Gemma-4-31B-IT,opencode,MMMU-Pro vision,mmmu_pro_test_Pharmacy_393,0,1,0.2101197504702843,1686.0
Gemma-4-31B-IT,opencode,MMMU-Pro vision,mmmu_pro_test_Pharmacy_4,0,1,0.21165398210238545,1030.0
Gemma-4-31B-IT,opencode,MMMU-Pro vision,mmmu_pro_test_Pharmacy_410,0,0,0.33203411116235315,1028.0
Gemma-4-31B-IT,opencode,MMMU-Pro vision,mmmu_pro_test_Pharmacy_414,0,1,0.0714614677408591,959.0
Gemma-4-31B-IT,opencode,MMMU-Pro vision,mmmu_pro_test_Pharmacy_415,0,1,0.09275204149824533,1053.0
Gemma-4-31B-IT,opencode,MMMU-Pro vision,mmmu_pro_test_Pharmacy_426,0,1,0.08310230185360475,1236.0
Gemma-4-31B-IT,opencode,MMMU-Pro vision,mmmu_pro_test_Pharmacy_427,0,1,0.15629778248886517,1009.0
Gemma-4-31B-IT,opencode,MMMU-Pro vision,mmmu_pro_test_Pharmacy_45,0,0,0.14521914223777524,5186.0
Gemma-4-31B-IT,opencode,MMMU-Pro vision,mmmu_pro_test_Pharmacy_78,0,1,0.23562298352148978,268.0
Gemma-4-31B-IT,opencode,MMMU-Pro vision,mmmu_pro_test_Pharmacy_83,0,0,0.16614924314557417,601.0
Gemma-4-31B-IT,opencode,MMMU-Pro vision,mmmu_pro_test_Pharmacy_89,0,1,0.273485191237009,1364.0
Gemma-4-31B-IT,opencode,MMMU-Pro vision,mmmu_pro_test_Pharmacy_96,0,1,0.17710005391271924,4817.0
Gemma-4-31B-IT,opencode,MMMU-Pro vision,mmmu_pro_test_Physics_103,0,1,0.1188560622975928,1359.0
Gemma-4-31B-IT,opencode,MMMU-Pro vision,mmmu_pro_test_Physics_118,0,1,0.23910762955496986,1776.0
Gemma-4-31B-IT,opencode,MMMU-Pro vision,mmmu_pro_test_Physics_127,0,0,0.18974476388656386,1601.0
Gemma-4-31B-IT,opencode,MMMU-Pro vision,mmmu_pro_test_Physics_156,0,1,0.2607311192357087,658.0
Gemma-4-31B-IT,opencode,MMMU-Pro vision,mmmu_pro_test_Physics_16,0,0,0.23712340772936208,6972.0
Gemma-4-31B-IT,opencode,MMMU-Pro vision,mmmu_pro_test_Physics_161,0,0,0.022268143676323876,32766.0
Gemma-4-31B-IT,opencode,MMMU-Pro vision,mmmu_pro_test_Physics_166,0,0,0.2389127836132193,5143.0
Gemma-4-31B-IT,opencode,MMMU-Pro vision,mmmu_pro_test_Physics_173,0,1,0.10546518721510828,1086.0
Gemma-4-31B-IT,opencode,MMMU-Pro vision,mmmu_pro_test_Physics_174,0,1,0.0869811540347543,1135.0
Gemma-4-31B-IT,opencode,MMMU-Pro vision,mmmu_pro_test_Physics_20,0,0,0.2817902190729685,3890.0
Gemma-4-31B-IT,opencode,MMMU-Pro vision,mmmu_pro_test_Physics_201,0,0,0.2770249510158751,7890.0
Gemma-4-31B-IT,opencode,MMMU-Pro vision,mmmu_pro_test_Physics_210,0,0,0.10582690988025135,998.0
Gemma-4-31B-IT,opencode,MMMU-Pro vision,mmmu_pro_test_Physics_214,0,0,0.22322127116332188,8732.0
Gemma-4-31B-IT,opencode,MMMU-Pro vision,mmmu_pro_test_Physics_218,0,1,0.09298527338931613,1040.0
Gemma-4-31B-IT,opencode,MMMU-Pro vision,mmmu_pro_test_Physics_224,0,1,0.2702499025929535,7784.0
Gemma-4-31B-IT,opencode,MMMU-Pro vision,mmmu_pro_test_Physics_243,0,1,0.19026756554816593,2051.0
Gemma-4-31B-IT,opencode,MMMU-Pro vision,mmmu_pro_test_Physics_252,0,0,0.04777479569425227,32766.0
Gemma-4-31B-IT,opencode,MMMU-Pro vision,mmmu_pro_test_Physics_253,0,1,0.1770981176849071,952.0
Gemma-4-31B-IT,opencode,MMMU-Pro vision,mmmu_pro_test_Physics_275,0,0,0.1967956153680649,2981.0
Gemma-4-31B-IT,opencode,MMMU-Pro vision,mmmu_pro_test_Physics_292,0,1,0.13674364063092795,14452.0
Gemma-4-31B-IT,opencode,MMMU-Pro vision,mmmu_pro_test_Physics_293,0,1,0.12868135806948724,1786.0
Gemma-4-31B-IT,opencode,MMMU-Pro vision,mmmu_pro_test_Physics_30,0,0,0.26838205921277475,2105.0
Gemma-4-31B-IT,opencode,MMMU-Pro vision,mmmu_pro_test_Physics_307,0,1,0.10851591686400638,634.0
Gemma-4-31B-IT,opencode,MMMU-Pro vision,mmmu_pro_test_Physics_34,0,1,0.09312249427512406,1313.0
Gemma-4-31B-IT,opencode,MMMU-Pro vision,mmmu_pro_test_Physics_353,0,1,0.07117332227129491,1338.0
Gemma-4-31B-IT,opencode,MMMU-Pro vision,mmmu_pro_test_Physics_359,0,1,0.1777499263707809,1195.0
Gemma-4-31B-IT,opencode,MMMU-Pro vision,mmmu_pro_test_Physics_369,0,1,0.1122073991064739,737.0
Gemma-4-31B-IT,opencode,MMMU-Pro vision,mmmu_pro_test_Physics_384,0,0,0.1893029405003861,3141.0
Gemma-4-31B-IT,opencode,MMMU-Pro vision,mmmu_pro_test_Physics_386,0,1,0.08051804207239555,879.0
Gemma-4-31B-IT,opencode,MMMU-Pro vision,mmmu_pro_test_Physics_397,0,1,0.16813141405623067,1869.0
Gemma-4-31B-IT,opencode,MMMU-Pro vision,mmmu_pro_test_Physics_40,0,0,0.045597260950569304,32766.0
Gemma-4-31B-IT,opencode,MMMU-Pro vision,mmmu_pro_test_Physics_401,0,0,0.3120072802186393,3869.0
Gemma-4-31B-IT,opencode,MMMU-Pro vision,mmmu_pro_test_Physics_406,0,0,0.22390823475968324,8753.0
Gemma-4-31B-IT,opencode,MMMU-Pro vision,mmmu_pro_test_Physics_61,0,0,0.28464674291886477,3517.0
Gemma-4-31B-IT,opencode,MMMU-Pro vision,mmmu_pro_test_Physics_85,0,1,0.17531306699720486,2743.0
Gemma-4-31B-IT,opencode,MMMU-Pro vision,mmmu_pro_test_Physics_98,0,1,0.17642604474305293,2078.0
Gemma-4-31B-IT,opencode,MMMU-Pro vision,mmmu_pro_test_Psychology_103,0,0,0.1930536723116072,575.0
Gemma-4-31B-IT,opencode,MMMU-Pro vision,mmmu_pro_test_Psychology_105,0,0,0.3259891093312457,778.0
Gemma-4-31B-IT,opencode,MMMU-Pro vision,mmmu_pro_test_Psychology_106,0,1,0.19873274221531181,739.0
Gemma-4-31B-IT,opencode,MMMU-Pro vision,mmmu_pro_test_Psychology_111,0,1,0.335574346287791,2217.0
Gemma-4-31B-IT,opencode,MMMU-Pro vision,mmmu_pro_test_Psychology_128,0,0,0.3018198065112257,903.0
Gemma-4-31B-IT,opencode,MMMU-Pro vision,mmmu_pro_test_Psychology_149,0,0,0.13056395654051647,355.0
Gemma-4-31B-IT,opencode,MMMU-Pro vision,mmmu_pro_test_Psychology_15,0,1,0.15822190258520885,409.0
Gemma-4-31B-IT,opencode,MMMU-Pro vision,mmmu_pro_test_Psychology_151,0,0,0.32473995230589675,3132.0
Gemma-4-31B-IT,opencode,MMMU-Pro vision,mmmu_pro_test_Psychology_153,0,0,0.23341842852702482,2768.0
Gemma-4-31B-IT,opencode,MMMU-Pro vision,mmmu_pro_test_Psychology_155,0,1,0.279458752720289,945.0
Gemma-4-31B-IT,opencode,MMMU-Pro vision,mmmu_pro_test_Psychology_157,0,0,0.1920535264250993,1132.0
Gemma-4-31B-IT,opencode,MMMU-Pro vision,mmmu_pro_test_Psychology_159,0,1,0.25084460718948937,519.0
Gemma-4-31B-IT,opencode,MMMU-Pro vision,mmmu_pro_test_Psychology_163,0,0,0.3223725752002833,2808.0
Gemma-4-31B-IT,opencode,MMMU-Pro vision,mmmu_pro_test_Psychology_176,0,1,0.21395298082936473,1637.0
Gemma-4-31B-IT,opencode,MMMU-Pro vision,mmmu_pro_test_Psychology_180,0,1,0.19832739943516262,1828.0
Gemma-4-31B-IT,opencode,MMMU-Pro vision,mmmu_pro_test_Psychology_196,0,1,0.33015404727772774,2162.0
Gemma-4-31B-IT,opencode,MMMU-Pro vision,mmmu_pro_test_Psychology_201,0,1,0.29604931834670406,1186.0
Gemma-4-31B-IT,opencode,MMMU-Pro vision,mmmu_pro_test_Psychology_21,0,0,0.1524022414886589,3444.0
Gemma-4-31B-IT,opencode,MMMU-Pro vision,mmmu_pro_test_Psychology_213,0,0,0.3244449005261203,5231.0
Gemma-4-31B-IT,opencode,MMMU-Pro vision,mmmu_pro_test_Psychology_220,0,0,0.18171539438451545,816.0
Gemma-4-31B-IT,opencode,MMMU-Pro vision,mmmu_pro_test_Psychology_223,0,0,0.3334204572987527,2403.0
Gemma-4-31B-IT,opencode,MMMU-Pro vision,mmmu_pro_test_Psychology_225,0,1,0.22044210040695686,1111.0
Gemma-4-31B-IT,opencode,MMMU-Pro vision,mmmu_pro_test_Psychology_228,0,1,0.17833556824253874,1067.0
Gemma-4-31B-IT,opencode,MMMU-Pro vision,mmmu_pro_test_Psychology_233,0,0,0.23432388604126878,800.0
Gemma-4-31B-IT,opencode,MMMU-Pro vision,mmmu_pro_test_Psychology_245,0,0,0.2002772130408005,1109.0
Gemma-4-31B-IT,opencode,MMMU-Pro vision,mmmu_pro_test_Psychology_258,0,1,0.14816317401800497,1003.0
Gemma-4-31B-IT,opencode,MMMU-Pro vision,mmmu_pro_test_Psychology_270,0,0,0.29221078516983584,3030.0
Gemma-4-31B-IT,opencode,MMMU-Pro vision,mmmu_pro_test_Psychology_285,0,1,0.12621305851270437,678.0
Gemma-4-31B-IT,opencode,MMMU-Pro vision,mmmu_pro_test_Psychology_293,0,0,0.21345427777703013,719.0
Gemma-4-31B-IT,opencode,MMMU-Pro vision,mmmu_pro_test_Psychology_33,0,1,0.06262030180404114,348.0
Gemma-4-31B-IT,opencode,MMMU-Pro vision,mmmu_pro_test_Psychology_35,0,1,0.19020213567485542,734.0
Gemma-4-31B-IT,opencode,MMMU-Pro vision,mmmu_pro_test_Psychology_44,0,0,0.28915813301078425,2250.0
Gemma-4-31B-IT,opencode,MMMU-Pro vision,mmmu_pro_test_Psychology_56,0,1,0.25580564170747877,2079.0
Gemma-4-31B-IT,opencode,MMMU-Pro vision,mmmu_pro_test_Psychology_63,0,1,0.2005572558410453,1107.0
Gemma-4-31B-IT,opencode,MMMU-Pro vision,mmmu_pro_test_Psychology_65,0,1,0.24050705101202935,1610.0
Gemma-4-31B-IT,opencode,MMMU-Pro vision,mmmu_pro_test_Psychology_69,0,0,0.30527175462561723,4534.0
Gemma-4-31B-IT,opencode,MMMU-Pro vision,mmmu_pro_test_Psychology_78,0,0,0.2005700026524161,1327.0
Gemma-4-31B-IT,opencode,MMMU-Pro vision,mmmu_pro_test_Psychology_83,0,1,0.148083032487326,631.0
Gemma-4-31B-IT,opencode,MMMU-Pro vision,mmmu_pro_test_Psychology_85,0,0,0.25464910579894584,897.0
Gemma-4-31B-IT,opencode,MMMU-Pro vision,mmmu_pro_test_Psychology_88,0,0,0.2587786064657556,721.0
Gemma-4-31B-IT,opencode,MMMU-Pro vision,mmmu_pro_test_Psychology_96,0,1,0.24863512656360856,1821.0
Gemma-4-31B-IT,opencode,MMMU-Pro vision,mmmu_pro_test_Public_Health_103,0,1,0.1099706873801301,1175.0
Gemma-4-31B-IT,opencode,MMMU-Pro vision,mmmu_pro_test_Public_Health_127,0,1,0.1447457036271393,2490.0
Gemma-4-31B-IT,opencode,MMMU-Pro vision,mmmu_pro_test_Public_Health_152,0,1,0.21810803433006043,1058.0
Gemma-4-31B-IT,opencode,MMMU-Pro vision,mmmu_pro_test_Public_Health_166,0,1,0.25536349261120384,1122.0
Gemma-4-31B-IT,opencode,MMMU-Pro vision,mmmu_pro_test_Public_Health_169,0,1,0.2823425268622528,6930.0
Gemma-4-31B-IT,opencode,MMMU-Pro vision,mmmu_pro_test_Public_Health_179,0,1,0.07273155280727885,559.0
Gemma-4-31B-IT,opencode,MMMU-Pro vision,mmmu_pro_test_Public_Health_186,0,0,0.09038969566456527,1607.0
Gemma-4-31B-IT,opencode,MMMU-Pro vision,mmmu_pro_test_Public_Health_189,0,1,0.12388725483215879,2324.0
Gemma-4-31B-IT,opencode,MMMU-Pro vision,mmmu_pro_test_Public_Health_19,0,1,0.13177746090594947,1308.0
Gemma-4-31B-IT,opencode,MMMU-Pro vision,mmmu_pro_test_Public_Health_191,0,1,0.22353430409400998,2091.0
Gemma-4-31B-IT,opencode,MMMU-Pro vision,mmmu_pro_test_Public_Health_199,0,1,0.21275205133854277,1666.0
Gemma-4-31B-IT,opencode,MMMU-Pro vision,mmmu_pro_test_Public_Health_208,0,1,0.21261113192164346,1206.0
Gemma-4-31B-IT,opencode,MMMU-Pro vision,mmmu_pro_test_Public_Health_212,0,1,0.21844577423866549,7699.0
Gemma-4-31B-IT,opencode,MMMU-Pro vision,mmmu_pro_test_Public_Health_223,0,1,0.18077637713193553,3153.0
Gemma-4-31B-IT,opencode,MMMU-Pro vision,mmmu_pro_test_Public_Health_239,0,0,0.16483012517202705,7397.0
Gemma-4-31B-IT,opencode,MMMU-Pro vision,mmmu_pro_test_Public_Health_240,0,1,0.22647140537965973,975.0
Gemma-4-31B-IT,opencode,MMMU-Pro vision,mmmu_pro_test_Public_Health_243,0,0,0.20948724874564398,1239.0
Gemma-4-31B-IT,opencode,MMMU-Pro vision,mmmu_pro_test_Public_Health_248,0,0,0.06298340424962069,32766.0
Gemma-4-31B-IT,opencode,MMMU-Pro vision,mmmu_pro_test_Public_Health_266,0,1,0.11635982141913158,1334.0
Gemma-4-31B-IT,opencode,MMMU-Pro vision,mmmu_pro_test_Public_Health_28,0,0,0.23726885379337037,4801.0
Gemma-4-31B-IT,opencode,MMMU-Pro vision,mmmu_pro_test_Public_Health_291,0,1,0.12726786537598944,1183.0
Gemma-4-31B-IT,opencode,MMMU-Pro vision,mmmu_pro_test_Public_Health_295,0,1,0.10366350187218352,979.0
Gemma-4-31B-IT,opencode,MMMU-Pro vision,mmmu_pro_test_Public_Health_300,0,1,0.08222290781504203,707.0
Gemma-4-31B-IT,opencode,MMMU-Pro vision,mmmu_pro_test_Public_Health_309,0,1,0.18741603467998094,1801.0
Gemma-4-31B-IT,opencode,MMMU-Pro vision,mmmu_pro_test_Public_Health_331,0,1,0.1763981412060493,4969.0
Gemma-4-31B-IT,opencode,MMMU-Pro vision,mmmu_pro_test_Public_Health_338,0,1,0.20844949299915294,932.0
Gemma-4-31B-IT,opencode,MMMU-Pro vision,mmmu_pro_test_Public_Health_353,0,1,0.05086680350977226,789.0
Gemma-4-31B-IT,opencode,MMMU-Pro vision,mmmu_pro_test_Public_Health_360,0,1,0.06896365545130324,547.0
Gemma-4-31B-IT,opencode,MMMU-Pro vision,mmmu_pro_test_Public_Health_381,0,1,0.07394115721763372,1452.0
Gemma-4-31B-IT,opencode,MMMU-Pro vision,mmmu_pro_test_Public_Health_388,0,1,0.07297631462532958,916.0
Gemma-4-31B-IT,opencode,MMMU-Pro vision,mmmu_pro_test_Public_Health_39,0,1,0.08871073238537933,1622.0
Gemma-4-31B-IT,opencode,MMMU-Pro vision,mmmu_pro_test_Public_Health_4,0,1,0.07063123384300805,832.0
Gemma-4-31B-IT,opencode,MMMU-Pro vision,mmmu_pro_test_Public_Health_427,0,0,0.2138417485733886,1606.0
Gemma-4-31B-IT,opencode,MMMU-Pro vision,mmmu_pro_test_Public_Health_463,0,1,0.08323703118572577,1338.0
Gemma-4-31B-IT,opencode,MMMU-Pro vision,mmmu_pro_test_Public_Health_465,0,1,0.08576794077867701,3150.0
Gemma-4-31B-IT,opencode,MMMU-Pro vision,mmmu_pro_test_Public_Health_470,0,0,0.16131223642886475,7997.0
Gemma-4-31B-IT,opencode,MMMU-Pro vision,mmmu_pro_test_Public_Health_509,0,1,0.14918620544693859,510.0
Gemma-4-31B-IT,opencode,MMMU-Pro vision,mmmu_pro_test_Public_Health_84,0,1,0.06577305995309786,889.0
Gemma-4-31B-IT,opencode,MMMU-Pro vision,mmmu_pro_test_Sociology_1,0,1,0.24470997142050194,738.0
Gemma-4-31B-IT,opencode,MMMU-Pro vision,mmmu_pro_test_Sociology_102,0,0,0.43116487279518423,3043.0
Gemma-4-31B-IT,opencode,MMMU-Pro vision,mmmu_pro_test_Sociology_114,0,1,0.22991669526498365,1282.0
Gemma-4-31B-IT,opencode,MMMU-Pro vision,mmmu_pro_test_Sociology_122,0,0,0.34344967353674294,1921.0
Gemma-4-31B-IT,opencode,MMMU-Pro vision,mmmu_pro_test_Sociology_125,0,1,0.33429269528912636,768.0
Gemma-4-31B-IT,opencode,MMMU-Pro vision,mmmu_pro_test_Sociology_140,0,0,0.26607510359410597,2863.0
Gemma-4-31B-IT,opencode,MMMU-Pro vision,mmmu_pro_test_Sociology_145,0,1,0.32465007890389813,369.0
Gemma-4-31B-IT,opencode,MMMU-Pro vision,mmmu_pro_test_Sociology_155,0,1,0.2706106143843979,821.0
Gemma-4-31B-IT,opencode,MMMU-Pro vision,mmmu_pro_test_Sociology_168,0,1,0.12089317392073057,227.0
Gemma-4-31B-IT,opencode,MMMU-Pro vision,mmmu_pro_test_Sociology_176,0,1,0.26043660331574486,842.0
Gemma-4-31B-IT,opencode,MMMU-Pro vision,mmmu_pro_test_Sociology_177,0,1,0.27306812561190347,742.0
Gemma-4-31B-IT,opencode,MMMU-Pro vision,mmmu_pro_test_Sociology_18,0,1,0.26877983800160254,276.0
Gemma-4-31B-IT,opencode,MMMU-Pro vision,mmmu_pro_test_Sociology_180,0,1,0.21021173706098228,641.0
Gemma-4-31B-IT,opencode,MMMU-Pro vision,mmmu_pro_test_Sociology_181,0,0,0.33350520703561304,1027.0
Gemma-4-31B-IT,opencode,MMMU-Pro vision,mmmu_pro_test_Sociology_191,0,1,0.30588385915407446,2029.0
Gemma-4-31B-IT,opencode,MMMU-Pro vision,mmmu_pro_test_Sociology_20,0,0,0.2727959569207709,870.0
Gemma-4-31B-IT,opencode,MMMU-Pro vision,mmmu_pro_test_Sociology_202,0,1,0.2120221788626674,416.0
Gemma-4-31B-IT,opencode,MMMU-Pro vision,mmmu_pro_test_Sociology_213,0,1,0.2559001362064427,714.0
Gemma-4-31B-IT,opencode,MMMU-Pro vision,mmmu_pro_test_Sociology_214,0,1,0.3223307101837208,1195.0
Gemma-4-31B-IT,opencode,MMMU-Pro vision,mmmu_pro_test_Sociology_219,0,1,0.20286331431458038,513.0
Gemma-4-31B-IT,opencode,MMMU-Pro vision,mmmu_pro_test_Sociology_229,0,0,0.22566599404456875,1359.0
Gemma-4-31B-IT,opencode,MMMU-Pro vision,mmmu_pro_test_Sociology_230,0,1,0.36584472734736534,1098.0
Gemma-4-31B-IT,opencode,MMMU-Pro vision,mmmu_pro_test_Sociology_245,0,1,0.3023247214102269,1012.0
Gemma-4-31B-IT,opencode,MMMU-Pro vision,mmmu_pro_test_Sociology_26,0,1,0.25849130171292745,2966.0
Gemma-4-31B-IT,opencode,MMMU-Pro vision,mmmu_pro_test_Sociology_39,0,1,0.3155416136059979,1643.0
Gemma-4-31B-IT,opencode,MMMU-Pro vision,mmmu_pro_test_Sociology_4,0,0,0.2971060955050027,502.0
Gemma-4-31B-IT,opencode,MMMU-Pro vision,mmmu_pro_test_Sociology_40,0,0,0.380994655618732,2067.0
Gemma-4-31B-IT,opencode,MMMU-Pro vision,mmmu_pro_test_Sociology_47,0,1,0.1335343941181842,354.0
Gemma-4-31B-IT,opencode,MMMU-Pro vision,mmmu_pro_test_Sociology_52,0,1,0.16139202876137515,313.0
Gemma-4-31B-IT,opencode,MMMU-Pro vision,mmmu_pro_test_Sociology_63,0,1,0.18058375363728638,312.0
Gemma-4-31B-IT,opencode,MMMU-Pro vision,mmmu_pro_test_Sociology_68,0,1,0.2305057801468404,548.0
Gemma-4-31B-IT,opencode,MMMU-Pro vision,mmmu_pro_test_Sociology_77,0,1,0.16647049630172875,744.0
Gemma-4-31B-IT,opencode,MMMU-Pro vision,mmmu_pro_test_Sociology_83,0,1,0.2907765000806972,463.0
Gemma-4-31B-IT,opencode,MMMU-Pro vision,mmmu_pro_test_Sociology_9,0,1,0.2772921021171458,1272.0
Gemma-4-31B-IT,opencode,MMMU-Pro vision,mmmu_pro_test_Sociology_90,0,0,0.3375845202936826,9884.0
Gemma-4-31B-IT,opencode,MMMU-Pro vision,mmmu_pro_test_Sociology_93,0,0,0.3272389977967197,879.0
Gemma-4-31B-IT,opencode,MMMU-Pro vision,mmmu_pro_test_Sociology_96,0,1,0.23782368759741962,304.0
Gemma-4-31B-IT,opencode,MMMU-Pro vision,mmmu_pro_test_Sociology_99,0,1,0.09380810672164101,315.0
Gemma-4-31B-IT,opencode,MMMU-Pro vision,mmmu_pro_validation_Accounting_10,0,1,0.06370758872162995,1499.0
Gemma-4-31B-IT,opencode,MMMU-Pro vision,mmmu_pro_validation_Accounting_11,0,1,0.1409745344855076,1067.0
Gemma-4-31B-IT,opencode,MMMU-Pro vision,mmmu_pro_validation_Accounting_13,0,1,0.17498449877827957,1966.0
Gemma-4-31B-IT,opencode,MMMU-Pro vision,mmmu_pro_validation_Accounting_14,0,1,0.1132902472582113,785.0
Gemma-4-31B-IT,opencode,MMMU-Pro vision,mmmu_pro_validation_Accounting_15,0,0,0.046460454162811374,34023.0
Gemma-4-31B-IT,opencode,MMMU-Pro vision,mmmu_pro_validation_Accounting_16,0,1,0.11395785333043498,1126.0
Gemma-4-31B-IT,opencode,MMMU-Pro vision,mmmu_pro_validation_Accounting_17,0,1,0.10599253405192698,3072.0
Gemma-4-31B-IT,opencode,MMMU-Pro vision,mmmu_pro_validation_Accounting_18,0,1,0.06620621005773801,817.0
Gemma-4-31B-IT,opencode,MMMU-Pro vision,mmmu_pro_validation_Accounting_19,0,0,0.11544058515987114,1317.0
Gemma-4-31B-IT,opencode,MMMU-Pro vision,mmmu_pro_validation_Accounting_2,0,1,0.05756524403400891,1721.0
Gemma-4-31B-IT,opencode,MMMU-Pro vision,mmmu_pro_validation_Accounting_20,0,0,0.1648574308184219,9294.0
Gemma-4-31B-IT,opencode,MMMU-Pro vision,mmmu_pro_validation_Accounting_21,0,1,0.15110829589434402,8429.0
Gemma-4-31B-IT,opencode,MMMU-Pro vision,mmmu_pro_validation_Accounting_23,0,1,0.15315160001693506,963.0
Gemma-4-31B-IT,opencode,MMMU-Pro vision,mmmu_pro_validation_Accounting_24,0,1,0.19956088113583811,3497.0
Gemma-4-31B-IT,opencode,MMMU-Pro vision,mmmu_pro_validation_Accounting_26,0,1,0.18995863230282797,3247.0
Gemma-4-31B-IT,opencode,MMMU-Pro vision,mmmu_pro_validation_Accounting_27,0,1,0.05854844282352895,629.0
Gemma-4-31B-IT,opencode,MMMU-Pro vision,mmmu_pro_validation_Accounting_29,0,1,0.14638375796363018,707.0
Gemma-4-31B-IT,opencode,MMMU-Pro vision,mmmu_pro_validation_Accounting_3,0,1,0.07930975093105049,787.0
Gemma-4-31B-IT,opencode,MMMU-Pro vision,mmmu_pro_validation_Accounting_30,0,0,0.08601408964929941,813.0
Gemma-4-31B-IT,opencode,MMMU-Pro vision,mmmu_pro_validation_Accounting_4,0,1,0.07580474504289796,655.0
Gemma-4-31B-IT,opencode,MMMU-Pro vision,mmmu_pro_validation_Accounting_5,0,0,0.03715960678270758,32766.0
Gemma-4-31B-IT,opencode,MMMU-Pro vision,mmmu_pro_validation_Accounting_6,0,1,0.090127190990175,1520.0
Gemma-4-31B-IT,opencode,MMMU-Pro vision,mmmu_pro_validation_Accounting_7,0,1,0.11923763706426253,1186.0
Gemma-4-31B-IT,opencode,MMMU-Pro vision,mmmu_pro_validation_Accounting_8,0,1,0.10542538347082456,915.0
Gemma-4-31B-IT,opencode,MMMU-Pro vision,mmmu_pro_validation_Accounting_9,0,1,0.21112295759430333,1366.0
Gemma-4-31B-IT,opencode,MMMU-Pro vision,mmmu_pro_validation_Agriculture_1,0,1,0.3632374921085193,1041.0
Gemma-4-31B-IT,opencode,MMMU-Pro vision,mmmu_pro_validation_Agriculture_10,0,1,0.3173041626088675,1086.0
Gemma-4-31B-IT,opencode,MMMU-Pro vision,mmmu_pro_validation_Agriculture_11,0,0,0.3027617037311582,812.0
Gemma-4-31B-IT,opencode,MMMU-Pro vision,mmmu_pro_validation_Agriculture_12,0,0,0.14988461362716754,668.0
Gemma-4-31B-IT,opencode,MMMU-Pro vision,mmmu_pro_validation_Agriculture_13,0,0,0.2505427432120601,899.0
Gemma-4-31B-IT,opencode,MMMU-Pro vision,mmmu_pro_validation_Agriculture_17,0,0,0.368222568953057,1499.0
Gemma-4-31B-IT,opencode,MMMU-Pro vision,mmmu_pro_validation_Agriculture_18,0,1,0.2967056966503523,501.0
Gemma-4-31B-IT,opencode,MMMU-Pro vision,mmmu_pro_validation_Agriculture_20,0,0,0.3204822264763102,838.0
Gemma-4-31B-IT,opencode,MMMU-Pro vision,mmmu_pro_validation_Agriculture_21,0,1,0.3920368541234704,805.0
Gemma-4-31B-IT,opencode,MMMU-Pro vision,mmmu_pro_validation_Agriculture_22,0,0,0.36657344017776955,763.0
Gemma-4-31B-IT,opencode,MMMU-Pro vision,mmmu_pro_validation_Agriculture_23,0,1,0.4078627375303176,1610.0
Gemma-4-31B-IT,opencode,MMMU-Pro vision,mmmu_pro_validation_Agriculture_27,0,0,0.2637420758785203,3563.0
Gemma-4-31B-IT,opencode,MMMU-Pro vision,mmmu_pro_validation_Agriculture_29,0,1,0.27259002280110206,375.0
Gemma-4-31B-IT,opencode,MMMU-Pro vision,mmmu_pro_validation_Agriculture_3,0,1,0.3885952237766857,2140.0
Gemma-4-31B-IT,opencode,MMMU-Pro vision,mmmu_pro_validation_Agriculture_4,0,1,0.2609536197806065,468.0
Gemma-4-31B-IT,opencode,MMMU-Pro vision,mmmu_pro_validation_Agriculture_5,0,0,0.2849193874347656,506.0
Gemma-4-31B-IT,opencode,MMMU-Pro vision,mmmu_pro_validation_Agriculture_6,0,1,0.11906828504619445,448.0
Gemma-4-31B-IT,opencode,MMMU-Pro vision,mmmu_pro_validation_Agriculture_8,0,0,0.31890492691582667,2790.0
Gemma-4-31B-IT,opencode,MMMU-Pro vision,mmmu_pro_validation_Agriculture_9,0,1,0.2536160806055403,799.0
Gemma-4-31B-IT,opencode,MMMU-Pro vision,mmmu_pro_validation_Architecture_and_Engineering_10,0,1,0.08639957408569203,1832.0
Gemma-4-31B-IT,opencode,MMMU-Pro vision,mmmu_pro_validation_Architecture_and_Engineering_11,0,1,0.0995642478758702,2049.0
Gemma-4-31B-IT,opencode,MMMU-Pro vision,mmmu_pro_validation_Architecture_and_Engineering_12,0,1,0.08630002029906597,2799.0
Gemma-4-31B-IT,opencode,MMMU-Pro vision,mmmu_pro_validation_Architecture_and_Engineering_13,0,1,0.13831154400736284,13559.0
Gemma-4-31B-IT,opencode,MMMU-Pro vision,mmmu_pro_validation_Architecture_and_Engineering_15,0,1,0.17672884847161424,10832.0
Gemma-4-31B-IT,opencode,MMMU-Pro vision,mmmu_pro_validation_Architecture_and_Engineering_17,0,1,0.14079232368845823,6279.0
Gemma-4-31B-IT,opencode,MMMU-Pro vision,mmmu_pro_validation_Architecture_and_Engineering_20,0,1,0.12171826547255747,4328.0
Gemma-4-31B-IT,opencode,MMMU-Pro vision,mmmu_pro_validation_Architecture_and_Engineering_21,0,1,0.1973678379985735,7935.0
Gemma-4-31B-IT,opencode,MMMU-Pro vision,mmmu_pro_validation_Architecture_and_Engineering_22,0,1,0.1352950678990341,5881.0
Gemma-4-31B-IT,opencode,MMMU-Pro vision,mmmu_pro_validation_Architecture_and_Engineering_23,0,1,0.13385476411946426,9779.0
Gemma-4-31B-IT,opencode,MMMU-Pro vision,mmmu_pro_validation_Architecture_and_Engineering_24,0,1,0.06433165982081088,1205.0
Gemma-4-31B-IT,opencode,MMMU-Pro vision,mmmu_pro_validation_Architecture_and_Engineering_26,0,1,0.1660287646277168,3499.0
Gemma-4-31B-IT,opencode,MMMU-Pro vision,mmmu_pro_validation_Architecture_and_Engineering_27,0,1,0.1436625538098731,749.0
Gemma-4-31B-IT,opencode,MMMU-Pro vision,mmmu_pro_validation_Architecture_and_Engineering_28,0,1,0.3203987542660032,261.0
Gemma-4-31B-IT,opencode,MMMU-Pro vision,mmmu_pro_validation_Architecture_and_Engineering_29,0,1,0.09722471672155227,3910.0
Gemma-4-31B-IT,opencode,MMMU-Pro vision,mmmu_pro_validation_Architecture_and_Engineering_3,0,1,0.1248312567809852,6270.0
Gemma-4-31B-IT,opencode,MMMU-Pro vision,mmmu_pro_validation_Architecture_and_Engineering_30,0,1,0.19473644720260036,11287.0
Gemma-4-31B-IT,opencode,MMMU-Pro vision,mmmu_pro_validation_Architecture_and_Engineering_4,0,1,0.14177125587119196,5758.0
Gemma-4-31B-IT,opencode,MMMU-Pro vision,mmmu_pro_validation_Architecture_and_Engineering_5,0,1,0.09410658212466837,3064.0
Gemma-4-31B-IT,opencode,MMMU-Pro vision,mmmu_pro_validation_Architecture_and_Engineering_7,0,1,0.12059907554085235,1171.0
Gemma-4-31B-IT,opencode,MMMU-Pro vision,mmmu_pro_validation_Architecture_and_Engineering_8,0,1,0.07735245544085723,3415.0
Gemma-4-31B-IT,opencode,MMMU-Pro vision,mmmu_pro_validation_Architecture_and_Engineering_9,0,1,0.08203093412719706,4338.0
Gemma-4-31B-IT,opencode,MMMU-Pro vision,mmmu_pro_validation_Art_10,0,1,0.11958077516187467,253.0
Gemma-4-31B-IT,opencode,MMMU-Pro vision,mmmu_pro_validation_Art_12,0,0,0.34618179149281825,532.0
Gemma-4-31B-IT,opencode,MMMU-Pro vision,mmmu_pro_validation_Art_13,0,1,0.335741529758813,522.0
Gemma-4-31B-IT,opencode,MMMU-Pro vision,mmmu_pro_validation_Art_14,0,0,0.04338783594230909,35834.0
Gemma-4-31B-IT,opencode,MMMU-Pro vision,mmmu_pro_validation_Art_15,0,0,0.3046893910414726,1041.0
Gemma-4-31B-IT,opencode,MMMU-Pro vision,mmmu_pro_validation_Art_16,0,0,0.32212074088362896,1164.0
Gemma-4-31B-IT,opencode,MMMU-Pro vision,mmmu_pro_validation_Art_18,0,1,0.1858704790609527,735.0
Gemma-4-31B-IT,opencode,MMMU-Pro vision,mmmu_pro_validation_Art_19,0,0,0.3905409503181694,1623.0
Gemma-4-31B-IT,opencode,MMMU-Pro vision,mmmu_pro_validation_Art_2,0,0,0.366228064188393,1554.0
Gemma-4-31B-IT,opencode,MMMU-Pro vision,mmmu_pro_validation_Art_25,0,1,0.22294421767960118,446.0
Gemma-4-31B-IT,opencode,MMMU-Pro vision,mmmu_pro_validation_Art_26,0,0,0.026805338934108146,50467.0
Gemma-4-31B-IT,opencode,MMMU-Pro vision,mmmu_pro_validation_Art_29,0,1,0.25512960877944607,412.0
Gemma-4-31B-IT,opencode,MMMU-Pro vision,mmmu_pro_validation_Art_3,0,1,0.19746832695284247,508.0
Gemma-4-31B-IT,opencode,MMMU-Pro vision,mmmu_pro_validation_Art_30,0,0,0.3507215019895303,1726.0
Gemma-4-31B-IT,opencode,MMMU-Pro vision,mmmu_pro_validation_Art_4,0,1,0.3159674909849981,516.0
Gemma-4-31B-IT,opencode,MMMU-Pro vision,mmmu_pro_validation_Art_5,0,1,0.25910247713928325,393.0
Gemma-4-31B-IT,opencode,MMMU-Pro vision,mmmu_pro_validation_Art_6,0,1,0.11926425133186647,445.0
Gemma-4-31B-IT,opencode,MMMU-Pro vision,mmmu_pro_validation_Art_7,0,1,0.26083839779330104,488.0
Gemma-4-31B-IT,opencode,MMMU-Pro vision,mmmu_pro_validation_Art_Theory_10,0,1,0.23552811149812966,698.0
Gemma-4-31B-IT,opencode,MMMU-Pro vision,mmmu_pro_validation_Art_Theory_12,0,1,0.37873457805141447,906.0
Gemma-4-31B-IT,opencode,MMMU-Pro vision,mmmu_pro_validation_Art_Theory_14,0,1,0.3531857195673155,640.0
Gemma-4-31B-IT,opencode,MMMU-Pro vision,mmmu_pro_validation_Art_Theory_15,0,1,0.2072668006322609,383.0
Gemma-4-31B-IT,opencode,MMMU-Pro vision,mmmu_pro_validation_Art_Theory_16,0,0,0.3870564322820429,5260.0
Gemma-4-31B-IT,opencode,MMMU-Pro vision,mmmu_pro_validation_Art_Theory_17,0,1,0.2736138656114023,689.0
Gemma-4-31B-IT,opencode,MMMU-Pro vision,mmmu_pro_validation_Art_Theory_19,0,1,0.22102816467400585,286.0
Gemma-4-31B-IT,opencode,MMMU-Pro vision,mmmu_pro_validation_Art_Theory_20,0,1,0.195042329493888,367.0
Gemma-4-31B-IT,opencode,MMMU-Pro vision,mmmu_pro_validation_Art_Theory_21,0,0,0.3472923126868858,727.0
Gemma-4-31B-IT,opencode,MMMU-Pro vision,mmmu_pro_validation_Art_Theory_22,0,1,0.3675259469823832,893.0
Gemma-4-31B-IT,opencode,MMMU-Pro vision,mmmu_pro_validation_Art_Theory_23,0,0,0.34586380672836864,5062.0
Gemma-4-31B-IT,opencode,MMMU-Pro vision,mmmu_pro_validation_Art_Theory_25,0,1,0.2524390162009445,511.0
Gemma-4-31B-IT,opencode,MMMU-Pro vision,mmmu_pro_validation_Art_Theory_26,0,1,0.25411295345952495,385.0
Gemma-4-31B-IT,opencode,MMMU-Pro vision,mmmu_pro_validation_Art_Theory_27,0,1,0.1603655522520364,490.0
Gemma-4-31B-IT,opencode,MMMU-Pro vision,mmmu_pro_validation_Art_Theory_28,0,1,0.3824313086272565,1211.0
Gemma-4-31B-IT,opencode,MMMU-Pro vision,mmmu_pro_validation_Art_Theory_29,0,1,0.15935244689908853,253.0
Gemma-4-31B-IT,opencode,MMMU-Pro vision,mmmu_pro_validation_Art_Theory_3,0,1,0.2456466246389444,512.0
Gemma-4-31B-IT,opencode,MMMU-Pro vision,mmmu_pro_validation_Art_Theory_30,0,1,0.23440995001896295,605.0
Gemma-4-31B-IT,opencode,MMMU-Pro vision,mmmu_pro_validation_Art_Theory_4,0,0,0.2818576519830407,1998.0
Gemma-4-31B-IT,opencode,MMMU-Pro vision,mmmu_pro_validation_Art_Theory_6,0,1,0.3241219951306966,586.0
Gemma-4-31B-IT,opencode,MMMU-Pro vision,mmmu_pro_validation_Art_Theory_7,0,1,0.3218273875100383,1242.0
Gemma-4-31B-IT,opencode,MMMU-Pro vision,mmmu_pro_validation_Art_Theory_8,0,0,0.3547704502417749,4753.0
Gemma-4-31B-IT,opencode,MMMU-Pro vision,mmmu_pro_validation_Art_Theory_9,0,0,0.36052964633377077,591.0
Gemma-4-31B-IT,opencode,MMMU-Pro vision,mmmu_pro_validation_Basic_Medical_Science_1,0,1,0.2739864629708005,738.0
Gemma-4-31B-IT,opencode,MMMU-Pro vision,mmmu_pro_validation_Basic_Medical_Science_11,0,0,0.17933079445302275,471.0
Gemma-4-31B-IT,opencode,MMMU-Pro vision,mmmu_pro_validation_Basic_Medical_Science_12,0,1,0.2673280930087716,1077.0
Gemma-4-31B-IT,opencode,MMMU-Pro vision,mmmu_pro_validation_Basic_Medical_Science_13,0,1,0.20353278649690576,1210.0
Gemma-4-31B-IT,opencode,MMMU-Pro vision,mmmu_pro_validation_Basic_Medical_Science_17,0,0,0.16323821477388628,554.0
Gemma-4-31B-IT,opencode,MMMU-Pro vision,mmmu_pro_validation_Basic_Medical_Science_18,0,1,0.1449735258833994,424.0
Gemma-4-31B-IT,opencode,MMMU-Pro vision,mmmu_pro_validation_Basic_Medical_Science_21,0,1,0.23880539564195405,357.0
Gemma-4-31B-IT,opencode,MMMU-Pro vision,mmmu_pro_validation_Basic_Medical_Science_23,0,0,0.29234497600994896,636.0
Gemma-4-31B-IT,opencode,MMMU-Pro vision,mmmu_pro_validation_Basic_Medical_Science_26,0,1,0.1839085013066403,530.0
Gemma-4-31B-IT,opencode,MMMU-Pro vision,mmmu_pro_validation_Basic_Medical_Science_28,0,0,0.215975380256228,824.0
Gemma-4-31B-IT,opencode,MMMU-Pro vision,mmmu_pro_validation_Basic_Medical_Science_3,0,1,0.21861045919347663,673.0
Gemma-4-31B-IT,opencode,MMMU-Pro vision,mmmu_pro_validation_Basic_Medical_Science_5,0,1,0.19243076541458207,607.0
Gemma-4-31B-IT,opencode,MMMU-Pro vision,mmmu_pro_validation_Basic_Medical_Science_6,0,0,0.21010005041181642,973.0
Gemma-4-31B-IT,opencode,MMMU-Pro vision,mmmu_pro_validation_Basic_Medical_Science_9,0,1,0.20941124878247844,799.0
Gemma-4-31B-IT,opencode,MMMU-Pro vision,mmmu_pro_validation_Biology_1,0,0,0.1580742615512877,773.0
Gemma-4-31B-IT,opencode,MMMU-Pro vision,mmmu_pro_validation_Biology_11,0,1,0.1941740346814599,437.0
Gemma-4-31B-IT,opencode,MMMU-Pro vision,mmmu_pro_validation_Biology_13,0,0,0.22726140709961495,2074.0
Gemma-4-31B-IT,opencode,MMMU-Pro vision,mmmu_pro_validation_Biology_14,0,0,0.09349083094715216,43224.0
Gemma-4-31B-IT,opencode,MMMU-Pro vision,mmmu_pro_validation_Biology_15,0,1,0.2622141320712568,426.0
Gemma-4-31B-IT,opencode,MMMU-Pro vision,mmmu_pro_validation_Biology_17,0,0,0.19786535067995936,760.0
Gemma-4-31B-IT,opencode,MMMU-Pro vision,mmmu_pro_validation_Biology_20,0,1,0.2095137050507953,4207.0
Gemma-4-31B-IT,opencode,MMMU-Pro vision,mmmu_pro_validation_Biology_21,0,0,0.251337430656337,637.0
Gemma-4-31B-IT,opencode,MMMU-Pro vision,mmmu_pro_validation_Biology_22,0,0,0.23268736542397003,10684.0
Gemma-4-31B-IT,opencode,MMMU-Pro vision,mmmu_pro_validation_Biology_23,0,0,0.20472937903698993,646.0
Gemma-4-31B-IT,opencode,MMMU-Pro vision,mmmu_pro_validation_Biology_24,0,1,0.3087283729979235,362.0
Gemma-4-31B-IT,opencode,MMMU-Pro vision,mmmu_pro_validation_Biology_25,0,1,0.17272977960681046,764.0
Gemma-4-31B-IT,opencode,MMMU-Pro vision,mmmu_pro_validation_Biology_27,0,0,0.20105651801987184,11464.0
Gemma-4-31B-IT,opencode,MMMU-Pro vision,mmmu_pro_validation_Biology_28,0,0,0.18224457883979664,775.0
Gemma-4-31B-IT,opencode,MMMU-Pro vision,mmmu_pro_validation_Biology_29,0,0,0.2310920916956205,931.0
Gemma-4-31B-IT,opencode,MMMU-Pro vision,mmmu_pro_validation_Biology_30,0,1,0.2615030994878861,687.0
Gemma-4-31B-IT,opencode,MMMU-Pro vision,mmmu_pro_validation_Biology_4,0,0,0.008626759898489085,32766.0
Gemma-4-31B-IT,opencode,MMMU-Pro vision,mmmu_pro_validation_Biology_6,0,1,0.2024821573913116,998.0
Gemma-4-31B-IT,opencode,MMMU-Pro vision,mmmu_pro_validation_Biology_8,0,0,0.31828826687754536,4945.0
Gemma-4-31B-IT,opencode,MMMU-Pro vision,mmmu_pro_validation_Biology_9,0,0,0.2805873000770863,5401.0
Gemma-4-31B-IT,opencode,MMMU-Pro vision,mmmu_pro_validation_Chemistry_1,0,1,0.20553753413460835,986.0
Gemma-4-31B-IT,opencode,MMMU-Pro vision,mmmu_pro_validation_Chemistry_11,0,0,0.19330354807831135,1053.0
Gemma-4-31B-IT,opencode,MMMU-Pro vision,mmmu_pro_validation_Chemistry_12,0,0,0.03528565502654941,32766.0
Gemma-4-31B-IT,opencode,MMMU-Pro vision,mmmu_pro_validation_Chemistry_16,0,1,0.31169878662370476,2673.0
Gemma-4-31B-IT,opencode,MMMU-Pro vision,mmmu_pro_validation_Chemistry_17,0,1,0.16803067475375522,14178.0
Gemma-4-31B-IT,opencode,MMMU-Pro vision,mmmu_pro_validation_Chemistry_2,0,1,0.33384779850917407,4101.0
Gemma-4-31B-IT,opencode,MMMU-Pro vision,mmmu_pro_validation_Chemistry_21,0,0,0.27143786917289325,5924.0
Gemma-4-31B-IT,opencode,MMMU-Pro vision,mmmu_pro_validation_Chemistry_22,0,1,0.18088468600315163,1464.0
Gemma-4-31B-IT,opencode,MMMU-Pro vision,mmmu_pro_validation_Chemistry_24,0,1,0.06274780022117349,1327.0
Gemma-4-31B-IT,opencode,MMMU-Pro vision,mmmu_pro_validation_Chemistry_26,0,1,0.30539608101133564,3895.0
Gemma-4-31B-IT,opencode,MMMU-Pro vision,mmmu_pro_validation_Chemistry_28,0,1,0.23522398128227215,4203.0
Gemma-4-31B-IT,opencode,MMMU-Pro vision,mmmu_pro_validation_Chemistry_29,0,0,0.01167967702960262,32766.0
Gemma-4-31B-IT,opencode,MMMU-Pro vision,mmmu_pro_validation_Chemistry_3,0,1,0.27437179541800955,2055.0
Gemma-4-31B-IT,opencode,MMMU-Pro vision,mmmu_pro_validation_Chemistry_5,0,0,0.14707146296768112,7321.0
Gemma-4-31B-IT,opencode,MMMU-Pro vision,mmmu_pro_validation_Chemistry_6,0,1,0.20304124627492637,1971.0
Gemma-4-31B-IT,opencode,MMMU-Pro vision,mmmu_pro_validation_Chemistry_7,0,0,0.22374554562939672,4768.0
Gemma-4-31B-IT,opencode,MMMU-Pro vision,mmmu_pro_validation_Chemistry_8,0,1,0.1200553163026159,850.0
Gemma-4-31B-IT,opencode,MMMU-Pro vision,mmmu_pro_validation_Chemistry_9,0,1,0.2340712479545106,1022.0
Gemma-4-31B-IT,opencode,MMMU-Pro vision,mmmu_pro_validation_Clinical_Medicine_1,0,1,0.395942717082323,3271.0
Gemma-4-31B-IT,opencode,MMMU-Pro vision,mmmu_pro_validation_Clinical_Medicine_11,0,0,0.31616043736519267,5025.0
Gemma-4-31B-IT,opencode,MMMU-Pro vision,mmmu_pro_validation_Clinical_Medicine_13,0,0,0.34870438620106453,3500.0
Gemma-4-31B-IT,opencode,MMMU-Pro vision,mmmu_pro_validation_Clinical_Medicine_14,0,0,0.2604408723588262,500.0
Gemma-4-31B-IT,opencode,MMMU-Pro vision,mmmu_pro_validation_Clinical_Medicine_15,0,1,0.2494835359106188,550.0
Gemma-4-31B-IT,opencode,MMMU-Pro vision,mmmu_pro_validation_Clinical_Medicine_16,0,0,0.31904810025498187,897.0
Gemma-4-31B-IT,opencode,MMMU-Pro vision,mmmu_pro_validation_Clinical_Medicine_18,0,1,0.20420870389006965,824.0
Gemma-4-31B-IT,opencode,MMMU-Pro vision,mmmu_pro_validation_Clinical_Medicine_2,0,0,0.22149703757337733,863.0
Gemma-4-31B-IT,opencode,MMMU-Pro vision,mmmu_pro_validation_Clinical_Medicine_20,0,0,0.17165196756217074,1014.0
Gemma-4-31B-IT,opencode,MMMU-Pro vision,mmmu_pro_validation_Clinical_Medicine_22,0,1,0.2873749928441344,818.0
Gemma-4-31B-IT,opencode,MMMU-Pro vision,mmmu_pro_validation_Clinical_Medicine_23,0,1,0.21790002524556185,444.0
Gemma-4-31B-IT,opencode,MMMU-Pro vision,mmmu_pro_validation_Clinical_Medicine_24,0,0,0.3121625565273883,664.0
Gemma-4-31B-IT,opencode,MMMU-Pro vision,mmmu_pro_validation_Clinical_Medicine_25,0,1,0.2671326062983226,974.0
Gemma-4-31B-IT,opencode,MMMU-Pro vision,mmmu_pro_validation_Clinical_Medicine_28,0,0,0.3673043949712861,1502.0
Gemma-4-31B-IT,opencode,MMMU-Pro vision,mmmu_pro_validation_Clinical_Medicine_3,0,1,0.42191356104242117,1203.0
Gemma-4-31B-IT,opencode,MMMU-Pro vision,mmmu_pro_validation_Clinical_Medicine_5,0,0,0.29340075119482806,461.0
Gemma-4-31B-IT,opencode,MMMU-Pro vision,mmmu_pro_validation_Clinical_Medicine_8,0,1,0.25576305812280326,1330.0
Gemma-4-31B-IT,opencode,MMMU-Pro vision,mmmu_pro_validation_Clinical_Medicine_9,0,1,0.30566046299168276,630.0
Gemma-4-31B-IT,opencode,MMMU-Pro vision,mmmu_pro_validation_Computer_Science_1,0,1,0.1331890825677782,1445.0
Gemma-4-31B-IT,opencode,MMMU-Pro vision,mmmu_pro_validation_Computer_Science_10,0,1,0.09144776990298183,3749.0
Gemma-4-31B-IT,opencode,MMMU-Pro vision,mmmu_pro_validation_Computer_Science_11,0,0,0.021137500951544826,32766.0
Gemma-4-31B-IT,opencode,MMMU-Pro vision,mmmu_pro_validation_Computer_Science_12,0,1,0.18952655244884126,5696.0
Gemma-4-31B-IT,opencode,MMMU-Pro vision,mmmu_pro_validation_Computer_Science_14,0,1,0.1458776422810493,771.0
Gemma-4-31B-IT,opencode,MMMU-Pro vision,mmmu_pro_validation_Computer_Science_15,0,0,0.24651431488823008,7067.0
Gemma-4-31B-IT,opencode,MMMU-Pro vision,mmmu_pro_validation_Computer_Science_17,0,1,0.24539445878783672,3498.0
Gemma-4-31B-IT,opencode,MMMU-Pro vision,mmmu_pro_validation_Computer_Science_18,0,1,0.0711721314142638,1524.0
Gemma-4-31B-IT,opencode,MMMU-Pro vision,mmmu_pro_validation_Computer_Science_19,0,0,0.056752572085799,32766.0
Gemma-4-31B-IT,opencode,MMMU-Pro vision,mmmu_pro_validation_Computer_Science_2,0,1,0.15836667647620983,14874.0
Gemma-4-31B-IT,opencode,MMMU-Pro vision,mmmu_pro_validation_Computer_Science_22,0,1,0.11867074635684431,1228.0
Gemma-4-31B-IT,opencode,MMMU-Pro vision,mmmu_pro_validation_Computer_Science_24,0,1,0.16494235304117355,450.0
Gemma-4-31B-IT,opencode,MMMU-Pro vision,mmmu_pro_validation_Computer_Science_25,0,1,0.28277347403163167,870.0
Gemma-4-31B-IT,opencode,MMMU-Pro vision,mmmu_pro_validation_Computer_Science_28,0,1,0.20303956727345845,1453.0
Gemma-4-31B-IT,opencode,MMMU-Pro vision,mmmu_pro_validation_Computer_Science_29,0,0,0.2075496355033204,12091.0
Gemma-4-31B-IT,opencode,MMMU-Pro vision,mmmu_pro_validation_Computer_Science_30,0,1,0.05657694518189502,946.0
Gemma-4-31B-IT,opencode,MMMU-Pro vision,mmmu_pro_validation_Computer_Science_5,0,1,0.18695718019638957,415.0
Gemma-4-31B-IT,opencode,MMMU-Pro vision,mmmu_pro_validation_Computer_Science_6,0,1,0.19183291130961408,807.0
Gemma-4-31B-IT,opencode,MMMU-Pro vision,mmmu_pro_validation_Computer_Science_7,0,1,0.06271722242911147,3771.0
Gemma-4-31B-IT,opencode,MMMU-Pro vision,mmmu_pro_validation_Design_1,0,0,0.3993067859702625,1569.0
Gemma-4-31B-IT,opencode,MMMU-Pro vision,mmmu_pro_validation_Design_10,0,1,0.13899746757792827,372.0
Gemma-4-31B-IT,opencode,MMMU-Pro vision,mmmu_pro_validation_Design_11,0,1,0.29631852519239144,528.0
Gemma-4-31B-IT,opencode,MMMU-Pro vision,mmmu_pro_validation_Design_12,0,1,0.17583278767060384,698.0
Gemma-4-31B-IT,opencode,MMMU-Pro vision,mmmu_pro_validation_Design_14,0,0,0.36986482951690625,3295.0
Gemma-4-31B-IT,opencode,MMMU-Pro vision,mmmu_pro_validation_Design_15,0,0,0.20316196016452104,403.0
Gemma-4-31B-IT,opencode,MMMU-Pro vision,mmmu_pro_validation_Design_16,0,1,0.1754628740802677,452.0
Gemma-4-31B-IT,opencode,MMMU-Pro vision,mmmu_pro_validation_Design_19,0,1,0.33539640871545684,1167.0
Gemma-4-31B-IT,opencode,MMMU-Pro vision,mmmu_pro_validation_Design_2,0,0,0.31910422537652233,1055.0
Gemma-4-31B-IT,opencode,MMMU-Pro vision,mmmu_pro_validation_Design_24,0,1,0.30076997285069307,713.0
Gemma-4-31B-IT,opencode,MMMU-Pro vision,mmmu_pro_validation_Design_25,0,1,0.39851807230146813,3218.0
Gemma-4-31B-IT,opencode,MMMU-Pro vision,mmmu_pro_validation_Design_27,0,1,0.2355842203129554,318.0
Gemma-4-31B-IT,opencode,MMMU-Pro vision,mmmu_pro_validation_Design_29,0,1,0.24244515738756114,304.0
Gemma-4-31B-IT,opencode,MMMU-Pro vision,mmmu_pro_validation_Design_5,0,1,0.309515976450366,507.0
Gemma-4-31B-IT,opencode,MMMU-Pro vision,mmmu_pro_validation_Design_8,0,0,0.4026446098304728,3616.0
Gemma-4-31B-IT,opencode,MMMU-Pro vision,mmmu_pro_validation_Diagnostics_and_Laboratory_Medicine_1,0,0,0.36309325532737513,853.0
Gemma-4-31B-IT,opencode,MMMU-Pro vision,mmmu_pro_validation_Diagnostics_and_Laboratory_Medicine_10,0,0,0.3351555977880201,785.0
Gemma-4-31B-IT,opencode,MMMU-Pro vision,mmmu_pro_validation_Diagnostics_and_Laboratory_Medicine_12,0,0,0.3815746054843013,2630.0
Gemma-4-31B-IT,opencode,MMMU-Pro vision,mmmu_pro_validation_Diagnostics_and_Laboratory_Medicine_13,0,1,0.23200053324622952,483.0
Gemma-4-31B-IT,opencode,MMMU-Pro vision,mmmu_pro_validation_Diagnostics_and_Laboratory_Medicine_14,0,0,0.23283336303676647,625.0
Gemma-4-31B-IT,opencode,MMMU-Pro vision,mmmu_pro_validation_Diagnostics_and_Laboratory_Medicine_15,0,0,0.29743662139360244,1536.0
Gemma-4-31B-IT,opencode,MMMU-Pro vision,mmmu_pro_validation_Diagnostics_and_Laboratory_Medicine_16,0,0,0.3409400818253312,1380.0
Gemma-4-31B-IT,opencode,MMMU-Pro vision,mmmu_pro_validation_Diagnostics_and_Laboratory_Medicine_17,0,0,0.31492713825128876,435.0
Gemma-4-31B-IT,opencode,MMMU-Pro vision,mmmu_pro_validation_Diagnostics_and_Laboratory_Medicine_18,0,0,0.31502685281414644,581.0
Gemma-4-31B-IT,opencode,MMMU-Pro vision,mmmu_pro_validation_Diagnostics_and_Laboratory_Medicine_19,0,0,0.31737884962430746,671.0
Gemma-4-31B-IT,opencode,MMMU-Pro vision,mmmu_pro_validation_Diagnostics_and_Laboratory_Medicine_2,0,1,0.27787841121032075,5737.0
Gemma-4-31B-IT,opencode,MMMU-Pro vision,mmmu_pro_validation_Diagnostics_and_Laboratory_Medicine_20,0,0,0.2608422174400098,844.0
Gemma-4-31B-IT,opencode,MMMU-Pro vision,mmmu_pro_validation_Diagnostics_and_Laboratory_Medicine_21,0,0,0.2542703273162333,670.0
Gemma-4-31B-IT,opencode,MMMU-Pro vision,mmmu_pro_validation_Diagnostics_and_Laboratory_Medicine_22,0,0,0.3352669208492507,5940.0
Gemma-4-31B-IT,opencode,MMMU-Pro vision,mmmu_pro_validation_Diagnostics_and_Laboratory_Medicine_24,0,1,0.28015160000378647,837.0
Gemma-4-31B-IT,opencode,MMMU-Pro vision,mmmu_pro_validation_Diagnostics_and_Laboratory_Medicine_26,0,0,0.25186601624706184,566.0
Gemma-4-31B-IT,opencode,MMMU-Pro vision,mmmu_pro_validation_Diagnostics_and_Laboratory_Medicine_27,0,0,0.296279910369185,1956.0
Gemma-4-31B-IT,opencode,MMMU-Pro vision,mmmu_pro_validation_Diagnostics_and_Laboratory_Medicine_3,0,1,0.3581258793507681,1485.0
Gemma-4-31B-IT,opencode,MMMU-Pro vision,mmmu_pro_validation_Diagnostics_and_Laboratory_Medicine_30,0,0,0.32168725248797403,847.0
Gemma-4-31B-IT,opencode,MMMU-Pro vision,mmmu_pro_validation_Diagnostics_and_Laboratory_Medicine_5,0,1,0.29563904579166195,556.0
Gemma-4-31B-IT,opencode,MMMU-Pro vision,mmmu_pro_validation_Diagnostics_and_Laboratory_Medicine_7,0,0,0.36718542643780455,1259.0
Gemma-4-31B-IT,opencode,MMMU-Pro vision,mmmu_pro_validation_Diagnostics_and_Laboratory_Medicine_8,0,0,0.3483595736985021,780.0
Gemma-4-31B-IT,opencode,MMMU-Pro vision,mmmu_pro_validation_Diagnostics_and_Laboratory_Medicine_9,0,1,0.3123452162064328,606.0
Gemma-4-31B-IT,opencode,MMMU-Pro vision,mmmu_pro_validation_Economics_1,0,0,0.2614713073572264,3989.0
Gemma-4-31B-IT,opencode,MMMU-Pro vision,mmmu_pro_validation_Economics_12,0,1,0.08119661617686706,395.0
Gemma-4-31B-IT,opencode,MMMU-Pro vision,mmmu_pro_validation_Economics_13,0,1,0.10281710002558775,837.0
Gemma-4-31B-IT,opencode,MMMU-Pro vision,mmmu_pro_validation_Economics_14,0,1,0.06949937709024676,1182.0
Gemma-4-31B-IT,opencode,MMMU-Pro vision,mmmu_pro_validation_Economics_16,0,1,0.1142527707131583,749.0
Gemma-4-31B-IT,opencode,MMMU-Pro vision,mmmu_pro_validation_Economics_17,0,1,0.18128246542964896,1460.0
Gemma-4-31B-IT,opencode,MMMU-Pro vision,mmmu_pro_validation_Economics_24,0,0,0.19152333757740655,3923.0
Gemma-4-31B-IT,opencode,MMMU-Pro vision,mmmu_pro_validation_Economics_26,0,0,0.11659051777401987,572.0
Gemma-4-31B-IT,opencode,MMMU-Pro vision,mmmu_pro_validation_Economics_28,0,0,0.2617600806928463,3933.0
Gemma-4-31B-IT,opencode,MMMU-Pro vision,mmmu_pro_validation_Economics_29,0,1,0.09478028550173076,3544.0
Gemma-4-31B-IT,opencode,MMMU-Pro vision,mmmu_pro_validation_Economics_3,0,1,0.15901065786475774,2513.0
Gemma-4-31B-IT,opencode,MMMU-Pro vision,mmmu_pro_validation_Economics_30,0,0,0.23252560052392857,5354.0
Gemma-4-31B-IT,opencode,MMMU-Pro vision,mmmu_pro_validation_Economics_4,0,1,0.1567491539006805,377.0
Gemma-4-31B-IT,opencode,MMMU-Pro vision,mmmu_pro_validation_Economics_5,0,1,0.21569503084368144,756.0
Gemma-4-31B-IT,opencode,MMMU-Pro vision,mmmu_pro_validation_Economics_6,0,1,0.09467395761106923,1472.0
Gemma-4-31B-IT,opencode,MMMU-Pro vision,mmmu_pro_validation_Economics_7,0,0,0.12869278632327671,897.0
Gemma-4-31B-IT,opencode,MMMU-Pro vision,mmmu_pro_validation_Economics_8,0,1,0.051858290981127035,622.0
Gemma-4-31B-IT,opencode,MMMU-Pro vision,mmmu_pro_validation_Economics_9,0,1,0.18502610442592612,1060.0
Gemma-4-31B-IT,opencode,MMMU-Pro vision,mmmu_pro_validation_Electronics_1,0,1,0.12660372220360713,1626.0
Gemma-4-31B-IT,opencode,MMMU-Pro vision,mmmu_pro_validation_Electronics_10,0,1,0.137188798926432,5108.0
Gemma-4-31B-IT,opencode,MMMU-Pro vision,mmmu_pro_validation_Electronics_13,0,1,0.13710847625245362,4073.0
Gemma-4-31B-IT,opencode,MMMU-Pro vision,mmmu_pro_validation_Electronics_14,0,0,0.031053876142341747,32766.0
Gemma-4-31B-IT,opencode,MMMU-Pro vision,mmmu_pro_validation_Electronics_17,0,0,0.1501157359663593,19425.0
Gemma-4-31B-IT,opencode,MMMU-Pro vision,mmmu_pro_validation_Electronics_19,0,0,0.1213984650476824,1567.0
Gemma-4-31B-IT,opencode,MMMU-Pro vision,mmmu_pro_validation_Electronics_20,0,1,0.14296345715423728,2154.0
Gemma-4-31B-IT,opencode,MMMU-Pro vision,mmmu_pro_validation_Electronics_7,0,0,0.009685948272376496,32766.0
Gemma-4-31B-IT,opencode,MMMU-Pro vision,mmmu_pro_validation_Electronics_8,0,1,0.1754950194278476,4541.0
Gemma-4-31B-IT,opencode,MMMU-Pro vision,mmmu_pro_validation_Energy_and_Power_1,0,1,0.1565020937175034,2382.0
Gemma-4-31B-IT,opencode,MMMU-Pro vision,mmmu_pro_validation_Energy_and_Power_10,0,1,0.09404493394316218,1020.0
Gemma-4-31B-IT,opencode,MMMU-Pro vision,mmmu_pro_validation_Energy_and_Power_12,0,0,0.12750172748853497,15150.0
Gemma-4-31B-IT,opencode,MMMU-Pro vision,mmmu_pro_validation_Energy_and_Power_13,0,1,0.17123083754997162,5685.0
Gemma-4-31B-IT,opencode,MMMU-Pro vision,mmmu_pro_validation_Energy_and_Power_14,0,1,0.15027758293263974,3935.0
Gemma-4-31B-IT,opencode,MMMU-Pro vision,mmmu_pro_validation_Energy_and_Power_15,0,1,0.11997029325912782,3141.0
Gemma-4-31B-IT,opencode,MMMU-Pro vision,mmmu_pro_validation_Energy_and_Power_16,0,1,0.17447303902261677,13382.0
Gemma-4-31B-IT,opencode,MMMU-Pro vision,mmmu_pro_validation_Energy_and_Power_18,0,1,0.09372124539268942,4300.0
Gemma-4-31B-IT,opencode,MMMU-Pro vision,mmmu_pro_validation_Energy_and_Power_19,0,1,0.11416058983082025,1779.0
Gemma-4-31B-IT,opencode,MMMU-Pro vision,mmmu_pro_validation_Energy_and_Power_2,0,1,0.15999683604579099,7648.0
Gemma-4-31B-IT,opencode,MMMU-Pro vision,mmmu_pro_validation_Energy_and_Power_20,0,1,0.18894146766918007,3489.0
Gemma-4-31B-IT,opencode,MMMU-Pro vision,mmmu_pro_validation_Energy_and_Power_22,0,1,0.137009806698146,4095.0
Gemma-4-31B-IT,opencode,MMMU-Pro vision,mmmu_pro_validation_Energy_and_Power_23,0,1,0.20231062794516885,9106.0
Gemma-4-31B-IT,opencode,MMMU-Pro vision,mmmu_pro_validation_Energy_and_Power_24,0,1,0.13772608512194615,683.0
Gemma-4-31B-IT,opencode,MMMU-Pro vision,mmmu_pro_validation_Energy_and_Power_25,0,1,0.096891903663109,23939.0
Gemma-4-31B-IT,opencode,MMMU-Pro vision,mmmu_pro_validation_Energy_and_Power_26,0,1,0.1966661660506271,4111.0
Gemma-4-31B-IT,opencode,MMMU-Pro vision,mmmu_pro_validation_Energy_and_Power_27,0,1,0.06314698706709909,1696.0
Gemma-4-31B-IT,opencode,MMMU-Pro vision,mmmu_pro_validation_Energy_and_Power_28,0,1,0.1495492272501048,4098.0
Gemma-4-31B-IT,opencode,MMMU-Pro vision,mmmu_pro_validation_Energy_and_Power_29,0,1,0.10713218642257641,1634.0
Gemma-4-31B-IT,opencode,MMMU-Pro vision,mmmu_pro_validation_Energy_and_Power_3,0,1,0.1522944991712088,6122.0
Gemma-4-31B-IT,opencode,MMMU-Pro vision,mmmu_pro_validation_Energy_and_Power_4,0,1,0.20582887189965915,14098.0
Gemma-4-31B-IT,opencode,MMMU-Pro vision,mmmu_pro_validation_Energy_and_Power_5,0,1,0.07491988516804254,1051.0
Gemma-4-31B-IT,opencode,MMMU-Pro vision,mmmu_pro_validation_Energy_and_Power_6,0,0,0.26622829862241826,587.0
Gemma-4-31B-IT,opencode,MMMU-Pro vision,mmmu_pro_validation_Energy_and_Power_7,0,1,0.20774213666301714,6642.0
Gemma-4-31B-IT,opencode,MMMU-Pro vision,mmmu_pro_validation_Energy_and_Power_8,0,0,0.21089393889019226,39203.0
Gemma-4-31B-IT,opencode,MMMU-Pro vision,mmmu_pro_validation_Energy_and_Power_9,0,1,0.16401001547360144,4604.0
Gemma-4-31B-IT,opencode,MMMU-Pro vision,mmmu_pro_validation_Finance_1,0,1,0.1542116132346872,2028.0
Gemma-4-31B-IT,opencode,MMMU-Pro vision,mmmu_pro_validation_Finance_12,0,1,0.13426181875061843,4002.0
Gemma-4-31B-IT,opencode,MMMU-Pro vision,mmmu_pro_validation_Finance_13,0,1,0.06885567660714388,1479.0
Gemma-4-31B-IT,opencode,MMMU-Pro vision,mmmu_pro_validation_Finance_14,0,1,0.13440756245750782,7126.0
Gemma-4-31B-IT,opencode,MMMU-Pro vision,mmmu_pro_validation_Finance_15,0,1,0.08749196617572678,2054.0
Gemma-4-31B-IT,opencode,MMMU-Pro vision,mmmu_pro_validation_Finance_16,0,1,0.11428375749020778,1146.0
Gemma-4-31B-IT,opencode,MMMU-Pro vision,mmmu_pro_validation_Finance_18,0,1,0.07750622235888836,815.0
Gemma-4-31B-IT,opencode,MMMU-Pro vision,mmmu_pro_validation_Finance_19,0,1,0.05151806443068756,967.0
Gemma-4-31B-IT,opencode,MMMU-Pro vision,mmmu_pro_validation_Finance_21,0,0,0.052421068812588484,32766.0
Gemma-4-31B-IT,opencode,MMMU-Pro vision,mmmu_pro_validation_Finance_22,0,1,0.07833168143823493,941.0
Gemma-4-31B-IT,opencode,MMMU-Pro vision,mmmu_pro_validation_Finance_26,0,1,0.11900777958796437,636.0
Gemma-4-31B-IT,opencode,MMMU-Pro vision,mmmu_pro_validation_Finance_27,0,1,0.09208618715574193,804.0
Gemma-4-31B-IT,opencode,MMMU-Pro vision,mmmu_pro_validation_Finance_29,0,1,0.10806900634425642,4908.0
Gemma-4-31B-IT,opencode,MMMU-Pro vision,mmmu_pro_validation_Finance_3,0,1,0.09287888774871242,640.0
Gemma-4-31B-IT,opencode,MMMU-Pro vision,mmmu_pro_validation_Finance_4,0,1,0.05254643664459585,769.0
Gemma-4-31B-IT,opencode,MMMU-Pro vision,mmmu_pro_validation_Finance_5,0,0,0.224881727027767,13319.0
Gemma-4-31B-IT,opencode,MMMU-Pro vision,mmmu_pro_validation_Finance_6,0,1,0.0965051046532153,665.0
Gemma-4-31B-IT,opencode,MMMU-Pro vision,mmmu_pro_validation_Finance_7,0,1,0.06174305825720901,1355.0
Gemma-4-31B-IT,opencode,MMMU-Pro vision,mmmu_pro_validation_Finance_9,0,1,0.11351378770440436,1943.0
Gemma-4-31B-IT,opencode,MMMU-Pro vision,mmmu_pro_validation_Geography_1,0,1,0.16017552552284808,8645.0
Gemma-4-31B-IT,opencode,MMMU-Pro vision,mmmu_pro_validation_Geography_10,0,0,0.15068125605346797,5197.0
Gemma-4-31B-IT,opencode,MMMU-Pro vision,mmmu_pro_validation_Geography_11,0,0,0.19684305032993693,642.0
Gemma-4-31B-IT,opencode,MMMU-Pro vision,mmmu_pro_validation_Geography_16,0,0,0.32902479680749375,593.0
Gemma-4-31B-IT,opencode,MMMU-Pro vision,mmmu_pro_validation_Geography_18,0,1,0.2360624730890457,869.0
Gemma-4-31B-IT,opencode,MMMU-Pro vision,mmmu_pro_validation_Geography_30,0,0,0.18153770087008966,10493.0
Gemma-4-31B-IT,opencode,MMMU-Pro vision,mmmu_pro_validation_Geography_5,0,0,0.15410907016475478,21355.0
Gemma-4-31B-IT,opencode,MMMU-Pro vision,mmmu_pro_validation_Geography_7,0,0,0.3199011256602289,556.0
Gemma-4-31B-IT,opencode,MMMU-Pro vision,mmmu_pro_validation_Geography_8,0,1,0.14546266755347959,2359.0
Gemma-4-31B-IT,opencode,MMMU-Pro vision,mmmu_pro_validation_Geography_9,0,1,0.28239037622884816,3707.0
Gemma-4-31B-IT,opencode,MMMU-Pro vision,mmmu_pro_validation_History_10,0,0,0.23866541120186857,701.0
Gemma-4-31B-IT,opencode,MMMU-Pro vision,mmmu_pro_validation_History_15,0,1,0.2888695416428034,1165.0
Gemma-4-31B-IT,opencode,MMMU-Pro vision,mmmu_pro_validation_History_16,0,1,0.28242988855271356,927.0
Gemma-4-31B-IT,opencode,MMMU-Pro vision,mmmu_pro_validation_History_17,0,1,0.34036392292473877,950.0
Gemma-4-31B-IT,opencode,MMMU-Pro vision,mmmu_pro_validation_History_2,0,0,0.3173648999658411,1209.0
Gemma-4-31B-IT,opencode,MMMU-Pro vision,mmmu_pro_validation_History_5,0,0,0.1952620103937462,957.0
Gemma-4-31B-IT,opencode,MMMU-Pro vision,mmmu_pro_validation_History_6,0,0,0.2733760375392579,874.0
Gemma-4-31B-IT,opencode,MMMU-Pro vision,mmmu_pro_validation_History_7,0,1,0.34352686810255545,4128.0
Gemma-4-31B-IT,opencode,MMMU-Pro vision,mmmu_pro_validation_History_8,0,1,0.3483453774427823,4288.0
Gemma-4-31B-IT,opencode,MMMU-Pro vision,mmmu_pro_validation_History_9,0,0,0.3489859061312366,2227.0
Gemma-4-31B-IT,opencode,MMMU-Pro vision,mmmu_pro_validation_Literature_1,0,1,0.1580302137474742,428.0
Gemma-4-31B-IT,opencode,MMMU-Pro vision,mmmu_pro_validation_Literature_10,0,1,0.1751855368993187,358.0
Gemma-4-31B-IT,opencode,MMMU-Pro vision,mmmu_pro_validation_Literature_11,0,1,0.14242942979864276,381.0
Gemma-4-31B-IT,opencode,MMMU-Pro vision,mmmu_pro_validation_Literature_12,0,1,0.17378952810604495,613.0
Gemma-4-31B-IT,opencode,MMMU-Pro vision,mmmu_pro_validation_Literature_13,0,1,0.29882049871554056,664.0
Gemma-4-31B-IT,opencode,MMMU-Pro vision,mmmu_pro_validation_Literature_16,0,1,0.17560135224433865,307.0
Gemma-4-31B-IT,opencode,MMMU-Pro vision,mmmu_pro_validation_Literature_18,0,0,0.3343574212789067,992.0
Gemma-4-31B-IT,opencode,MMMU-Pro vision,mmmu_pro_validation_Literature_2,0,1,0.25262112452855356,516.0
Gemma-4-31B-IT,opencode,MMMU-Pro vision,mmmu_pro_validation_Literature_20,0,0,0.30557389609447816,3859.0
Gemma-4-31B-IT,opencode,MMMU-Pro vision,mmmu_pro_validation_Literature_22,0,1,0.20378994328723765,346.0
Gemma-4-31B-IT,opencode,MMMU-Pro vision,mmmu_pro_validation_Literature_26,0,0,0.3634553525753941,2110.0
Gemma-4-31B-IT,opencode,MMMU-Pro vision,mmmu_pro_validation_Literature_27,0,0,0.29962595336502024,876.0
Gemma-4-31B-IT,opencode,MMMU-Pro vision,mmmu_pro_validation_Literature_28,0,0,0.285523526427638,610.0
Gemma-4-31B-IT,opencode,MMMU-Pro vision,mmmu_pro_validation_Literature_29,0,1,0.2103785092623367,670.0
Gemma-4-31B-IT,opencode,MMMU-Pro vision,mmmu_pro_validation_Literature_3,0,1,0.1514016271785148,441.0
Gemma-4-31B-IT,opencode,MMMU-Pro vision,mmmu_pro_validation_Literature_30,0,0,0.3092407511308134,792.0
Gemma-4-31B-IT,opencode,MMMU-Pro vision,mmmu_pro_validation_Literature_4,0,1,0.14164169054878112,744.0
Gemma-4-31B-IT,opencode,MMMU-Pro vision,mmmu_pro_validation_Literature_5,0,1,0.0937899614275127,275.0
Gemma-4-31B-IT,opencode,MMMU-Pro vision,mmmu_pro_validation_Literature_7,0,1,0.3122488809304648,1330.0
Gemma-4-31B-IT,opencode,MMMU-Pro vision,mmmu_pro_validation_Literature_8,0,1,0.2566403939271561,404.0
Gemma-4-31B-IT,opencode,MMMU-Pro vision,mmmu_pro_validation_Literature_9,0,1,0.15823658732905946,483.0
Gemma-4-31B-IT,opencode,MMMU-Pro vision,mmmu_pro_validation_Manage_11,0,0,0.30036610961387894,4270.0
Gemma-4-31B-IT,opencode,MMMU-Pro vision,mmmu_pro_validation_Manage_12,0,1,0.1835403023112149,1198.0
Gemma-4-31B-IT,opencode,MMMU-Pro vision,mmmu_pro_validation_Manage_13,0,1,0.11583502732591335,3216.0
Gemma-4-31B-IT,opencode,MMMU-Pro vision,mmmu_pro_validation_Manage_15,0,0,0.2503547127176176,6477.0
Gemma-4-31B-IT,opencode,MMMU-Pro vision,mmmu_pro_validation_Manage_2,0,0,0.27511285599392876,4622.0
Gemma-4-31B-IT,opencode,MMMU-Pro vision,mmmu_pro_validation_Manage_24,0,0,0.021982012158162596,32766.0
Gemma-4-31B-IT,opencode,MMMU-Pro vision,mmmu_pro_validation_Manage_26,0,1,0.09737327689695549,2858.0
Gemma-4-31B-IT,opencode,MMMU-Pro vision,mmmu_pro_validation_Manage_29,0,0,0.25554340987822355,3915.0
Gemma-4-31B-IT,opencode,MMMU-Pro vision,mmmu_pro_validation_Manage_30,0,0,0.16567872510830034,3521.0
Gemma-4-31B-IT,opencode,MMMU-Pro vision,mmmu_pro_validation_Manage_4,0,0,0.07675776376895571,2346.0
Gemma-4-31B-IT,opencode,MMMU-Pro vision,mmmu_pro_validation_Manage_6,0,0,0.33716482973129813,844.0
Gemma-4-31B-IT,opencode,MMMU-Pro vision,mmmu_pro_validation_Manage_7,0,0,0.31157809269884557,9828.0
Gemma-4-31B-IT,opencode,MMMU-Pro vision,mmmu_pro_validation_Manage_8,0,0,0.10756495872850544,1586.0
Gemma-4-31B-IT,opencode,MMMU-Pro vision,mmmu_pro_validation_Marketing_1,0,1,0.10006282299810276,853.0
Gemma-4-31B-IT,opencode,MMMU-Pro vision,mmmu_pro_validation_Marketing_10,0,1,0.06195835310901454,837.0
Gemma-4-31B-IT,opencode,MMMU-Pro vision,mmmu_pro_validation_Marketing_12,0,0,0.04469692130739369,36285.0
Gemma-4-31B-IT,opencode,MMMU-Pro vision,mmmu_pro_validation_Marketing_13,0,1,0.13695683768593295,723.0
Gemma-4-31B-IT,opencode,MMMU-Pro vision,mmmu_pro_validation_Marketing_14,0,0,0.1838371658012348,1038.0
Gemma-4-31B-IT,opencode,MMMU-Pro vision,mmmu_pro_validation_Marketing_15,0,1,0.1416062950748372,1314.0
Gemma-4-31B-IT,opencode,MMMU-Pro vision,mmmu_pro_validation_Marketing_17,0,1,0.06053338443686763,1308.0
Gemma-4-31B-IT,opencode,MMMU-Pro vision,mmmu_pro_validation_Marketing_19,0,1,0.053972712695033925,2177.0
Gemma-4-31B-IT,opencode,MMMU-Pro vision,mmmu_pro_validation_Marketing_22,0,1,0.06383710310101946,1561.0
Gemma-4-31B-IT,opencode,MMMU-Pro vision,mmmu_pro_validation_Marketing_23,0,1,0.0734034869513703,1851.0
Gemma-4-31B-IT,opencode,MMMU-Pro vision,mmmu_pro_validation_Marketing_24,0,1,0.05140551843620626,1033.0
Gemma-4-31B-IT,opencode,MMMU-Pro vision,mmmu_pro_validation_Marketing_25,0,1,0.09332772411800147,1324.0
Gemma-4-31B-IT,opencode,MMMU-Pro vision,mmmu_pro_validation_Marketing_26,0,1,0.12195903091430392,724.0
Gemma-4-31B-IT,opencode,MMMU-Pro vision,mmmu_pro_validation_Marketing_28,0,1,0.15559364792967753,6134.0
Gemma-4-31B-IT,opencode,MMMU-Pro vision,mmmu_pro_validation_Marketing_29,0,1,0.09645409397080901,585.0
Gemma-4-31B-IT,opencode,MMMU-Pro vision,mmmu_pro_validation_Marketing_3,0,1,0.11894640269684868,999.0
Gemma-4-31B-IT,opencode,MMMU-Pro vision,mmmu_pro_validation_Marketing_30,0,1,0.09642066381429451,387.0
Gemma-4-31B-IT,opencode,MMMU-Pro vision,mmmu_pro_validation_Marketing_4,0,1,0.23031012292334102,4610.0
Gemma-4-31B-IT,opencode,MMMU-Pro vision,mmmu_pro_validation_Marketing_7,0,1,0.07625469624024218,1373.0
Gemma-4-31B-IT,opencode,MMMU-Pro vision,mmmu_pro_validation_Marketing_9,0,1,0.13798596270351807,849.0
Gemma-4-31B-IT,opencode,MMMU-Pro vision,mmmu_pro_validation_Materials_1,0,0,0.10092956371982557,4716.0
Gemma-4-31B-IT,opencode,MMMU-Pro vision,mmmu_pro_validation_Materials_10,0,1,0.1691984040114914,591.0
Gemma-4-31B-IT,opencode,MMMU-Pro vision,mmmu_pro_validation_Materials_11,0,0,0.18390396521608843,13598.0
Gemma-4-31B-IT,opencode,MMMU-Pro vision,mmmu_pro_validation_Materials_12,0,1,0.07153463008423055,1652.0
Gemma-4-31B-IT,opencode,MMMU-Pro vision,mmmu_pro_validation_Materials_13,0,1,0.18131834609747935,15516.0
Gemma-4-31B-IT,opencode,MMMU-Pro vision,mmmu_pro_validation_Materials_14,0,1,0.12203299441943032,2092.0
Gemma-4-31B-IT,opencode,MMMU-Pro vision,mmmu_pro_validation_Materials_16,0,0,0.2060630650186616,12408.0
Gemma-4-31B-IT,opencode,MMMU-Pro vision,mmmu_pro_validation_Materials_17,0,1,0.1989875026910693,19719.0
Gemma-4-31B-IT,opencode,MMMU-Pro vision,mmmu_pro_validation_Materials_18,0,1,0.18064907190903864,3788.0
Gemma-4-31B-IT,opencode,MMMU-Pro vision,mmmu_pro_validation_Materials_19,0,0,0.06550464123944115,32766.0
Gemma-4-31B-IT,opencode,MMMU-Pro vision,mmmu_pro_validation_Materials_2,0,1,0.1915521334066538,2559.0
Gemma-4-31B-IT,opencode,MMMU-Pro vision,mmmu_pro_validation_Materials_20,0,1,0.22948131684981712,7669.0
Gemma-4-31B-IT,opencode,MMMU-Pro vision,mmmu_pro_validation_Materials_21,0,0,0.03812584812629384,32766.0
Gemma-4-31B-IT,opencode,MMMU-Pro vision,mmmu_pro_validation_Materials_22,0,0,0.11667436409165077,29682.0
Gemma-4-31B-IT,opencode,MMMU-Pro vision,mmmu_pro_validation_Materials_23,0,1,0.16783367756372009,3730.0
Gemma-4-31B-IT,opencode,MMMU-Pro vision,mmmu_pro_validation_Materials_24,0,0,0.1845167596567927,7504.0
Gemma-4-31B-IT,opencode,MMMU-Pro vision,mmmu_pro_validation_Materials_25,0,1,0.09679313306979578,2601.0
Gemma-4-31B-IT,opencode,MMMU-Pro vision,mmmu_pro_validation_Materials_27,0,0,0.22587989988524007,5694.0
Gemma-4-31B-IT,opencode,MMMU-Pro vision,mmmu_pro_validation_Materials_28,0,0,0.06057490416658431,32766.0
Gemma-4-31B-IT,opencode,MMMU-Pro vision,mmmu_pro_validation_Materials_29,0,1,0.09911933131203457,1076.0
Gemma-4-31B-IT,opencode,MMMU-Pro vision,mmmu_pro_validation_Materials_3,0,0,0.17536585829111367,13207.0
Gemma-4-31B-IT,opencode,MMMU-Pro vision,mmmu_pro_validation_Materials_30,0,0,0.16486798017760618,1161.0
Gemma-4-31B-IT,opencode,MMMU-Pro vision,mmmu_pro_validation_Materials_4,0,0,0.19224106533535465,16774.0
Gemma-4-31B-IT,opencode,MMMU-Pro vision,mmmu_pro_validation_Materials_6,0,0,0.17939336390072594,8259.0
Gemma-4-31B-IT,opencode,MMMU-Pro vision,mmmu_pro_validation_Materials_7,0,0,0.24833916584035926,2983.0
Gemma-4-31B-IT,opencode,MMMU-Pro vision,mmmu_pro_validation_Materials_8,0,1,0.13757731044024019,6287.0
Gemma-4-31B-IT,opencode,MMMU-Pro vision,mmmu_pro_validation_Materials_9,0,0,0.15800859383453444,16059.0
Gemma-4-31B-IT,opencode,MMMU-Pro vision,mmmu_pro_validation_Math_1,0,1,0.13458148945708415,1111.0
Gemma-4-31B-IT,opencode,MMMU-Pro vision,mmmu_pro_validation_Math_12,0,0,0.16044992277995795,10308.0
Gemma-4-31B-IT,opencode,MMMU-Pro vision,mmmu_pro_validation_Math_14,0,1,0.08437039001494481,1727.0
Gemma-4-31B-IT,opencode,MMMU-Pro vision,mmmu_pro_validation_Math_16,0,1,0.10585423751088928,3060.0
Gemma-4-31B-IT,opencode,MMMU-Pro vision,mmmu_pro_validation_Math_17,0,1,0.16643620766088152,15364.0
Gemma-4-31B-IT,opencode,MMMU-Pro vision,mmmu_pro_validation_Math_19,0,0,0.02319757864545613,32766.0
Gemma-4-31B-IT,opencode,MMMU-Pro vision,mmmu_pro_validation_Math_2,0,0,0.26018715734578296,11827.0
Gemma-4-31B-IT,opencode,MMMU-Pro vision,mmmu_pro_validation_Math_20,0,1,0.10276471686082951,6815.0
Gemma-4-31B-IT,opencode,MMMU-Pro vision,mmmu_pro_validation_Math_22,0,1,0.10249707322514678,3659.0
Gemma-4-31B-IT,opencode,MMMU-Pro vision,mmmu_pro_validation_Math_24,0,1,0.10873997055157349,1505.0
Gemma-4-31B-IT,opencode,MMMU-Pro vision,mmmu_pro_validation_Math_25,0,1,0.107360303920473,1408.0
Gemma-4-31B-IT,opencode,MMMU-Pro vision,mmmu_pro_validation_Math_26,0,0,0.022518539219894374,32766.0
Gemma-4-31B-IT,opencode,MMMU-Pro vision,mmmu_pro_validation_Math_27,0,1,0.062413590818033826,611.0
Gemma-4-31B-IT,opencode,MMMU-Pro vision,mmmu_pro_validation_Math_28,0,1,0.2023936744759897,1834.0
Gemma-4-31B-IT,opencode,MMMU-Pro vision,mmmu_pro_validation_Math_29,0,1,0.06652466255977817,1419.0
Gemma-4-31B-IT,opencode,MMMU-Pro vision,mmmu_pro_validation_Math_3,0,0,0.18091747001040537,4069.0
Gemma-4-31B-IT,opencode,MMMU-Pro vision,mmmu_pro_validation_Math_30,0,1,0.10920084604578942,3948.0
Gemma-4-31B-IT,opencode,MMMU-Pro vision,mmmu_pro_validation_Math_4,0,0,0.1379033285946441,1186.0
Gemma-4-31B-IT,opencode,MMMU-Pro vision,mmmu_pro_validation_Math_5,0,1,0.08541561529577724,1727.0
Gemma-4-31B-IT,opencode,MMMU-Pro vision,mmmu_pro_validation_Math_7,0,1,0.21287662822861306,1382.0
Gemma-4-31B-IT,opencode,MMMU-Pro vision,mmmu_pro_validation_Math_8,0,1,0.11267647429732323,6052.0
Gemma-4-31B-IT,opencode,MMMU-Pro vision,mmmu_pro_validation_Mechanical_Engineering_1,0,1,0.3411568063202602,1021.0
Gemma-4-31B-IT,opencode,MMMU-Pro vision,mmmu_pro_validation_Mechanical_Engineering_10,0,1,0.10760451706496589,2151.0
Gemma-4-31B-IT,opencode,MMMU-Pro vision,mmmu_pro_validation_Mechanical_Engineering_12,0,0,0.2575518606929756,7896.0
Gemma-4-31B-IT,opencode,MMMU-Pro vision,mmmu_pro_validation_Mechanical_Engineering_14,0,1,0.14087915700418194,4915.0
Gemma-4-31B-IT,opencode,MMMU-Pro vision,mmmu_pro_validation_Mechanical_Engineering_15,0,0,0.2797117081618568,5348.0
Gemma-4-31B-IT,opencode,MMMU-Pro vision,mmmu_pro_validation_Mechanical_Engineering_16,0,1,0.1131770806171558,1513.0
Gemma-4-31B-IT,opencode,MMMU-Pro vision,mmmu_pro_validation_Mechanical_Engineering_17,0,1,0.32382176827775466,3940.0
Gemma-4-31B-IT,opencode,MMMU-Pro vision,mmmu_pro_validation_Mechanical_Engineering_18,0,1,0.1514386215524483,5723.0
Gemma-4-31B-IT,opencode,MMMU-Pro vision,mmmu_pro_validation_Mechanical_Engineering_2,0,0,0.2558400507444653,10074.0
Gemma-4-31B-IT,opencode,MMMU-Pro vision,mmmu_pro_validation_Mechanical_Engineering_20,0,1,0.09654747419831838,1882.0
Gemma-4-31B-IT,opencode,MMMU-Pro vision,mmmu_pro_validation_Mechanical_Engineering_22,0,1,0.17132821437356074,4030.0
Gemma-4-31B-IT,opencode,MMMU-Pro vision,mmmu_pro_validation_Mechanical_Engineering_23,0,0,0.042683789774096426,32766.0
Gemma-4-31B-IT,opencode,MMMU-Pro vision,mmmu_pro_validation_Mechanical_Engineering_24,0,1,0.12116898956330557,1237.0
Gemma-4-31B-IT,opencode,MMMU-Pro vision,mmmu_pro_validation_Mechanical_Engineering_25,0,1,0.09465320026962364,3007.0
Gemma-4-31B-IT,opencode,MMMU-Pro vision,mmmu_pro_validation_Mechanical_Engineering_26,0,0,0.036641359228164326,32766.0
Gemma-4-31B-IT,opencode,MMMU-Pro vision,mmmu_pro_validation_Mechanical_Engineering_27,0,1,0.17694118541079973,16674.0
Gemma-4-31B-IT,opencode,MMMU-Pro vision,mmmu_pro_validation_Mechanical_Engineering_28,0,0,0.055414737132304215,32766.0
Gemma-4-31B-IT,opencode,MMMU-Pro vision,mmmu_pro_validation_Mechanical_Engineering_29,0,1,0.09686539172740492,1695.0
Gemma-4-31B-IT,opencode,MMMU-Pro vision,mmmu_pro_validation_Mechanical_Engineering_3,0,0,0.2834625046442138,3606.0
Gemma-4-31B-IT,opencode,MMMU-Pro vision,mmmu_pro_validation_Mechanical_Engineering_30,0,0,0.24910116940370278,10702.0
Gemma-4-31B-IT,opencode,MMMU-Pro vision,mmmu_pro_validation_Mechanical_Engineering_4,0,1,0.08112561578409713,2909.0
Gemma-4-31B-IT,opencode,MMMU-Pro vision,mmmu_pro_validation_Mechanical_Engineering_5,0,1,0.08314771354555933,3976.0
Gemma-4-31B-IT,opencode,MMMU-Pro vision,mmmu_pro_validation_Mechanical_Engineering_6,0,1,0.07016895165072358,1808.0
Gemma-4-31B-IT,opencode,MMMU-Pro vision,mmmu_pro_validation_Mechanical_Engineering_7,0,0,0.051258778126341865,42993.0
Gemma-4-31B-IT,opencode,MMMU-Pro vision,mmmu_pro_validation_Mechanical_Engineering_8,0,0,0.05779209187852017,32766.0
Gemma-4-31B-IT,opencode,MMMU-Pro vision,mmmu_pro_validation_Music_1,0,0,0.03657906412770119,32766.0
Gemma-4-31B-IT,opencode,MMMU-Pro vision,mmmu_pro_validation_Music_11,0,0,0.3692746118604768,1400.0
Gemma-4-31B-IT,opencode,MMMU-Pro vision,mmmu_pro_validation_Music_12,0,0,0.15587951012214213,894.0
Gemma-4-31B-IT,opencode,MMMU-Pro vision,mmmu_pro_validation_Music_13,0,0,0.25330084278271314,6809.0
Gemma-4-31B-IT,opencode,MMMU-Pro vision,mmmu_pro_validation_Music_14,0,0,0.026228677985182962,32766.0
Gemma-4-31B-IT,opencode,MMMU-Pro vision,mmmu_pro_validation_Music_15,0,1,0.12512883671796937,366.0
Gemma-4-31B-IT,opencode,MMMU-Pro vision,mmmu_pro_validation_Music_16,0,0,0.20904473455399558,8388.0
Gemma-4-31B-IT,opencode,MMMU-Pro vision,mmmu_pro_validation_Music_17,0,0,0.007298903193741254,32766.0
Gemma-4-31B-IT,opencode,MMMU-Pro vision,mmmu_pro_validation_Music_18,0,0,0.027033938550905082,32766.0
Gemma-4-31B-IT,opencode,MMMU-Pro vision,mmmu_pro_validation_Music_19,0,0,0.0445822051521294,32766.0
Gemma-4-31B-IT,opencode,MMMU-Pro vision,mmmu_pro_validation_Music_2,0,0,0.24550319732820947,4068.0
Gemma-4-31B-IT,opencode,MMMU-Pro vision,mmmu_pro_validation_Music_20,0,0,0.08976172852342897,813.0
Gemma-4-31B-IT,opencode,MMMU-Pro vision,mmmu_pro_validation_Music_21,0,0,0.26088410497784587,4494.0
Gemma-4-31B-IT,opencode,MMMU-Pro vision,mmmu_pro_validation_Music_22,0,0,0.0066303766089718386,32766.0
Gemma-4-31B-IT,opencode,MMMU-Pro vision,mmmu_pro_validation_Music_23,0,0,0.25315938940135047,6840.0
Gemma-4-31B-IT,opencode,MMMU-Pro vision,mmmu_pro_validation_Music_24,0,0,0.21199208026658442,1216.0
Gemma-4-31B-IT,opencode,MMMU-Pro vision,mmmu_pro_validation_Music_25,0,0,0.1498660732051796,639.0
Gemma-4-31B-IT,opencode,MMMU-Pro vision,mmmu_pro_validation_Music_27,0,0,0.026780142075899436,32766.0
Gemma-4-31B-IT,opencode,MMMU-Pro vision,mmmu_pro_validation_Music_28,0,0,0.02770461023684124,32766.0
Gemma-4-31B-IT,opencode,MMMU-Pro vision,mmmu_pro_validation_Music_29,0,1,0.260739081053969,1406.0
Gemma-4-31B-IT,opencode,MMMU-Pro vision,mmmu_pro_validation_Music_3,0,0,0.1380699299415208,684.0
Gemma-4-31B-IT,opencode,MMMU-Pro vision,mmmu_pro_validation_Music_30,0,1,0.1936344991147984,552.0
Gemma-4-31B-IT,opencode,MMMU-Pro vision,mmmu_pro_validation_Music_4,0,0,0.21491597917951646,1105.0
Gemma-4-31B-IT,opencode,MMMU-Pro vision,mmmu_pro_validation_Music_5,0,1,0.20304364460084795,1081.0
Gemma-4-31B-IT,opencode,MMMU-Pro vision,mmmu_pro_validation_Music_6,0,1,0.21453990280257218,672.0
Gemma-4-31B-IT,opencode,MMMU-Pro vision,mmmu_pro_validation_Music_7,0,0,0.24085466779883302,1019.0
Gemma-4-31B-IT,opencode,MMMU-Pro vision,mmmu_pro_validation_Music_8,0,0,0.007808446870721369,32766.0
Gemma-4-31B-IT,opencode,MMMU-Pro vision,mmmu_pro_validation_Music_9,0,0,0.03897318350058561,32766.0
Gemma-4-31B-IT,opencode,MMMU-Pro vision,mmmu_pro_validation_Pharmacy_1,0,1,0.11061489548348692,2075.0
Gemma-4-31B-IT,opencode,MMMU-Pro vision,mmmu_pro_validation_Pharmacy_10,0,1,0.26687187508876403,1137.0
Gemma-4-31B-IT,opencode,MMMU-Pro vision,mmmu_pro_validation_Pharmacy_11,0,1,0.1742893528913851,325.0
Gemma-4-31B-IT,opencode,MMMU-Pro vision,mmmu_pro_validation_Pharmacy_14,0,1,0.1536542228686229,353.0
Gemma-4-31B-IT,opencode,MMMU-Pro vision,mmmu_pro_validation_Pharmacy_17,0,1,0.200063972148274,726.0
Gemma-4-31B-IT,opencode,MMMU-Pro vision,mmmu_pro_validation_Pharmacy_18,0,1,0.17530608094457453,925.0
Gemma-4-31B-IT,opencode,MMMU-Pro vision,mmmu_pro_validation_Pharmacy_21,0,0,0.35037240335806347,1753.0
Gemma-4-31B-IT,opencode,MMMU-Pro vision,mmmu_pro_validation_Pharmacy_22,0,1,0.05364466911845206,1130.0
Gemma-4-31B-IT,opencode,MMMU-Pro vision,mmmu_pro_validation_Pharmacy_23,0,0,0.24644992260014906,2784.0
Gemma-4-31B-IT,opencode,MMMU-Pro vision,mmmu_pro_validation_Pharmacy_24,0,0,0.329141704466036,3885.0
Gemma-4-31B-IT,opencode,MMMU-Pro vision,mmmu_pro_validation_Pharmacy_27,0,1,0.06585002892397505,1507.0
Gemma-4-31B-IT,opencode,MMMU-Pro vision,mmmu_pro_validation_Pharmacy_28,0,0,0.2953082884668212,4005.0
Gemma-4-31B-IT,opencode,MMMU-Pro vision,mmmu_pro_validation_Pharmacy_30,0,1,0.16908820097354046,1623.0
Gemma-4-31B-IT,opencode,MMMU-Pro vision,mmmu_pro_validation_Pharmacy_4,0,1,0.17237671648308428,3197.0
Gemma-4-31B-IT,opencode,MMMU-Pro vision,mmmu_pro_validation_Pharmacy_7,0,1,0.17335565928137495,565.0
Gemma-4-31B-IT,opencode,MMMU-Pro vision,mmmu_pro_validation_Pharmacy_8,0,1,0.17779430802951865,1338.0
Gemma-4-31B-IT,opencode,MMMU-Pro vision,mmmu_pro_validation_Pharmacy_9,0,1,0.20786395036378552,286.0
Gemma-4-31B-IT,opencode,MMMU-Pro vision,mmmu_pro_validation_Physics_1,0,1,0.21971005777433264,1987.0
Gemma-4-31B-IT,opencode,MMMU-Pro vision,mmmu_pro_validation_Physics_11,0,1,0.11850329357415934,1330.0
Gemma-4-31B-IT,opencode,MMMU-Pro vision,mmmu_pro_validation_Physics_12,0,0,0.2101639893773082,962.0
Gemma-4-31B-IT,opencode,MMMU-Pro vision,mmmu_pro_validation_Physics_13,0,0,0.21535319891824475,3035.0
Gemma-4-31B-IT,opencode,MMMU-Pro vision,mmmu_pro_validation_Physics_14,0,1,0.14145435056048547,2281.0
Gemma-4-31B-IT,opencode,MMMU-Pro vision,mmmu_pro_validation_Physics_15,0,1,0.20897633559297132,2679.0
Gemma-4-31B-IT,opencode,MMMU-Pro vision,mmmu_pro_validation_Physics_16,0,1,0.14054626749312935,616.0
Gemma-4-31B-IT,opencode,MMMU-Pro vision,mmmu_pro_validation_Physics_17,0,1,0.2100022382998017,814.0
Gemma-4-31B-IT,opencode,MMMU-Pro vision,mmmu_pro_validation_Physics_18,0,1,0.20798420571871065,5468.0
Gemma-4-31B-IT,opencode,MMMU-Pro vision,mmmu_pro_validation_Physics_19,0,1,0.16081525806256813,784.0
Gemma-4-31B-IT,opencode,MMMU-Pro vision,mmmu_pro_validation_Physics_2,0,1,0.22000256282109315,1325.0
Gemma-4-31B-IT,opencode,MMMU-Pro vision,mmmu_pro_validation_Physics_20,0,0,0.15286459961238877,3346.0
Gemma-4-31B-IT,opencode,MMMU-Pro vision,mmmu_pro_validation_Physics_23,0,1,0.0859004193444482,1344.0
Gemma-4-31B-IT,opencode,MMMU-Pro vision,mmmu_pro_validation_Physics_25,0,1,0.1496610144612644,1586.0
Gemma-4-31B-IT,opencode,MMMU-Pro vision,mmmu_pro_validation_Physics_26,0,1,0.19770286948430218,290.0
Gemma-4-31B-IT,opencode,MMMU-Pro vision,mmmu_pro_validation_Physics_27,0,0,0.06474978416780319,32766.0
Gemma-4-31B-IT,opencode,MMMU-Pro vision,mmmu_pro_validation_Physics_28,0,1,0.15107111340595641,761.0
Gemma-4-31B-IT,opencode,MMMU-Pro vision,mmmu_pro_validation_Physics_29,0,1,0.09370839833381976,595.0
Gemma-4-31B-IT,opencode,MMMU-Pro vision,mmmu_pro_validation_Physics_30,0,1,0.116076807601616,646.0
Gemma-4-31B-IT,opencode,MMMU-Pro vision,mmmu_pro_validation_Physics_4,0,1,0.16275935334847905,4239.0
Gemma-4-31B-IT,opencode,MMMU-Pro vision,mmmu_pro_validation_Physics_5,0,1,0.05208913222047597,839.0
Gemma-4-31B-IT,opencode,MMMU-Pro vision,mmmu_pro_validation_Physics_7,0,1,0.27661810659547803,3005.0
Gemma-4-31B-IT,opencode,MMMU-Pro vision,mmmu_pro_validation_Physics_8,0,1,0.10344707192962148,824.0
Gemma-4-31B-IT,opencode,MMMU-Pro vision,mmmu_pro_validation_Physics_9,0,0,0.2688191953771263,6961.0
Gemma-4-31B-IT,opencode,MMMU-Pro vision,mmmu_pro_validation_Psychology_1,0,1,0.1344266749009273,381.0
Gemma-4-31B-IT,opencode,MMMU-Pro vision,mmmu_pro_validation_Psychology_12,0,0,0.32505412825406954,7833.0
Gemma-4-31B-IT,opencode,MMMU-Pro vision,mmmu_pro_validation_Psychology_13,0,1,0.15778113976577754,461.0
Gemma-4-31B-IT,opencode,MMMU-Pro vision,mmmu_pro_validation_Psychology_15,0,1,0.2149435239299657,815.0
Gemma-4-31B-IT,opencode,MMMU-Pro vision,mmmu_pro_validation_Psychology_16,0,1,0.2832429838809368,3430.0
Gemma-4-31B-IT,opencode,MMMU-Pro vision,mmmu_pro_validation_Psychology_17,0,1,0.1406802342589601,442.0
Gemma-4-31B-IT,opencode,MMMU-Pro vision,mmmu_pro_validation_Psychology_18,0,1,0.10994441222281587,848.0
Gemma-4-31B-IT,opencode,MMMU-Pro vision,mmmu_pro_validation_Psychology_19,0,1,0.2572179193992934,880.0
Gemma-4-31B-IT,opencode,MMMU-Pro vision,mmmu_pro_validation_Psychology_21,0,0,0.25546024127066985,5131.0
Gemma-4-31B-IT,opencode,MMMU-Pro vision,mmmu_pro_validation_Psychology_24,0,0,0.17225420073425465,521.0
Gemma-4-31B-IT,opencode,MMMU-Pro vision,mmmu_pro_validation_Psychology_26,0,0,0.1964673839793667,853.0
Gemma-4-31B-IT,opencode,MMMU-Pro vision,mmmu_pro_validation_Psychology_29,0,1,0.2632179759923696,907.0
Gemma-4-31B-IT,opencode,MMMU-Pro vision,mmmu_pro_validation_Psychology_3,0,1,0.182848579702695,443.0
Gemma-4-31B-IT,opencode,MMMU-Pro vision,mmmu_pro_validation_Psychology_30,0,1,0.18150579021303498,522.0
Gemma-4-31B-IT,opencode,MMMU-Pro vision,mmmu_pro_validation_Psychology_4,0,0,0.05137499282352138,33777.0
Gemma-4-31B-IT,opencode,MMMU-Pro vision,mmmu_pro_validation_Psychology_5,0,1,0.29458162473497995,757.0
Gemma-4-31B-IT,opencode,MMMU-Pro vision,mmmu_pro_validation_Psychology_6,0,0,0.26648789828529823,960.0
Gemma-4-31B-IT,opencode,MMMU-Pro vision,mmmu_pro_validation_Psychology_7,0,1,0.22047402277872477,1098.0
Gemma-4-31B-IT,opencode,MMMU-Pro vision,mmmu_pro_validation_Psychology_8,0,1,0.05909388749803414,655.0
Gemma-4-31B-IT,opencode,MMMU-Pro vision,mmmu_pro_validation_Public_Health_1,0,1,0.11007048552451085,1337.0
Gemma-4-31B-IT,opencode,MMMU-Pro vision,mmmu_pro_validation_Public_Health_10,0,1,0.12130350452771906,1362.0
Gemma-4-31B-IT,opencode,MMMU-Pro vision,mmmu_pro_validation_Public_Health_14,0,1,0.06518911226554969,666.0
Gemma-4-31B-IT,opencode,MMMU-Pro vision,mmmu_pro_validation_Public_Health_15,0,1,0.08945500048897663,605.0
Gemma-4-31B-IT,opencode,MMMU-Pro vision,mmmu_pro_validation_Public_Health_16,0,1,0.1299558193737508,2932.0
Gemma-4-31B-IT,opencode,MMMU-Pro vision,mmmu_pro_validation_Public_Health_17,0,1,0.1408395626743778,1149.0
Gemma-4-31B-IT,opencode,MMMU-Pro vision,mmmu_pro_validation_Public_Health_2,0,1,0.10223687900816116,585.0
Gemma-4-31B-IT,opencode,MMMU-Pro vision,mmmu_pro_validation_Public_Health_20,0,1,0.13561916947345914,1504.0
Gemma-4-31B-IT,opencode,MMMU-Pro vision,mmmu_pro_validation_Public_Health_21,0,1,0.228472490150359,1967.0
Gemma-4-31B-IT,opencode,MMMU-Pro vision,mmmu_pro_validation_Public_Health_23,0,1,0.18156297970136362,1436.0
Gemma-4-31B-IT,opencode,MMMU-Pro vision,mmmu_pro_validation_Public_Health_24,0,0,0.05678929125747607,42280.0
Gemma-4-31B-IT,opencode,MMMU-Pro vision,mmmu_pro_validation_Public_Health_25,0,1,0.11327713160071579,760.0
Gemma-4-31B-IT,opencode,MMMU-Pro vision,mmmu_pro_validation_Public_Health_27,0,1,0.1754009067572263,953.0
Gemma-4-31B-IT,opencode,MMMU-Pro vision,mmmu_pro_validation_Public_Health_28,0,1,0.22081552118361641,7473.0
Gemma-4-31B-IT,opencode,MMMU-Pro vision,mmmu_pro_validation_Public_Health_29,0,1,0.0681894730207796,1963.0
Gemma-4-31B-IT,opencode,MMMU-Pro vision,mmmu_pro_validation_Public_Health_30,0,1,0.08244647883607484,2130.0
Gemma-4-31B-IT,opencode,MMMU-Pro vision,mmmu_pro_validation_Public_Health_5,0,1,0.07079486064548875,1125.0
Gemma-4-31B-IT,opencode,MMMU-Pro vision,mmmu_pro_validation_Public_Health_7,0,0,0.2744701502653639,5016.0
Gemma-4-31B-IT,opencode,MMMU-Pro vision,mmmu_pro_validation_Public_Health_8,0,1,0.18126748572216347,7938.0
Gemma-4-31B-IT,opencode,MMMU-Pro vision,mmmu_pro_validation_Public_Health_9,0,1,0.1591672221264284,9756.0
Gemma-4-31B-IT,opencode,MMMU-Pro vision,mmmu_pro_validation_Sociology_1,0,1,0.27180571793751834,947.0
Gemma-4-31B-IT,opencode,MMMU-Pro vision,mmmu_pro_validation_Sociology_10,0,1,0.33927200747592773,963.0
Gemma-4-31B-IT,opencode,MMMU-Pro vision,mmmu_pro_validation_Sociology_11,0,1,0.2549866069127829,633.0
Gemma-4-31B-IT,opencode,MMMU-Pro vision,mmmu_pro_validation_Sociology_12,0,0,0.32422089839916624,598.0
Gemma-4-31B-IT,opencode,MMMU-Pro vision,mmmu_pro_validation_Sociology_15,0,0,0.2563569449499097,594.0
Gemma-4-31B-IT,opencode,MMMU-Pro vision,mmmu_pro_validation_Sociology_17,0,1,0.15817209635600224,1459.0
Gemma-4-31B-IT,opencode,MMMU-Pro vision,mmmu_pro_validation_Sociology_20,0,0,0.300344337702058,573.0
Gemma-4-31B-IT,opencode,MMMU-Pro vision,mmmu_pro_validation_Sociology_21,0,0,0.18747512113571813,724.0
Gemma-4-31B-IT,opencode,MMMU-Pro vision,mmmu_pro_validation_Sociology_22,0,1,0.3152321999733064,619.0
Gemma-4-31B-IT,opencode,MMMU-Pro vision,mmmu_pro_validation_Sociology_25,0,0,0.2053814117853474,835.0
Gemma-4-31B-IT,opencode,MMMU-Pro vision,mmmu_pro_validation_Sociology_28,0,0,0.3439899019097473,3755.0
Gemma-4-31B-IT,opencode,MMMU-Pro vision,mmmu_pro_validation_Sociology_29,0,1,0.3445930814151007,5805.0
Gemma-4-31B-IT,opencode,MMMU-Pro vision,mmmu_pro_validation_Sociology_30,0,0,0.016283964465105785,58042.0
Gemma-4-31B-IT,opencode,MMMU-Pro vision,mmmu_pro_validation_Sociology_4,0,1,0.2558392245424691,518.0
Gemma-4-31B-IT,opencode,MMMU-Pro vision,mmmu_pro_validation_Sociology_5,0,0,0.3271290046611219,1573.0
Gemma-4-31B-IT,opencode,MMMU-Pro vision,mmmu_pro_validation_Sociology_8,0,1,0.22922767575166916,638.0
Gemma-4-31B-IT,zeroclaw,MMMU-Pro vision,mmmu_pro_test_Accounting_129,0,1,0.10095543756262024,1182.0
Gemma-4-31B-IT,zeroclaw,MMMU-Pro vision,mmmu_pro_test_Accounting_13,0,1,0.1189021387691298,956.0
Gemma-4-31B-IT,zeroclaw,MMMU-Pro vision,mmmu_pro_test_Accounting_131,0,1,0.22910017589406734,2995.0
Gemma-4-31B-IT,zeroclaw,MMMU-Pro vision,mmmu_pro_test_Accounting_138,0,1,0.19948494611861595,3802.0
Gemma-4-31B-IT,zeroclaw,MMMU-Pro vision,mmmu_pro_test_Accounting_160,0,1,0.04561194242640043,589.0
Gemma-4-31B-IT,zeroclaw,MMMU-Pro vision,mmmu_pro_test_Accounting_170,0,1,0.18065272583854683,4296.0
Gemma-4-31B-IT,zeroclaw,MMMU-Pro vision,mmmu_pro_test_Accounting_201,0,1,0.1361391444176872,3720.0
Gemma-4-31B-IT,zeroclaw,MMMU-Pro vision,mmmu_pro_test_Accounting_208,0,1,0.06237404671643147,814.0
Gemma-4-31B-IT,zeroclaw,MMMU-Pro vision,mmmu_pro_test_Accounting_227,0,1,0.26143793963712125,8554.0
Gemma-4-31B-IT,zeroclaw,MMMU-Pro vision,mmmu_pro_test_Accounting_241,0,1,0.058026059485850955,1317.0
Gemma-4-31B-IT,zeroclaw,MMMU-Pro vision,mmmu_pro_test_Accounting_248,0,1,0.04600076998289446,1129.0
Gemma-4-31B-IT,zeroclaw,MMMU-Pro vision,mmmu_pro_test_Accounting_252,0,,0.03364355722199126,34163.0
Gemma-4-31B-IT,zeroclaw,MMMU-Pro vision,mmmu_pro_test_Accounting_256,0,1,0.08656514546428926,3553.0
Gemma-4-31B-IT,zeroclaw,MMMU-Pro vision,mmmu_pro_test_Accounting_279,0,1,0.048939551684841355,1299.0
Gemma-4-31B-IT,zeroclaw,MMMU-Pro vision,mmmu_pro_test_Accounting_292,0,1,0.17769619339128767,1567.0
Gemma-4-31B-IT,zeroclaw,MMMU-Pro vision,mmmu_pro_test_Accounting_30,0,1,0.09449122988613198,1462.0
Gemma-4-31B-IT,zeroclaw,MMMU-Pro vision,mmmu_pro_test_Accounting_307,0,1,0.10376027636731733,1573.0
Gemma-4-31B-IT,zeroclaw,MMMU-Pro vision,mmmu_pro_test_Accounting_312,0,1,0.11211100621734417,1920.0
Gemma-4-31B-IT,zeroclaw,MMMU-Pro vision,mmmu_pro_test_Accounting_315,0,1,0.13399990177501492,1610.0
Gemma-4-31B-IT,zeroclaw,MMMU-Pro vision,mmmu_pro_test_Accounting_328,0,1,0.06693695055510832,1345.0
Gemma-4-31B-IT,zeroclaw,MMMU-Pro vision,mmmu_pro_test_Accounting_34,0,1,0.14676592039388853,18005.0
Gemma-4-31B-IT,zeroclaw,MMMU-Pro vision,mmmu_pro_test_Accounting_345,0,1,0.0655622317603636,1458.0
Gemma-4-31B-IT,zeroclaw,MMMU-Pro vision,mmmu_pro_test_Accounting_360,0,1,0.17689010920780304,2086.0
Gemma-4-31B-IT,zeroclaw,MMMU-Pro vision,mmmu_pro_test_Accounting_361,0,1,0.25300909955816414,13271.0
Gemma-4-31B-IT,zeroclaw,MMMU-Pro vision,mmmu_pro_test_Accounting_365,0,1,0.0812798894211942,1693.0
Gemma-4-31B-IT,zeroclaw,MMMU-Pro vision,mmmu_pro_test_Accounting_38,0,1,0.05761078681949209,2034.0
Gemma-4-31B-IT,zeroclaw,MMMU-Pro vision,mmmu_pro_test_Accounting_380,0,1,0.11252460246745312,1452.0
Gemma-4-31B-IT,zeroclaw,MMMU-Pro vision,mmmu_pro_test_Accounting_42,0,1,0.12270213544844957,6741.0
Gemma-4-31B-IT,zeroclaw,MMMU-Pro vision,mmmu_pro_test_Accounting_50,0,1,0.12518294125821172,1965.0
Gemma-4-31B-IT,zeroclaw,MMMU-Pro vision,mmmu_pro_test_Accounting_55,0,0,0.06357512412320175,1124.0
Gemma-4-31B-IT,zeroclaw,MMMU-Pro vision,mmmu_pro_test_Accounting_63,0,1,0.07620217399255157,1111.0
Gemma-4-31B-IT,zeroclaw,MMMU-Pro vision,mmmu_pro_test_Accounting_80,0,1,0.054511782048982854,656.0
Gemma-4-31B-IT,zeroclaw,MMMU-Pro vision,mmmu_pro_test_Accounting_99,0,0,0.20308481120746322,3865.0
Gemma-4-31B-IT,zeroclaw,MMMU-Pro vision,mmmu_pro_test_Agriculture_102,0,1,0.2736785892830324,806.0
Gemma-4-31B-IT,zeroclaw,MMMU-Pro vision,mmmu_pro_test_Agriculture_105,0,1,0.4075598326211567,2681.0
Gemma-4-31B-IT,zeroclaw,MMMU-Pro vision,mmmu_pro_test_Agriculture_117,0,1,0.26667091654208,977.0
Gemma-4-31B-IT,zeroclaw,MMMU-Pro vision,mmmu_pro_test_Agriculture_123,0,1,0.34324038162383524,771.0
Gemma-4-31B-IT,zeroclaw,MMMU-Pro vision,mmmu_pro_test_Agriculture_139,0,1,0.2051909871342988,1244.0
Gemma-4-31B-IT,zeroclaw,MMMU-Pro vision,mmmu_pro_test_Agriculture_145,0,1,0.356959604265498,3545.0
Gemma-4-31B-IT,zeroclaw,MMMU-Pro vision,mmmu_pro_test_Agriculture_146,0,0,0.46673853794648285,1660.0
Gemma-4-31B-IT,zeroclaw,MMMU-Pro vision,mmmu_pro_test_Agriculture_15,0,0,0.2799538491915976,1304.0
Gemma-4-31B-IT,zeroclaw,MMMU-Pro vision,mmmu_pro_test_Agriculture_157,0,1,0.34125672378788496,620.0
Gemma-4-31B-IT,zeroclaw,MMMU-Pro vision,mmmu_pro_test_Agriculture_165,0,1,0.4110973856005572,1353.0
Gemma-4-31B-IT,zeroclaw,MMMU-Pro vision,mmmu_pro_test_Agriculture_169,0,0,0.39068074396530056,1481.0
Gemma-4-31B-IT,zeroclaw,MMMU-Pro vision,mmmu_pro_test_Agriculture_174,0,0,0.3140922707903664,930.0
Gemma-4-31B-IT,zeroclaw,MMMU-Pro vision,mmmu_pro_test_Agriculture_178,0,1,0.3592772452876157,2944.0
Gemma-4-31B-IT,zeroclaw,MMMU-Pro vision,mmmu_pro_test_Agriculture_183,0,0,0.21839029460088724,2086.0
Gemma-4-31B-IT,zeroclaw,MMMU-Pro vision,mmmu_pro_test_Agriculture_187,0,0,0.3483807596696234,5011.0
Gemma-4-31B-IT,zeroclaw,MMMU-Pro vision,mmmu_pro_test_Agriculture_19,0,0,0.29785022140044665,2920.0
Gemma-4-31B-IT,zeroclaw,MMMU-Pro vision,mmmu_pro_test_Agriculture_190,0,0,0.2211276308262546,4041.0
Gemma-4-31B-IT,zeroclaw,MMMU-Pro vision,mmmu_pro_test_Agriculture_192,0,0,0.4736536661494849,2157.0
Gemma-4-31B-IT,zeroclaw,MMMU-Pro vision,mmmu_pro_test_Agriculture_193,0,1,0.26067934692030303,1146.0
Gemma-4-31B-IT,zeroclaw,MMMU-Pro vision,mmmu_pro_test_Agriculture_195,0,1,0.0,
Gemma-4-31B-IT,zeroclaw,MMMU-Pro vision,mmmu_pro_test_Agriculture_207,0,1,0.28927829061315125,15706.0
Gemma-4-31B-IT,zeroclaw,MMMU-Pro vision,mmmu_pro_test_Agriculture_210,0,0,0.2112316240781292,2955.0
Gemma-4-31B-IT,zeroclaw,MMMU-Pro vision,mmmu_pro_test_Agriculture_217,0,1,0.3009114124133113,1278.0
Gemma-4-31B-IT,zeroclaw,MMMU-Pro vision,mmmu_pro_test_Agriculture_234,0,1,0.31492330298043153,4864.0
Gemma-4-31B-IT,zeroclaw,MMMU-Pro vision,mmmu_pro_test_Agriculture_248,0,0,0.27305927919316114,9264.0
Gemma-4-31B-IT,zeroclaw,MMMU-Pro vision,mmmu_pro_test_Agriculture_262,0,0,0.37546069118893427,1757.0
Gemma-4-31B-IT,zeroclaw,MMMU-Pro vision,mmmu_pro_test_Agriculture_269,0,1,0.40925537023047176,882.0
Gemma-4-31B-IT,zeroclaw,MMMU-Pro vision,mmmu_pro_test_Agriculture_270,0,0,0.3651373751274363,1799.0
Gemma-4-31B-IT,zeroclaw,MMMU-Pro vision,mmmu_pro_test_Agriculture_271,0,1,0.29602068279730914,612.0
Gemma-4-31B-IT,zeroclaw,MMMU-Pro vision,mmmu_pro_test_Agriculture_278,0,0,0.3878436816072944,2002.0
Gemma-4-31B-IT,zeroclaw,MMMU-Pro vision,mmmu_pro_test_Agriculture_282,0,0,0.44054678900975597,1286.0
Gemma-4-31B-IT,zeroclaw,MMMU-Pro vision,mmmu_pro_test_Agriculture_37,0,0,0.30418389429302767,618.0
Gemma-4-31B-IT,zeroclaw,MMMU-Pro vision,mmmu_pro_test_Agriculture_39,0,1,0.3474387183489677,714.0
Gemma-4-31B-IT,zeroclaw,MMMU-Pro vision,mmmu_pro_test_Agriculture_4,0,0,0.30130602048321675,604.0
Gemma-4-31B-IT,zeroclaw,MMMU-Pro vision,mmmu_pro_test_Agriculture_42,0,0,0.2880432749490659,1289.0
Gemma-4-31B-IT,zeroclaw,MMMU-Pro vision,mmmu_pro_test_Agriculture_46,0,0,0.3136730741113097,738.0
Gemma-4-31B-IT,zeroclaw,MMMU-Pro vision,mmmu_pro_test_Agriculture_55,0,0,0.4838426659013766,1317.0
Gemma-4-31B-IT,zeroclaw,MMMU-Pro vision,mmmu_pro_test_Agriculture_69,0,1,0.06972369039657768,1373.0
Gemma-4-31B-IT,zeroclaw,MMMU-Pro vision,mmmu_pro_test_Agriculture_8,0,1,0.3186512599555098,4233.0
Gemma-4-31B-IT,zeroclaw,MMMU-Pro vision,mmmu_pro_test_Agriculture_92,0,0,0.4053881130145227,3047.0
Gemma-4-31B-IT,zeroclaw,MMMU-Pro vision,mmmu_pro_test_Agriculture_93,0,1,0.17967009330119754,6503.0
Gemma-4-31B-IT,zeroclaw,MMMU-Pro vision,mmmu_pro_test_Architecture_and_Engineering_111,0,1,0.05027391312206593,2837.0
Gemma-4-31B-IT,zeroclaw,MMMU-Pro vision,mmmu_pro_test_Architecture_and_Engineering_113,0,1,0.148142219875595,9893.0
Gemma-4-31B-IT,zeroclaw,MMMU-Pro vision,mmmu_pro_test_Architecture_and_Engineering_146,0,1,0.1660007591534682,7725.0
Gemma-4-31B-IT,zeroclaw,MMMU-Pro vision,mmmu_pro_test_Architecture_and_Engineering_191,0,1,0.1534023265578754,5636.0
Gemma-4-31B-IT,zeroclaw,MMMU-Pro vision,mmmu_pro_test_Architecture_and_Engineering_206,0,1,0.18070498097919033,11471.0
Gemma-4-31B-IT,zeroclaw,MMMU-Pro vision,mmmu_pro_test_Architecture_and_Engineering_207,0,,0.02336325453292311,32768.0
Gemma-4-31B-IT,zeroclaw,MMMU-Pro vision,mmmu_pro_test_Architecture_and_Engineering_214,0,0,0.21025538084040715,17699.0
Gemma-4-31B-IT,zeroclaw,MMMU-Pro vision,mmmu_pro_test_Architecture_and_Engineering_242,0,0,0.14520822770345376,21212.0
Gemma-4-31B-IT,zeroclaw,MMMU-Pro vision,mmmu_pro_test_Architecture_and_Engineering_250,0,1,0.06457297750736116,16362.0
Gemma-4-31B-IT,zeroclaw,MMMU-Pro vision,mmmu_pro_test_Architecture_and_Engineering_266,0,0,0.2156114402902127,16701.0
Gemma-4-31B-IT,zeroclaw,MMMU-Pro vision,mmmu_pro_test_Architecture_and_Engineering_278,0,1,0.17642015553243554,1216.0
Gemma-4-31B-IT,zeroclaw,MMMU-Pro vision,mmmu_pro_test_Architecture_and_Engineering_307,0,1,0.0,
Gemma-4-31B-IT,zeroclaw,MMMU-Pro vision,mmmu_pro_test_Architecture_and_Engineering_312,0,,0.08979056509074375,65163.0
Gemma-4-31B-IT,zeroclaw,MMMU-Pro vision,mmmu_pro_test_Architecture_and_Engineering_320,0,1,0.08343536501227918,10039.0
Gemma-4-31B-IT,zeroclaw,MMMU-Pro vision,mmmu_pro_test_Architecture_and_Engineering_336,0,1,0.09282260699101155,3425.0
Gemma-4-31B-IT,zeroclaw,MMMU-Pro vision,mmmu_pro_test_Architecture_and_Engineering_359,0,,0.0,
Gemma-4-31B-IT,zeroclaw,MMMU-Pro vision,mmmu_pro_test_Architecture_and_Engineering_361,0,1,0.20740683168146037,4972.0
Gemma-4-31B-IT,zeroclaw,MMMU-Pro vision,mmmu_pro_test_Architecture_and_Engineering_391,0,0,0.2168073917105584,34617.0
Gemma-4-31B-IT,zeroclaw,MMMU-Pro vision,mmmu_pro_test_Architecture_and_Engineering_392,0,1,0.10905409433187668,3276.0
Gemma-4-31B-IT,zeroclaw,MMMU-Pro vision,mmmu_pro_test_Architecture_and_Engineering_395,0,0,0.12517798187967027,9520.0
Gemma-4-31B-IT,zeroclaw,MMMU-Pro vision,mmmu_pro_test_Architecture_and_Engineering_403,0,0,0.17343103322545472,7169.0
Gemma-4-31B-IT,zeroclaw,MMMU-Pro vision,mmmu_pro_test_Architecture_and_Engineering_41,0,1,0.09354755020444681,4974.0
Gemma-4-31B-IT,zeroclaw,MMMU-Pro vision,mmmu_pro_test_Architecture_and_Engineering_413,0,1,0.05919602212707194,1141.0
Gemma-4-31B-IT,zeroclaw,MMMU-Pro vision,mmmu_pro_test_Architecture_and_Engineering_416,0,1,0.2425931184001364,2076.0
Gemma-4-31B-IT,zeroclaw,MMMU-Pro vision,mmmu_pro_test_Architecture_and_Engineering_442,0,0,0.13785512923780321,19729.0
Gemma-4-31B-IT,zeroclaw,MMMU-Pro vision,mmmu_pro_test_Architecture_and_Engineering_443,0,1,0.15187340399955696,7323.0
Gemma-4-31B-IT,zeroclaw,MMMU-Pro vision,mmmu_pro_test_Architecture_and_Engineering_457,0,1,0.12193783094533966,5289.0
Gemma-4-31B-IT,zeroclaw,MMMU-Pro vision,mmmu_pro_test_Architecture_and_Engineering_47,0,1,0.22030441103631948,4548.0
Gemma-4-31B-IT,zeroclaw,MMMU-Pro vision,mmmu_pro_test_Architecture_and_Engineering_470,0,0,0.2054821580773831,7671.0
Gemma-4-31B-IT,zeroclaw,MMMU-Pro vision,mmmu_pro_test_Architecture_and_Engineering_473,0,0,0.12711151034451212,11658.0
Gemma-4-31B-IT,zeroclaw,MMMU-Pro vision,mmmu_pro_test_Architecture_and_Engineering_492,0,0,0.15215797961532995,9841.0
Gemma-4-31B-IT,zeroclaw,MMMU-Pro vision,mmmu_pro_test_Architecture_and_Engineering_493,0,1,0.15576435368788152,6726.0
Gemma-4-31B-IT,zeroclaw,MMMU-Pro vision,mmmu_pro_test_Architecture_and_Engineering_503,0,0,0.16586006840074582,15270.0
Gemma-4-31B-IT,zeroclaw,MMMU-Pro vision,mmmu_pro_test_Architecture_and_Engineering_512,0,1,0.14507830409970085,3341.0
Gemma-4-31B-IT,zeroclaw,MMMU-Pro vision,mmmu_pro_test_Architecture_and_Engineering_518,0,,0.022530152186024034,32768.0
Gemma-4-31B-IT,zeroclaw,MMMU-Pro vision,mmmu_pro_test_Architecture_and_Engineering_533,0,1,0.20091805615138442,12499.0
Gemma-4-31B-IT,zeroclaw,MMMU-Pro vision,mmmu_pro_test_Architecture_and_Engineering_77,0,1,0.09351906485696676,2511.0
Gemma-4-31B-IT,zeroclaw,MMMU-Pro vision,mmmu_pro_test_Architecture_and_Engineering_86,0,1,0.07658627526663682,1208.0
Gemma-4-31B-IT,zeroclaw,MMMU-Pro vision,mmmu_pro_test_Art_107,0,0,0.47074155136641976,1902.0
Gemma-4-31B-IT,zeroclaw,MMMU-Pro vision,mmmu_pro_test_Art_111,0,1,0.3363289172198947,387.0
Gemma-4-31B-IT,zeroclaw,MMMU-Pro vision,mmmu_pro_test_Art_113,0,,0.055646822517036704,75.0
Gemma-4-31B-IT,zeroclaw,MMMU-Pro vision,mmmu_pro_test_Art_117,0,,0.014143829187886387,169.0
Gemma-4-31B-IT,zeroclaw,MMMU-Pro vision,mmmu_pro_test_Art_12,0,0,0.47412452596359733,2860.0
Gemma-4-31B-IT,zeroclaw,MMMU-Pro vision,mmmu_pro_test_Art_121,0,1,0.21996297562564293,2478.0
Gemma-4-31B-IT,zeroclaw,MMMU-Pro vision,mmmu_pro_test_Art_124,0,1,0.27951451305118297,3253.0
Gemma-4-31B-IT,zeroclaw,MMMU-Pro vision,mmmu_pro_test_Art_130,0,0,0.43893417962977116,1716.0
Gemma-4-31B-IT,zeroclaw,MMMU-Pro vision,mmmu_pro_test_Art_139,0,1,0.4476688717305275,1642.0
Gemma-4-31B-IT,zeroclaw,MMMU-Pro vision,mmmu_pro_test_Art_147,0,1,0.35024381005785726,545.0
Gemma-4-31B-IT,zeroclaw,MMMU-Pro vision,mmmu_pro_test_Art_159,0,0,0.26065767746813384,1395.0
Gemma-4-31B-IT,zeroclaw,MMMU-Pro vision,mmmu_pro_test_Art_164,0,1,0.19294347838618583,765.0
Gemma-4-31B-IT,zeroclaw,MMMU-Pro vision,mmmu_pro_test_Art_176,0,0,0.48701667518530517,1444.0
Gemma-4-31B-IT,zeroclaw,MMMU-Pro vision,mmmu_pro_test_Art_184,0,1,0.33023433350672665,413.0
Gemma-4-31B-IT,zeroclaw,MMMU-Pro vision,mmmu_pro_test_Art_195,0,1,0.2428401895105611,684.0
Gemma-4-31B-IT,zeroclaw,MMMU-Pro vision,mmmu_pro_test_Art_2,0,1,0.2991418738950015,1063.0
Gemma-4-31B-IT,zeroclaw,MMMU-Pro vision,mmmu_pro_test_Art_208,0,0,0.26746661418148326,1922.0
Gemma-4-31B-IT,zeroclaw,MMMU-Pro vision,mmmu_pro_test_Art_21,0,0,0.31863942172434556,469.0
Gemma-4-31B-IT,zeroclaw,MMMU-Pro vision,mmmu_pro_test_Art_224,0,1,0.17400378654328025,669.0
Gemma-4-31B-IT,zeroclaw,MMMU-Pro vision,mmmu_pro_test_Art_227,0,1,0.28110271246564517,782.0
Gemma-4-31B-IT,zeroclaw,MMMU-Pro vision,mmmu_pro_test_Art_231,0,,0.4896974466186457,958.0
Gemma-4-31B-IT,zeroclaw,MMMU-Pro vision,mmmu_pro_test_Art_24,0,1,0.2968051779951516,1064.0
Gemma-4-31B-IT,zeroclaw,MMMU-Pro vision,mmmu_pro_test_Art_25,0,1,0.20968911743598087,1059.0
Gemma-4-31B-IT,zeroclaw,MMMU-Pro vision,mmmu_pro_test_Art_35,0,1,0.44025497966832483,1439.0
Gemma-4-31B-IT,zeroclaw,MMMU-Pro vision,mmmu_pro_test_Art_41,0,1,0.17876355345990094,714.0
Gemma-4-31B-IT,zeroclaw,MMMU-Pro vision,mmmu_pro_test_Art_63,0,,0.3111547272875095,2933.0
Gemma-4-31B-IT,zeroclaw,MMMU-Pro vision,mmmu_pro_test_Art_67,0,0,0.24209592612155253,11903.0
Gemma-4-31B-IT,zeroclaw,MMMU-Pro vision,mmmu_pro_test_Art_79,0,,0.323220805123318,1483.0
Gemma-4-31B-IT,zeroclaw,MMMU-Pro vision,mmmu_pro_test_Art_8,0,0,0.3061466686265438,3219.0
Gemma-4-31B-IT,zeroclaw,MMMU-Pro vision,mmmu_pro_test_Art_81,0,1,0.22410350407989843,1220.0
Gemma-4-31B-IT,zeroclaw,MMMU-Pro vision,mmmu_pro_test_Art_84,0,0,0.373576468757312,1564.0
Gemma-4-31B-IT,zeroclaw,MMMU-Pro vision,mmmu_pro_test_Art_87,0,1,0.1685804439695605,311.0
Gemma-4-31B-IT,zeroclaw,MMMU-Pro vision,mmmu_pro_test_Art_9,0,,0.3686458077187156,642.0
Gemma-4-31B-IT,zeroclaw,MMMU-Pro vision,mmmu_pro_test_Art_93,0,1,0.4092889589683362,1531.0
Gemma-4-31B-IT,zeroclaw,MMMU-Pro vision,mmmu_pro_test_Art_94,0,1,0.3290118994708869,738.0
Gemma-4-31B-IT,zeroclaw,MMMU-Pro vision,mmmu_pro_test_Art_Theory_11,0,0,0.35496487608390603,827.0
Gemma-4-31B-IT,zeroclaw,MMMU-Pro vision,mmmu_pro_test_Art_Theory_117,0,1,0.384224847809607,2122.0
Gemma-4-31B-IT,zeroclaw,MMMU-Pro vision,mmmu_pro_test_Art_Theory_131,0,1,0.34050173009734364,1380.0
Gemma-4-31B-IT,zeroclaw,MMMU-Pro vision,mmmu_pro_test_Art_Theory_152,0,0,0.37078624842170005,609.0
Gemma-4-31B-IT,zeroclaw,MMMU-Pro vision,mmmu_pro_test_Art_Theory_156,0,1,0.40938769887155446,544.0
Gemma-4-31B-IT,zeroclaw,MMMU-Pro vision,mmmu_pro_test_Art_Theory_162,0,1,0.12137655193324985,254.0
Gemma-4-31B-IT,zeroclaw,MMMU-Pro vision,mmmu_pro_test_Art_Theory_168,0,1,0.32007413583548866,2734.0
Gemma-4-31B-IT,zeroclaw,MMMU-Pro vision,mmmu_pro_test_Art_Theory_171,0,1,0.11460940578872769,327.0
Gemma-4-31B-IT,zeroclaw,MMMU-Pro vision,mmmu_pro_test_Art_Theory_19,0,0,0.0,
Gemma-4-31B-IT,zeroclaw,MMMU-Pro vision,mmmu_pro_test_Art_Theory_199,0,1,0.34769210241738724,998.0
Gemma-4-31B-IT,zeroclaw,MMMU-Pro vision,mmmu_pro_test_Art_Theory_208,0,1,0.21831346719899447,12787.0
Gemma-4-31B-IT,zeroclaw,MMMU-Pro vision,mmmu_pro_test_Art_Theory_24,0,1,0.24476024133389862,3284.0
Gemma-4-31B-IT,zeroclaw,MMMU-Pro vision,mmmu_pro_test_Art_Theory_246,0,,0.10948164139090093,3473.0
Gemma-4-31B-IT,zeroclaw,MMMU-Pro vision,mmmu_pro_test_Art_Theory_249,0,1,0.388742960751673,6291.0
Gemma-4-31B-IT,zeroclaw,MMMU-Pro vision,mmmu_pro_test_Art_Theory_25,0,1,0.2151039958379171,7956.0
Gemma-4-31B-IT,zeroclaw,MMMU-Pro vision,mmmu_pro_test_Art_Theory_256,0,1,0.26083144745535775,5343.0
Gemma-4-31B-IT,zeroclaw,MMMU-Pro vision,mmmu_pro_test_Art_Theory_259,0,1,0.0,
Gemma-4-31B-IT,zeroclaw,MMMU-Pro vision,mmmu_pro_test_Art_Theory_26,0,1,0.17172342021246398,668.0
Gemma-4-31B-IT,zeroclaw,MMMU-Pro vision,mmmu_pro_test_Art_Theory_266,0,1,0.10016948495835327,35742.0
Gemma-4-31B-IT,zeroclaw,MMMU-Pro vision,mmmu_pro_test_Art_Theory_273,0,1,0.37696517212053465,3805.0
Gemma-4-31B-IT,zeroclaw,MMMU-Pro vision,mmmu_pro_test_Art_Theory_276,0,1,0.2961475808715052,577.0
Gemma-4-31B-IT,zeroclaw,MMMU-Pro vision,mmmu_pro_test_Art_Theory_289,0,1,0.3607255633900886,2173.0
Gemma-4-31B-IT,zeroclaw,MMMU-Pro vision,mmmu_pro_test_Art_Theory_335,0,1,0.36690526199206813,1761.0
Gemma-4-31B-IT,zeroclaw,MMMU-Pro vision,mmmu_pro_test_Art_Theory_375,0,0,0.34779260659667544,1142.0
Gemma-4-31B-IT,zeroclaw,MMMU-Pro vision,mmmu_pro_test_Art_Theory_39,0,0,0.3915599359860495,1209.0
Gemma-4-31B-IT,zeroclaw,MMMU-Pro vision,mmmu_pro_test_Art_Theory_403,0,1,0.4287242525264397,648.0
Gemma-4-31B-IT,zeroclaw,MMMU-Pro vision,mmmu_pro_test_Art_Theory_419,0,1,0.0,
Gemma-4-31B-IT,zeroclaw,MMMU-Pro vision,mmmu_pro_test_Art_Theory_420,0,1,0.3983508977715183,1186.0
Gemma-4-31B-IT,zeroclaw,MMMU-Pro vision,mmmu_pro_test_Art_Theory_425,0,1,0.46414582121312054,1582.0
Gemma-4-31B-IT,zeroclaw,MMMU-Pro vision,mmmu_pro_test_Art_Theory_45,0,1,0.26354530115424557,746.0
Gemma-4-31B-IT,zeroclaw,MMMU-Pro vision,mmmu_pro_test_Art_Theory_52,0,1,0.300210880735611,505.0
Gemma-4-31B-IT,zeroclaw,MMMU-Pro vision,mmmu_pro_test_Art_Theory_53,0,0,0.2180552749026413,675.0
Gemma-4-31B-IT,zeroclaw,MMMU-Pro vision,mmmu_pro_test_Basic_Medical_Science_100,0,1,0.3200857431989281,1770.0
Gemma-4-31B-IT,zeroclaw,MMMU-Pro vision,mmmu_pro_test_Basic_Medical_Science_106,0,1,0.16370714420064256,582.0
Gemma-4-31B-IT,zeroclaw,MMMU-Pro vision,mmmu_pro_test_Basic_Medical_Science_107,0,1,0.378430918778495,2019.0
Gemma-4-31B-IT,zeroclaw,MMMU-Pro vision,mmmu_pro_test_Basic_Medical_Science_148,0,1,0.21046978584710413,625.0
Gemma-4-31B-IT,zeroclaw,MMMU-Pro vision,mmmu_pro_test_Basic_Medical_Science_158,0,1,0.14846121372002036,1028.0
Gemma-4-31B-IT,zeroclaw,MMMU-Pro vision,mmmu_pro_test_Basic_Medical_Science_177,0,0,0.3325984374481625,7009.0
Gemma-4-31B-IT,zeroclaw,MMMU-Pro vision,mmmu_pro_test_Basic_Medical_Science_179,0,1,0.25502440346680394,858.0
Gemma-4-31B-IT,zeroclaw,MMMU-Pro vision,mmmu_pro_test_Basic_Medical_Science_181,0,1,0.2708777673189642,1606.0
Gemma-4-31B-IT,zeroclaw,MMMU-Pro vision,mmmu_pro_test_Basic_Medical_Science_209,0,0,0.29483836578880984,828.0
Gemma-4-31B-IT,zeroclaw,MMMU-Pro vision,mmmu_pro_test_Basic_Medical_Science_216,0,1,0.1907289824340111,745.0
Gemma-4-31B-IT,zeroclaw,MMMU-Pro vision,mmmu_pro_test_Basic_Medical_Science_218,0,0,0.223271926849012,728.0
Gemma-4-31B-IT,zeroclaw,MMMU-Pro vision,mmmu_pro_test_Basic_Medical_Science_219,0,1,0.28185396091680687,1413.0
Gemma-4-31B-IT,zeroclaw,MMMU-Pro vision,mmmu_pro_test_Basic_Medical_Science_221,0,1,0.26467558997918095,827.0
Gemma-4-31B-IT,zeroclaw,MMMU-Pro vision,mmmu_pro_test_Basic_Medical_Science_222,0,0,0.2917205189636971,1685.0
Gemma-4-31B-IT,zeroclaw,MMMU-Pro vision,mmmu_pro_test_Basic_Medical_Science_230,0,1,0.34945254835078987,2868.0
Gemma-4-31B-IT,zeroclaw,MMMU-Pro vision,mmmu_pro_test_Basic_Medical_Science_233,0,0,0.23960850926896657,1093.0
Gemma-4-31B-IT,zeroclaw,MMMU-Pro vision,mmmu_pro_test_Basic_Medical_Science_24,0,0,0.24459056454545808,913.0
Gemma-4-31B-IT,zeroclaw,MMMU-Pro vision,mmmu_pro_test_Basic_Medical_Science_240,0,1,0.0,
Gemma-4-31B-IT,zeroclaw,MMMU-Pro vision,mmmu_pro_test_Basic_Medical_Science_247,0,1,0.28015621516364636,1027.0
Gemma-4-31B-IT,zeroclaw,MMMU-Pro vision,mmmu_pro_test_Basic_Medical_Science_253,0,1,0.22107732223082302,576.0
Gemma-4-31B-IT,zeroclaw,MMMU-Pro vision,mmmu_pro_test_Basic_Medical_Science_261,0,1,0.0,
Gemma-4-31B-IT,zeroclaw,MMMU-Pro vision,mmmu_pro_test_Basic_Medical_Science_262,0,1,0.11703247498049654,1344.0
Gemma-4-31B-IT,zeroclaw,MMMU-Pro vision,mmmu_pro_test_Basic_Medical_Science_267,0,0,0.09595341796698167,1751.0
Gemma-4-31B-IT,zeroclaw,MMMU-Pro vision,mmmu_pro_test_Basic_Medical_Science_269,0,1,0.2520958873365068,664.0
Gemma-4-31B-IT,zeroclaw,MMMU-Pro vision,mmmu_pro_test_Basic_Medical_Science_27,0,1,0.29054705991090035,1168.0
Gemma-4-31B-IT,zeroclaw,MMMU-Pro vision,mmmu_pro_test_Basic_Medical_Science_270,0,0,0.29499481265072813,1239.0
Gemma-4-31B-IT,zeroclaw,MMMU-Pro vision,mmmu_pro_test_Basic_Medical_Science_283,0,0,0.35932683017611095,1095.0
Gemma-4-31B-IT,zeroclaw,MMMU-Pro vision,mmmu_pro_test_Basic_Medical_Science_29,0,1,0.2588284240598017,3043.0
Gemma-4-31B-IT,zeroclaw,MMMU-Pro vision,mmmu_pro_test_Basic_Medical_Science_291,0,1,0.2961305050522325,5168.0
Gemma-4-31B-IT,zeroclaw,MMMU-Pro vision,mmmu_pro_test_Basic_Medical_Science_30,0,1,0.2202774732083433,757.0
Gemma-4-31B-IT,zeroclaw,MMMU-Pro vision,mmmu_pro_test_Basic_Medical_Science_313,0,1,0.2052846067719454,5181.0
Gemma-4-31B-IT,zeroclaw,MMMU-Pro vision,mmmu_pro_test_Basic_Medical_Science_35,0,0,0.4153313279483705,4508.0
Gemma-4-31B-IT,zeroclaw,MMMU-Pro vision,mmmu_pro_test_Basic_Medical_Science_41,0,1,0.19708524367183122,772.0
Gemma-4-31B-IT,zeroclaw,MMMU-Pro vision,mmmu_pro_test_Basic_Medical_Science_46,0,1,0.20264222868068035,872.0
Gemma-4-31B-IT,zeroclaw,MMMU-Pro vision,mmmu_pro_test_Basic_Medical_Science_72,0,0,0.30417472234577464,841.0
Gemma-4-31B-IT,zeroclaw,MMMU-Pro vision,mmmu_pro_test_Basic_Medical_Science_76,0,1,0.14973280752775842,836.0
Gemma-4-31B-IT,zeroclaw,MMMU-Pro vision,mmmu_pro_test_Basic_Medical_Science_95,0,1,0.30782204897218757,2736.0
Gemma-4-31B-IT,zeroclaw,MMMU-Pro vision,mmmu_pro_test_Basic_Medical_Science_98,0,1,0.18347872204403168,589.0
Gemma-4-31B-IT,zeroclaw,MMMU-Pro vision,mmmu_pro_test_Biology_12,0,1,0.21359834278422266,515.0
Gemma-4-31B-IT,zeroclaw,MMMU-Pro vision,mmmu_pro_test_Biology_132,0,0,0.20028157234174954,789.0
Gemma-4-31B-IT,zeroclaw,MMMU-Pro vision,mmmu_pro_test_Biology_138,0,,0.021570766160229578,34226.0
Gemma-4-31B-IT,zeroclaw,MMMU-Pro vision,mmmu_pro_test_Biology_142,0,0,0.305845742054595,1869.0
Gemma-4-31B-IT,zeroclaw,MMMU-Pro vision,mmmu_pro_test_Biology_146,0,1,0.20870834374741512,687.0
Gemma-4-31B-IT,zeroclaw,MMMU-Pro vision,mmmu_pro_test_Biology_153,0,1,0.2521205381403901,3680.0
Gemma-4-31B-IT,zeroclaw,MMMU-Pro vision,mmmu_pro_test_Biology_156,0,1,0.3949968384747136,2142.0
Gemma-4-31B-IT,zeroclaw,MMMU-Pro vision,mmmu_pro_test_Biology_157,0,0,0.24936863260531344,8937.0
Gemma-4-31B-IT,zeroclaw,MMMU-Pro vision,mmmu_pro_test_Biology_160,0,1,0.3392862737382615,1819.0
Gemma-4-31B-IT,zeroclaw,MMMU-Pro vision,mmmu_pro_test_Biology_175,0,0,0.2501848187283579,9198.0
Gemma-4-31B-IT,zeroclaw,MMMU-Pro vision,mmmu_pro_test_Biology_183,0,0,0.3405359002133435,3311.0
Gemma-4-31B-IT,zeroclaw,MMMU-Pro vision,mmmu_pro_test_Biology_19,0,1,0.26456340031459225,2960.0
Gemma-4-31B-IT,zeroclaw,MMMU-Pro vision,mmmu_pro_test_Biology_195,0,1,0.1881515143135922,1688.0
Gemma-4-31B-IT,zeroclaw,MMMU-Pro vision,mmmu_pro_test_Biology_196,0,0,0.28699782455417633,1365.0
Gemma-4-31B-IT,zeroclaw,MMMU-Pro vision,mmmu_pro_test_Biology_231,0,1,0.2327033741679794,3711.0
Gemma-4-31B-IT,zeroclaw,MMMU-Pro vision,mmmu_pro_test_Biology_249,0,1,0.25029631068548713,1835.0
Gemma-4-31B-IT,zeroclaw,MMMU-Pro vision,mmmu_pro_test_Biology_259,0,0,0.27739440336204524,9258.0
Gemma-4-31B-IT,zeroclaw,MMMU-Pro vision,mmmu_pro_test_Biology_267,0,0,0.21600706658451876,7597.0
Gemma-4-31B-IT,zeroclaw,MMMU-Pro vision,mmmu_pro_test_Biology_285,0,0,0.2572438686319477,838.0
Gemma-4-31B-IT,zeroclaw,MMMU-Pro vision,mmmu_pro_test_Biology_295,0,1,0.2154170645671676,2393.0
Gemma-4-31B-IT,zeroclaw,MMMU-Pro vision,mmmu_pro_test_Biology_302,0,1,0.29653106796593437,2304.0
Gemma-4-31B-IT,zeroclaw,MMMU-Pro vision,mmmu_pro_test_Biology_307,0,,0.11606984646296634,66765.0
Gemma-4-31B-IT,zeroclaw,MMMU-Pro vision,mmmu_pro_test_Biology_310,0,1,0.2711015481197149,766.0
Gemma-4-31B-IT,zeroclaw,MMMU-Pro vision,mmmu_pro_test_Biology_316,0,1,0.24638613566647402,826.0
Gemma-4-31B-IT,zeroclaw,MMMU-Pro vision,mmmu_pro_test_Biology_318,0,0,0.14904760581807583,3889.0
Gemma-4-31B-IT,zeroclaw,MMMU-Pro vision,mmmu_pro_test_Biology_321,0,0,0.17144310807599875,16034.0
Gemma-4-31B-IT,zeroclaw,MMMU-Pro vision,mmmu_pro_test_Biology_328,0,0,0.31617813592320837,4897.0
Gemma-4-31B-IT,zeroclaw,MMMU-Pro vision,mmmu_pro_test_Biology_33,0,1,0.16101256800846975,1985.0
Gemma-4-31B-IT,zeroclaw,MMMU-Pro vision,mmmu_pro_test_Biology_334,0,0,0.2396997448263017,1054.0
Gemma-4-31B-IT,zeroclaw,MMMU-Pro vision,mmmu_pro_test_Biology_341,0,1,0.25211098934676285,1688.0
Gemma-4-31B-IT,zeroclaw,MMMU-Pro vision,mmmu_pro_test_Biology_40,0,1,0.28730889554005695,4611.0
Gemma-4-31B-IT,zeroclaw,MMMU-Pro vision,mmmu_pro_test_Biology_46,0,,0.04060172354123372,32768.0
Gemma-4-31B-IT,zeroclaw,MMMU-Pro vision,mmmu_pro_test_Biology_47,0,1,0.20392860477041153,802.0
Gemma-4-31B-IT,zeroclaw,MMMU-Pro vision,mmmu_pro_test_Biology_59,0,1,0.20934295015489382,627.0
Gemma-4-31B-IT,zeroclaw,MMMU-Pro vision,mmmu_pro_test_Biology_60,0,1,0.24188406207369204,3186.0
Gemma-4-31B-IT,zeroclaw,MMMU-Pro vision,mmmu_pro_test_Biology_76,0,1,0.07774834477959675,1294.0
Gemma-4-31B-IT,zeroclaw,MMMU-Pro vision,mmmu_pro_test_Biology_79,0,1,0.20423004365095546,1761.0
Gemma-4-31B-IT,zeroclaw,MMMU-Pro vision,mmmu_pro_test_Biology_8,0,1,0.2221100372744778,3399.0
Gemma-4-31B-IT,zeroclaw,MMMU-Pro vision,mmmu_pro_test_Biology_88,0,1,0.25119126159143296,592.0
Gemma-4-31B-IT,zeroclaw,MMMU-Pro vision,mmmu_pro_test_Chemistry_102,0,1,0.27984209938018384,4212.0
Gemma-4-31B-IT,zeroclaw,MMMU-Pro vision,mmmu_pro_test_Chemistry_11,0,1,0.21409169597656413,4196.0
Gemma-4-31B-IT,zeroclaw,MMMU-Pro vision,mmmu_pro_test_Chemistry_147,0,,0.006815694949413947,32768.0
Gemma-4-31B-IT,zeroclaw,MMMU-Pro vision,mmmu_pro_test_Chemistry_185,0,0,0.26957246048801015,4071.0
Gemma-4-31B-IT,zeroclaw,MMMU-Pro vision,mmmu_pro_test_Chemistry_189,0,1,0.2028416736949964,965.0
Gemma-4-31B-IT,zeroclaw,MMMU-Pro vision,mmmu_pro_test_Chemistry_193,0,1,0.23856153174378217,1213.0
Gemma-4-31B-IT,zeroclaw,MMMU-Pro vision,mmmu_pro_test_Chemistry_197,0,0,0.12173483402768599,698.0
Gemma-4-31B-IT,zeroclaw,MMMU-Pro vision,mmmu_pro_test_Chemistry_21,0,,0.023545892375057692,33485.0
Gemma-4-31B-IT,zeroclaw,MMMU-Pro vision,mmmu_pro_test_Chemistry_216,0,0,0.35111396311223975,2876.0
Gemma-4-31B-IT,zeroclaw,MMMU-Pro vision,mmmu_pro_test_Chemistry_233,0,1,0.0,
Gemma-4-31B-IT,zeroclaw,MMMU-Pro vision,mmmu_pro_test_Chemistry_240,0,0,0.20221074815215312,2937.0
Gemma-4-31B-IT,zeroclaw,MMMU-Pro vision,mmmu_pro_test_Chemistry_287,0,1,0.0706220695487003,835.0
Gemma-4-31B-IT,zeroclaw,MMMU-Pro vision,mmmu_pro_test_Chemistry_30,0,1,0.07044472871811719,868.0
Gemma-4-31B-IT,zeroclaw,MMMU-Pro vision,mmmu_pro_test_Chemistry_314,0,1,0.31072910296971257,2686.0
Gemma-4-31B-IT,zeroclaw,MMMU-Pro vision,mmmu_pro_test_Chemistry_326,0,0,0.3116227103619623,5224.0
Gemma-4-31B-IT,zeroclaw,MMMU-Pro vision,mmmu_pro_test_Chemistry_345,0,0,0.26170373523806434,2922.0
Gemma-4-31B-IT,zeroclaw,MMMU-Pro vision,mmmu_pro_test_Chemistry_353,0,1,0.14051491734358873,1594.0
Gemma-4-31B-IT,zeroclaw,MMMU-Pro vision,mmmu_pro_test_Chemistry_354,0,0,0.2576744090233336,4191.0
Gemma-4-31B-IT,zeroclaw,MMMU-Pro vision,mmmu_pro_test_Chemistry_362,0,1,0.20496786275689308,809.0
Gemma-4-31B-IT,zeroclaw,MMMU-Pro vision,mmmu_pro_test_Chemistry_366,0,1,0.1392506963327372,737.0
Gemma-4-31B-IT,zeroclaw,MMMU-Pro vision,mmmu_pro_test_Chemistry_40,0,1,0.2925613388289166,3831.0
Gemma-4-31B-IT,zeroclaw,MMMU-Pro vision,mmmu_pro_test_Chemistry_400,0,1,0.0,
Gemma-4-31B-IT,zeroclaw,MMMU-Pro vision,mmmu_pro_test_Chemistry_417,0,1,0.15315713906619807,2210.0
Gemma-4-31B-IT,zeroclaw,MMMU-Pro vision,mmmu_pro_test_Chemistry_43,0,1,0.1865467661134746,2108.0
Gemma-4-31B-IT,zeroclaw,MMMU-Pro vision,mmmu_pro_test_Chemistry_447,0,0,0.23578200884910072,1594.0
Gemma-4-31B-IT,zeroclaw,MMMU-Pro vision,mmmu_pro_test_Chemistry_451,0,0,0.3326888439444624,3739.0
Gemma-4-31B-IT,zeroclaw,MMMU-Pro vision,mmmu_pro_test_Chemistry_461,0,0,0.3180666123561877,4952.0
Gemma-4-31B-IT,zeroclaw,MMMU-Pro vision,mmmu_pro_test_Chemistry_471,0,1,0.25585269413139217,2680.0
Gemma-4-31B-IT,zeroclaw,MMMU-Pro vision,mmmu_pro_test_Chemistry_481,0,1,0.1795106501454814,6485.0
Gemma-4-31B-IT,zeroclaw,MMMU-Pro vision,mmmu_pro_test_Chemistry_5,0,1,0.3177059163543044,6799.0
Gemma-4-31B-IT,zeroclaw,MMMU-Pro vision,mmmu_pro_test_Chemistry_524,0,1,0.16882312768859434,5309.0
Gemma-4-31B-IT,zeroclaw,MMMU-Pro vision,mmmu_pro_test_Chemistry_526,0,1,0.23417430986836119,4445.0
Gemma-4-31B-IT,zeroclaw,MMMU-Pro vision,mmmu_pro_test_Chemistry_537,0,1,0.1776725846831287,3005.0
Gemma-4-31B-IT,zeroclaw,MMMU-Pro vision,mmmu_pro_test_Chemistry_541,0,1,0.21363767601410813,767.0
Gemma-4-31B-IT,zeroclaw,MMMU-Pro vision,mmmu_pro_test_Chemistry_546,0,,0.06289744912064843,50617.0
Gemma-4-31B-IT,zeroclaw,MMMU-Pro vision,mmmu_pro_test_Chemistry_555,0,1,0.11181090275571325,584.0
Gemma-4-31B-IT,zeroclaw,MMMU-Pro vision,mmmu_pro_test_Chemistry_560,0,,0.05341233996974582,40904.0
Gemma-4-31B-IT,zeroclaw,MMMU-Pro vision,mmmu_pro_test_Chemistry_570,0,1,0.27940829285597635,2583.0
Gemma-4-31B-IT,zeroclaw,MMMU-Pro vision,mmmu_pro_test_Chemistry_582,0,1,0.31820230355804097,1961.0
Gemma-4-31B-IT,zeroclaw,MMMU-Pro vision,mmmu_pro_test_Chemistry_61,0,1,0.18761776943964142,1091.0
Gemma-4-31B-IT,zeroclaw,MMMU-Pro vision,mmmu_pro_test_Chemistry_94,0,0,0.19474016169105576,2008.0
Gemma-4-31B-IT,zeroclaw,MMMU-Pro vision,mmmu_pro_test_Chemistry_96,0,1,0.3209007411096001,5044.0
Gemma-4-31B-IT,zeroclaw,MMMU-Pro vision,mmmu_pro_test_Clinical_Medicine_1,0,0,0.2861218521433056,2689.0
Gemma-4-31B-IT,zeroclaw,MMMU-Pro vision,mmmu_pro_test_Clinical_Medicine_100,0,0,0.38126896031619467,1193.0
Gemma-4-31B-IT,zeroclaw,MMMU-Pro vision,mmmu_pro_test_Clinical_Medicine_108,0,1,0.4010383604833857,3868.0
Gemma-4-31B-IT,zeroclaw,MMMU-Pro vision,mmmu_pro_test_Clinical_Medicine_114,0,1,0.3362567768363179,1477.0
Gemma-4-31B-IT,zeroclaw,MMMU-Pro vision,mmmu_pro_test_Clinical_Medicine_115,0,1,0.287552826528401,2258.0
Gemma-4-31B-IT,zeroclaw,MMMU-Pro vision,mmmu_pro_test_Clinical_Medicine_118,0,1,0.380776477470938,2275.0
Gemma-4-31B-IT,zeroclaw,MMMU-Pro vision,mmmu_pro_test_Clinical_Medicine_126,0,1,0.2286343764580791,3037.0
Gemma-4-31B-IT,zeroclaw,MMMU-Pro vision,mmmu_pro_test_Clinical_Medicine_127,0,0,0.23515916099364895,3456.0
Gemma-4-31B-IT,zeroclaw,MMMU-Pro vision,mmmu_pro_test_Clinical_Medicine_128,0,1,0.24709040721487008,5695.0
Gemma-4-31B-IT,zeroclaw,MMMU-Pro vision,mmmu_pro_test_Clinical_Medicine_131,0,1,0.40552305228721747,1565.0
Gemma-4-31B-IT,zeroclaw,MMMU-Pro vision,mmmu_pro_test_Clinical_Medicine_133,0,1,0.24626320514151057,684.0
Gemma-4-31B-IT,zeroclaw,MMMU-Pro vision,mmmu_pro_test_Clinical_Medicine_147,0,0,0.3308298574288726,1463.0
Gemma-4-31B-IT,zeroclaw,MMMU-Pro vision,mmmu_pro_test_Clinical_Medicine_148,0,1,0.24795030026005355,905.0
Gemma-4-31B-IT,zeroclaw,MMMU-Pro vision,mmmu_pro_test_Clinical_Medicine_153,0,1,0.33563884872540084,3826.0
Gemma-4-31B-IT,zeroclaw,MMMU-Pro vision,mmmu_pro_test_Clinical_Medicine_164,0,1,0.25073835862051774,810.0
Gemma-4-31B-IT,zeroclaw,MMMU-Pro vision,mmmu_pro_test_Clinical_Medicine_165,0,1,0.3367084628539827,724.0
Gemma-4-31B-IT,zeroclaw,MMMU-Pro vision,mmmu_pro_test_Clinical_Medicine_172,0,1,0.30186438619903067,962.0
Gemma-4-31B-IT,zeroclaw,MMMU-Pro vision,mmmu_pro_test_Clinical_Medicine_173,0,1,0.2407327308996221,2127.0
Gemma-4-31B-IT,zeroclaw,MMMU-Pro vision,mmmu_pro_test_Clinical_Medicine_189,0,0,0.2559425525093537,1118.0
Gemma-4-31B-IT,zeroclaw,MMMU-Pro vision,mmmu_pro_test_Clinical_Medicine_206,0,0,0.3889534155928345,3051.0
Gemma-4-31B-IT,zeroclaw,MMMU-Pro vision,mmmu_pro_test_Clinical_Medicine_214,0,1,0.2336762309199951,2542.0
Gemma-4-31B-IT,zeroclaw,MMMU-Pro vision,mmmu_pro_test_Clinical_Medicine_232,0,0,0.28389095607874476,4354.0
Gemma-4-31B-IT,zeroclaw,MMMU-Pro vision,mmmu_pro_test_Clinical_Medicine_235,0,1,0.2943698204582314,5905.0
Gemma-4-31B-IT,zeroclaw,MMMU-Pro vision,mmmu_pro_test_Clinical_Medicine_247,0,1,0.32946340531191665,1852.0
Gemma-4-31B-IT,zeroclaw,MMMU-Pro vision,mmmu_pro_test_Clinical_Medicine_260,0,1,0.3020644990467139,1047.0
Gemma-4-31B-IT,zeroclaw,MMMU-Pro vision,mmmu_pro_test_Clinical_Medicine_278,0,0,0.31398877427397986,1137.0
Gemma-4-31B-IT,zeroclaw,MMMU-Pro vision,mmmu_pro_test_Clinical_Medicine_283,0,0,0.27660153114729896,7829.0
Gemma-4-31B-IT,zeroclaw,MMMU-Pro vision,mmmu_pro_test_Clinical_Medicine_298,0,0,0.30241753908136815,1868.0
Gemma-4-31B-IT,zeroclaw,MMMU-Pro vision,mmmu_pro_test_Clinical_Medicine_302,0,0,0.15928830526174212,696.0
Gemma-4-31B-IT,zeroclaw,MMMU-Pro vision,mmmu_pro_test_Clinical_Medicine_312,0,1,0.18959822915719418,906.0
Gemma-4-31B-IT,zeroclaw,MMMU-Pro vision,mmmu_pro_test_Clinical_Medicine_314,0,1,0.3425811154100389,2254.0
Gemma-4-31B-IT,zeroclaw,MMMU-Pro vision,mmmu_pro_test_Clinical_Medicine_316,0,1,0.35073937584172027,1708.0
Gemma-4-31B-IT,zeroclaw,MMMU-Pro vision,mmmu_pro_test_Clinical_Medicine_33,0,1,0.28215292603284114,3600.0
Gemma-4-31B-IT,zeroclaw,MMMU-Pro vision,mmmu_pro_test_Clinical_Medicine_45,0,0,0.26082638386140466,7602.0
Gemma-4-31B-IT,zeroclaw,MMMU-Pro vision,mmmu_pro_test_Clinical_Medicine_55,0,1,0.3201101830105329,761.0
Gemma-4-31B-IT,zeroclaw,MMMU-Pro vision,mmmu_pro_test_Clinical_Medicine_68,0,0,0.3503261288865811,3101.0
Gemma-4-31B-IT,zeroclaw,MMMU-Pro vision,mmmu_pro_test_Clinical_Medicine_69,0,1,0.3091810992190059,787.0
Gemma-4-31B-IT,zeroclaw,MMMU-Pro vision,mmmu_pro_test_Clinical_Medicine_73,0,1,0.28417064412066706,787.0
Gemma-4-31B-IT,zeroclaw,MMMU-Pro vision,mmmu_pro_test_Clinical_Medicine_91,0,1,0.284112080791084,867.0
Gemma-4-31B-IT,zeroclaw,MMMU-Pro vision,mmmu_pro_test_Clinical_Medicine_92,0,1,0.40744174009427503,1390.0
Gemma-4-31B-IT,zeroclaw,MMMU-Pro vision,mmmu_pro_test_Clinical_Medicine_95,0,1,0.2452471808724588,1430.0
Gemma-4-31B-IT,zeroclaw,MMMU-Pro vision,mmmu_pro_test_Computer_Science_12,0,1,0.1596519668794707,6477.0
Gemma-4-31B-IT,zeroclaw,MMMU-Pro vision,mmmu_pro_test_Computer_Science_120,0,1,0.19060902694880047,1273.0
Gemma-4-31B-IT,zeroclaw,MMMU-Pro vision,mmmu_pro_test_Computer_Science_123,0,1,0.08963143199009731,4820.0
Gemma-4-31B-IT,zeroclaw,MMMU-Pro vision,mmmu_pro_test_Computer_Science_124,0,1,0.18781034535872945,1564.0
Gemma-4-31B-IT,zeroclaw,MMMU-Pro vision,mmmu_pro_test_Computer_Science_14,0,0,0.26181393369294703,741.0
Gemma-4-31B-IT,zeroclaw,MMMU-Pro vision,mmmu_pro_test_Computer_Science_140,0,1,0.2213530544755487,10000.0
Gemma-4-31B-IT,zeroclaw,MMMU-Pro vision,mmmu_pro_test_Computer_Science_141,0,0,0.1722629469180833,7216.0
Gemma-4-31B-IT,zeroclaw,MMMU-Pro vision,mmmu_pro_test_Computer_Science_151,0,1,0.17215560926596726,11243.0
Gemma-4-31B-IT,zeroclaw,MMMU-Pro vision,mmmu_pro_test_Computer_Science_156,0,1,0.204832637926183,1786.0
Gemma-4-31B-IT,zeroclaw,MMMU-Pro vision,mmmu_pro_test_Computer_Science_158,0,0,0.17180709637137753,12823.0
Gemma-4-31B-IT,zeroclaw,MMMU-Pro vision,mmmu_pro_test_Computer_Science_164,0,1,0.20163705495131135,1840.0
Gemma-4-31B-IT,zeroclaw,MMMU-Pro vision,mmmu_pro_test_Computer_Science_184,0,1,0.20849714736355995,858.0
Gemma-4-31B-IT,zeroclaw,MMMU-Pro vision,mmmu_pro_test_Computer_Science_198,0,0,0.2096172318629779,1179.0
Gemma-4-31B-IT,zeroclaw,MMMU-Pro vision,mmmu_pro_test_Computer_Science_203,0,1,0.24289025189132413,776.0
Gemma-4-31B-IT,zeroclaw,MMMU-Pro vision,mmmu_pro_test_Computer_Science_226,0,0,0.1926249332170608,759.0
Gemma-4-31B-IT,zeroclaw,MMMU-Pro vision,mmmu_pro_test_Computer_Science_227,0,1,0.15248993939874525,3459.0
Gemma-4-31B-IT,zeroclaw,MMMU-Pro vision,mmmu_pro_test_Computer_Science_228,0,0,0.3028991676404405,1423.0
Gemma-4-31B-IT,zeroclaw,MMMU-Pro vision,mmmu_pro_test_Computer_Science_249,0,1,0.24295796663011512,2822.0
Gemma-4-31B-IT,zeroclaw,MMMU-Pro vision,mmmu_pro_test_Computer_Science_250,0,1,0.1474819374923765,606.0
Gemma-4-31B-IT,zeroclaw,MMMU-Pro vision,mmmu_pro_test_Computer_Science_266,0,1,0.19126995020893073,7214.0
Gemma-4-31B-IT,zeroclaw,MMMU-Pro vision,mmmu_pro_test_Computer_Science_273,0,1,0.26006937954488857,5978.0
Gemma-4-31B-IT,zeroclaw,MMMU-Pro vision,mmmu_pro_test_Computer_Science_276,0,1,0.20934461362299867,9923.0
Gemma-4-31B-IT,zeroclaw,MMMU-Pro vision,mmmu_pro_test_Computer_Science_307,0,1,0.2536657645108074,31429.0
Gemma-4-31B-IT,zeroclaw,MMMU-Pro vision,mmmu_pro_test_Computer_Science_309,0,1,0.22628240434046656,2034.0
Gemma-4-31B-IT,zeroclaw,MMMU-Pro vision,mmmu_pro_test_Computer_Science_313,0,1,0.2250868038020807,2808.0
Gemma-4-31B-IT,zeroclaw,MMMU-Pro vision,mmmu_pro_test_Computer_Science_317,0,1,0.15162868161734272,3063.0
Gemma-4-31B-IT,zeroclaw,MMMU-Pro vision,mmmu_pro_test_Computer_Science_334,0,1,0.1568051074669262,1941.0
Gemma-4-31B-IT,zeroclaw,MMMU-Pro vision,mmmu_pro_test_Computer_Science_351,0,1,0.22893681424360118,8446.0
Gemma-4-31B-IT,zeroclaw,MMMU-Pro vision,mmmu_pro_test_Computer_Science_353,0,1,0.2119574809844131,663.0
Gemma-4-31B-IT,zeroclaw,MMMU-Pro vision,mmmu_pro_test_Computer_Science_363,0,0,0.14355692873261233,6036.0
Gemma-4-31B-IT,zeroclaw,MMMU-Pro vision,mmmu_pro_test_Computer_Science_367,0,1,0.16179834770807483,677.0
Gemma-4-31B-IT,zeroclaw,MMMU-Pro vision,mmmu_pro_test_Computer_Science_369,0,1,0.16380522349328958,1299.0
Gemma-4-31B-IT,zeroclaw,MMMU-Pro vision,mmmu_pro_test_Computer_Science_39,0,,0.05949080701766586,39936.0
Gemma-4-31B-IT,zeroclaw,MMMU-Pro vision,mmmu_pro_test_Computer_Science_50,0,0,0.18905607388793857,2227.0
Gemma-4-31B-IT,zeroclaw,MMMU-Pro vision,mmmu_pro_test_Computer_Science_51,0,0,0.19470554377912658,11384.0
Gemma-4-31B-IT,zeroclaw,MMMU-Pro vision,mmmu_pro_test_Computer_Science_61,0,,0.04835368734552423,33938.0
Gemma-4-31B-IT,zeroclaw,MMMU-Pro vision,mmmu_pro_test_Computer_Science_68,0,0,0.18507452830620422,5426.0
Gemma-4-31B-IT,zeroclaw,MMMU-Pro vision,mmmu_pro_test_Computer_Science_69,0,1,0.074261071459295,1545.0
Gemma-4-31B-IT,zeroclaw,MMMU-Pro vision,mmmu_pro_test_Computer_Science_70,0,0,0.27741126851286396,893.0
Gemma-4-31B-IT,zeroclaw,MMMU-Pro vision,mmmu_pro_test_Computer_Science_77,0,0,0.20875695317346518,7036.0
Gemma-4-31B-IT,zeroclaw,MMMU-Pro vision,mmmu_pro_test_Computer_Science_89,0,0,0.18147753449929696,3595.0
Gemma-4-31B-IT,zeroclaw,MMMU-Pro vision,mmmu_pro_test_Design_100,0,1,0.2988564762204087,659.0
Gemma-4-31B-IT,zeroclaw,MMMU-Pro vision,mmmu_pro_test_Design_110,0,0,0.3755072474323486,1308.0
Gemma-4-31B-IT,zeroclaw,MMMU-Pro vision,mmmu_pro_test_Design_112,0,1,0.3191080535710599,1022.0
Gemma-4-31B-IT,zeroclaw,MMMU-Pro vision,mmmu_pro_test_Design_119,0,1,0.2763302677413038,1661.0
Gemma-4-31B-IT,zeroclaw,MMMU-Pro vision,mmmu_pro_test_Design_125,0,0,0.45037380353718287,1447.0
Gemma-4-31B-IT,zeroclaw,MMMU-Pro vision,mmmu_pro_test_Design_126,0,1,0.25444929427102897,695.0
Gemma-4-31B-IT,zeroclaw,MMMU-Pro vision,mmmu_pro_test_Design_130,0,1,0.20744235580448792,615.0
Gemma-4-31B-IT,zeroclaw,MMMU-Pro vision,mmmu_pro_test_Design_135,0,1,0.42005189334690296,1153.0
Gemma-4-31B-IT,zeroclaw,MMMU-Pro vision,mmmu_pro_test_Design_139,0,0,0.3877455965165378,12001.0
Gemma-4-31B-IT,zeroclaw,MMMU-Pro vision,mmmu_pro_test_Design_143,0,1,0.2303082563561507,602.0
Gemma-4-31B-IT,zeroclaw,MMMU-Pro vision,mmmu_pro_test_Design_144,0,1,0.3675407852806498,909.0
Gemma-4-31B-IT,zeroclaw,MMMU-Pro vision,mmmu_pro_test_Design_146,0,1,0.3470511039244508,2431.0
Gemma-4-31B-IT,zeroclaw,MMMU-Pro vision,mmmu_pro_test_Design_148,0,1,0.2759622555127701,6376.0
Gemma-4-31B-IT,zeroclaw,MMMU-Pro vision,mmmu_pro_test_Design_154,0,0,0.22213956702428594,789.0
Gemma-4-31B-IT,zeroclaw,MMMU-Pro vision,mmmu_pro_test_Design_159,0,0,0.47818365657933865,790.0
Gemma-4-31B-IT,zeroclaw,MMMU-Pro vision,mmmu_pro_test_Design_162,0,1,0.34222567871359155,2255.0
Gemma-4-31B-IT,zeroclaw,MMMU-Pro vision,mmmu_pro_test_Design_168,0,1,0.2631536156031505,703.0
Gemma-4-31B-IT,zeroclaw,MMMU-Pro vision,mmmu_pro_test_Design_18,0,,0.0890926204730605,41286.0
Gemma-4-31B-IT,zeroclaw,MMMU-Pro vision,mmmu_pro_test_Design_2,0,0,0.4253220750142714,1197.0
Gemma-4-31B-IT,zeroclaw,MMMU-Pro vision,mmmu_pro_test_Design_20,0,0,0.380888077252577,4141.0
Gemma-4-31B-IT,zeroclaw,MMMU-Pro vision,mmmu_pro_test_Design_25,0,1,0.27534904081777456,2023.0
Gemma-4-31B-IT,zeroclaw,MMMU-Pro vision,mmmu_pro_test_Design_27,0,1,0.425082767624462,1362.0
Gemma-4-31B-IT,zeroclaw,MMMU-Pro vision,mmmu_pro_test_Design_33,0,1,0.21609823140190584,563.0
Gemma-4-31B-IT,zeroclaw,MMMU-Pro vision,mmmu_pro_test_Design_39,0,1,0.14640286864754443,262.0
Gemma-4-31B-IT,zeroclaw,MMMU-Pro vision,mmmu_pro_test_Design_4,0,1,0.308082800035855,1366.0
Gemma-4-31B-IT,zeroclaw,MMMU-Pro vision,mmmu_pro_test_Design_45,0,1,0.3475902002262601,722.0
Gemma-4-31B-IT,zeroclaw,MMMU-Pro vision,mmmu_pro_test_Design_48,0,1,0.4397432046276279,344.0
Gemma-4-31B-IT,zeroclaw,MMMU-Pro vision,mmmu_pro_test_Design_5,0,1,0.23527508933288419,816.0
Gemma-4-31B-IT,zeroclaw,MMMU-Pro vision,mmmu_pro_test_Design_53,0,1,0.16143399604239025,13509.0
Gemma-4-31B-IT,zeroclaw,MMMU-Pro vision,mmmu_pro_test_Design_56,0,0,0.19152735701269485,2986.0
Gemma-4-31B-IT,zeroclaw,MMMU-Pro vision,mmmu_pro_test_Design_60,0,1,0.28102903317331973,212.0
Gemma-4-31B-IT,zeroclaw,MMMU-Pro vision,mmmu_pro_test_Design_62,0,0,0.4324028430104482,1055.0
Gemma-4-31B-IT,zeroclaw,MMMU-Pro vision,mmmu_pro_test_Design_66,0,0,0.17844805372993391,20268.0
Gemma-4-31B-IT,zeroclaw,MMMU-Pro vision,mmmu_pro_test_Design_69,0,1,0.38618667905585513,1908.0
Gemma-4-31B-IT,zeroclaw,MMMU-Pro vision,mmmu_pro_test_Design_7,0,0,0.2903803004111207,711.0
Gemma-4-31B-IT,zeroclaw,MMMU-Pro vision,mmmu_pro_test_Design_72,0,1,0.1694650190792716,810.0
Gemma-4-31B-IT,zeroclaw,MMMU-Pro vision,mmmu_pro_test_Design_79,0,0,0.4065438398652164,6099.0
Gemma-4-31B-IT,zeroclaw,MMMU-Pro vision,mmmu_pro_test_Design_8,0,1,0.40177297616612756,567.0
Gemma-4-31B-IT,zeroclaw,MMMU-Pro vision,mmmu_pro_test_Design_80,0,,0.0742354566116208,32768.0
Gemma-4-31B-IT,zeroclaw,MMMU-Pro vision,mmmu_pro_test_Design_82,0,0,0.2985872445624203,1982.0
Gemma-4-31B-IT,zeroclaw,MMMU-Pro vision,mmmu_pro_test_Design_84,0,1,0.3649265560720045,2296.0
Gemma-4-31B-IT,zeroclaw,MMMU-Pro vision,mmmu_pro_test_Design_87,0,1,0.18416398221251468,20466.0
Gemma-4-31B-IT,zeroclaw,MMMU-Pro vision,mmmu_pro_test_Design_91,0,1,0.36855698321988856,1051.0
Gemma-4-31B-IT,zeroclaw,MMMU-Pro vision,mmmu_pro_test_Design_95,0,0,0.3356914498863386,1804.0
Gemma-4-31B-IT,zeroclaw,MMMU-Pro vision,mmmu_pro_test_Design_96,0,1,0.31189981176589865,808.0
Gemma-4-31B-IT,zeroclaw,MMMU-Pro vision,mmmu_pro_test_Diagnostics_and_Laboratory_Medicine_101,0,0,0.3575066276321113,1635.0
Gemma-4-31B-IT,zeroclaw,MMMU-Pro vision,mmmu_pro_test_Diagnostics_and_Laboratory_Medicine_104,0,0,0.30399956691534413,2082.0
Gemma-4-31B-IT,zeroclaw,MMMU-Pro vision,mmmu_pro_test_Diagnostics_and_Laboratory_Medicine_109,0,1,0.2576728189498386,648.0
Gemma-4-31B-IT,zeroclaw,MMMU-Pro vision,mmmu_pro_test_Diagnostics_and_Laboratory_Medicine_116,0,0,0.4563308586706448,9285.0
Gemma-4-31B-IT,zeroclaw,MMMU-Pro vision,mmmu_pro_test_Diagnostics_and_Laboratory_Medicine_126,0,1,0.37028485412913054,3599.0
Gemma-4-31B-IT,zeroclaw,MMMU-Pro vision,mmmu_pro_test_Diagnostics_and_Laboratory_Medicine_131,0,1,0.2976956342680301,934.0
Gemma-4-31B-IT,zeroclaw,MMMU-Pro vision,mmmu_pro_test_Diagnostics_and_Laboratory_Medicine_133,0,1,0.3262899963553659,10733.0
Gemma-4-31B-IT,zeroclaw,MMMU-Pro vision,mmmu_pro_test_Diagnostics_and_Laboratory_Medicine_135,0,0,0.0,
Gemma-4-31B-IT,zeroclaw,MMMU-Pro vision,mmmu_pro_test_Diagnostics_and_Laboratory_Medicine_14,0,0,0.28400902182554105,1704.0
Gemma-4-31B-IT,zeroclaw,MMMU-Pro vision,mmmu_pro_test_Diagnostics_and_Laboratory_Medicine_140,0,1,0.4065522532283181,780.0
Gemma-4-31B-IT,zeroclaw,MMMU-Pro vision,mmmu_pro_test_Diagnostics_and_Laboratory_Medicine_143,0,0,0.30336147921110657,841.0
Gemma-4-31B-IT,zeroclaw,MMMU-Pro vision,mmmu_pro_test_Diagnostics_and_Laboratory_Medicine_144,0,0,0.37607668660112115,971.0
Gemma-4-31B-IT,zeroclaw,MMMU-Pro vision,mmmu_pro_test_Diagnostics_and_Laboratory_Medicine_147,0,0,0.2890056804697946,2596.0
Gemma-4-31B-IT,zeroclaw,MMMU-Pro vision,mmmu_pro_test_Diagnostics_and_Laboratory_Medicine_154,0,0,0.3211598578578219,5697.0
Gemma-4-31B-IT,zeroclaw,MMMU-Pro vision,mmmu_pro_test_Diagnostics_and_Laboratory_Medicine_159,0,1,0.41444059203915445,2871.0
Gemma-4-31B-IT,zeroclaw,MMMU-Pro vision,mmmu_pro_test_Diagnostics_and_Laboratory_Medicine_16,0,1,0.33372783962872693,799.0
Gemma-4-31B-IT,zeroclaw,MMMU-Pro vision,mmmu_pro_test_Diagnostics_and_Laboratory_Medicine_161,0,1,0.24868811164299987,8799.0
Gemma-4-31B-IT,zeroclaw,MMMU-Pro vision,mmmu_pro_test_Diagnostics_and_Laboratory_Medicine_18,0,1,0.3894978262516793,2952.0
Gemma-4-31B-IT,zeroclaw,MMMU-Pro vision,mmmu_pro_test_Diagnostics_and_Laboratory_Medicine_2,0,0,0.41557464444761927,1000.0
Gemma-4-31B-IT,zeroclaw,MMMU-Pro vision,mmmu_pro_test_Diagnostics_and_Laboratory_Medicine_24,0,1,0.2313451168103597,2949.0
Gemma-4-31B-IT,zeroclaw,MMMU-Pro vision,mmmu_pro_test_Diagnostics_and_Laboratory_Medicine_28,0,1,0.25329628575448576,824.0
Gemma-4-31B-IT,zeroclaw,MMMU-Pro vision,mmmu_pro_test_Diagnostics_and_Laboratory_Medicine_3,0,1,0.19714734833597142,603.0
Gemma-4-31B-IT,zeroclaw,MMMU-Pro vision,mmmu_pro_test_Diagnostics_and_Laboratory_Medicine_32,0,0,0.196402856174055,855.0
Gemma-4-31B-IT,zeroclaw,MMMU-Pro vision,mmmu_pro_test_Diagnostics_and_Laboratory_Medicine_36,0,1,0.2231977577819993,733.0
Gemma-4-31B-IT,zeroclaw,MMMU-Pro vision,mmmu_pro_test_Diagnostics_and_Laboratory_Medicine_5,0,1,0.3462585196668853,7708.0
Gemma-4-31B-IT,zeroclaw,MMMU-Pro vision,mmmu_pro_test_Diagnostics_and_Laboratory_Medicine_50,0,0,0.17105151367546242,6394.0
Gemma-4-31B-IT,zeroclaw,MMMU-Pro vision,mmmu_pro_test_Diagnostics_and_Laboratory_Medicine_52,0,1,0.31758127508011347,3152.0
Gemma-4-31B-IT,zeroclaw,MMMU-Pro vision,mmmu_pro_test_Diagnostics_and_Laboratory_Medicine_58,0,1,0.3402075540292586,1671.0
Gemma-4-31B-IT,zeroclaw,MMMU-Pro vision,mmmu_pro_test_Diagnostics_and_Laboratory_Medicine_62,0,1,0.303396584153532,1742.0
Gemma-4-31B-IT,zeroclaw,MMMU-Pro vision,mmmu_pro_test_Diagnostics_and_Laboratory_Medicine_64,0,0,0.33002602112838153,1357.0
Gemma-4-31B-IT,zeroclaw,MMMU-Pro vision,mmmu_pro_test_Diagnostics_and_Laboratory_Medicine_68,0,0,0.25000943001581366,1453.0
Gemma-4-31B-IT,zeroclaw,MMMU-Pro vision,mmmu_pro_test_Diagnostics_and_Laboratory_Medicine_72,0,1,0.3056257973069863,2016.0
Gemma-4-31B-IT,zeroclaw,MMMU-Pro vision,mmmu_pro_test_Diagnostics_and_Laboratory_Medicine_76,0,0,0.3443557402112322,3490.0
Gemma-4-31B-IT,zeroclaw,MMMU-Pro vision,mmmu_pro_test_Diagnostics_and_Laboratory_Medicine_78,0,0,0.31442099801875417,5620.0
Gemma-4-31B-IT,zeroclaw,MMMU-Pro vision,mmmu_pro_test_Diagnostics_and_Laboratory_Medicine_9,0,1,0.5037950517618421,1721.0
Gemma-4-31B-IT,zeroclaw,MMMU-Pro vision,mmmu_pro_test_Diagnostics_and_Laboratory_Medicine_92,0,0,0.3272637238975653,792.0
Gemma-4-31B-IT,zeroclaw,MMMU-Pro vision,mmmu_pro_test_Diagnostics_and_Laboratory_Medicine_93,0,1,0.3056742741263915,1073.0
Gemma-4-31B-IT,zeroclaw,MMMU-Pro vision,mmmu_pro_test_Economics_102,0,1,0.14581799975207868,1114.0
Gemma-4-31B-IT,zeroclaw,MMMU-Pro vision,mmmu_pro_test_Economics_105,0,1,0.19544120088189246,1309.0
Gemma-4-31B-IT,zeroclaw,MMMU-Pro vision,mmmu_pro_test_Economics_108,0,1,0.10685208584891509,893.0
Gemma-4-31B-IT,zeroclaw,MMMU-Pro vision,mmmu_pro_test_Economics_112,0,1,0.20505918869615541,1140.0
Gemma-4-31B-IT,zeroclaw,MMMU-Pro vision,mmmu_pro_test_Economics_137,0,1,0.26321542784786717,2891.0
Gemma-4-31B-IT,zeroclaw,MMMU-Pro vision,mmmu_pro_test_Economics_142,0,1,0.07863041112771514,470.0
Gemma-4-31B-IT,zeroclaw,MMMU-Pro vision,mmmu_pro_test_Economics_149,0,1,0.1201288302505307,429.0
Gemma-4-31B-IT,zeroclaw,MMMU-Pro vision,mmmu_pro_test_Economics_155,0,1,0.2490450874910857,1057.0
Gemma-4-31B-IT,zeroclaw,MMMU-Pro vision,mmmu_pro_test_Economics_157,0,1,0.26201547100683287,5426.0
Gemma-4-31B-IT,zeroclaw,MMMU-Pro vision,mmmu_pro_test_Economics_16,0,1,0.10556376806657099,1116.0
Gemma-4-31B-IT,zeroclaw,MMMU-Pro vision,mmmu_pro_test_Economics_162,0,1,0.22699111960222051,1205.0
Gemma-4-31B-IT,zeroclaw,MMMU-Pro vision,mmmu_pro_test_Economics_169,0,1,0.25131128342792064,918.0
Gemma-4-31B-IT,zeroclaw,MMMU-Pro vision,mmmu_pro_test_Economics_17,0,1,0.14032999534584203,1663.0
Gemma-4-31B-IT,zeroclaw,MMMU-Pro vision,mmmu_pro_test_Economics_182,0,1,0.14158463093274667,1613.0
Gemma-4-31B-IT,zeroclaw,MMMU-Pro vision,mmmu_pro_test_Economics_188,0,1,0.11838506388571773,576.0
Gemma-4-31B-IT,zeroclaw,MMMU-Pro vision,mmmu_pro_test_Economics_190,0,1,0.15364595716440305,1443.0
Gemma-4-31B-IT,zeroclaw,MMMU-Pro vision,mmmu_pro_test_Economics_195,0,1,0.27568004209711083,6392.0
Gemma-4-31B-IT,zeroclaw,MMMU-Pro vision,mmmu_pro_test_Economics_210,0,1,0.2791993434094347,4107.0
Gemma-4-31B-IT,zeroclaw,MMMU-Pro vision,mmmu_pro_test_Economics_214,0,1,0.07478220488800034,462.0
Gemma-4-31B-IT,zeroclaw,MMMU-Pro vision,mmmu_pro_test_Economics_215,0,1,0.17353580440827504,2543.0
Gemma-4-31B-IT,zeroclaw,MMMU-Pro vision,mmmu_pro_test_Economics_216,0,1,0.0789524163044076,671.0
Gemma-4-31B-IT,zeroclaw,MMMU-Pro vision,mmmu_pro_test_Economics_22,0,1,0.1982929727211493,856.0
Gemma-4-31B-IT,zeroclaw,MMMU-Pro vision,mmmu_pro_test_Economics_225,0,1,0.07515094906181728,2305.0
Gemma-4-31B-IT,zeroclaw,MMMU-Pro vision,mmmu_pro_test_Economics_240,0,1,0.16810732719242882,953.0
Gemma-4-31B-IT,zeroclaw,MMMU-Pro vision,mmmu_pro_test_Economics_243,0,1,0.10332412976973722,1286.0
Gemma-4-31B-IT,zeroclaw,MMMU-Pro vision,mmmu_pro_test_Economics_26,0,0,0.13984240859684213,7889.0
Gemma-4-31B-IT,zeroclaw,MMMU-Pro vision,mmmu_pro_test_Economics_260,0,1,0.10907612968113635,1077.0
Gemma-4-31B-IT,zeroclaw,MMMU-Pro vision,mmmu_pro_test_Economics_262,0,1,0.18035874359831097,1336.0
Gemma-4-31B-IT,zeroclaw,MMMU-Pro vision,mmmu_pro_test_Economics_263,0,1,0.0746462412578339,1692.0
Gemma-4-31B-IT,zeroclaw,MMMU-Pro vision,mmmu_pro_test_Economics_39,0,1,0.08905849847041333,943.0
Gemma-4-31B-IT,zeroclaw,MMMU-Pro vision,mmmu_pro_test_Economics_47,0,1,0.06997095642950547,2024.0
Gemma-4-31B-IT,zeroclaw,MMMU-Pro vision,mmmu_pro_test_Economics_56,0,1,0.0,
Gemma-4-31B-IT,zeroclaw,MMMU-Pro vision,mmmu_pro_test_Economics_66,0,1,0.11111478661544741,707.0
Gemma-4-31B-IT,zeroclaw,MMMU-Pro vision,mmmu_pro_test_Economics_7,0,1,0.2497357661447018,3475.0
Gemma-4-31B-IT,zeroclaw,MMMU-Pro vision,mmmu_pro_test_Economics_74,0,1,0.18133657886901144,1268.0
Gemma-4-31B-IT,zeroclaw,MMMU-Pro vision,mmmu_pro_test_Economics_83,0,1,0.12624974467093314,12834.0
Gemma-4-31B-IT,zeroclaw,MMMU-Pro vision,mmmu_pro_test_Economics_85,0,0,0.2015138029842277,4232.0
Gemma-4-31B-IT,zeroclaw,MMMU-Pro vision,mmmu_pro_test_Economics_90,0,1,0.05624113744019872,937.0
Gemma-4-31B-IT,zeroclaw,MMMU-Pro vision,mmmu_pro_test_Economics_93,0,1,0.2937090823485116,6232.0
Gemma-4-31B-IT,zeroclaw,MMMU-Pro vision,mmmu_pro_test_Economics_94,0,1,0.1383298013708008,11068.0
Gemma-4-31B-IT,zeroclaw,MMMU-Pro vision,mmmu_pro_test_Economics_97,0,1,0.14516565307672427,1202.0
Gemma-4-31B-IT,zeroclaw,MMMU-Pro vision,mmmu_pro_test_Electronics_101,0,1,0.1803992389082744,11388.0
Gemma-4-31B-IT,zeroclaw,MMMU-Pro vision,mmmu_pro_test_Electronics_108,0,1,0.20070907347175587,11973.0
Gemma-4-31B-IT,zeroclaw,MMMU-Pro vision,mmmu_pro_test_Electronics_11,0,1,0.22815512817244973,7658.0
Gemma-4-31B-IT,zeroclaw,MMMU-Pro vision,mmmu_pro_test_Electronics_110,0,1,0.06393220976153399,2315.0
Gemma-4-31B-IT,zeroclaw,MMMU-Pro vision,mmmu_pro_test_Electronics_114,0,0,0.1244002212047858,18025.0
Gemma-4-31B-IT,zeroclaw,MMMU-Pro vision,mmmu_pro_test_Electronics_116,0,1,0.12493400863466211,16412.0
Gemma-4-31B-IT,zeroclaw,MMMU-Pro vision,mmmu_pro_test_Electronics_118,0,0,0.18773919672139466,13457.0
Gemma-4-31B-IT,zeroclaw,MMMU-Pro vision,mmmu_pro_test_Electronics_123,0,1,0.09534604411368394,3314.0
Gemma-4-31B-IT,zeroclaw,MMMU-Pro vision,mmmu_pro_test_Electronics_135,0,1,0.21126590713690685,14253.0
Gemma-4-31B-IT,zeroclaw,MMMU-Pro vision,mmmu_pro_test_Electronics_137,0,,0.039135694146244654,32768.0
Gemma-4-31B-IT,zeroclaw,MMMU-Pro vision,mmmu_pro_test_Electronics_140,0,,0.038588993389869555,32768.0
Gemma-4-31B-IT,zeroclaw,MMMU-Pro vision,mmmu_pro_test_Electronics_141,0,1,0.12212071274120112,9503.0
Gemma-4-31B-IT,zeroclaw,MMMU-Pro vision,mmmu_pro_test_Electronics_147,0,1,0.1500804193267681,1621.0
Gemma-4-31B-IT,zeroclaw,MMMU-Pro vision,mmmu_pro_test_Electronics_149,0,1,0.17852908263292194,17282.0
Gemma-4-31B-IT,zeroclaw,MMMU-Pro vision,mmmu_pro_test_Electronics_159,0,1,0.1364665613912527,11883.0
Gemma-4-31B-IT,zeroclaw,MMMU-Pro vision,mmmu_pro_test_Electronics_16,0,,0.10801297440092987,948.0
Gemma-4-31B-IT,zeroclaw,MMMU-Pro vision,mmmu_pro_test_Electronics_160,0,,0.10817144353759439,33577.0
Gemma-4-31B-IT,zeroclaw,MMMU-Pro vision,mmmu_pro_test_Electronics_171,0,,0.05935789700794168,35842.0
Gemma-4-31B-IT,zeroclaw,MMMU-Pro vision,mmmu_pro_test_Electronics_172,0,,0.023243345033428245,32768.0
Gemma-4-31B-IT,zeroclaw,MMMU-Pro vision,mmmu_pro_test_Electronics_174,0,1,0.10566586172265464,26783.0
Gemma-4-31B-IT,zeroclaw,MMMU-Pro vision,mmmu_pro_test_Electronics_178,0,,0.09311949290701914,38160.0
Gemma-4-31B-IT,zeroclaw,MMMU-Pro vision,mmmu_pro_test_Electronics_18,0,0,0.12150980620144429,18764.0
Gemma-4-31B-IT,zeroclaw,MMMU-Pro vision,mmmu_pro_test_Electronics_180,0,1,0.0,
Gemma-4-31B-IT,zeroclaw,MMMU-Pro vision,mmmu_pro_test_Electronics_185,0,0,0.1257846827454209,18359.0
Gemma-4-31B-IT,zeroclaw,MMMU-Pro vision,mmmu_pro_test_Electronics_188,0,0,0.16321433060116133,17058.0
Gemma-4-31B-IT,zeroclaw,MMMU-Pro vision,mmmu_pro_test_Electronics_205,0,1,0.1717434089680492,2644.0
Gemma-4-31B-IT,zeroclaw,MMMU-Pro vision,mmmu_pro_test_Electronics_207,0,,0.07630946857698946,36129.0
Gemma-4-31B-IT,zeroclaw,MMMU-Pro vision,mmmu_pro_test_Electronics_213,0,1,0.06882709757110388,2184.0
Gemma-4-31B-IT,zeroclaw,MMMU-Pro vision,mmmu_pro_test_Electronics_22,0,1,0.18017771547065686,15212.0
Gemma-4-31B-IT,zeroclaw,MMMU-Pro vision,mmmu_pro_test_Electronics_220,0,1,0.23672980269000535,9056.0
Gemma-4-31B-IT,zeroclaw,MMMU-Pro vision,mmmu_pro_test_Electronics_235,0,0,0.18220039968532584,4602.0
Gemma-4-31B-IT,zeroclaw,MMMU-Pro vision,mmmu_pro_test_Electronics_245,0,1,0.17261731527283214,11324.0
Gemma-4-31B-IT,zeroclaw,MMMU-Pro vision,mmmu_pro_test_Electronics_247,0,1,0.130763673729395,14064.0
Gemma-4-31B-IT,zeroclaw,MMMU-Pro vision,mmmu_pro_test_Electronics_248,0,1,0.19869267640649863,27196.0
Gemma-4-31B-IT,zeroclaw,MMMU-Pro vision,mmmu_pro_test_Electronics_252,0,,0.039674235842082774,32768.0
Gemma-4-31B-IT,zeroclaw,MMMU-Pro vision,mmmu_pro_test_Electronics_254,0,1,0.19007800338053707,8470.0
Gemma-4-31B-IT,zeroclaw,MMMU-Pro vision,mmmu_pro_test_Electronics_37,0,1,0.14372270594890768,4554.0
Gemma-4-31B-IT,zeroclaw,MMMU-Pro vision,mmmu_pro_test_Electronics_38,0,1,0.13016427953862508,2917.0
Gemma-4-31B-IT,zeroclaw,MMMU-Pro vision,mmmu_pro_test_Electronics_49,0,1,0.17608435872002345,16249.0
Gemma-4-31B-IT,zeroclaw,MMMU-Pro vision,mmmu_pro_test_Electronics_58,0,1,0.18646465077589713,6190.0
Gemma-4-31B-IT,zeroclaw,MMMU-Pro vision,mmmu_pro_test_Electronics_6,0,1,0.1364236443174817,14803.0
Gemma-4-31B-IT,zeroclaw,MMMU-Pro vision,mmmu_pro_test_Electronics_67,0,1,0.12924119430252187,2634.0
Gemma-4-31B-IT,zeroclaw,MMMU-Pro vision,mmmu_pro_test_Electronics_68,0,1,0.1195425600762512,5538.0
Gemma-4-31B-IT,zeroclaw,MMMU-Pro vision,mmmu_pro_test_Electronics_69,0,,0.032565138192647065,32768.0
Gemma-4-31B-IT,zeroclaw,MMMU-Pro vision,mmmu_pro_test_Electronics_7,0,1,0.15173958903844217,2873.0
Gemma-4-31B-IT,zeroclaw,MMMU-Pro vision,mmmu_pro_test_Electronics_72,0,0,0.14676084933487532,13448.0
Gemma-4-31B-IT,zeroclaw,MMMU-Pro vision,mmmu_pro_test_Electronics_76,0,1,0.0,
Gemma-4-31B-IT,zeroclaw,MMMU-Pro vision,mmmu_pro_test_Electronics_81,0,1,0.14827345547876866,4172.0
Gemma-4-31B-IT,zeroclaw,MMMU-Pro vision,mmmu_pro_test_Electronics_91,0,0,0.17795091550734504,10578.0
Gemma-4-31B-IT,zeroclaw,MMMU-Pro vision,mmmu_pro_test_Electronics_93,0,0,0.0,
Gemma-4-31B-IT,zeroclaw,MMMU-Pro vision,mmmu_pro_test_Electronics_97,0,1,0.0666379036658433,3858.0
Gemma-4-31B-IT,zeroclaw,MMMU-Pro vision,mmmu_pro_test_Energy_and_Power_101,0,1,0.17031365278331304,1330.0
Gemma-4-31B-IT,zeroclaw,MMMU-Pro vision,mmmu_pro_test_Energy_and_Power_139,0,1,0.13332478562241495,1923.0
Gemma-4-31B-IT,zeroclaw,MMMU-Pro vision,mmmu_pro_test_Energy_and_Power_150,0,1,0.13372618321758684,6026.0
Gemma-4-31B-IT,zeroclaw,MMMU-Pro vision,mmmu_pro_test_Energy_and_Power_152,0,0,0.16015938287197762,6812.0
Gemma-4-31B-IT,zeroclaw,MMMU-Pro vision,mmmu_pro_test_Energy_and_Power_158,0,1,0.09733789499686833,2804.0
Gemma-4-31B-IT,zeroclaw,MMMU-Pro vision,mmmu_pro_test_Energy_and_Power_16,0,0,0.1731360524519344,20148.0
Gemma-4-31B-IT,zeroclaw,MMMU-Pro vision,mmmu_pro_test_Energy_and_Power_180,0,1,0.10261262610375736,1193.0
Gemma-4-31B-IT,zeroclaw,MMMU-Pro vision,mmmu_pro_test_Energy_and_Power_185,0,1,0.1426381773195223,7086.0
Gemma-4-31B-IT,zeroclaw,MMMU-Pro vision,mmmu_pro_test_Energy_and_Power_191,0,1,0.17444329053355573,10466.0
Gemma-4-31B-IT,zeroclaw,MMMU-Pro vision,mmmu_pro_test_Energy_and_Power_192,0,1,0.18962055750478643,7858.0
Gemma-4-31B-IT,zeroclaw,MMMU-Pro vision,mmmu_pro_test_Energy_and_Power_20,0,1,0.16846170329054871,12251.0
Gemma-4-31B-IT,zeroclaw,MMMU-Pro vision,mmmu_pro_test_Energy_and_Power_202,0,0,0.18262230661538795,1579.0
Gemma-4-31B-IT,zeroclaw,MMMU-Pro vision,mmmu_pro_test_Energy_and_Power_220,0,1,0.19452132460675123,6819.0
Gemma-4-31B-IT,zeroclaw,MMMU-Pro vision,mmmu_pro_test_Energy_and_Power_230,0,1,0.1336777075093143,7545.0
Gemma-4-31B-IT,zeroclaw,MMMU-Pro vision,mmmu_pro_test_Energy_and_Power_231,0,1,0.244886304976327,5928.0
Gemma-4-31B-IT,zeroclaw,MMMU-Pro vision,mmmu_pro_test_Energy_and_Power_276,0,0,0.0,
Gemma-4-31B-IT,zeroclaw,MMMU-Pro vision,mmmu_pro_test_Energy_and_Power_28,0,1,0.20874368235450583,2032.0
Gemma-4-31B-IT,zeroclaw,MMMU-Pro vision,mmmu_pro_test_Energy_and_Power_302,0,0,0.18041801861875165,13335.0
Gemma-4-31B-IT,zeroclaw,MMMU-Pro vision,mmmu_pro_test_Energy_and_Power_312,0,1,0.21819088639284565,2764.0
Gemma-4-31B-IT,zeroclaw,MMMU-Pro vision,mmmu_pro_test_Energy_and_Power_33,0,0,0.18118805616384376,12061.0
Gemma-4-31B-IT,zeroclaw,MMMU-Pro vision,mmmu_pro_test_Energy_and_Power_349,0,,0.024087531958697683,32768.0
Gemma-4-31B-IT,zeroclaw,MMMU-Pro vision,mmmu_pro_test_Energy_and_Power_352,0,1,0.24175769716333576,5300.0
Gemma-4-31B-IT,zeroclaw,MMMU-Pro vision,mmmu_pro_test_Energy_and_Power_371,0,1,0.06132391849571081,906.0
Gemma-4-31B-IT,zeroclaw,MMMU-Pro vision,mmmu_pro_test_Energy_and_Power_375,0,1,0.1325642642962438,2945.0
Gemma-4-31B-IT,zeroclaw,MMMU-Pro vision,mmmu_pro_test_Energy_and_Power_378,0,1,0.16143298543326326,4673.0
Gemma-4-31B-IT,zeroclaw,MMMU-Pro vision,mmmu_pro_test_Energy_and_Power_384,0,0,0.24021814896679983,9994.0
Gemma-4-31B-IT,zeroclaw,MMMU-Pro vision,mmmu_pro_test_Energy_and_Power_39,0,1,0.19886197581699364,8811.0
Gemma-4-31B-IT,zeroclaw,MMMU-Pro vision,mmmu_pro_test_Energy_and_Power_414,0,0,0.1758971753952452,18824.0
Gemma-4-31B-IT,zeroclaw,MMMU-Pro vision,mmmu_pro_test_Energy_and_Power_423,0,1,0.0,
Gemma-4-31B-IT,zeroclaw,MMMU-Pro vision,mmmu_pro_test_Energy_and_Power_54,0,1,0.0,
Gemma-4-31B-IT,zeroclaw,MMMU-Pro vision,mmmu_pro_test_Energy_and_Power_68,0,1,0.09234667603869022,1542.0
Gemma-4-31B-IT,zeroclaw,MMMU-Pro vision,mmmu_pro_test_Energy_and_Power_86,0,1,0.1229465983615863,1127.0
Gemma-4-31B-IT,zeroclaw,MMMU-Pro vision,mmmu_pro_test_Finance_10,0,1,0.16252961881876127,1055.0
Gemma-4-31B-IT,zeroclaw,MMMU-Pro vision,mmmu_pro_test_Finance_115,0,1,0.11098376264708104,1205.0
Gemma-4-31B-IT,zeroclaw,MMMU-Pro vision,mmmu_pro_test_Finance_122,0,0,0.25420127724687713,4526.0
Gemma-4-31B-IT,zeroclaw,MMMU-Pro vision,mmmu_pro_test_Finance_133,0,1,0.12033709916496674,1577.0
Gemma-4-31B-IT,zeroclaw,MMMU-Pro vision,mmmu_pro_test_Finance_138,0,1,0.06520030330463933,1718.0
Gemma-4-31B-IT,zeroclaw,MMMU-Pro vision,mmmu_pro_test_Finance_163,0,1,0.02436001134546029,1207.0
Gemma-4-31B-IT,zeroclaw,MMMU-Pro vision,mmmu_pro_test_Finance_165,0,1,0.23812438838004313,4814.0
Gemma-4-31B-IT,zeroclaw,MMMU-Pro vision,mmmu_pro_test_Finance_192,0,1,0.23669555474695758,2579.0
Gemma-4-31B-IT,zeroclaw,MMMU-Pro vision,mmmu_pro_test_Finance_204,0,1,0.17984123699965443,12316.0
Gemma-4-31B-IT,zeroclaw,MMMU-Pro vision,mmmu_pro_test_Finance_211,0,1,0.10080242698609086,615.0
Gemma-4-31B-IT,zeroclaw,MMMU-Pro vision,mmmu_pro_test_Finance_238,0,1,0.115436195695192,10168.0
Gemma-4-31B-IT,zeroclaw,MMMU-Pro vision,mmmu_pro_test_Finance_241,0,,0.03500510063490097,36686.0
Gemma-4-31B-IT,zeroclaw,MMMU-Pro vision,mmmu_pro_test_Finance_247,0,,0.13567569862236534,488.0
Gemma-4-31B-IT,zeroclaw,MMMU-Pro vision,mmmu_pro_test_Finance_250,0,1,0.18450839831677607,4959.0
Gemma-4-31B-IT,zeroclaw,MMMU-Pro vision,mmmu_pro_test_Finance_260,0,1,0.12641181916943028,8574.0
Gemma-4-31B-IT,zeroclaw,MMMU-Pro vision,mmmu_pro_test_Finance_262,0,1,0.08485146502868637,1769.0
Gemma-4-31B-IT,zeroclaw,MMMU-Pro vision,mmmu_pro_test_Finance_27,0,1,0.09428562834997585,1089.0
Gemma-4-31B-IT,zeroclaw,MMMU-Pro vision,mmmu_pro_test_Finance_278,0,1,0.2363832683846436,3354.0
Gemma-4-31B-IT,zeroclaw,MMMU-Pro vision,mmmu_pro_test_Finance_288,0,1,0.07226613007303061,802.0
Gemma-4-31B-IT,zeroclaw,MMMU-Pro vision,mmmu_pro_test_Finance_29,0,1,0.0431363400238257,1917.0
Gemma-4-31B-IT,zeroclaw,MMMU-Pro vision,mmmu_pro_test_Finance_290,0,1,0.18389782818250644,6801.0
Gemma-4-31B-IT,zeroclaw,MMMU-Pro vision,mmmu_pro_test_Finance_293,0,1,0.21826397633265232,1026.0
Gemma-4-31B-IT,zeroclaw,MMMU-Pro vision,mmmu_pro_test_Finance_294,0,1,0.1293356969356465,12937.0
Gemma-4-31B-IT,zeroclaw,MMMU-Pro vision,mmmu_pro_test_Finance_298,0,1,0.1712463664422705,5553.0
Gemma-4-31B-IT,zeroclaw,MMMU-Pro vision,mmmu_pro_test_Finance_304,0,1,0.04418841619934292,2980.0
Gemma-4-31B-IT,zeroclaw,MMMU-Pro vision,mmmu_pro_test_Finance_313,0,1,0.17794436631379418,18688.0
Gemma-4-31B-IT,zeroclaw,MMMU-Pro vision,mmmu_pro_test_Finance_337,0,0,0.19559528668606924,9083.0
Gemma-4-31B-IT,zeroclaw,MMMU-Pro vision,mmmu_pro_test_Finance_338,0,1,0.2111990104146702,2508.0
Gemma-4-31B-IT,zeroclaw,MMMU-Pro vision,mmmu_pro_test_Finance_346,0,1,0.14105572611463257,4115.0
Gemma-4-31B-IT,zeroclaw,MMMU-Pro vision,mmmu_pro_test_Finance_38,0,1,0.1676301108294901,16104.0
Gemma-4-31B-IT,zeroclaw,MMMU-Pro vision,mmmu_pro_test_Finance_5,0,1,0.12481927337486383,540.0
Gemma-4-31B-IT,zeroclaw,MMMU-Pro vision,mmmu_pro_test_Finance_57,0,1,0.2082228249986216,3844.0
Gemma-4-31B-IT,zeroclaw,MMMU-Pro vision,mmmu_pro_test_Finance_62,0,1,0.0853743162868038,1483.0
Gemma-4-31B-IT,zeroclaw,MMMU-Pro vision,mmmu_pro_test_Finance_64,0,1,0.0,
Gemma-4-31B-IT,zeroclaw,MMMU-Pro vision,mmmu_pro_test_Finance_67,0,1,0.17810738072177706,9137.0
Gemma-4-31B-IT,zeroclaw,MMMU-Pro vision,mmmu_pro_test_Finance_68,0,1,0.2057520212122654,9109.0
Gemma-4-31B-IT,zeroclaw,MMMU-Pro vision,mmmu_pro_test_Finance_7,0,1,0.06989405882567462,553.0
Gemma-4-31B-IT,zeroclaw,MMMU-Pro vision,mmmu_pro_test_Finance_77,0,,0.04121333662273202,32768.0
Gemma-4-31B-IT,zeroclaw,MMMU-Pro vision,mmmu_pro_test_Finance_88,0,1,0.08641525396694978,880.0
Gemma-4-31B-IT,zeroclaw,MMMU-Pro vision,mmmu_pro_test_Finance_92,0,1,0.09248009078917563,585.0
Gemma-4-31B-IT,zeroclaw,MMMU-Pro vision,mmmu_pro_test_Finance_96,0,1,0.05551005320824758,3373.0
Gemma-4-31B-IT,zeroclaw,MMMU-Pro vision,mmmu_pro_test_Geography_114,0,1,0.3884697136996547,1692.0
Gemma-4-31B-IT,zeroclaw,MMMU-Pro vision,mmmu_pro_test_Geography_14,0,1,0.3537755288879897,6637.0
Gemma-4-31B-IT,zeroclaw,MMMU-Pro vision,mmmu_pro_test_Geography_144,0,1,0.23783830469956288,362.0
Gemma-4-31B-IT,zeroclaw,MMMU-Pro vision,mmmu_pro_test_Geography_150,0,1,0.37631120009604796,1449.0
Gemma-4-31B-IT,zeroclaw,MMMU-Pro vision,mmmu_pro_test_Geography_160,0,0,0.37189012258831333,3367.0
Gemma-4-31B-IT,zeroclaw,MMMU-Pro vision,mmmu_pro_test_Geography_19,0,1,0.3666752626469549,3858.0
Gemma-4-31B-IT,zeroclaw,MMMU-Pro vision,mmmu_pro_test_Geography_191,0,0,0.0,
Gemma-4-31B-IT,zeroclaw,MMMU-Pro vision,mmmu_pro_test_Geography_205,0,0,0.2670382935194722,433.0
Gemma-4-31B-IT,zeroclaw,MMMU-Pro vision,mmmu_pro_test_Geography_209,0,1,0.3356061016787579,2316.0
Gemma-4-31B-IT,zeroclaw,MMMU-Pro vision,mmmu_pro_test_Geography_213,0,0,0.36243925395156745,1469.0
Gemma-4-31B-IT,zeroclaw,MMMU-Pro vision,mmmu_pro_test_Geography_222,0,,0.010500890892177674,32768.0
Gemma-4-31B-IT,zeroclaw,MMMU-Pro vision,mmmu_pro_test_Geography_231,0,1,0.36025829417748834,4744.0
Gemma-4-31B-IT,zeroclaw,MMMU-Pro vision,mmmu_pro_test_Geography_241,0,1,0.31938405675209613,1427.0
Gemma-4-31B-IT,zeroclaw,MMMU-Pro vision,mmmu_pro_test_Geography_252,0,0,0.26937155068638813,2805.0
Gemma-4-31B-IT,zeroclaw,MMMU-Pro vision,mmmu_pro_test_Geography_26,0,1,0.3410702013886999,2271.0
Gemma-4-31B-IT,zeroclaw,MMMU-Pro vision,mmmu_pro_test_Geography_267,0,1,0.0,
Gemma-4-31B-IT,zeroclaw,MMMU-Pro vision,mmmu_pro_test_Geography_276,0,,0.008170640282201975,32768.0
Gemma-4-31B-IT,zeroclaw,MMMU-Pro vision,mmmu_pro_test_Geography_298,0,0,0.2970726804706076,2190.0
Gemma-4-31B-IT,zeroclaw,MMMU-Pro vision,mmmu_pro_test_Geography_301,0,1,0.01782874260530244,33664.0
Gemma-4-31B-IT,zeroclaw,MMMU-Pro vision,mmmu_pro_test_Geography_317,0,1,0.21970084581312033,3292.0
Gemma-4-31B-IT,zeroclaw,MMMU-Pro vision,mmmu_pro_test_Geography_329,0,1,0.32165434446085295,5435.0
Gemma-4-31B-IT,zeroclaw,MMMU-Pro vision,mmmu_pro_test_Geography_38,0,1,0.2442799268539748,875.0
Gemma-4-31B-IT,zeroclaw,MMMU-Pro vision,mmmu_pro_test_Geography_398,0,1,0.2564497724305514,2720.0
Gemma-4-31B-IT,zeroclaw,MMMU-Pro vision,mmmu_pro_test_Geography_40,0,1,0.28083314511627977,1508.0
Gemma-4-31B-IT,zeroclaw,MMMU-Pro vision,mmmu_pro_test_Geography_412,0,1,0.16952613664538843,5137.0
Gemma-4-31B-IT,zeroclaw,MMMU-Pro vision,mmmu_pro_test_Geography_42,0,1,0.32729128658897827,682.0
Gemma-4-31B-IT,zeroclaw,MMMU-Pro vision,mmmu_pro_test_Geography_428,0,0,0.15638969339177855,6675.0
Gemma-4-31B-IT,zeroclaw,MMMU-Pro vision,mmmu_pro_test_Geography_45,0,0,0.4057499482099261,1344.0
Gemma-4-31B-IT,zeroclaw,MMMU-Pro vision,mmmu_pro_test_Geography_459,0,1,0.274204511110221,620.0
Gemma-4-31B-IT,zeroclaw,MMMU-Pro vision,mmmu_pro_test_Geography_462,0,1,0.27402184615791986,3645.0
Gemma-4-31B-IT,zeroclaw,MMMU-Pro vision,mmmu_pro_test_Geography_472,0,1,0.23297173399193552,3996.0
Gemma-4-31B-IT,zeroclaw,MMMU-Pro vision,mmmu_pro_test_Geography_492,0,0,0.3208815860859412,9217.0
Gemma-4-31B-IT,zeroclaw,MMMU-Pro vision,mmmu_pro_test_Geography_518,0,0,0.3619218113065569,3429.0
Gemma-4-31B-IT,zeroclaw,MMMU-Pro vision,mmmu_pro_test_Geography_521,0,1,0.2757079846724495,726.0
Gemma-4-31B-IT,zeroclaw,MMMU-Pro vision,mmmu_pro_test_Geography_530,0,1,0.18043690548146732,342.0
Gemma-4-31B-IT,zeroclaw,MMMU-Pro vision,mmmu_pro_test_Geography_55,0,0,0.34491669060395397,452.0
Gemma-4-31B-IT,zeroclaw,MMMU-Pro vision,mmmu_pro_test_Geography_555,0,1,0.3016612470982042,807.0
Gemma-4-31B-IT,zeroclaw,MMMU-Pro vision,mmmu_pro_test_Geography_57,0,0,0.23986593709054213,2437.0
Gemma-4-31B-IT,zeroclaw,MMMU-Pro vision,mmmu_pro_test_Geography_61,0,0,0.3360667559245432,1336.0
Gemma-4-31B-IT,zeroclaw,MMMU-Pro vision,mmmu_pro_test_Geography_74,0,0,0.43287301180743515,1501.0
Gemma-4-31B-IT,zeroclaw,MMMU-Pro vision,mmmu_pro_test_Geography_8,0,1,0.1061905697152747,1513.0
Gemma-4-31B-IT,zeroclaw,MMMU-Pro vision,mmmu_pro_test_Geography_90,0,0,0.2893140452952022,2979.0
Gemma-4-31B-IT,zeroclaw,MMMU-Pro vision,mmmu_pro_test_History_1,0,1,0.2788222818332788,1256.0
Gemma-4-31B-IT,zeroclaw,MMMU-Pro vision,mmmu_pro_test_History_100,0,0,0.19306926035823727,1452.0
Gemma-4-31B-IT,zeroclaw,MMMU-Pro vision,mmmu_pro_test_History_106,0,1,0.42468364218086735,1040.0
Gemma-4-31B-IT,zeroclaw,MMMU-Pro vision,mmmu_pro_test_History_117,0,0,0.3330630432852869,1674.0
Gemma-4-31B-IT,zeroclaw,MMMU-Pro vision,mmmu_pro_test_History_12,0,1,0.23557737197106743,1818.0
Gemma-4-31B-IT,zeroclaw,MMMU-Pro vision,mmmu_pro_test_History_124,0,1,0.11079958952675127,860.0
Gemma-4-31B-IT,zeroclaw,MMMU-Pro vision,mmmu_pro_test_History_125,0,1,0.34383691791101956,2007.0
Gemma-4-31B-IT,zeroclaw,MMMU-Pro vision,mmmu_pro_test_History_131,0,1,0.24237307143925724,1534.0
Gemma-4-31B-IT,zeroclaw,MMMU-Pro vision,mmmu_pro_test_History_134,0,1,0.27983941633379844,1998.0
Gemma-4-31B-IT,zeroclaw,MMMU-Pro vision,mmmu_pro_test_History_138,0,0,0.34733914884725786,1695.0
Gemma-4-31B-IT,zeroclaw,MMMU-Pro vision,mmmu_pro_test_History_14,0,1,0.251598103380531,1318.0
Gemma-4-31B-IT,zeroclaw,MMMU-Pro vision,mmmu_pro_test_History_142,0,1,0.12025132257557326,593.0
Gemma-4-31B-IT,zeroclaw,MMMU-Pro vision,mmmu_pro_test_History_157,0,1,0.0,
Gemma-4-31B-IT,zeroclaw,MMMU-Pro vision,mmmu_pro_test_History_16,0,1,0.24050237496785087,867.0
Gemma-4-31B-IT,zeroclaw,MMMU-Pro vision,mmmu_pro_test_History_168,0,1,0.25848086404174464,923.0
Gemma-4-31B-IT,zeroclaw,MMMU-Pro vision,mmmu_pro_test_History_170,0,1,0.3132250620347992,2014.0
Gemma-4-31B-IT,zeroclaw,MMMU-Pro vision,mmmu_pro_test_History_180,0,1,0.3991494921662262,1406.0
Gemma-4-31B-IT,zeroclaw,MMMU-Pro vision,mmmu_pro_test_History_189,0,1,0.2656783865258134,2890.0
Gemma-4-31B-IT,zeroclaw,MMMU-Pro vision,mmmu_pro_test_History_207,0,0,0.0,
Gemma-4-31B-IT,zeroclaw,MMMU-Pro vision,mmmu_pro_test_History_208,0,1,0.32411989245375683,1765.0
Gemma-4-31B-IT,zeroclaw,MMMU-Pro vision,mmmu_pro_test_History_209,0,0,0.28798131380397113,901.0
Gemma-4-31B-IT,zeroclaw,MMMU-Pro vision,mmmu_pro_test_History_216,0,1,0.2632408219164507,1398.0
Gemma-4-31B-IT,zeroclaw,MMMU-Pro vision,mmmu_pro_test_History_217,0,0,0.0,
Gemma-4-31B-IT,zeroclaw,MMMU-Pro vision,mmmu_pro_test_History_220,0,0,0.3689812879325959,2496.0
Gemma-4-31B-IT,zeroclaw,MMMU-Pro vision,mmmu_pro_test_History_222,0,1,0.34639829667574534,843.0
Gemma-4-31B-IT,zeroclaw,MMMU-Pro vision,mmmu_pro_test_History_239,0,1,0.06711499970200804,539.0
Gemma-4-31B-IT,zeroclaw,MMMU-Pro vision,mmmu_pro_test_History_24,0,1,0.26762354950817774,1000.0
Gemma-4-31B-IT,zeroclaw,MMMU-Pro vision,mmmu_pro_test_History_254,0,1,0.29558811055759354,1629.0
Gemma-4-31B-IT,zeroclaw,MMMU-Pro vision,mmmu_pro_test_History_26,0,0,0.0,
Gemma-4-31B-IT,zeroclaw,MMMU-Pro vision,mmmu_pro_test_History_27,0,1,0.3730024633858244,8646.0
Gemma-4-31B-IT,zeroclaw,MMMU-Pro vision,mmmu_pro_test_History_272,0,1,0.2331972989950916,4257.0
Gemma-4-31B-IT,zeroclaw,MMMU-Pro vision,mmmu_pro_test_History_34,0,0,0.21297383838691752,3781.0
Gemma-4-31B-IT,zeroclaw,MMMU-Pro vision,mmmu_pro_test_History_37,0,1,0.16626784050830828,5341.0
Gemma-4-31B-IT,zeroclaw,MMMU-Pro vision,mmmu_pro_test_History_38,0,0,0.24533262258644709,5856.0
Gemma-4-31B-IT,zeroclaw,MMMU-Pro vision,mmmu_pro_test_History_44,0,1,0.29681586937723214,1159.0
Gemma-4-31B-IT,zeroclaw,MMMU-Pro vision,mmmu_pro_test_History_46,0,1,0.36218063549557167,4116.0
Gemma-4-31B-IT,zeroclaw,MMMU-Pro vision,mmmu_pro_test_History_56,0,1,0.35901753668627795,901.0
Gemma-4-31B-IT,zeroclaw,MMMU-Pro vision,mmmu_pro_test_History_70,0,1,0.2147291021905368,1479.0
Gemma-4-31B-IT,zeroclaw,MMMU-Pro vision,mmmu_pro_test_History_72,0,1,0.2829919222043183,3416.0
Gemma-4-31B-IT,zeroclaw,MMMU-Pro vision,mmmu_pro_test_History_74,0,1,0.29123414959617583,952.0
Gemma-4-31B-IT,zeroclaw,MMMU-Pro vision,mmmu_pro_test_History_76,0,1,0.22701644956309758,4770.0
Gemma-4-31B-IT,zeroclaw,MMMU-Pro vision,mmmu_pro_test_History_79,0,1,0.25963179996945696,1684.0
Gemma-4-31B-IT,zeroclaw,MMMU-Pro vision,mmmu_pro_test_History_8,0,1,0.24192786423213183,4963.0
Gemma-4-31B-IT,zeroclaw,MMMU-Pro vision,mmmu_pro_test_History_80,0,1,0.2965687431756886,801.0
Gemma-4-31B-IT,zeroclaw,MMMU-Pro vision,mmmu_pro_test_History_82,0,1,0.17984906287243993,876.0
Gemma-4-31B-IT,zeroclaw,MMMU-Pro vision,mmmu_pro_test_History_87,0,0,0.21947401368021086,10397.0
Gemma-4-31B-IT,zeroclaw,MMMU-Pro vision,mmmu_pro_test_Literature_1,0,1,0.29858421140788016,1627.0
Gemma-4-31B-IT,zeroclaw,MMMU-Pro vision,mmmu_pro_test_Literature_101,0,1,0.1409054362350761,542.0
Gemma-4-31B-IT,zeroclaw,MMMU-Pro vision,mmmu_pro_test_Literature_105,0,0,0.32583487027105257,2127.0
Gemma-4-31B-IT,zeroclaw,MMMU-Pro vision,mmmu_pro_test_Literature_11,0,0,0.29691151111529007,456.0
Gemma-4-31B-IT,zeroclaw,MMMU-Pro vision,mmmu_pro_test_Literature_19,0,1,0.39659241575764836,3326.0
Gemma-4-31B-IT,zeroclaw,MMMU-Pro vision,mmmu_pro_test_Literature_20,0,1,0.0,
Gemma-4-31B-IT,zeroclaw,MMMU-Pro vision,mmmu_pro_test_Literature_21,0,1,0.21599510814464565,696.0
Gemma-4-31B-IT,zeroclaw,MMMU-Pro vision,mmmu_pro_test_Literature_23,0,0,0.2667414415675997,475.0
Gemma-4-31B-IT,zeroclaw,MMMU-Pro vision,mmmu_pro_test_Literature_25,0,1,0.30495972288282325,2808.0
Gemma-4-31B-IT,zeroclaw,MMMU-Pro vision,mmmu_pro_test_Literature_34,0,1,0.1690786627889562,505.0
Gemma-4-31B-IT,zeroclaw,MMMU-Pro vision,mmmu_pro_test_Literature_36,0,1,0.1524362095691724,3685.0
Gemma-4-31B-IT,zeroclaw,MMMU-Pro vision,mmmu_pro_test_Literature_38,0,1,0.21330902289414372,735.0
Gemma-4-31B-IT,zeroclaw,MMMU-Pro vision,mmmu_pro_test_Literature_4,0,1,0.30403788440359353,752.0
Gemma-4-31B-IT,zeroclaw,MMMU-Pro vision,mmmu_pro_test_Literature_40,0,0,0.4310853816811092,2988.0
Gemma-4-31B-IT,zeroclaw,MMMU-Pro vision,mmmu_pro_test_Literature_44,0,1,0.29521061365814477,1093.0
Gemma-4-31B-IT,zeroclaw,MMMU-Pro vision,mmmu_pro_test_Literature_46,0,0,0.38810966387798157,945.0
Gemma-4-31B-IT,zeroclaw,MMMU-Pro vision,mmmu_pro_test_Literature_47,0,1,0.3722273822812191,1830.0
Gemma-4-31B-IT,zeroclaw,MMMU-Pro vision,mmmu_pro_test_Literature_50,0,1,0.23576781639462746,1914.0
Gemma-4-31B-IT,zeroclaw,MMMU-Pro vision,mmmu_pro_test_Literature_56,0,1,0.271658417275859,564.0
Gemma-4-31B-IT,zeroclaw,MMMU-Pro vision,mmmu_pro_test_Literature_60,0,1,0.271938583984164,1004.0
Gemma-4-31B-IT,zeroclaw,MMMU-Pro vision,mmmu_pro_test_Literature_64,0,1,0.3307549302204367,2162.0
Gemma-4-31B-IT,zeroclaw,MMMU-Pro vision,mmmu_pro_test_Literature_65,0,1,0.33309569683880225,1790.0
Gemma-4-31B-IT,zeroclaw,MMMU-Pro vision,mmmu_pro_test_Literature_69,0,1,0.15909169444218849,844.0
Gemma-4-31B-IT,zeroclaw,MMMU-Pro vision,mmmu_pro_test_Literature_7,0,1,0.17396007537778901,522.0
Gemma-4-31B-IT,zeroclaw,MMMU-Pro vision,mmmu_pro_test_Literature_70,0,1,0.2429485660379464,5675.0
Gemma-4-31B-IT,zeroclaw,MMMU-Pro vision,mmmu_pro_test_Literature_75,0,1,0.21921326116450315,764.0
Gemma-4-31B-IT,zeroclaw,MMMU-Pro vision,mmmu_pro_test_Literature_86,0,1,0.27375052911926384,1536.0
Gemma-4-31B-IT,zeroclaw,MMMU-Pro vision,mmmu_pro_test_Literature_93,0,1,0.2447133271168107,782.0
Gemma-4-31B-IT,zeroclaw,MMMU-Pro vision,mmmu_pro_test_Literature_96,0,1,0.1794948946672052,835.0
Gemma-4-31B-IT,zeroclaw,MMMU-Pro vision,mmmu_pro_test_Literature_97,0,1,0.3056033043228485,3810.0
Gemma-4-31B-IT,zeroclaw,MMMU-Pro vision,mmmu_pro_test_Literature_99,0,1,0.23224007805431074,606.0
Gemma-4-31B-IT,zeroclaw,MMMU-Pro vision,mmmu_pro_test_Manage_10,0,0,0.39726779376044435,1543.0
Gemma-4-31B-IT,zeroclaw,MMMU-Pro vision,mmmu_pro_test_Manage_104,0,1,0.2858703350747901,4126.0
Gemma-4-31B-IT,zeroclaw,MMMU-Pro vision,mmmu_pro_test_Manage_115,0,1,0.12739478515976882,1201.0
Gemma-4-31B-IT,zeroclaw,MMMU-Pro vision,mmmu_pro_test_Manage_126,0,0,0.31684702321445946,2176.0
Gemma-4-31B-IT,zeroclaw,MMMU-Pro vision,mmmu_pro_test_Manage_140,0,1,0.05909390344580051,2163.0
Gemma-4-31B-IT,zeroclaw,MMMU-Pro vision,mmmu_pro_test_Manage_15,0,1,0.09645137094239793,788.0
Gemma-4-31B-IT,zeroclaw,MMMU-Pro vision,mmmu_pro_test_Manage_154,0,1,0.20732904763867513,6958.0
Gemma-4-31B-IT,zeroclaw,MMMU-Pro vision,mmmu_pro_test_Manage_173,0,1,0.2118439120497731,5768.0
Gemma-4-31B-IT,zeroclaw,MMMU-Pro vision,mmmu_pro_test_Manage_177,0,1,0.20404266328332807,847.0
Gemma-4-31B-IT,zeroclaw,MMMU-Pro vision,mmmu_pro_test_Manage_180,0,1,0.08427711685799265,2393.0
Gemma-4-31B-IT,zeroclaw,MMMU-Pro vision,mmmu_pro_test_Manage_187,0,1,0.02631300686284346,33843.0
Gemma-4-31B-IT,zeroclaw,MMMU-Pro vision,mmmu_pro_test_Manage_191,0,1,0.21877755818060962,789.0
Gemma-4-31B-IT,zeroclaw,MMMU-Pro vision,mmmu_pro_test_Manage_20,0,0,0.25452605139054824,1556.0
Gemma-4-31B-IT,zeroclaw,MMMU-Pro vision,mmmu_pro_test_Manage_202,0,0,0.207104656366183,4367.0
Gemma-4-31B-IT,zeroclaw,MMMU-Pro vision,mmmu_pro_test_Manage_207,0,1,0.08394572940214723,35869.0
Gemma-4-31B-IT,zeroclaw,MMMU-Pro vision,mmmu_pro_test_Manage_22,0,0,0.20184071355719568,13252.0
Gemma-4-31B-IT,zeroclaw,MMMU-Pro vision,mmmu_pro_test_Manage_228,0,1,0.1195971325927936,1430.0
Gemma-4-31B-IT,zeroclaw,MMMU-Pro vision,mmmu_pro_test_Manage_234,0,0,0.1875701027181685,4052.0
Gemma-4-31B-IT,zeroclaw,MMMU-Pro vision,mmmu_pro_test_Manage_239,0,1,0.08384089298110228,2487.0
Gemma-4-31B-IT,zeroclaw,MMMU-Pro vision,mmmu_pro_test_Manage_31,0,,0.06104376005601258,38841.0
Gemma-4-31B-IT,zeroclaw,MMMU-Pro vision,mmmu_pro_test_Manage_35,0,1,0.07454005798576754,2661.0
Gemma-4-31B-IT,zeroclaw,MMMU-Pro vision,mmmu_pro_test_Manage_36,0,0,0.26282561438323493,4412.0
Gemma-4-31B-IT,zeroclaw,MMMU-Pro vision,mmmu_pro_test_Manage_45,0,1,0.1310456588684043,5366.0
Gemma-4-31B-IT,zeroclaw,MMMU-Pro vision,mmmu_pro_test_Manage_49,0,1,0.08017845240160622,774.0
Gemma-4-31B-IT,zeroclaw,MMMU-Pro vision,mmmu_pro_test_Manage_52,0,1,0.13971792789676274,8143.0
Gemma-4-31B-IT,zeroclaw,MMMU-Pro vision,mmmu_pro_test_Manage_56,0,1,0.3418727774219331,4242.0
Gemma-4-31B-IT,zeroclaw,MMMU-Pro vision,mmmu_pro_test_Manage_64,0,0,0.3624774895019897,6163.0
Gemma-4-31B-IT,zeroclaw,MMMU-Pro vision,mmmu_pro_test_Manage_66,0,1,0.15361200641572825,10336.0
Gemma-4-31B-IT,zeroclaw,MMMU-Pro vision,mmmu_pro_test_Manage_68,0,1,0.056991234394528544,1531.0
Gemma-4-31B-IT,zeroclaw,MMMU-Pro vision,mmmu_pro_test_Manage_69,0,1,0.08856437784969753,1665.0
Gemma-4-31B-IT,zeroclaw,MMMU-Pro vision,mmmu_pro_test_Manage_70,0,1,0.04859416539795132,2000.0
Gemma-4-31B-IT,zeroclaw,MMMU-Pro vision,mmmu_pro_test_Manage_73,0,1,0.1853205681345786,8596.0
Gemma-4-31B-IT,zeroclaw,MMMU-Pro vision,mmmu_pro_test_Manage_75,0,1,0.16329616389939136,12895.0
Gemma-4-31B-IT,zeroclaw,MMMU-Pro vision,mmmu_pro_test_Manage_8,0,0,0.26212734671110055,2408.0
Gemma-4-31B-IT,zeroclaw,MMMU-Pro vision,mmmu_pro_test_Manage_80,0,1,0.16822282072591022,6346.0
Gemma-4-31B-IT,zeroclaw,MMMU-Pro vision,mmmu_pro_test_Manage_87,0,1,0.08301706824094288,939.0
Gemma-4-31B-IT,zeroclaw,MMMU-Pro vision,mmmu_pro_test_Manage_94,0,1,0.16038944863948065,4133.0
Gemma-4-31B-IT,zeroclaw,MMMU-Pro vision,mmmu_pro_test_Marketing_108,0,1,0.198679848454393,1551.0
Gemma-4-31B-IT,zeroclaw,MMMU-Pro vision,mmmu_pro_test_Marketing_109,0,1,0.1371555124454354,9770.0
Gemma-4-31B-IT,zeroclaw,MMMU-Pro vision,mmmu_pro_test_Marketing_111,0,1,0.0905322833705997,713.0
Gemma-4-31B-IT,zeroclaw,MMMU-Pro vision,mmmu_pro_test_Marketing_112,0,1,0.2621851198017325,6096.0
Gemma-4-31B-IT,zeroclaw,MMMU-Pro vision,mmmu_pro_test_Marketing_114,0,1,0.21638811547931835,6094.0
Gemma-4-31B-IT,zeroclaw,MMMU-Pro vision,mmmu_pro_test_Marketing_116,0,1,0.16782879026097705,6370.0
Gemma-4-31B-IT,zeroclaw,MMMU-Pro vision,mmmu_pro_test_Marketing_120,0,1,0.17905368731574578,806.0
Gemma-4-31B-IT,zeroclaw,MMMU-Pro vision,mmmu_pro_test_Marketing_130,0,1,0.28713946205376384,2184.0
Gemma-4-31B-IT,zeroclaw,MMMU-Pro vision,mmmu_pro_test_Marketing_134,0,1,0.1797967701957173,2016.0
Gemma-4-31B-IT,zeroclaw,MMMU-Pro vision,mmmu_pro_test_Marketing_135,0,1,0.07417880480977973,2189.0
Gemma-4-31B-IT,zeroclaw,MMMU-Pro vision,mmmu_pro_test_Marketing_144,0,1,0.1036381830253654,779.0
Gemma-4-31B-IT,zeroclaw,MMMU-Pro vision,mmmu_pro_test_Marketing_150,0,1,0.1397805579583905,18624.0
Gemma-4-31B-IT,zeroclaw,MMMU-Pro vision,mmmu_pro_test_Marketing_155,0,1,0.08060123114810834,905.0
Gemma-4-31B-IT,zeroclaw,MMMU-Pro vision,mmmu_pro_test_Marketing_161,0,1,0.22474845168158747,2044.0
Gemma-4-31B-IT,zeroclaw,MMMU-Pro vision,mmmu_pro_test_Marketing_164,0,1,0.06533983656702363,1032.0
Gemma-4-31B-IT,zeroclaw,MMMU-Pro vision,mmmu_pro_test_Marketing_166,0,,0.15592008623758197,435.0
Gemma-4-31B-IT,zeroclaw,MMMU-Pro vision,mmmu_pro_test_Marketing_172,0,1,0.21662570500962336,725.0
Gemma-4-31B-IT,zeroclaw,MMMU-Pro vision,mmmu_pro_test_Marketing_177,0,,0.023578671373490567,36073.0
Gemma-4-31B-IT,zeroclaw,MMMU-Pro vision,mmmu_pro_test_Marketing_2,0,1,0.05796477608709538,1449.0
Gemma-4-31B-IT,zeroclaw,MMMU-Pro vision,mmmu_pro_test_Marketing_27,0,1,0.1208987539089418,1460.0
Gemma-4-31B-IT,zeroclaw,MMMU-Pro vision,mmmu_pro_test_Marketing_33,0,1,0.11243040044524213,2822.0
Gemma-4-31B-IT,zeroclaw,MMMU-Pro vision,mmmu_pro_test_Marketing_35,0,1,0.03589053916382361,1221.0
Gemma-4-31B-IT,zeroclaw,MMMU-Pro vision,mmmu_pro_test_Marketing_37,0,1,0.0,
Gemma-4-31B-IT,zeroclaw,MMMU-Pro vision,mmmu_pro_test_Marketing_40,0,0,0.169253841509144,999.0
Gemma-4-31B-IT,zeroclaw,MMMU-Pro vision,mmmu_pro_test_Marketing_44,0,1,0.10704753858808565,1259.0
Gemma-4-31B-IT,zeroclaw,MMMU-Pro vision,mmmu_pro_test_Marketing_56,0,1,0.1926457386674203,1237.0
Gemma-4-31B-IT,zeroclaw,MMMU-Pro vision,mmmu_pro_test_Marketing_61,0,1,0.11705076796262621,1963.0
Gemma-4-31B-IT,zeroclaw,MMMU-Pro vision,mmmu_pro_test_Marketing_62,0,1,0.10572054851676542,3210.0
Gemma-4-31B-IT,zeroclaw,MMMU-Pro vision,mmmu_pro_test_Marketing_63,0,1,0.14478530286323224,1263.0
Gemma-4-31B-IT,zeroclaw,MMMU-Pro vision,mmmu_pro_test_Marketing_64,0,,0.03652857088771329,32768.0
Gemma-4-31B-IT,zeroclaw,MMMU-Pro vision,mmmu_pro_test_Marketing_68,0,0,0.19324468451048968,1591.0
Gemma-4-31B-IT,zeroclaw,MMMU-Pro vision,mmmu_pro_test_Marketing_69,0,,0.0,
Gemma-4-31B-IT,zeroclaw,MMMU-Pro vision,mmmu_pro_test_Marketing_72,0,1,0.12396297496158867,3705.0
Gemma-4-31B-IT,zeroclaw,MMMU-Pro vision,mmmu_pro_test_Marketing_73,0,1,0.2159268879854683,2180.0
Gemma-4-31B-IT,zeroclaw,MMMU-Pro vision,mmmu_pro_test_Marketing_76,0,1,0.16559885630736376,2542.0
Gemma-4-31B-IT,zeroclaw,MMMU-Pro vision,mmmu_pro_test_Marketing_86,0,1,0.07721747372010575,725.0
Gemma-4-31B-IT,zeroclaw,MMMU-Pro vision,mmmu_pro_test_Marketing_87,0,1,0.23709042879663877,6071.0
Gemma-4-31B-IT,zeroclaw,MMMU-Pro vision,mmmu_pro_test_Marketing_92,0,1,0.13860344662612908,900.0
Gemma-4-31B-IT,zeroclaw,MMMU-Pro vision,mmmu_pro_test_Marketing_98,0,0,0.17031449571052218,1597.0
Gemma-4-31B-IT,zeroclaw,MMMU-Pro vision,mmmu_pro_test_Materials_121,0,1,0.07220406959569754,1043.0
Gemma-4-31B-IT,zeroclaw,MMMU-Pro vision,mmmu_pro_test_Materials_139,0,1,0.264000489826969,4047.0
Gemma-4-31B-IT,zeroclaw,MMMU-Pro vision,mmmu_pro_test_Materials_150,0,1,0.29939650727887995,3154.0
Gemma-4-31B-IT,zeroclaw,MMMU-Pro vision,mmmu_pro_test_Materials_16,0,1,0.16102079397750277,14370.0
Gemma-4-31B-IT,zeroclaw,MMMU-Pro vision,mmmu_pro_test_Materials_165,0,0,0.1252985800549129,3130.0
Gemma-4-31B-IT,zeroclaw,MMMU-Pro vision,mmmu_pro_test_Materials_173,0,0,0.2098906878281529,7623.0
Gemma-4-31B-IT,zeroclaw,MMMU-Pro vision,mmmu_pro_test_Materials_204,0,0,0.18170165641735367,7962.0
Gemma-4-31B-IT,zeroclaw,MMMU-Pro vision,mmmu_pro_test_Materials_230,0,1,0.11162591568056919,2612.0
Gemma-4-31B-IT,zeroclaw,MMMU-Pro vision,mmmu_pro_test_Materials_239,0,,0.08219703562165331,34558.0
Gemma-4-31B-IT,zeroclaw,MMMU-Pro vision,mmmu_pro_test_Materials_253,0,1,0.14695558373396317,4989.0
Gemma-4-31B-IT,zeroclaw,MMMU-Pro vision,mmmu_pro_test_Materials_277,0,,0.07307110444033996,34581.0
Gemma-4-31B-IT,zeroclaw,MMMU-Pro vision,mmmu_pro_test_Materials_297,0,1,0.3423156902611653,1566.0
Gemma-4-31B-IT,zeroclaw,MMMU-Pro vision,mmmu_pro_test_Materials_298,0,1,0.1465072937202166,2922.0
Gemma-4-31B-IT,zeroclaw,MMMU-Pro vision,mmmu_pro_test_Materials_314,0,,0.05202076334909662,34910.0
Gemma-4-31B-IT,zeroclaw,MMMU-Pro vision,mmmu_pro_test_Materials_319,0,1,0.17997320007018605,8040.0
Gemma-4-31B-IT,zeroclaw,MMMU-Pro vision,mmmu_pro_test_Materials_326,0,1,0.12563332922606127,16675.0
Gemma-4-31B-IT,zeroclaw,MMMU-Pro vision,mmmu_pro_test_Materials_327,0,0,0.19927994918870456,14385.0
Gemma-4-31B-IT,zeroclaw,MMMU-Pro vision,mmmu_pro_test_Materials_332,0,1,0.26046758137495946,1220.0
Gemma-4-31B-IT,zeroclaw,MMMU-Pro vision,mmmu_pro_test_Materials_345,0,0,0.0,
Gemma-4-31B-IT,zeroclaw,MMMU-Pro vision,mmmu_pro_test_Materials_358,0,1,0.240665989937482,6995.0
Gemma-4-31B-IT,zeroclaw,MMMU-Pro vision,mmmu_pro_test_Materials_383,0,1,0.1785334713760088,7931.0
Gemma-4-31B-IT,zeroclaw,MMMU-Pro vision,mmmu_pro_test_Materials_392,0,0,0.14045260574313645,11567.0
Gemma-4-31B-IT,zeroclaw,MMMU-Pro vision,mmmu_pro_test_Materials_415,0,1,0.19458732101041556,16464.0
Gemma-4-31B-IT,zeroclaw,MMMU-Pro vision,mmmu_pro_test_Materials_417,0,1,0.25144864173898335,3004.0
Gemma-4-31B-IT,zeroclaw,MMMU-Pro vision,mmmu_pro_test_Materials_423,0,,0.09187502408014486,35063.0
Gemma-4-31B-IT,zeroclaw,MMMU-Pro vision,mmmu_pro_test_Materials_446,0,1,0.13836832629520193,756.0
Gemma-4-31B-IT,zeroclaw,MMMU-Pro vision,mmmu_pro_test_Materials_450,0,0,0.26104940642415786,4525.0
Gemma-4-31B-IT,zeroclaw,MMMU-Pro vision,mmmu_pro_test_Materials_51,0,1,0.25918981587846,2334.0
Gemma-4-31B-IT,zeroclaw,MMMU-Pro vision,mmmu_pro_test_Materials_6,0,1,0.2303838399144436,4335.0
Gemma-4-31B-IT,zeroclaw,MMMU-Pro vision,mmmu_pro_test_Materials_72,0,0,0.23827172569973012,9527.0
Gemma-4-31B-IT,zeroclaw,MMMU-Pro vision,mmmu_pro_test_Materials_91,0,1,0.18194395260201915,7886.0
Gemma-4-31B-IT,zeroclaw,MMMU-Pro vision,mmmu_pro_test_Materials_96,0,1,0.35563574634002654,1751.0
Gemma-4-31B-IT,zeroclaw,MMMU-Pro vision,mmmu_pro_test_Materials_98,0,1,0.18197057260648078,8616.0
Gemma-4-31B-IT,zeroclaw,MMMU-Pro vision,mmmu_pro_test_Math_11,0,1,0.035756589852641456,34040.0
Gemma-4-31B-IT,zeroclaw,MMMU-Pro vision,mmmu_pro_test_Math_115,0,1,0.0777077194285934,1437.0
Gemma-4-31B-IT,zeroclaw,MMMU-Pro vision,mmmu_pro_test_Math_12,0,1,0.09251098350047013,1364.0
Gemma-4-31B-IT,zeroclaw,MMMU-Pro vision,mmmu_pro_test_Math_122,0,,0.0442273549904883,32768.0
Gemma-4-31B-IT,zeroclaw,MMMU-Pro vision,mmmu_pro_test_Math_16,0,,0.22101786313847416,182.0
Gemma-4-31B-IT,zeroclaw,MMMU-Pro vision,mmmu_pro_test_Math_164,0,1,0.1735389603648426,4568.0
Gemma-4-31B-IT,zeroclaw,MMMU-Pro vision,mmmu_pro_test_Math_165,0,,0.07005867011566647,33518.0
Gemma-4-31B-IT,zeroclaw,MMMU-Pro vision,mmmu_pro_test_Math_170,0,1,0.25825306803553816,1741.0
Gemma-4-31B-IT,zeroclaw,MMMU-Pro vision,mmmu_pro_test_Math_18,0,0,0.18699565292388254,2433.0
Gemma-4-31B-IT,zeroclaw,MMMU-Pro vision,mmmu_pro_test_Math_189,0,1,0.09976596918966867,908.0
Gemma-4-31B-IT,zeroclaw,MMMU-Pro vision,mmmu_pro_test_Math_19,0,1,0.2736784333639241,2801.0
Gemma-4-31B-IT,zeroclaw,MMMU-Pro vision,mmmu_pro_test_Math_201,0,1,0.15365184301825724,2337.0
Gemma-4-31B-IT,zeroclaw,MMMU-Pro vision,mmmu_pro_test_Math_205,0,1,0.14873290517158813,3020.0
Gemma-4-31B-IT,zeroclaw,MMMU-Pro vision,mmmu_pro_test_Math_209,0,1,0.257727151674385,7435.0
Gemma-4-31B-IT,zeroclaw,MMMU-Pro vision,mmmu_pro_test_Math_22,0,1,0.13878256302681305,866.0
Gemma-4-31B-IT,zeroclaw,MMMU-Pro vision,mmmu_pro_test_Math_222,0,1,0.12847077944506813,2681.0
Gemma-4-31B-IT,zeroclaw,MMMU-Pro vision,mmmu_pro_test_Math_224,0,0,0.26968345104031477,2441.0
Gemma-4-31B-IT,zeroclaw,MMMU-Pro vision,mmmu_pro_test_Math_247,0,1,0.27623058395693106,507.0
Gemma-4-31B-IT,zeroclaw,MMMU-Pro vision,mmmu_pro_test_Math_257,0,1,0.10205074918667185,3299.0
Gemma-4-31B-IT,zeroclaw,MMMU-Pro vision,mmmu_pro_test_Math_266,0,1,0.09378967141681582,4094.0
Gemma-4-31B-IT,zeroclaw,MMMU-Pro vision,mmmu_pro_test_Math_270,0,1,0.12668493002590503,3466.0
Gemma-4-31B-IT,zeroclaw,MMMU-Pro vision,mmmu_pro_test_Math_279,0,0,0.08789818629762981,1536.0
Gemma-4-31B-IT,zeroclaw,MMMU-Pro vision,mmmu_pro_test_Math_282,0,1,0.14010396790357707,13149.0
Gemma-4-31B-IT,zeroclaw,MMMU-Pro vision,mmmu_pro_test_Math_290,0,1,0.09119067345688202,1438.0
Gemma-4-31B-IT,zeroclaw,MMMU-Pro vision,mmmu_pro_test_Math_341,0,1,0.17745073667453806,4774.0
Gemma-4-31B-IT,zeroclaw,MMMU-Pro vision,mmmu_pro_test_Math_346,0,1,0.18735501051884831,822.0
Gemma-4-31B-IT,zeroclaw,MMMU-Pro vision,mmmu_pro_test_Math_390,0,1,0.1286569539842495,19555.0
Gemma-4-31B-IT,zeroclaw,MMMU-Pro vision,mmmu_pro_test_Math_393,0,,0.014984555395760152,32768.0
Gemma-4-31B-IT,zeroclaw,MMMU-Pro vision,mmmu_pro_test_Math_41,0,1,0.09066308001793723,3278.0
Gemma-4-31B-IT,zeroclaw,MMMU-Pro vision,mmmu_pro_test_Math_435,0,0,0.21064524024336906,1838.0
Gemma-4-31B-IT,zeroclaw,MMMU-Pro vision,mmmu_pro_test_Math_436,0,1,0.09760383906365991,1271.0
Gemma-4-31B-IT,zeroclaw,MMMU-Pro vision,mmmu_pro_test_Math_475,0,1,0.1912412066339081,4142.0
Gemma-4-31B-IT,zeroclaw,MMMU-Pro vision,mmmu_pro_test_Math_476,0,1,0.24329750008539908,4788.0
Gemma-4-31B-IT,zeroclaw,MMMU-Pro vision,mmmu_pro_test_Math_492,0,1,0.209082462391853,2139.0
Gemma-4-31B-IT,zeroclaw,MMMU-Pro vision,mmmu_pro_test_Math_504,0,,0.006213190289272565,32768.0
Gemma-4-31B-IT,zeroclaw,MMMU-Pro vision,mmmu_pro_test_Math_56,0,0,0.12289806144959027,6458.0
Gemma-4-31B-IT,zeroclaw,MMMU-Pro vision,mmmu_pro_test_Math_65,0,0,0.184028425312559,6850.0
Gemma-4-31B-IT,zeroclaw,MMMU-Pro vision,mmmu_pro_test_Math_75,0,1,0.20490216596749194,1634.0
Gemma-4-31B-IT,zeroclaw,MMMU-Pro vision,mmmu_pro_test_Math_80,0,1,0.2182476084306999,5954.0
Gemma-4-31B-IT,zeroclaw,MMMU-Pro vision,mmmu_pro_test_Mechanical_Engineering_104,0,1,0.1226555387792893,2802.0
Gemma-4-31B-IT,zeroclaw,MMMU-Pro vision,mmmu_pro_test_Mechanical_Engineering_123,0,1,0.12221076795379554,9712.0
Gemma-4-31B-IT,zeroclaw,MMMU-Pro vision,mmmu_pro_test_Mechanical_Engineering_136,0,0,0.2797636805387864,12967.0
Gemma-4-31B-IT,zeroclaw,MMMU-Pro vision,mmmu_pro_test_Mechanical_Engineering_173,0,0,0.26754461503981947,3715.0
Gemma-4-31B-IT,zeroclaw,MMMU-Pro vision,mmmu_pro_test_Mechanical_Engineering_186,0,1,0.2052910568239078,6680.0
Gemma-4-31B-IT,zeroclaw,MMMU-Pro vision,mmmu_pro_test_Mechanical_Engineering_190,0,0,0.1579464543585898,1883.0
Gemma-4-31B-IT,zeroclaw,MMMU-Pro vision,mmmu_pro_test_Mechanical_Engineering_192,0,1,0.2382991464734783,6990.0
Gemma-4-31B-IT,zeroclaw,MMMU-Pro vision,mmmu_pro_test_Mechanical_Engineering_201,0,0,0.30529049577272793,3580.0
Gemma-4-31B-IT,zeroclaw,MMMU-Pro vision,mmmu_pro_test_Mechanical_Engineering_203,0,0,0.27578407146024303,12480.0
Gemma-4-31B-IT,zeroclaw,MMMU-Pro vision,mmmu_pro_test_Mechanical_Engineering_205,0,0,0.25276805303839156,7786.0
Gemma-4-31B-IT,zeroclaw,MMMU-Pro vision,mmmu_pro_test_Mechanical_Engineering_209,0,1,0.26646241115873176,16098.0
Gemma-4-31B-IT,zeroclaw,MMMU-Pro vision,mmmu_pro_test_Mechanical_Engineering_230,0,0,0.1282875721797386,18288.0
Gemma-4-31B-IT,zeroclaw,MMMU-Pro vision,mmmu_pro_test_Mechanical_Engineering_234,0,,0.09549245211541481,38118.0
Gemma-4-31B-IT,zeroclaw,MMMU-Pro vision,mmmu_pro_test_Mechanical_Engineering_257,0,0,0.24658081992579622,7386.0
Gemma-4-31B-IT,zeroclaw,MMMU-Pro vision,mmmu_pro_test_Mechanical_Engineering_275,0,1,0.1769596017215661,4926.0
Gemma-4-31B-IT,zeroclaw,MMMU-Pro vision,mmmu_pro_test_Mechanical_Engineering_278,0,1,0.12420403981757214,2648.0
Gemma-4-31B-IT,zeroclaw,MMMU-Pro vision,mmmu_pro_test_Mechanical_Engineering_279,0,1,0.09933341045658857,3781.0
Gemma-4-31B-IT,zeroclaw,MMMU-Pro vision,mmmu_pro_test_Mechanical_Engineering_333,0,,0.017831249831240226,32768.0
Gemma-4-31B-IT,zeroclaw,MMMU-Pro vision,mmmu_pro_test_Mechanical_Engineering_338,0,,0.0787397641292439,228.0
Gemma-4-31B-IT,zeroclaw,MMMU-Pro vision,mmmu_pro_test_Mechanical_Engineering_359,0,1,0.17186036331447008,13105.0
Gemma-4-31B-IT,zeroclaw,MMMU-Pro vision,mmmu_pro_test_Mechanical_Engineering_372,0,1,0.23150988404451744,6036.0
Gemma-4-31B-IT,zeroclaw,MMMU-Pro vision,mmmu_pro_test_Mechanical_Engineering_382,0,0,0.1615331675909057,9703.0
Gemma-4-31B-IT,zeroclaw,MMMU-Pro vision,mmmu_pro_test_Mechanical_Engineering_392,0,1,0.1804221535928471,24914.0
Gemma-4-31B-IT,zeroclaw,MMMU-Pro vision,mmmu_pro_test_Mechanical_Engineering_396,0,1,0.05766078448801979,1384.0
Gemma-4-31B-IT,zeroclaw,MMMU-Pro vision,mmmu_pro_test_Mechanical_Engineering_409,0,1,0.15344420500931288,1619.0
Gemma-4-31B-IT,zeroclaw,MMMU-Pro vision,mmmu_pro_test_Mechanical_Engineering_420,0,1,0.05988169684790109,1680.0
Gemma-4-31B-IT,zeroclaw,MMMU-Pro vision,mmmu_pro_test_Mechanical_Engineering_55,0,0,0.16286072569248256,13420.0
Gemma-4-31B-IT,zeroclaw,MMMU-Pro vision,mmmu_pro_test_Mechanical_Engineering_58,0,0,0.1548117592631799,2175.0
Gemma-4-31B-IT,zeroclaw,MMMU-Pro vision,mmmu_pro_test_Mechanical_Engineering_62,0,1,0.23385029492765613,15593.0
Gemma-4-31B-IT,zeroclaw,MMMU-Pro vision,mmmu_pro_test_Mechanical_Engineering_7,0,1,0.20479672296048068,5844.0
Gemma-4-31B-IT,zeroclaw,MMMU-Pro vision,mmmu_pro_test_Mechanical_Engineering_78,0,1,0.0936015672855698,1625.0
Gemma-4-31B-IT,zeroclaw,MMMU-Pro vision,mmmu_pro_test_Mechanical_Engineering_81,0,1,0.23590706812755088,4204.0
Gemma-4-31B-IT,zeroclaw,MMMU-Pro vision,mmmu_pro_test_Mechanical_Engineering_87,0,1,0.1547600560205205,1667.0
Gemma-4-31B-IT,zeroclaw,MMMU-Pro vision,mmmu_pro_test_Mechanical_Engineering_96,0,,0.05094160741025152,32768.0
Gemma-4-31B-IT,zeroclaw,MMMU-Pro vision,mmmu_pro_test_Music_103,0,0,0.21092276873264496,9529.0
Gemma-4-31B-IT,zeroclaw,MMMU-Pro vision,mmmu_pro_test_Music_105,0,0,0.22210256459771957,5812.0
Gemma-4-31B-IT,zeroclaw,MMMU-Pro vision,mmmu_pro_test_Music_11,0,0,0.2295791097313131,4515.0
Gemma-4-31B-IT,zeroclaw,MMMU-Pro vision,mmmu_pro_test_Music_116,0,1,0.2227449152794873,1709.0
Gemma-4-31B-IT,zeroclaw,MMMU-Pro vision,mmmu_pro_test_Music_123,0,1,0.18863796838268362,21153.0
Gemma-4-31B-IT,zeroclaw,MMMU-Pro vision,mmmu_pro_test_Music_127,0,1,0.15106144489514578,5189.0
Gemma-4-31B-IT,zeroclaw,MMMU-Pro vision,mmmu_pro_test_Music_133,0,1,0.2330348324190706,936.0
Gemma-4-31B-IT,zeroclaw,MMMU-Pro vision,mmmu_pro_test_Music_134,0,0,0.21874785357903784,4710.0
Gemma-4-31B-IT,zeroclaw,MMMU-Pro vision,mmmu_pro_test_Music_209,0,0,0.1576932690021082,1077.0
Gemma-4-31B-IT,zeroclaw,MMMU-Pro vision,mmmu_pro_test_Music_210,0,0,0.36764577446850333,3812.0
Gemma-4-31B-IT,zeroclaw,MMMU-Pro vision,mmmu_pro_test_Music_219,0,0,0.26834359484154857,901.0
Gemma-4-31B-IT,zeroclaw,MMMU-Pro vision,mmmu_pro_test_Music_222,0,0,0.13088749525510648,1118.0
Gemma-4-31B-IT,zeroclaw,MMMU-Pro vision,mmmu_pro_test_Music_244,0,1,0.29696500466713144,2540.0
Gemma-4-31B-IT,zeroclaw,MMMU-Pro vision,mmmu_pro_test_Music_247,0,1,0.1688957845170991,3241.0
Gemma-4-31B-IT,zeroclaw,MMMU-Pro vision,mmmu_pro_test_Music_251,0,1,0.3302057275758556,11806.0
Gemma-4-31B-IT,zeroclaw,MMMU-Pro vision,mmmu_pro_test_Music_264,0,1,0.151262663868115,301.0
Gemma-4-31B-IT,zeroclaw,MMMU-Pro vision,mmmu_pro_test_Music_289,0,0,0.21868760220458208,1783.0
Gemma-4-31B-IT,zeroclaw,MMMU-Pro vision,mmmu_pro_test_Music_293,0,0,0.2639834958528704,2878.0
Gemma-4-31B-IT,zeroclaw,MMMU-Pro vision,mmmu_pro_test_Music_299,0,0,0.15736405977724294,15625.0
Gemma-4-31B-IT,zeroclaw,MMMU-Pro vision,mmmu_pro_test_Music_310,0,0,0.24678605418299426,2931.0
Gemma-4-31B-IT,zeroclaw,MMMU-Pro vision,mmmu_pro_test_Music_317,0,1,0.21529260039216166,841.0
Gemma-4-31B-IT,zeroclaw,MMMU-Pro vision,mmmu_pro_test_Music_322,0,,0.05155835179599536,32768.0
Gemma-4-31B-IT,zeroclaw,MMMU-Pro vision,mmmu_pro_test_Music_324,0,0,0.20968470553226243,7067.0
Gemma-4-31B-IT,zeroclaw,MMMU-Pro vision,mmmu_pro_test_Music_327,0,1,0.1726016494416025,2067.0
Gemma-4-31B-IT,zeroclaw,MMMU-Pro vision,mmmu_pro_test_Music_333,0,,0.0,
Gemma-4-31B-IT,zeroclaw,MMMU-Pro vision,mmmu_pro_test_Music_39,0,0,0.23563695370043156,6323.0
Gemma-4-31B-IT,zeroclaw,MMMU-Pro vision,mmmu_pro_test_Music_42,0,0,0.2819560604249774,4700.0
Gemma-4-31B-IT,zeroclaw,MMMU-Pro vision,mmmu_pro_test_Music_5,0,0,0.28543774333226474,3243.0
Gemma-4-31B-IT,zeroclaw,MMMU-Pro vision,mmmu_pro_test_Music_53,0,1,0.21455937201853542,9621.0
Gemma-4-31B-IT,zeroclaw,MMMU-Pro vision,mmmu_pro_test_Music_60,0,0,0.25890079498610563,3965.0
Gemma-4-31B-IT,zeroclaw,MMMU-Pro vision,mmmu_pro_test_Music_70,0,0,0.19226978392954244,1862.0
Gemma-4-31B-IT,zeroclaw,MMMU-Pro vision,mmmu_pro_test_Music_74,0,1,0.3047871946083811,2361.0
Gemma-4-31B-IT,zeroclaw,MMMU-Pro vision,mmmu_pro_test_Pharmacy_140,0,1,0.14930299567292363,1262.0
Gemma-4-31B-IT,zeroclaw,MMMU-Pro vision,mmmu_pro_test_Pharmacy_141,0,1,0.09124849781203287,1240.0
Gemma-4-31B-IT,zeroclaw,MMMU-Pro vision,mmmu_pro_test_Pharmacy_170,0,1,0.1464455209782462,858.0
Gemma-4-31B-IT,zeroclaw,MMMU-Pro vision,mmmu_pro_test_Pharmacy_174,0,1,0.07428371924616291,1138.0
Gemma-4-31B-IT,zeroclaw,MMMU-Pro vision,mmmu_pro_test_Pharmacy_19,0,1,0.23799291919185686,7659.0
Gemma-4-31B-IT,zeroclaw,MMMU-Pro vision,mmmu_pro_test_Pharmacy_198,0,1,0.2989044769217945,1922.0
Gemma-4-31B-IT,zeroclaw,MMMU-Pro vision,mmmu_pro_test_Pharmacy_20,0,1,0.09916066859272596,1898.0
Gemma-4-31B-IT,zeroclaw,MMMU-Pro vision,mmmu_pro_test_Pharmacy_201,0,0,0.21083411223440057,953.0
Gemma-4-31B-IT,zeroclaw,MMMU-Pro vision,mmmu_pro_test_Pharmacy_206,0,1,0.18549326845495975,452.0
Gemma-4-31B-IT,zeroclaw,MMMU-Pro vision,mmmu_pro_test_Pharmacy_210,0,1,0.19363910027830047,9948.0
Gemma-4-31B-IT,zeroclaw,MMMU-Pro vision,mmmu_pro_test_Pharmacy_211,0,1,0.16063013547173816,3399.0
Gemma-4-31B-IT,zeroclaw,MMMU-Pro vision,mmmu_pro_test_Pharmacy_226,0,0,0.37139250690125064,2661.0
Gemma-4-31B-IT,zeroclaw,MMMU-Pro vision,mmmu_pro_test_Pharmacy_230,0,1,0.1439834266976441,521.0
Gemma-4-31B-IT,zeroclaw,MMMU-Pro vision,mmmu_pro_test_Pharmacy_231,0,0,0.3118258427380366,2413.0
Gemma-4-31B-IT,zeroclaw,MMMU-Pro vision,mmmu_pro_test_Pharmacy_234,0,,0.022662393026305322,32768.0
Gemma-4-31B-IT,zeroclaw,MMMU-Pro vision,mmmu_pro_test_Pharmacy_24,0,0,0.0,
Gemma-4-31B-IT,zeroclaw,MMMU-Pro vision,mmmu_pro_test_Pharmacy_242,0,1,0.23539528061545378,947.0
Gemma-4-31B-IT,zeroclaw,MMMU-Pro vision,mmmu_pro_test_Pharmacy_246,0,0,0.31592600663813825,2418.0
Gemma-4-31B-IT,zeroclaw,MMMU-Pro vision,mmmu_pro_test_Pharmacy_254,0,1,0.30505133771112114,1613.0
Gemma-4-31B-IT,zeroclaw,MMMU-Pro vision,mmmu_pro_test_Pharmacy_260,0,0,0.2853469026227299,2680.0
Gemma-4-31B-IT,zeroclaw,MMMU-Pro vision,mmmu_pro_test_Pharmacy_280,0,1,0.31320430387516507,6546.0
Gemma-4-31B-IT,zeroclaw,MMMU-Pro vision,mmmu_pro_test_Pharmacy_287,0,1,0.12437607796470987,4283.0
Gemma-4-31B-IT,zeroclaw,MMMU-Pro vision,mmmu_pro_test_Pharmacy_308,0,1,0.15441688683157037,1965.0
Gemma-4-31B-IT,zeroclaw,MMMU-Pro vision,mmmu_pro_test_Pharmacy_318,0,1,0.19193003920668536,2880.0
Gemma-4-31B-IT,zeroclaw,MMMU-Pro vision,mmmu_pro_test_Pharmacy_333,0,1,0.282271497523825,12898.0
Gemma-4-31B-IT,zeroclaw,MMMU-Pro vision,mmmu_pro_test_Pharmacy_34,0,1,0.31673457219476797,1260.0
Gemma-4-31B-IT,zeroclaw,MMMU-Pro vision,mmmu_pro_test_Pharmacy_35,0,0,0.18886851381088368,13943.0
Gemma-4-31B-IT,zeroclaw,MMMU-Pro vision,mmmu_pro_test_Pharmacy_355,0,1,0.1464932782521829,1149.0
Gemma-4-31B-IT,zeroclaw,MMMU-Pro vision,mmmu_pro_test_Pharmacy_393,0,1,0.2213763468547875,5467.0
Gemma-4-31B-IT,zeroclaw,MMMU-Pro vision,mmmu_pro_test_Pharmacy_4,0,1,0.21427241844014197,1614.0
Gemma-4-31B-IT,zeroclaw,MMMU-Pro vision,mmmu_pro_test_Pharmacy_410,0,0,0.2534642974092498,1555.0
Gemma-4-31B-IT,zeroclaw,MMMU-Pro vision,mmmu_pro_test_Pharmacy_414,0,1,0.07268105884363073,2200.0
Gemma-4-31B-IT,zeroclaw,MMMU-Pro vision,mmmu_pro_test_Pharmacy_415,0,1,0.24878206254461818,4729.0
Gemma-4-31B-IT,zeroclaw,MMMU-Pro vision,mmmu_pro_test_Pharmacy_426,0,1,0.13608113487195114,2496.0
Gemma-4-31B-IT,zeroclaw,MMMU-Pro vision,mmmu_pro_test_Pharmacy_427,0,1,0.26622771834642717,5351.0
Gemma-4-31B-IT,zeroclaw,MMMU-Pro vision,mmmu_pro_test_Pharmacy_45,0,0,0.15134947497233883,4200.0
Gemma-4-31B-IT,zeroclaw,MMMU-Pro vision,mmmu_pro_test_Pharmacy_78,0,1,0.319359112778915,646.0
Gemma-4-31B-IT,zeroclaw,MMMU-Pro vision,mmmu_pro_test_Pharmacy_83,0,0,0.16377825497648218,666.0
Gemma-4-31B-IT,zeroclaw,MMMU-Pro vision,mmmu_pro_test_Pharmacy_89,0,1,0.3246147213545102,2163.0
Gemma-4-31B-IT,zeroclaw,MMMU-Pro vision,mmmu_pro_test_Pharmacy_96,0,1,0.16036112762267252,4757.0
Gemma-4-31B-IT,zeroclaw,MMMU-Pro vision,mmmu_pro_test_Physics_103,0,1,0.1432933275221601,11209.0
Gemma-4-31B-IT,zeroclaw,MMMU-Pro vision,mmmu_pro_test_Physics_118,0,1,0.19878709086586957,3291.0
Gemma-4-31B-IT,zeroclaw,MMMU-Pro vision,mmmu_pro_test_Physics_127,0,0,0.21571289170640603,1860.0
Gemma-4-31B-IT,zeroclaw,MMMU-Pro vision,mmmu_pro_test_Physics_156,0,,0.030954586231802046,33225.0
Gemma-4-31B-IT,zeroclaw,MMMU-Pro vision,mmmu_pro_test_Physics_16,0,1,0.24040522149716853,11599.0
Gemma-4-31B-IT,zeroclaw,MMMU-Pro vision,mmmu_pro_test_Physics_161,0,1,0.2649958108456233,5378.0
Gemma-4-31B-IT,zeroclaw,MMMU-Pro vision,mmmu_pro_test_Physics_166,0,0,0.17156321371914404,4063.0
Gemma-4-31B-IT,zeroclaw,MMMU-Pro vision,mmmu_pro_test_Physics_173,0,1,0.10417850924339216,1307.0
Gemma-4-31B-IT,zeroclaw,MMMU-Pro vision,mmmu_pro_test_Physics_174,0,1,0.06570602549165273,2090.0
Gemma-4-31B-IT,zeroclaw,MMMU-Pro vision,mmmu_pro_test_Physics_20,0,0,0.24475201922914383,4816.0
Gemma-4-31B-IT,zeroclaw,MMMU-Pro vision,mmmu_pro_test_Physics_201,0,0,0.25266009282980506,4048.0
Gemma-4-31B-IT,zeroclaw,MMMU-Pro vision,mmmu_pro_test_Physics_210,0,0,0.21533840894477413,3504.0
Gemma-4-31B-IT,zeroclaw,MMMU-Pro vision,mmmu_pro_test_Physics_214,0,,0.013089139986272475,32768.0
Gemma-4-31B-IT,zeroclaw,MMMU-Pro vision,mmmu_pro_test_Physics_218,0,1,0.11034381534577932,1329.0
Gemma-4-31B-IT,zeroclaw,MMMU-Pro vision,mmmu_pro_test_Physics_224,0,1,0.2372135136574719,3831.0
Gemma-4-31B-IT,zeroclaw,MMMU-Pro vision,mmmu_pro_test_Physics_243,0,1,0.27590514862356047,4298.0
Gemma-4-31B-IT,zeroclaw,MMMU-Pro vision,mmmu_pro_test_Physics_252,0,,0.04922061917451899,33553.0
Gemma-4-31B-IT,zeroclaw,MMMU-Pro vision,mmmu_pro_test_Physics_253,0,1,0.17129207083195322,1610.0
Gemma-4-31B-IT,zeroclaw,MMMU-Pro vision,mmmu_pro_test_Physics_275,0,0,0.16991215516196728,3269.0
Gemma-4-31B-IT,zeroclaw,MMMU-Pro vision,mmmu_pro_test_Physics_292,0,,0.05627959119402182,38594.0
Gemma-4-31B-IT,zeroclaw,MMMU-Pro vision,mmmu_pro_test_Physics_293,0,1,0.0,
Gemma-4-31B-IT,zeroclaw,MMMU-Pro vision,mmmu_pro_test_Physics_30,0,0,0.24091783006652728,1898.0
Gemma-4-31B-IT,zeroclaw,MMMU-Pro vision,mmmu_pro_test_Physics_307,0,1,0.1221188052341069,1002.0
Gemma-4-31B-IT,zeroclaw,MMMU-Pro vision,mmmu_pro_test_Physics_34,0,1,0.08553974554025343,1452.0
Gemma-4-31B-IT,zeroclaw,MMMU-Pro vision,mmmu_pro_test_Physics_353,0,1,0.11102072974158976,2904.0
Gemma-4-31B-IT,zeroclaw,MMMU-Pro vision,mmmu_pro_test_Physics_359,0,1,0.18179270656340532,1892.0
Gemma-4-31B-IT,zeroclaw,MMMU-Pro vision,mmmu_pro_test_Physics_369,0,1,0.2668946061434723,1446.0
Gemma-4-31B-IT,zeroclaw,MMMU-Pro vision,mmmu_pro_test_Physics_384,0,0,0.2059479055132192,4454.0
Gemma-4-31B-IT,zeroclaw,MMMU-Pro vision,mmmu_pro_test_Physics_386,0,1,0.18375680374614214,1585.0
Gemma-4-31B-IT,zeroclaw,MMMU-Pro vision,mmmu_pro_test_Physics_397,0,,0.059951485381398745,34278.0
Gemma-4-31B-IT,zeroclaw,MMMU-Pro vision,mmmu_pro_test_Physics_40,0,1,0.1955668166552985,2980.0
Gemma-4-31B-IT,zeroclaw,MMMU-Pro vision,mmmu_pro_test_Physics_401,0,0,0.29174438138838144,13222.0
Gemma-4-31B-IT,zeroclaw,MMMU-Pro vision,mmmu_pro_test_Physics_406,0,0,0.1695012999071427,2904.0
Gemma-4-31B-IT,zeroclaw,MMMU-Pro vision,mmmu_pro_test_Physics_61,0,0,0.28057806440534727,5818.0
Gemma-4-31B-IT,zeroclaw,MMMU-Pro vision,mmmu_pro_test_Physics_85,0,1,0.14147396449940491,2474.0
Gemma-4-31B-IT,zeroclaw,MMMU-Pro vision,mmmu_pro_test_Physics_98,0,1,0.22353414376991504,9506.0
Gemma-4-31B-IT,zeroclaw,MMMU-Pro vision,mmmu_pro_test_Psychology_103,0,0,0.0,
Gemma-4-31B-IT,zeroclaw,MMMU-Pro vision,mmmu_pro_test_Psychology_105,0,0,0.06412707396699185,34032.0
Gemma-4-31B-IT,zeroclaw,MMMU-Pro vision,mmmu_pro_test_Psychology_106,0,1,0.23647441486621104,904.0
Gemma-4-31B-IT,zeroclaw,MMMU-Pro vision,mmmu_pro_test_Psychology_111,0,1,0.3690905337291982,2743.0
Gemma-4-31B-IT,zeroclaw,MMMU-Pro vision,mmmu_pro_test_Psychology_128,0,0,0.3419535667527467,1381.0
Gemma-4-31B-IT,zeroclaw,MMMU-Pro vision,mmmu_pro_test_Psychology_149,0,1,0.1379098018591015,569.0
Gemma-4-31B-IT,zeroclaw,MMMU-Pro vision,mmmu_pro_test_Psychology_15,0,1,0.15533010572875403,494.0
Gemma-4-31B-IT,zeroclaw,MMMU-Pro vision,mmmu_pro_test_Psychology_151,0,0,0.32732713743726727,2914.0
Gemma-4-31B-IT,zeroclaw,MMMU-Pro vision,mmmu_pro_test_Psychology_153,0,1,0.26434678932564776,4289.0
Gemma-4-31B-IT,zeroclaw,MMMU-Pro vision,mmmu_pro_test_Psychology_155,0,1,0.25185183731131033,1464.0
Gemma-4-31B-IT,zeroclaw,MMMU-Pro vision,mmmu_pro_test_Psychology_157,0,0,0.2519395506474258,1913.0
Gemma-4-31B-IT,zeroclaw,MMMU-Pro vision,mmmu_pro_test_Psychology_159,0,1,0.2403522709894572,723.0
Gemma-4-31B-IT,zeroclaw,MMMU-Pro vision,mmmu_pro_test_Psychology_163,0,0,0.3212121305084631,2377.0
Gemma-4-31B-IT,zeroclaw,MMMU-Pro vision,mmmu_pro_test_Psychology_176,0,1,0.21333158215446005,1858.0
Gemma-4-31B-IT,zeroclaw,MMMU-Pro vision,mmmu_pro_test_Psychology_180,0,1,0.22760157623175387,1789.0
Gemma-4-31B-IT,zeroclaw,MMMU-Pro vision,mmmu_pro_test_Psychology_196,0,1,0.19933635433324826,2936.0
Gemma-4-31B-IT,zeroclaw,MMMU-Pro vision,mmmu_pro_test_Psychology_201,0,1,0.3042212296834348,925.0
Gemma-4-31B-IT,zeroclaw,MMMU-Pro vision,mmmu_pro_test_Psychology_21,0,1,0.19271566585560243,5478.0
Gemma-4-31B-IT,zeroclaw,MMMU-Pro vision,mmmu_pro_test_Psychology_213,0,0,0.3206481690474637,5053.0
Gemma-4-31B-IT,zeroclaw,MMMU-Pro vision,mmmu_pro_test_Psychology_220,0,0,0.18512037891433966,910.0
Gemma-4-31B-IT,zeroclaw,MMMU-Pro vision,mmmu_pro_test_Psychology_223,0,0,0.3103349681955081,2418.0
Gemma-4-31B-IT,zeroclaw,MMMU-Pro vision,mmmu_pro_test_Psychology_225,0,0,0.33115392184516557,2675.0
Gemma-4-31B-IT,zeroclaw,MMMU-Pro vision,mmmu_pro_test_Psychology_228,0,1,0.2344210231048768,2212.0
Gemma-4-31B-IT,zeroclaw,MMMU-Pro vision,mmmu_pro_test_Psychology_233,0,0,0.2758567963403288,855.0
Gemma-4-31B-IT,zeroclaw,MMMU-Pro vision,mmmu_pro_test_Psychology_245,0,0,0.21788832763331623,651.0
Gemma-4-31B-IT,zeroclaw,MMMU-Pro vision,mmmu_pro_test_Psychology_258,0,1,0.30986502524222387,2111.0
Gemma-4-31B-IT,zeroclaw,MMMU-Pro vision,mmmu_pro_test_Psychology_270,0,0,0.2998262461162424,5454.0
Gemma-4-31B-IT,zeroclaw,MMMU-Pro vision,mmmu_pro_test_Psychology_285,0,1,0.1649078312450205,1031.0
Gemma-4-31B-IT,zeroclaw,MMMU-Pro vision,mmmu_pro_test_Psychology_293,0,0,0.18750938796709238,1551.0
Gemma-4-31B-IT,zeroclaw,MMMU-Pro vision,mmmu_pro_test_Psychology_33,0,1,0.057190799538394566,479.0
Gemma-4-31B-IT,zeroclaw,MMMU-Pro vision,mmmu_pro_test_Psychology_35,0,1,0.2311604890656658,3743.0
Gemma-4-31B-IT,zeroclaw,MMMU-Pro vision,mmmu_pro_test_Psychology_44,0,0,0.1930938541114769,13522.0
Gemma-4-31B-IT,zeroclaw,MMMU-Pro vision,mmmu_pro_test_Psychology_56,0,1,0.1642862811866704,3220.0
Gemma-4-31B-IT,zeroclaw,MMMU-Pro vision,mmmu_pro_test_Psychology_63,0,1,0.38327119322684816,3976.0
Gemma-4-31B-IT,zeroclaw,MMMU-Pro vision,mmmu_pro_test_Psychology_65,0,1,0.1715027162323235,970.0
Gemma-4-31B-IT,zeroclaw,MMMU-Pro vision,mmmu_pro_test_Psychology_69,0,0,0.2960865308969704,6050.0
Gemma-4-31B-IT,zeroclaw,MMMU-Pro vision,mmmu_pro_test_Psychology_78,0,0,0.22427785871700912,3361.0
Gemma-4-31B-IT,zeroclaw,MMMU-Pro vision,mmmu_pro_test_Psychology_83,0,1,0.1566744980284777,990.0
Gemma-4-31B-IT,zeroclaw,MMMU-Pro vision,mmmu_pro_test_Psychology_85,0,0,0.2840282812698214,2023.0
Gemma-4-31B-IT,zeroclaw,MMMU-Pro vision,mmmu_pro_test_Psychology_88,0,1,0.3152513953949814,6386.0
Gemma-4-31B-IT,zeroclaw,MMMU-Pro vision,mmmu_pro_test_Psychology_96,0,1,0.31358847898011216,4197.0
Gemma-4-31B-IT,zeroclaw,MMMU-Pro vision,mmmu_pro_test_Public_Health_103,0,1,0.07442112257490191,982.0
Gemma-4-31B-IT,zeroclaw,MMMU-Pro vision,mmmu_pro_test_Public_Health_127,0,1,0.19093012253323233,2769.0
Gemma-4-31B-IT,zeroclaw,MMMU-Pro vision,mmmu_pro_test_Public_Health_152,0,1,0.1835064406847067,1844.0
Gemma-4-31B-IT,zeroclaw,MMMU-Pro vision,mmmu_pro_test_Public_Health_166,0,1,0.2621099945815999,1690.0
Gemma-4-31B-IT,zeroclaw,MMMU-Pro vision,mmmu_pro_test_Public_Health_169,0,0,0.2857951621203015,3780.0
Gemma-4-31B-IT,zeroclaw,MMMU-Pro vision,mmmu_pro_test_Public_Health_179,0,1,0.09795580201091564,1128.0
Gemma-4-31B-IT,zeroclaw,MMMU-Pro vision,mmmu_pro_test_Public_Health_186,0,0,0.1861403476746226,4208.0
Gemma-4-31B-IT,zeroclaw,MMMU-Pro vision,mmmu_pro_test_Public_Health_189,0,1,0.10978092150577977,2754.0
Gemma-4-31B-IT,zeroclaw,MMMU-Pro vision,mmmu_pro_test_Public_Health_19,0,1,0.10030108063145074,4229.0
Gemma-4-31B-IT,zeroclaw,MMMU-Pro vision,mmmu_pro_test_Public_Health_191,0,1,0.30823378925471745,5205.0
Gemma-4-31B-IT,zeroclaw,MMMU-Pro vision,mmmu_pro_test_Public_Health_199,0,1,0.0,
Gemma-4-31B-IT,zeroclaw,MMMU-Pro vision,mmmu_pro_test_Public_Health_208,0,1,0.26098658292217336,2697.0
Gemma-4-31B-IT,zeroclaw,MMMU-Pro vision,mmmu_pro_test_Public_Health_212,0,1,0.175154712685995,1927.0
Gemma-4-31B-IT,zeroclaw,MMMU-Pro vision,mmmu_pro_test_Public_Health_223,0,1,0.25124473460760255,20722.0
Gemma-4-31B-IT,zeroclaw,MMMU-Pro vision,mmmu_pro_test_Public_Health_239,0,0,0.16473945185769104,8290.0
Gemma-4-31B-IT,zeroclaw,MMMU-Pro vision,mmmu_pro_test_Public_Health_240,0,1,0.2637152461118066,1402.0
Gemma-4-31B-IT,zeroclaw,MMMU-Pro vision,mmmu_pro_test_Public_Health_243,0,0,0.283629754208326,1761.0
Gemma-4-31B-IT,zeroclaw,MMMU-Pro vision,mmmu_pro_test_Public_Health_248,0,1,0.0,
Gemma-4-31B-IT,zeroclaw,MMMU-Pro vision,mmmu_pro_test_Public_Health_266,0,1,0.14967018894546957,1512.0
Gemma-4-31B-IT,zeroclaw,MMMU-Pro vision,mmmu_pro_test_Public_Health_28,0,0,0.18380065053141156,14651.0
Gemma-4-31B-IT,zeroclaw,MMMU-Pro vision,mmmu_pro_test_Public_Health_291,0,1,0.093364056918651,612.0
Gemma-4-31B-IT,zeroclaw,MMMU-Pro vision,mmmu_pro_test_Public_Health_295,0,1,0.23653903602467194,6383.0
Gemma-4-31B-IT,zeroclaw,MMMU-Pro vision,mmmu_pro_test_Public_Health_300,0,1,0.09729902528104838,2658.0
Gemma-4-31B-IT,zeroclaw,MMMU-Pro vision,mmmu_pro_test_Public_Health_309,0,1,0.25880246092223863,1816.0
Gemma-4-31B-IT,zeroclaw,MMMU-Pro vision,mmmu_pro_test_Public_Health_331,0,1,0.22242977133207353,4661.0
Gemma-4-31B-IT,zeroclaw,MMMU-Pro vision,mmmu_pro_test_Public_Health_338,0,1,0.221921576161544,1298.0
Gemma-4-31B-IT,zeroclaw,MMMU-Pro vision,mmmu_pro_test_Public_Health_353,0,1,0.19559934187238295,1613.0
Gemma-4-31B-IT,zeroclaw,MMMU-Pro vision,mmmu_pro_test_Public_Health_360,0,1,0.09227156233322749,1157.0
Gemma-4-31B-IT,zeroclaw,MMMU-Pro vision,mmmu_pro_test_Public_Health_381,0,1,0.15794334689149836,2134.0
Gemma-4-31B-IT,zeroclaw,MMMU-Pro vision,mmmu_pro_test_Public_Health_388,0,1,0.1268680070885037,2042.0
Gemma-4-31B-IT,zeroclaw,MMMU-Pro vision,mmmu_pro_test_Public_Health_39,0,1,0.09619110295486002,1574.0
Gemma-4-31B-IT,zeroclaw,MMMU-Pro vision,mmmu_pro_test_Public_Health_4,0,1,0.1174836802112669,1265.0
Gemma-4-31B-IT,zeroclaw,MMMU-Pro vision,mmmu_pro_test_Public_Health_427,0,0,0.28761733862223576,2078.0
Gemma-4-31B-IT,zeroclaw,MMMU-Pro vision,mmmu_pro_test_Public_Health_463,0,1,0.0956603232751093,3436.0
Gemma-4-31B-IT,zeroclaw,MMMU-Pro vision,mmmu_pro_test_Public_Health_465,0,1,0.07670787524786984,1014.0
Gemma-4-31B-IT,zeroclaw,MMMU-Pro vision,mmmu_pro_test_Public_Health_470,0,0,0.13062624280046095,6551.0
Gemma-4-31B-IT,zeroclaw,MMMU-Pro vision,mmmu_pro_test_Public_Health_509,0,1,0.29079474072229405,2021.0
Gemma-4-31B-IT,zeroclaw,MMMU-Pro vision,mmmu_pro_test_Public_Health_84,0,1,0.0,
Gemma-4-31B-IT,zeroclaw,MMMU-Pro vision,mmmu_pro_test_Sociology_1,0,1,0.26667307892704545,766.0
Gemma-4-31B-IT,zeroclaw,MMMU-Pro vision,mmmu_pro_test_Sociology_102,0,0,0.46275545562273895,1184.0
Gemma-4-31B-IT,zeroclaw,MMMU-Pro vision,mmmu_pro_test_Sociology_114,0,1,0.27970238813542847,1502.0
Gemma-4-31B-IT,zeroclaw,MMMU-Pro vision,mmmu_pro_test_Sociology_122,0,0,0.27439187459539277,1073.0
Gemma-4-31B-IT,zeroclaw,MMMU-Pro vision,mmmu_pro_test_Sociology_125,0,1,0.30548013195506507,1118.0
Gemma-4-31B-IT,zeroclaw,MMMU-Pro vision,mmmu_pro_test_Sociology_140,0,0,0.23796472384428308,1274.0
Gemma-4-31B-IT,zeroclaw,MMMU-Pro vision,mmmu_pro_test_Sociology_145,0,1,0.32192810885713236,525.0
Gemma-4-31B-IT,zeroclaw,MMMU-Pro vision,mmmu_pro_test_Sociology_155,0,1,0.2653072659092735,950.0
Gemma-4-31B-IT,zeroclaw,MMMU-Pro vision,mmmu_pro_test_Sociology_168,0,1,0.09881880077219121,286.0
Gemma-4-31B-IT,zeroclaw,MMMU-Pro vision,mmmu_pro_test_Sociology_176,0,1,0.2511766555440932,2044.0
Gemma-4-31B-IT,zeroclaw,MMMU-Pro vision,mmmu_pro_test_Sociology_177,0,1,0.30987288832916277,649.0
Gemma-4-31B-IT,zeroclaw,MMMU-Pro vision,mmmu_pro_test_Sociology_18,0,1,0.2789998774750979,270.0
Gemma-4-31B-IT,zeroclaw,MMMU-Pro vision,mmmu_pro_test_Sociology_180,0,1,0.2623890777000725,1757.0
Gemma-4-31B-IT,zeroclaw,MMMU-Pro vision,mmmu_pro_test_Sociology_181,0,0,0.289443220205331,12043.0
Gemma-4-31B-IT,zeroclaw,MMMU-Pro vision,mmmu_pro_test_Sociology_191,0,0,0.3096699675849087,5391.0
Gemma-4-31B-IT,zeroclaw,MMMU-Pro vision,mmmu_pro_test_Sociology_20,0,0,0.25710147046544707,1056.0
Gemma-4-31B-IT,zeroclaw,MMMU-Pro vision,mmmu_pro_test_Sociology_202,0,1,0.2735950611382575,2783.0
Gemma-4-31B-IT,zeroclaw,MMMU-Pro vision,mmmu_pro_test_Sociology_213,0,1,0.2556624428222282,935.0
Gemma-4-31B-IT,zeroclaw,MMMU-Pro vision,mmmu_pro_test_Sociology_214,0,1,0.3749812653200436,2193.0
Gemma-4-31B-IT,zeroclaw,MMMU-Pro vision,mmmu_pro_test_Sociology_219,0,1,0.2169866221982658,783.0
Gemma-4-31B-IT,zeroclaw,MMMU-Pro vision,mmmu_pro_test_Sociology_229,0,0,0.24406932699771938,2381.0
Gemma-4-31B-IT,zeroclaw,MMMU-Pro vision,mmmu_pro_test_Sociology_230,0,1,0.35283709097688104,1206.0
Gemma-4-31B-IT,zeroclaw,MMMU-Pro vision,mmmu_pro_test_Sociology_245,0,1,0.3066470274966846,2489.0
Gemma-4-31B-IT,zeroclaw,MMMU-Pro vision,mmmu_pro_test_Sociology_26,0,1,0.2275128466303601,11173.0
Gemma-4-31B-IT,zeroclaw,MMMU-Pro vision,mmmu_pro_test_Sociology_39,0,1,0.36920022222259846,2109.0
Gemma-4-31B-IT,zeroclaw,MMMU-Pro vision,mmmu_pro_test_Sociology_4,0,0,0.24340145886365253,3822.0
Gemma-4-31B-IT,zeroclaw,MMMU-Pro vision,mmmu_pro_test_Sociology_40,0,,0.2446440234343058,4041.0
Gemma-4-31B-IT,zeroclaw,MMMU-Pro vision,mmmu_pro_test_Sociology_47,0,1,0.13487080413129374,610.0
Gemma-4-31B-IT,zeroclaw,MMMU-Pro vision,mmmu_pro_test_Sociology_52,0,1,0.13832708753096576,541.0
Gemma-4-31B-IT,zeroclaw,MMMU-Pro vision,mmmu_pro_test_Sociology_63,0,1,0.12244302921553919,430.0
Gemma-4-31B-IT,zeroclaw,MMMU-Pro vision,mmmu_pro_test_Sociology_68,0,1,0.2212811361521246,466.0
Gemma-4-31B-IT,zeroclaw,MMMU-Pro vision,mmmu_pro_test_Sociology_77,0,1,0.20132054121951323,820.0
Gemma-4-31B-IT,zeroclaw,MMMU-Pro vision,mmmu_pro_test_Sociology_83,0,1,0.2578258807127739,5354.0
Gemma-4-31B-IT,zeroclaw,MMMU-Pro vision,mmmu_pro_test_Sociology_9,0,1,0.2436369064852879,1398.0
Gemma-4-31B-IT,zeroclaw,MMMU-Pro vision,mmmu_pro_test_Sociology_90,0,0,0.26577064047672067,17486.0
Gemma-4-31B-IT,zeroclaw,MMMU-Pro vision,mmmu_pro_test_Sociology_93,0,0,0.3587256674352884,3052.0
Gemma-4-31B-IT,zeroclaw,MMMU-Pro vision,mmmu_pro_test_Sociology_96,0,1,0.2636511629344279,946.0
Gemma-4-31B-IT,zeroclaw,MMMU-Pro vision,mmmu_pro_test_Sociology_99,0,1,0.10380326220963602,409.0
Gemma-4-31B-IT,zeroclaw,MMMU-Pro vision,mmmu_pro_validation_Accounting_10,0,1,0.13514362436563634,3625.0
Gemma-4-31B-IT,zeroclaw,MMMU-Pro vision,mmmu_pro_validation_Accounting_11,0,1,0.1622101775321768,1131.0
Gemma-4-31B-IT,zeroclaw,MMMU-Pro vision,mmmu_pro_validation_Accounting_13,0,1,0.12333721740663924,1333.0
Gemma-4-31B-IT,zeroclaw,MMMU-Pro vision,mmmu_pro_validation_Accounting_14,0,1,0.11120458210212791,1124.0
Gemma-4-31B-IT,zeroclaw,MMMU-Pro vision,mmmu_pro_validation_Accounting_15,0,0,0.18160738848146496,2960.0
Gemma-4-31B-IT,zeroclaw,MMMU-Pro vision,mmmu_pro_validation_Accounting_16,0,1,0.06751788482694275,735.0
Gemma-4-31B-IT,zeroclaw,MMMU-Pro vision,mmmu_pro_validation_Accounting_17,0,1,0.024537759159483634,36500.0
Gemma-4-31B-IT,zeroclaw,MMMU-Pro vision,mmmu_pro_validation_Accounting_18,0,1,0.3087544578350149,2735.0
Gemma-4-31B-IT,zeroclaw,MMMU-Pro vision,mmmu_pro_validation_Accounting_19,0,0,0.1488515877894536,1637.0
Gemma-4-31B-IT,zeroclaw,MMMU-Pro vision,mmmu_pro_validation_Accounting_2,0,1,0.07544234757010196,1789.0
Gemma-4-31B-IT,zeroclaw,MMMU-Pro vision,mmmu_pro_validation_Accounting_20,0,,0.0741522588744516,35787.0
Gemma-4-31B-IT,zeroclaw,MMMU-Pro vision,mmmu_pro_validation_Accounting_21,0,0,0.17168842638524748,5635.0
Gemma-4-31B-IT,zeroclaw,MMMU-Pro vision,mmmu_pro_validation_Accounting_23,0,1,0.13940698883657665,1141.0
Gemma-4-31B-IT,zeroclaw,MMMU-Pro vision,mmmu_pro_validation_Accounting_24,0,1,0.169305440045541,2927.0
Gemma-4-31B-IT,zeroclaw,MMMU-Pro vision,mmmu_pro_validation_Accounting_26,0,1,0.19953259346190813,5286.0
Gemma-4-31B-IT,zeroclaw,MMMU-Pro vision,mmmu_pro_validation_Accounting_27,0,1,0.11246391102622065,1174.0
Gemma-4-31B-IT,zeroclaw,MMMU-Pro vision,mmmu_pro_validation_Accounting_29,0,1,0.0,
Gemma-4-31B-IT,zeroclaw,MMMU-Pro vision,mmmu_pro_validation_Accounting_3,0,1,0.03257214980964113,35375.0
Gemma-4-31B-IT,zeroclaw,MMMU-Pro vision,mmmu_pro_validation_Accounting_30,0,0,0.07853988053763827,1036.0
Gemma-4-31B-IT,zeroclaw,MMMU-Pro vision,mmmu_pro_validation_Accounting_4,0,1,0.2687043295734676,2721.0
Gemma-4-31B-IT,zeroclaw,MMMU-Pro vision,mmmu_pro_validation_Accounting_5,0,,0.0,
Gemma-4-31B-IT,zeroclaw,MMMU-Pro vision,mmmu_pro_validation_Accounting_6,0,1,0.13455206923099963,2735.0
Gemma-4-31B-IT,zeroclaw,MMMU-Pro vision,mmmu_pro_validation_Accounting_7,0,1,0.10823833609534425,1879.0
Gemma-4-31B-IT,zeroclaw,MMMU-Pro vision,mmmu_pro_validation_Accounting_8,0,1,0.12034028546278482,1001.0
Gemma-4-31B-IT,zeroclaw,MMMU-Pro vision,mmmu_pro_validation_Accounting_9,0,1,0.14098069262768753,3545.0
Gemma-4-31B-IT,zeroclaw,MMMU-Pro vision,mmmu_pro_validation_Agriculture_1,0,1,0.2682807382870285,3856.0
Gemma-4-31B-IT,zeroclaw,MMMU-Pro vision,mmmu_pro_validation_Agriculture_10,0,1,0.37024398039437756,748.0
Gemma-4-31B-IT,zeroclaw,MMMU-Pro vision,mmmu_pro_validation_Agriculture_11,0,0,0.3103118733137181,1535.0
Gemma-4-31B-IT,zeroclaw,MMMU-Pro vision,mmmu_pro_validation_Agriculture_12,0,0,0.31087878473195696,1635.0
Gemma-4-31B-IT,zeroclaw,MMMU-Pro vision,mmmu_pro_validation_Agriculture_13,0,0,0.2239797581716315,2086.0
Gemma-4-31B-IT,zeroclaw,MMMU-Pro vision,mmmu_pro_validation_Agriculture_17,0,,0.23005312080042617,5638.0
Gemma-4-31B-IT,zeroclaw,MMMU-Pro vision,mmmu_pro_validation_Agriculture_18,0,1,0.43060265271028125,1434.0
Gemma-4-31B-IT,zeroclaw,MMMU-Pro vision,mmmu_pro_validation_Agriculture_20,0,0,0.22573164956850927,8176.0
Gemma-4-31B-IT,zeroclaw,MMMU-Pro vision,mmmu_pro_validation_Agriculture_21,0,1,0.22337177067057856,15666.0
Gemma-4-31B-IT,zeroclaw,MMMU-Pro vision,mmmu_pro_validation_Agriculture_22,0,0,0.3350224001858108,9814.0
Gemma-4-31B-IT,zeroclaw,MMMU-Pro vision,mmmu_pro_validation_Agriculture_23,0,1,0.43697112168279223,3006.0
Gemma-4-31B-IT,zeroclaw,MMMU-Pro vision,mmmu_pro_validation_Agriculture_27,0,0,0.29447646308892667,9927.0
Gemma-4-31B-IT,zeroclaw,MMMU-Pro vision,mmmu_pro_validation_Agriculture_29,0,1,0.0,
Gemma-4-31B-IT,zeroclaw,MMMU-Pro vision,mmmu_pro_validation_Agriculture_3,0,1,0.4288248180930888,2844.0
Gemma-4-31B-IT,zeroclaw,MMMU-Pro vision,mmmu_pro_validation_Agriculture_4,0,1,0.15432416462208925,2196.0
Gemma-4-31B-IT,zeroclaw,MMMU-Pro vision,mmmu_pro_validation_Agriculture_5,0,1,0.4034319618616775,1629.0
Gemma-4-31B-IT,zeroclaw,MMMU-Pro vision,mmmu_pro_validation_Agriculture_6,0,1,0.3075262144231934,1391.0
Gemma-4-31B-IT,zeroclaw,MMMU-Pro vision,mmmu_pro_validation_Agriculture_8,0,0,0.35926908625805065,1981.0
Gemma-4-31B-IT,zeroclaw,MMMU-Pro vision,mmmu_pro_validation_Agriculture_9,0,1,0.3410885189451206,1445.0
Gemma-4-31B-IT,zeroclaw,MMMU-Pro vision,mmmu_pro_validation_Architecture_and_Engineering_10,0,1,0.09535910937468903,2747.0
Gemma-4-31B-IT,zeroclaw,MMMU-Pro vision,mmmu_pro_validation_Architecture_and_Engineering_11,0,1,0.14252054845210999,7180.0
Gemma-4-31B-IT,zeroclaw,MMMU-Pro vision,mmmu_pro_validation_Architecture_and_Engineering_12,0,1,0.07609598437874604,4586.0
Gemma-4-31B-IT,zeroclaw,MMMU-Pro vision,mmmu_pro_validation_Architecture_and_Engineering_13,0,1,0.12466021446963983,9927.0
Gemma-4-31B-IT,zeroclaw,MMMU-Pro vision,mmmu_pro_validation_Architecture_and_Engineering_15,0,1,0.19363510173919626,15460.0
Gemma-4-31B-IT,zeroclaw,MMMU-Pro vision,mmmu_pro_validation_Architecture_and_Engineering_17,0,1,0.1868032657885104,7307.0
Gemma-4-31B-IT,zeroclaw,MMMU-Pro vision,mmmu_pro_validation_Architecture_and_Engineering_20,0,1,0.1299484849612925,3287.0
Gemma-4-31B-IT,zeroclaw,MMMU-Pro vision,mmmu_pro_validation_Architecture_and_Engineering_21,0,1,0.13797389616297634,3825.0
Gemma-4-31B-IT,zeroclaw,MMMU-Pro vision,mmmu_pro_validation_Architecture_and_Engineering_22,0,1,0.13757599968232126,6630.0
Gemma-4-31B-IT,zeroclaw,MMMU-Pro vision,mmmu_pro_validation_Architecture_and_Engineering_23,0,1,0.1676334562964252,6684.0
Gemma-4-31B-IT,zeroclaw,MMMU-Pro vision,mmmu_pro_validation_Architecture_and_Engineering_24,0,1,0.10349355694149028,3596.0
Gemma-4-31B-IT,zeroclaw,MMMU-Pro vision,mmmu_pro_validation_Architecture_and_Engineering_26,0,1,0.14597579625794616,3746.0
Gemma-4-31B-IT,zeroclaw,MMMU-Pro vision,mmmu_pro_validation_Architecture_and_Engineering_27,0,1,0.007067489440693582,33557.0
Gemma-4-31B-IT,zeroclaw,MMMU-Pro vision,mmmu_pro_validation_Architecture_and_Engineering_28,0,1,0.3730231011926721,7213.0
Gemma-4-31B-IT,zeroclaw,MMMU-Pro vision,mmmu_pro_validation_Architecture_and_Engineering_29,0,1,0.17634573330934059,16536.0
Gemma-4-31B-IT,zeroclaw,MMMU-Pro vision,mmmu_pro_validation_Architecture_and_Engineering_3,0,1,0.13953369776626626,7024.0
Gemma-4-31B-IT,zeroclaw,MMMU-Pro vision,mmmu_pro_validation_Architecture_and_Engineering_30,0,1,0.1824698799079582,8432.0
Gemma-4-31B-IT,zeroclaw,MMMU-Pro vision,mmmu_pro_validation_Architecture_and_Engineering_4,0,1,0.1422135382311708,13371.0
Gemma-4-31B-IT,zeroclaw,MMMU-Pro vision,mmmu_pro_validation_Architecture_and_Engineering_5,0,1,0.1603269321423033,2990.0
Gemma-4-31B-IT,zeroclaw,MMMU-Pro vision,mmmu_pro_validation_Architecture_and_Engineering_7,0,1,0.15279804828852883,3581.0
Gemma-4-31B-IT,zeroclaw,MMMU-Pro vision,mmmu_pro_validation_Architecture_and_Engineering_8,0,1,0.15717446922253808,5443.0
Gemma-4-31B-IT,zeroclaw,MMMU-Pro vision,mmmu_pro_validation_Architecture_and_Engineering_9,0,1,0.0,
Gemma-4-31B-IT,zeroclaw,MMMU-Pro vision,mmmu_pro_validation_Art_10,0,1,0.0,
Gemma-4-31B-IT,zeroclaw,MMMU-Pro vision,mmmu_pro_validation_Art_12,0,0,0.2634555123723879,2860.0
Gemma-4-31B-IT,zeroclaw,MMMU-Pro vision,mmmu_pro_validation_Art_13,0,1,0.3882397637353978,1659.0
Gemma-4-31B-IT,zeroclaw,MMMU-Pro vision,mmmu_pro_validation_Art_14,0,0,0.3619287954140155,16136.0
Gemma-4-31B-IT,zeroclaw,MMMU-Pro vision,mmmu_pro_validation_Art_15,0,0,0.3718267274333271,5393.0
Gemma-4-31B-IT,zeroclaw,MMMU-Pro vision,mmmu_pro_validation_Art_16,0,0,0.29745882876520374,2215.0
Gemma-4-31B-IT,zeroclaw,MMMU-Pro vision,mmmu_pro_validation_Art_18,0,1,0.18753372985121072,473.0
Gemma-4-31B-IT,zeroclaw,MMMU-Pro vision,mmmu_pro_validation_Art_19,0,0,0.3443614560234445,1334.0
Gemma-4-31B-IT,zeroclaw,MMMU-Pro vision,mmmu_pro_validation_Art_2,0,0,0.39394575361825707,2034.0
Gemma-4-31B-IT,zeroclaw,MMMU-Pro vision,mmmu_pro_validation_Art_25,0,1,0.3181907871973347,369.0
Gemma-4-31B-IT,zeroclaw,MMMU-Pro vision,mmmu_pro_validation_Art_26,0,0,0.5194374875524373,345.0
Gemma-4-31B-IT,zeroclaw,MMMU-Pro vision,mmmu_pro_validation_Art_29,0,1,0.38692431619594764,918.0
Gemma-4-31B-IT,zeroclaw,MMMU-Pro vision,mmmu_pro_validation_Art_3,0,1,0.3227239382351267,5588.0
Gemma-4-31B-IT,zeroclaw,MMMU-Pro vision,mmmu_pro_validation_Art_30,0,0,0.3028370274625681,5946.0
Gemma-4-31B-IT,zeroclaw,MMMU-Pro vision,mmmu_pro_validation_Art_4,0,1,0.3029240937411855,1459.0
Gemma-4-31B-IT,zeroclaw,MMMU-Pro vision,mmmu_pro_validation_Art_5,0,1,0.36498993676691016,2406.0
Gemma-4-31B-IT,zeroclaw,MMMU-Pro vision,mmmu_pro_validation_Art_6,0,1,0.13171503870122156,408.0
Gemma-4-31B-IT,zeroclaw,MMMU-Pro vision,mmmu_pro_validation_Art_7,0,1,0.2914434007525016,657.0
Gemma-4-31B-IT,zeroclaw,MMMU-Pro vision,mmmu_pro_validation_Art_Theory_10,0,1,0.2691887418065082,520.0
Gemma-4-31B-IT,zeroclaw,MMMU-Pro vision,mmmu_pro_validation_Art_Theory_12,0,0,0.3610394091093205,858.0
Gemma-4-31B-IT,zeroclaw,MMMU-Pro vision,mmmu_pro_validation_Art_Theory_14,0,1,0.3995129249080591,826.0
Gemma-4-31B-IT,zeroclaw,MMMU-Pro vision,mmmu_pro_validation_Art_Theory_15,0,1,0.20668498996732743,443.0
Gemma-4-31B-IT,zeroclaw,MMMU-Pro vision,mmmu_pro_validation_Art_Theory_16,0,0,0.3888157889255234,2610.0
Gemma-4-31B-IT,zeroclaw,MMMU-Pro vision,mmmu_pro_validation_Art_Theory_17,0,1,0.27719272866084393,830.0
Gemma-4-31B-IT,zeroclaw,MMMU-Pro vision,mmmu_pro_validation_Art_Theory_19,0,1,0.25550385786988317,156.0
Gemma-4-31B-IT,zeroclaw,MMMU-Pro vision,mmmu_pro_validation_Art_Theory_20,0,1,0.2454343525321695,922.0
Gemma-4-31B-IT,zeroclaw,MMMU-Pro vision,mmmu_pro_validation_Art_Theory_21,0,1,0.385992513924521,489.0
Gemma-4-31B-IT,zeroclaw,MMMU-Pro vision,mmmu_pro_validation_Art_Theory_22,0,1,0.42612152537145487,1024.0
Gemma-4-31B-IT,zeroclaw,MMMU-Pro vision,mmmu_pro_validation_Art_Theory_23,0,0,0.43458738909808714,1795.0
Gemma-4-31B-IT,zeroclaw,MMMU-Pro vision,mmmu_pro_validation_Art_Theory_25,0,1,0.3107317078291659,560.0
Gemma-4-31B-IT,zeroclaw,MMMU-Pro vision,mmmu_pro_validation_Art_Theory_26,0,0,0.36533244644411483,819.0
Gemma-4-31B-IT,zeroclaw,MMMU-Pro vision,mmmu_pro_validation_Art_Theory_27,0,1,0.19827132263923036,624.0
Gemma-4-31B-IT,zeroclaw,MMMU-Pro vision,mmmu_pro_validation_Art_Theory_28,0,1,0.38965478943636983,2409.0
Gemma-4-31B-IT,zeroclaw,MMMU-Pro vision,mmmu_pro_validation_Art_Theory_29,0,1,0.18104435121330822,257.0
Gemma-4-31B-IT,zeroclaw,MMMU-Pro vision,mmmu_pro_validation_Art_Theory_3,0,1,0.2257640482028578,683.0
Gemma-4-31B-IT,zeroclaw,MMMU-Pro vision,mmmu_pro_validation_Art_Theory_30,0,1,0.3015256937598174,611.0
Gemma-4-31B-IT,zeroclaw,MMMU-Pro vision,mmmu_pro_validation_Art_Theory_4,0,0,0.3957268423439626,1169.0
Gemma-4-31B-IT,zeroclaw,MMMU-Pro vision,mmmu_pro_validation_Art_Theory_6,0,1,0.3605094851271375,1118.0
Gemma-4-31B-IT,zeroclaw,MMMU-Pro vision,mmmu_pro_validation_Art_Theory_7,0,1,0.3131149706194305,3835.0
Gemma-4-31B-IT,zeroclaw,MMMU-Pro vision,mmmu_pro_validation_Art_Theory_8,0,0,0.3014577818083475,2046.0
Gemma-4-31B-IT,zeroclaw,MMMU-Pro vision,mmmu_pro_validation_Art_Theory_9,0,1,0.3297843999867709,529.0
Gemma-4-31B-IT,zeroclaw,MMMU-Pro vision,mmmu_pro_validation_Basic_Medical_Science_1,0,1,0.29525938199608065,816.0
Gemma-4-31B-IT,zeroclaw,MMMU-Pro vision,mmmu_pro_validation_Basic_Medical_Science_11,0,0,0.22693854348465736,805.0
Gemma-4-31B-IT,zeroclaw,MMMU-Pro vision,mmmu_pro_validation_Basic_Medical_Science_12,0,0,0.30294231795894466,1659.0
Gemma-4-31B-IT,zeroclaw,MMMU-Pro vision,mmmu_pro_validation_Basic_Medical_Science_13,0,1,0.18351342831781753,898.0
Gemma-4-31B-IT,zeroclaw,MMMU-Pro vision,mmmu_pro_validation_Basic_Medical_Science_17,0,0,0.19093482495756134,778.0
Gemma-4-31B-IT,zeroclaw,MMMU-Pro vision,mmmu_pro_validation_Basic_Medical_Science_18,0,1,0.15119942840807077,703.0
Gemma-4-31B-IT,zeroclaw,MMMU-Pro vision,mmmu_pro_validation_Basic_Medical_Science_21,0,1,0.4044362753166852,1129.0
Gemma-4-31B-IT,zeroclaw,MMMU-Pro vision,mmmu_pro_validation_Basic_Medical_Science_23,0,1,0.33898847433686335,1041.0
Gemma-4-31B-IT,zeroclaw,MMMU-Pro vision,mmmu_pro_validation_Basic_Medical_Science_26,0,1,0.23411462856961632,910.0
Gemma-4-31B-IT,zeroclaw,MMMU-Pro vision,mmmu_pro_validation_Basic_Medical_Science_28,0,1,0.33218396848849135,2935.0
Gemma-4-31B-IT,zeroclaw,MMMU-Pro vision,mmmu_pro_validation_Basic_Medical_Science_3,0,1,0.24506049269913363,779.0
Gemma-4-31B-IT,zeroclaw,MMMU-Pro vision,mmmu_pro_validation_Basic_Medical_Science_5,0,1,0.24312727264121442,1132.0
Gemma-4-31B-IT,zeroclaw,MMMU-Pro vision,mmmu_pro_validation_Basic_Medical_Science_6,0,0,0.24232239792428437,1382.0
Gemma-4-31B-IT,zeroclaw,MMMU-Pro vision,mmmu_pro_validation_Basic_Medical_Science_9,0,1,0.23901768515204644,2403.0
Gemma-4-31B-IT,zeroclaw,MMMU-Pro vision,mmmu_pro_validation_Biology_1,0,0,0.31126954631786197,3917.0
Gemma-4-31B-IT,zeroclaw,MMMU-Pro vision,mmmu_pro_validation_Biology_11,0,1,0.23254177239874818,563.0
Gemma-4-31B-IT,zeroclaw,MMMU-Pro vision,mmmu_pro_validation_Biology_13,0,0,0.2824757590418299,5348.0
Gemma-4-31B-IT,zeroclaw,MMMU-Pro vision,mmmu_pro_validation_Biology_14,0,0,0.17844825259528888,2090.0
Gemma-4-31B-IT,zeroclaw,MMMU-Pro vision,mmmu_pro_validation_Biology_15,0,1,0.28073968082026274,685.0
Gemma-4-31B-IT,zeroclaw,MMMU-Pro vision,mmmu_pro_validation_Biology_17,0,0,0.2662395071926313,1135.0
Gemma-4-31B-IT,zeroclaw,MMMU-Pro vision,mmmu_pro_validation_Biology_20,0,1,0.2071664495388082,3751.0
Gemma-4-31B-IT,zeroclaw,MMMU-Pro vision,mmmu_pro_validation_Biology_21,0,0,0.15179531288652226,2369.0
Gemma-4-31B-IT,zeroclaw,MMMU-Pro vision,mmmu_pro_validation_Biology_22,0,0,0.22119413760718284,12916.0
Gemma-4-31B-IT,zeroclaw,MMMU-Pro vision,mmmu_pro_validation_Biology_23,0,0,0.21748659968887413,757.0
Gemma-4-31B-IT,zeroclaw,MMMU-Pro vision,mmmu_pro_validation_Biology_24,0,1,0.4038696644705735,1269.0
Gemma-4-31B-IT,zeroclaw,MMMU-Pro vision,mmmu_pro_validation_Biology_25,0,1,0.12610890256620477,728.0
Gemma-4-31B-IT,zeroclaw,MMMU-Pro vision,mmmu_pro_validation_Biology_27,0,0,0.24087632384187416,12582.0
Gemma-4-31B-IT,zeroclaw,MMMU-Pro vision,mmmu_pro_validation_Biology_28,0,0,0.31291492290829903,2159.0
Gemma-4-31B-IT,zeroclaw,MMMU-Pro vision,mmmu_pro_validation_Biology_29,0,0,0.3108417331061372,3905.0
Gemma-4-31B-IT,zeroclaw,MMMU-Pro vision,mmmu_pro_validation_Biology_30,0,1,0.28554714437859213,805.0
Gemma-4-31B-IT,zeroclaw,MMMU-Pro vision,mmmu_pro_validation_Biology_4,0,1,0.19981416939406316,3368.0
Gemma-4-31B-IT,zeroclaw,MMMU-Pro vision,mmmu_pro_validation_Biology_6,0,1,0.20609334353435652,1392.0
Gemma-4-31B-IT,zeroclaw,MMMU-Pro vision,mmmu_pro_validation_Biology_8,0,0,0.3032784846571548,1799.0
Gemma-4-31B-IT,zeroclaw,MMMU-Pro vision,mmmu_pro_validation_Biology_9,0,,0.045213432354918766,35153.0
Gemma-4-31B-IT,zeroclaw,MMMU-Pro vision,mmmu_pro_validation_Chemistry_1,0,1,0.0,
Gemma-4-31B-IT,zeroclaw,MMMU-Pro vision,mmmu_pro_validation_Chemistry_11,0,0,0.2823319909208618,2179.0
Gemma-4-31B-IT,zeroclaw,MMMU-Pro vision,mmmu_pro_validation_Chemistry_12,0,0,0.18056782033289676,10156.0
Gemma-4-31B-IT,zeroclaw,MMMU-Pro vision,mmmu_pro_validation_Chemistry_16,0,0,0.3266089347751919,4121.0
Gemma-4-31B-IT,zeroclaw,MMMU-Pro vision,mmmu_pro_validation_Chemistry_17,0,,0.026137068129027805,35388.0
Gemma-4-31B-IT,zeroclaw,MMMU-Pro vision,mmmu_pro_validation_Chemistry_2,0,1,0.2825808442810886,5611.0
Gemma-4-31B-IT,zeroclaw,MMMU-Pro vision,mmmu_pro_validation_Chemistry_21,0,0,0.25700655733793537,4142.0
Gemma-4-31B-IT,zeroclaw,MMMU-Pro vision,mmmu_pro_validation_Chemistry_22,0,1,0.17043171542769883,1870.0
Gemma-4-31B-IT,zeroclaw,MMMU-Pro vision,mmmu_pro_validation_Chemistry_24,0,1,0.06313789327737175,1033.0
Gemma-4-31B-IT,zeroclaw,MMMU-Pro vision,mmmu_pro_validation_Chemistry_26,0,,0.09215350943196594,713.0
Gemma-4-31B-IT,zeroclaw,MMMU-Pro vision,mmmu_pro_validation_Chemistry_28,0,1,0.28847452450866956,8380.0
Gemma-4-31B-IT,zeroclaw,MMMU-Pro vision,mmmu_pro_validation_Chemistry_29,0,,0.05631293972587416,37853.0
Gemma-4-31B-IT,zeroclaw,MMMU-Pro vision,mmmu_pro_validation_Chemistry_3,0,1,0.2607033174572851,7487.0
Gemma-4-31B-IT,zeroclaw,MMMU-Pro vision,mmmu_pro_validation_Chemistry_5,0,,0.02044936250599637,32768.0
Gemma-4-31B-IT,zeroclaw,MMMU-Pro vision,mmmu_pro_validation_Chemistry_6,0,,0.04077687564377685,35274.0
Gemma-4-31B-IT,zeroclaw,MMMU-Pro vision,mmmu_pro_validation_Chemistry_7,0,1,0.1993652947820487,7272.0
Gemma-4-31B-IT,zeroclaw,MMMU-Pro vision,mmmu_pro_validation_Chemistry_8,0,1,0.26379677882551256,1547.0
Gemma-4-31B-IT,zeroclaw,MMMU-Pro vision,mmmu_pro_validation_Chemistry_9,0,1,0.0,
Gemma-4-31B-IT,zeroclaw,MMMU-Pro vision,mmmu_pro_validation_Clinical_Medicine_1,0,1,0.359419130885077,17173.0
Gemma-4-31B-IT,zeroclaw,MMMU-Pro vision,mmmu_pro_validation_Clinical_Medicine_11,0,0,0.28694663358695033,2621.0
Gemma-4-31B-IT,zeroclaw,MMMU-Pro vision,mmmu_pro_validation_Clinical_Medicine_13,0,0,0.3472658426518061,2570.0
Gemma-4-31B-IT,zeroclaw,MMMU-Pro vision,mmmu_pro_validation_Clinical_Medicine_14,0,0,0.2698194121472967,701.0
Gemma-4-31B-IT,zeroclaw,MMMU-Pro vision,mmmu_pro_validation_Clinical_Medicine_15,0,1,0.29021347766927774,805.0
Gemma-4-31B-IT,zeroclaw,MMMU-Pro vision,mmmu_pro_validation_Clinical_Medicine_16,0,0,0.34957824657116005,1332.0
Gemma-4-31B-IT,zeroclaw,MMMU-Pro vision,mmmu_pro_validation_Clinical_Medicine_18,0,1,0.2030963817383899,1414.0
Gemma-4-31B-IT,zeroclaw,MMMU-Pro vision,mmmu_pro_validation_Clinical_Medicine_2,0,0,0.24425853643083165,4232.0
Gemma-4-31B-IT,zeroclaw,MMMU-Pro vision,mmmu_pro_validation_Clinical_Medicine_20,0,0,0.0,
Gemma-4-31B-IT,zeroclaw,MMMU-Pro vision,mmmu_pro_validation_Clinical_Medicine_22,0,1,0.31783298349938294,1027.0
Gemma-4-31B-IT,zeroclaw,MMMU-Pro vision,mmmu_pro_validation_Clinical_Medicine_23,0,1,0.2203958549607063,469.0
Gemma-4-31B-IT,zeroclaw,MMMU-Pro vision,mmmu_pro_validation_Clinical_Medicine_24,0,0,0.2937709330517861,857.0
Gemma-4-31B-IT,zeroclaw,MMMU-Pro vision,mmmu_pro_validation_Clinical_Medicine_25,0,0,0.3305419206562938,1606.0
Gemma-4-31B-IT,zeroclaw,MMMU-Pro vision,mmmu_pro_validation_Clinical_Medicine_28,0,0,0.36657880423292377,897.0
Gemma-4-31B-IT,zeroclaw,MMMU-Pro vision,mmmu_pro_validation_Clinical_Medicine_3,0,1,0.43286944777270564,2503.0
Gemma-4-31B-IT,zeroclaw,MMMU-Pro vision,mmmu_pro_validation_Clinical_Medicine_5,0,1,0.227076577720785,7098.0
Gemma-4-31B-IT,zeroclaw,MMMU-Pro vision,mmmu_pro_validation_Clinical_Medicine_8,0,1,0.32288464111128085,1915.0
Gemma-4-31B-IT,zeroclaw,MMMU-Pro vision,mmmu_pro_validation_Clinical_Medicine_9,0,1,0.22309223321791258,1155.0
Gemma-4-31B-IT,zeroclaw,MMMU-Pro vision,mmmu_pro_validation_Computer_Science_1,0,0,0.15566760746555675,2940.0
Gemma-4-31B-IT,zeroclaw,MMMU-Pro vision,mmmu_pro_validation_Computer_Science_10,0,1,0.10694072136871052,4197.0
Gemma-4-31B-IT,zeroclaw,MMMU-Pro vision,mmmu_pro_validation_Computer_Science_11,0,0,0.2935436980936253,3715.0
Gemma-4-31B-IT,zeroclaw,MMMU-Pro vision,mmmu_pro_validation_Computer_Science_12,0,1,0.16641301570951963,5164.0
Gemma-4-31B-IT,zeroclaw,MMMU-Pro vision,mmmu_pro_validation_Computer_Science_14,0,1,0.1525433078981981,1754.0
Gemma-4-31B-IT,zeroclaw,MMMU-Pro vision,mmmu_pro_validation_Computer_Science_15,0,0,0.22754256134713244,3407.0
Gemma-4-31B-IT,zeroclaw,MMMU-Pro vision,mmmu_pro_validation_Computer_Science_17,0,1,0.23836702973660198,13233.0
Gemma-4-31B-IT,zeroclaw,MMMU-Pro vision,mmmu_pro_validation_Computer_Science_18,0,1,0.0595551790073393,2189.0
Gemma-4-31B-IT,zeroclaw,MMMU-Pro vision,mmmu_pro_validation_Computer_Science_19,0,,0.0,
Gemma-4-31B-IT,zeroclaw,MMMU-Pro vision,mmmu_pro_validation_Computer_Science_2,0,1,0.13426725147003926,15400.0
Gemma-4-31B-IT,zeroclaw,MMMU-Pro vision,mmmu_pro_validation_Computer_Science_22,0,1,0.15296302562675118,1744.0
Gemma-4-31B-IT,zeroclaw,MMMU-Pro vision,mmmu_pro_validation_Computer_Science_24,0,1,0.1803363250447164,950.0
Gemma-4-31B-IT,zeroclaw,MMMU-Pro vision,mmmu_pro_validation_Computer_Science_25,0,1,0.1875125763370158,3086.0
Gemma-4-31B-IT,zeroclaw,MMMU-Pro vision,mmmu_pro_validation_Computer_Science_28,0,0,0.16851040593469058,8440.0
Gemma-4-31B-IT,zeroclaw,MMMU-Pro vision,mmmu_pro_validation_Computer_Science_29,0,0,0.23471288855413233,11704.0
Gemma-4-31B-IT,zeroclaw,MMMU-Pro vision,mmmu_pro_validation_Computer_Science_30,0,1,0.05175941538769177,1372.0
Gemma-4-31B-IT,zeroclaw,MMMU-Pro vision,mmmu_pro_validation_Computer_Science_5,0,1,0.20733535710366707,572.0
Gemma-4-31B-IT,zeroclaw,MMMU-Pro vision,mmmu_pro_validation_Computer_Science_6,0,1,0.15446242754503423,728.0
Gemma-4-31B-IT,zeroclaw,MMMU-Pro vision,mmmu_pro_validation_Computer_Science_7,0,1,0.1932223926526338,6727.0
Gemma-4-31B-IT,zeroclaw,MMMU-Pro vision,mmmu_pro_validation_Design_1,0,0,0.0,
Gemma-4-31B-IT,zeroclaw,MMMU-Pro vision,mmmu_pro_validation_Design_10,0,1,0.2089413672309192,1297.0
Gemma-4-31B-IT,zeroclaw,MMMU-Pro vision,mmmu_pro_validation_Design_11,0,1,0.30841609758581057,826.0
Gemma-4-31B-IT,zeroclaw,MMMU-Pro vision,mmmu_pro_validation_Design_12,0,0,0.20531292637564186,6964.0
Gemma-4-31B-IT,zeroclaw,MMMU-Pro vision,mmmu_pro_validation_Design_14,0,1,0.4207860804639702,1189.0
Gemma-4-31B-IT,zeroclaw,MMMU-Pro vision,mmmu_pro_validation_Design_15,0,0,0.31251183973852703,459.0
Gemma-4-31B-IT,zeroclaw,MMMU-Pro vision,mmmu_pro_validation_Design_16,0,1,0.21266455440820226,524.0
Gemma-4-31B-IT,zeroclaw,MMMU-Pro vision,mmmu_pro_validation_Design_19,0,1,0.3103382492130223,1796.0
Gemma-4-31B-IT,zeroclaw,MMMU-Pro vision,mmmu_pro_validation_Design_2,0,0,0.40369117066867133,2839.0
Gemma-4-31B-IT,zeroclaw,MMMU-Pro vision,mmmu_pro_validation_Design_24,0,1,0.28244021692558946,915.0
Gemma-4-31B-IT,zeroclaw,MMMU-Pro vision,mmmu_pro_validation_Design_25,0,1,0.3393562515313425,3941.0
Gemma-4-31B-IT,zeroclaw,MMMU-Pro vision,mmmu_pro_validation_Design_27,0,1,0.32936421174204794,523.0
Gemma-4-31B-IT,zeroclaw,MMMU-Pro vision,mmmu_pro_validation_Design_29,0,1,0.3451842262138812,1416.0
Gemma-4-31B-IT,zeroclaw,MMMU-Pro vision,mmmu_pro_validation_Design_5,0,1,0.2928862953429159,875.0
Gemma-4-31B-IT,zeroclaw,MMMU-Pro vision,mmmu_pro_validation_Design_8,0,1,0.05890236675792609,33549.0
Gemma-4-31B-IT,zeroclaw,MMMU-Pro vision,mmmu_pro_validation_Diagnostics_and_Laboratory_Medicine_1,0,0,0.29021861602323706,6416.0
Gemma-4-31B-IT,zeroclaw,MMMU-Pro vision,mmmu_pro_validation_Diagnostics_and_Laboratory_Medicine_10,0,1,0.30227843847455965,958.0
Gemma-4-31B-IT,zeroclaw,MMMU-Pro vision,mmmu_pro_validation_Diagnostics_and_Laboratory_Medicine_12,0,0,0.330443267126188,1696.0
Gemma-4-31B-IT,zeroclaw,MMMU-Pro vision,mmmu_pro_validation_Diagnostics_and_Laboratory_Medicine_13,0,1,0.29532111090108726,801.0
Gemma-4-31B-IT,zeroclaw,MMMU-Pro vision,mmmu_pro_validation_Diagnostics_and_Laboratory_Medicine_14,0,0,0.2720905051099028,926.0
Gemma-4-31B-IT,zeroclaw,MMMU-Pro vision,mmmu_pro_validation_Diagnostics_and_Laboratory_Medicine_15,0,1,0.3357372670162777,1030.0
Gemma-4-31B-IT,zeroclaw,MMMU-Pro vision,mmmu_pro_validation_Diagnostics_and_Laboratory_Medicine_16,0,0,0.3105051783803009,1193.0
Gemma-4-31B-IT,zeroclaw,MMMU-Pro vision,mmmu_pro_validation_Diagnostics_and_Laboratory_Medicine_17,0,0,0.3031924780424138,498.0
Gemma-4-31B-IT,zeroclaw,MMMU-Pro vision,mmmu_pro_validation_Diagnostics_and_Laboratory_Medicine_18,0,1,0.20105684230367757,6225.0
Gemma-4-31B-IT,zeroclaw,MMMU-Pro vision,mmmu_pro_validation_Diagnostics_and_Laboratory_Medicine_19,0,0,0.4068692155041023,5851.0
Gemma-4-31B-IT,zeroclaw,MMMU-Pro vision,mmmu_pro_validation_Diagnostics_and_Laboratory_Medicine_2,0,1,0.3656565340390504,2572.0
Gemma-4-31B-IT,zeroclaw,MMMU-Pro vision,mmmu_pro_validation_Diagnostics_and_Laboratory_Medicine_20,0,0,0.31730775618606943,929.0
Gemma-4-31B-IT,zeroclaw,MMMU-Pro vision,mmmu_pro_validation_Diagnostics_and_Laboratory_Medicine_21,0,0,0.2718549399046422,4513.0
Gemma-4-31B-IT,zeroclaw,MMMU-Pro vision,mmmu_pro_validation_Diagnostics_and_Laboratory_Medicine_22,0,0,0.309812151617812,1782.0
Gemma-4-31B-IT,zeroclaw,MMMU-Pro vision,mmmu_pro_validation_Diagnostics_and_Laboratory_Medicine_24,0,1,0.21422355194508028,15994.0
Gemma-4-31B-IT,zeroclaw,MMMU-Pro vision,mmmu_pro_validation_Diagnostics_and_Laboratory_Medicine_26,0,0,0.2512354074131822,3144.0
Gemma-4-31B-IT,zeroclaw,MMMU-Pro vision,mmmu_pro_validation_Diagnostics_and_Laboratory_Medicine_27,0,0,0.2323536125676102,4135.0
Gemma-4-31B-IT,zeroclaw,MMMU-Pro vision,mmmu_pro_validation_Diagnostics_and_Laboratory_Medicine_3,0,1,0.25399058133441016,5698.0
Gemma-4-31B-IT,zeroclaw,MMMU-Pro vision,mmmu_pro_validation_Diagnostics_and_Laboratory_Medicine_30,0,0,0.14389113955583066,3144.0
Gemma-4-31B-IT,zeroclaw,MMMU-Pro vision,mmmu_pro_validation_Diagnostics_and_Laboratory_Medicine_5,0,1,0.2924057606793775,640.0
Gemma-4-31B-IT,zeroclaw,MMMU-Pro vision,mmmu_pro_validation_Diagnostics_and_Laboratory_Medicine_7,0,0,0.37223516390546635,1720.0
Gemma-4-31B-IT,zeroclaw,MMMU-Pro vision,mmmu_pro_validation_Diagnostics_and_Laboratory_Medicine_8,0,0,0.346825131519259,1460.0
Gemma-4-31B-IT,zeroclaw,MMMU-Pro vision,mmmu_pro_validation_Diagnostics_and_Laboratory_Medicine_9,0,1,0.21796395650729655,5846.0
Gemma-4-31B-IT,zeroclaw,MMMU-Pro vision,mmmu_pro_validation_Economics_1,0,0,0.2523722854035024,3821.0
Gemma-4-31B-IT,zeroclaw,MMMU-Pro vision,mmmu_pro_validation_Economics_12,0,1,0.0832977170353045,423.0
Gemma-4-31B-IT,zeroclaw,MMMU-Pro vision,mmmu_pro_validation_Economics_13,0,1,0.27005030169435196,2251.0
Gemma-4-31B-IT,zeroclaw,MMMU-Pro vision,mmmu_pro_validation_Economics_14,0,1,0.2703409764301503,3843.0
Gemma-4-31B-IT,zeroclaw,MMMU-Pro vision,mmmu_pro_validation_Economics_16,0,1,0.16829908329130497,1420.0
Gemma-4-31B-IT,zeroclaw,MMMU-Pro vision,mmmu_pro_validation_Economics_17,0,1,0.2361855295434816,3109.0
Gemma-4-31B-IT,zeroclaw,MMMU-Pro vision,mmmu_pro_validation_Economics_24,0,0,0.20159751986702043,3527.0
Gemma-4-31B-IT,zeroclaw,MMMU-Pro vision,mmmu_pro_validation_Economics_26,0,0,0.15200702148921033,743.0
Gemma-4-31B-IT,zeroclaw,MMMU-Pro vision,mmmu_pro_validation_Economics_28,0,0,0.26801426505994924,8911.0
Gemma-4-31B-IT,zeroclaw,MMMU-Pro vision,mmmu_pro_validation_Economics_29,0,1,0.07005335963798831,3042.0
Gemma-4-31B-IT,zeroclaw,MMMU-Pro vision,mmmu_pro_validation_Economics_3,0,1,0.15194442725042057,2267.0
Gemma-4-31B-IT,zeroclaw,MMMU-Pro vision,mmmu_pro_validation_Economics_30,0,0,0.0,
Gemma-4-31B-IT,zeroclaw,MMMU-Pro vision,mmmu_pro_validation_Economics_4,0,1,0.13573082386206223,773.0
Gemma-4-31B-IT,zeroclaw,MMMU-Pro vision,mmmu_pro_validation_Economics_5,0,1,0.2635086997047821,832.0
Gemma-4-31B-IT,zeroclaw,MMMU-Pro vision,mmmu_pro_validation_Economics_6,0,1,0.11068494798824477,1654.0
Gemma-4-31B-IT,zeroclaw,MMMU-Pro vision,mmmu_pro_validation_Economics_7,0,0,0.1847241577234452,3392.0
Gemma-4-31B-IT,zeroclaw,MMMU-Pro vision,mmmu_pro_validation_Economics_8,0,1,0.26844761401045547,2077.0
Gemma-4-31B-IT,zeroclaw,MMMU-Pro vision,mmmu_pro_validation_Economics_9,0,1,0.2585552863744933,1086.0
Gemma-4-31B-IT,zeroclaw,MMMU-Pro vision,mmmu_pro_validation_Electronics_1,0,1,0.11029170265016243,1862.0
Gemma-4-31B-IT,zeroclaw,MMMU-Pro vision,mmmu_pro_validation_Electronics_10,0,1,0.1420662906487785,5707.0
Gemma-4-31B-IT,zeroclaw,MMMU-Pro vision,mmmu_pro_validation_Electronics_13,0,1,0.16099248642275701,4180.0
Gemma-4-31B-IT,zeroclaw,MMMU-Pro vision,mmmu_pro_validation_Electronics_14,0,,0.03610963513240675,32768.0
Gemma-4-31B-IT,zeroclaw,MMMU-Pro vision,mmmu_pro_validation_Electronics_17,0,0,0.1981954666379277,10457.0
Gemma-4-31B-IT,zeroclaw,MMMU-Pro vision,mmmu_pro_validation_Electronics_19,0,0,0.20906442987754506,5873.0
Gemma-4-31B-IT,zeroclaw,MMMU-Pro vision,mmmu_pro_validation_Electronics_20,0,1,0.10750901115623714,1681.0
Gemma-4-31B-IT,zeroclaw,MMMU-Pro vision,mmmu_pro_validation_Electronics_7,0,,0.13883796460495065,56874.0
Gemma-4-31B-IT,zeroclaw,MMMU-Pro vision,mmmu_pro_validation_Electronics_8,0,1,0.15613555238125837,4043.0
Gemma-4-31B-IT,zeroclaw,MMMU-Pro vision,mmmu_pro_validation_Energy_and_Power_1,0,1,0.20761911645998382,5077.0
Gemma-4-31B-IT,zeroclaw,MMMU-Pro vision,mmmu_pro_validation_Energy_and_Power_10,0,1,0.08406457055267406,4927.0
Gemma-4-31B-IT,zeroclaw,MMMU-Pro vision,mmmu_pro_validation_Energy_and_Power_12,0,0,0.12805115368499245,4866.0
Gemma-4-31B-IT,zeroclaw,MMMU-Pro vision,mmmu_pro_validation_Energy_and_Power_13,0,0,0.1414598663272808,6053.0
Gemma-4-31B-IT,zeroclaw,MMMU-Pro vision,mmmu_pro_validation_Energy_and_Power_14,0,1,0.1945336369078855,8945.0
Gemma-4-31B-IT,zeroclaw,MMMU-Pro vision,mmmu_pro_validation_Energy_and_Power_15,0,1,0.18673918284298677,1442.0
Gemma-4-31B-IT,zeroclaw,MMMU-Pro vision,mmmu_pro_validation_Energy_and_Power_16,0,1,0.14002935633695693,4315.0
Gemma-4-31B-IT,zeroclaw,MMMU-Pro vision,mmmu_pro_validation_Energy_and_Power_18,0,1,0.1419353195778349,12421.0
Gemma-4-31B-IT,zeroclaw,MMMU-Pro vision,mmmu_pro_validation_Energy_and_Power_19,0,1,0.1673249564925021,6334.0
Gemma-4-31B-IT,zeroclaw,MMMU-Pro vision,mmmu_pro_validation_Energy_and_Power_2,0,1,0.14065023272890453,4498.0
Gemma-4-31B-IT,zeroclaw,MMMU-Pro vision,mmmu_pro_validation_Energy_and_Power_20,0,1,0.12817946820262371,1280.0
Gemma-4-31B-IT,zeroclaw,MMMU-Pro vision,mmmu_pro_validation_Energy_and_Power_22,0,0,0.1574697503134483,4756.0
Gemma-4-31B-IT,zeroclaw,MMMU-Pro vision,mmmu_pro_validation_Energy_and_Power_23,0,1,0.22084185009545118,19095.0
Gemma-4-31B-IT,zeroclaw,MMMU-Pro vision,mmmu_pro_validation_Energy_and_Power_24,0,1,0.10620437252399613,768.0
Gemma-4-31B-IT,zeroclaw,MMMU-Pro vision,mmmu_pro_validation_Energy_and_Power_25,0,0,0.14063360128488644,7175.0
Gemma-4-31B-IT,zeroclaw,MMMU-Pro vision,mmmu_pro_validation_Energy_and_Power_26,0,1,0.20879790443388888,7560.0
Gemma-4-31B-IT,zeroclaw,MMMU-Pro vision,mmmu_pro_validation_Energy_and_Power_27,0,1,0.16452800150806388,1949.0
Gemma-4-31B-IT,zeroclaw,MMMU-Pro vision,mmmu_pro_validation_Energy_and_Power_28,0,1,0.17222649121463768,3359.0
Gemma-4-31B-IT,zeroclaw,MMMU-Pro vision,mmmu_pro_validation_Energy_and_Power_29,0,1,0.11739222665887805,1286.0
Gemma-4-31B-IT,zeroclaw,MMMU-Pro vision,mmmu_pro_validation_Energy_and_Power_3,0,1,0.16664516612951283,9703.0
Gemma-4-31B-IT,zeroclaw,MMMU-Pro vision,mmmu_pro_validation_Energy_and_Power_4,0,0,0.14590363776888862,1252.0
Gemma-4-31B-IT,zeroclaw,MMMU-Pro vision,mmmu_pro_validation_Energy_and_Power_5,0,1,0.11110200397776451,1517.0
Gemma-4-31B-IT,zeroclaw,MMMU-Pro vision,mmmu_pro_validation_Energy_and_Power_6,0,0,0.3566955642454662,1232.0
Gemma-4-31B-IT,zeroclaw,MMMU-Pro vision,mmmu_pro_validation_Energy_and_Power_7,0,1,0.20181136769876992,2622.0
Gemma-4-31B-IT,zeroclaw,MMMU-Pro vision,mmmu_pro_validation_Energy_and_Power_8,0,0,0.1725335839888166,18341.0
Gemma-4-31B-IT,zeroclaw,MMMU-Pro vision,mmmu_pro_validation_Energy_and_Power_9,0,1,0.18564875516604096,11592.0
Gemma-4-31B-IT,zeroclaw,MMMU-Pro vision,mmmu_pro_validation_Finance_1,0,1,0.19048367814174033,2749.0
Gemma-4-31B-IT,zeroclaw,MMMU-Pro vision,mmmu_pro_validation_Finance_12,0,1,0.09861402414807159,2559.0
Gemma-4-31B-IT,zeroclaw,MMMU-Pro vision,mmmu_pro_validation_Finance_13,0,1,0.07921423912537282,1532.0
Gemma-4-31B-IT,zeroclaw,MMMU-Pro vision,mmmu_pro_validation_Finance_14,0,,0.041237013255568104,32768.0
Gemma-4-31B-IT,zeroclaw,MMMU-Pro vision,mmmu_pro_validation_Finance_15,0,1,0.08007445125468803,1574.0
Gemma-4-31B-IT,zeroclaw,MMMU-Pro vision,mmmu_pro_validation_Finance_16,0,1,0.12973304933754554,893.0
Gemma-4-31B-IT,zeroclaw,MMMU-Pro vision,mmmu_pro_validation_Finance_18,0,1,0.07736727056704369,992.0
Gemma-4-31B-IT,zeroclaw,MMMU-Pro vision,mmmu_pro_validation_Finance_19,0,1,0.04474298936907935,1805.0
Gemma-4-31B-IT,zeroclaw,MMMU-Pro vision,mmmu_pro_validation_Finance_21,0,,0.04505396645209694,32768.0
Gemma-4-31B-IT,zeroclaw,MMMU-Pro vision,mmmu_pro_validation_Finance_22,0,1,0.0768375045549822,683.0
Gemma-4-31B-IT,zeroclaw,MMMU-Pro vision,mmmu_pro_validation_Finance_26,0,1,0.11132609578843466,963.0
Gemma-4-31B-IT,zeroclaw,MMMU-Pro vision,mmmu_pro_validation_Finance_27,0,1,0.1325451926270586,919.0
Gemma-4-31B-IT,zeroclaw,MMMU-Pro vision,mmmu_pro_validation_Finance_29,0,1,0.0,
Gemma-4-31B-IT,zeroclaw,MMMU-Pro vision,mmmu_pro_validation_Finance_3,0,1,0.053932899327557696,568.0
Gemma-4-31B-IT,zeroclaw,MMMU-Pro vision,mmmu_pro_validation_Finance_4,0,1,0.05381496006178593,913.0
Gemma-4-31B-IT,zeroclaw,MMMU-Pro vision,mmmu_pro_validation_Finance_5,0,0,0.2876897523280865,3678.0
Gemma-4-31B-IT,zeroclaw,MMMU-Pro vision,mmmu_pro_validation_Finance_6,0,1,0.1479824693228956,981.0
Gemma-4-31B-IT,zeroclaw,MMMU-Pro vision,mmmu_pro_validation_Finance_7,0,1,0.08603965030672162,1741.0
Gemma-4-31B-IT,zeroclaw,MMMU-Pro vision,mmmu_pro_validation_Finance_9,0,1,0.18275482155757314,3528.0
Gemma-4-31B-IT,zeroclaw,MMMU-Pro vision,mmmu_pro_validation_Geography_1,0,1,0.16300159183168395,8749.0
Gemma-4-31B-IT,zeroclaw,MMMU-Pro vision,mmmu_pro_validation_Geography_10,0,0,0.1892181898094494,10853.0
Gemma-4-31B-IT,zeroclaw,MMMU-Pro vision,mmmu_pro_validation_Geography_11,0,0,0.241380939548145,768.0
Gemma-4-31B-IT,zeroclaw,MMMU-Pro vision,mmmu_pro_validation_Geography_16,0,0,0.36443092025386853,1158.0
Gemma-4-31B-IT,zeroclaw,MMMU-Pro vision,mmmu_pro_validation_Geography_18,0,1,0.19083020884476382,1122.0
Gemma-4-31B-IT,zeroclaw,MMMU-Pro vision,mmmu_pro_validation_Geography_30,0,0,0.2665895188261749,2253.0
Gemma-4-31B-IT,zeroclaw,MMMU-Pro vision,mmmu_pro_validation_Geography_5,0,0,0.0,
Gemma-4-31B-IT,zeroclaw,MMMU-Pro vision,mmmu_pro_validation_Geography_7,0,0,0.31698152325131,939.0
Gemma-4-31B-IT,zeroclaw,MMMU-Pro vision,mmmu_pro_validation_Geography_8,0,1,0.2223709784831913,4369.0
Gemma-4-31B-IT,zeroclaw,MMMU-Pro vision,mmmu_pro_validation_Geography_9,0,1,0.2031490466516403,5264.0
Gemma-4-31B-IT,zeroclaw,MMMU-Pro vision,mmmu_pro_validation_History_10,0,0,0.31996428204238925,1615.0
Gemma-4-31B-IT,zeroclaw,MMMU-Pro vision,mmmu_pro_validation_History_15,0,1,0.34922260380497705,1909.0
Gemma-4-31B-IT,zeroclaw,MMMU-Pro vision,mmmu_pro_validation_History_16,0,1,0.34382754492229695,794.0
Gemma-4-31B-IT,zeroclaw,MMMU-Pro vision,mmmu_pro_validation_History_17,0,1,0.40237209339385815,2560.0
Gemma-4-31B-IT,zeroclaw,MMMU-Pro vision,mmmu_pro_validation_History_2,0,1,0.3557977011883027,5974.0
Gemma-4-31B-IT,zeroclaw,MMMU-Pro vision,mmmu_pro_validation_History_5,0,0,0.2527590085850314,2414.0
Gemma-4-31B-IT,zeroclaw,MMMU-Pro vision,mmmu_pro_validation_History_6,0,0,0.2999308449071778,1279.0
Gemma-4-31B-IT,zeroclaw,MMMU-Pro vision,mmmu_pro_validation_History_7,0,0,0.32263708743746816,1175.0
Gemma-4-31B-IT,zeroclaw,MMMU-Pro vision,mmmu_pro_validation_History_8,0,0,0.28151601630540646,3036.0
Gemma-4-31B-IT,zeroclaw,MMMU-Pro vision,mmmu_pro_validation_History_9,0,0,0.32059208548965823,4807.0
Gemma-4-31B-IT,zeroclaw,MMMU-Pro vision,mmmu_pro_validation_Literature_1,0,1,0.15615660120941022,328.0
Gemma-4-31B-IT,zeroclaw,MMMU-Pro vision,mmmu_pro_validation_Literature_10,0,1,0.23628662264690883,399.0
Gemma-4-31B-IT,zeroclaw,MMMU-Pro vision,mmmu_pro_validation_Literature_11,0,1,0.14477371380970627,525.0
Gemma-4-31B-IT,zeroclaw,MMMU-Pro vision,mmmu_pro_validation_Literature_12,0,1,0.1597276416701196,1506.0
Gemma-4-31B-IT,zeroclaw,MMMU-Pro vision,mmmu_pro_validation_Literature_13,0,1,0.1932978372690774,2518.0
Gemma-4-31B-IT,zeroclaw,MMMU-Pro vision,mmmu_pro_validation_Literature_16,0,1,0.22785112049965417,486.0
Gemma-4-31B-IT,zeroclaw,MMMU-Pro vision,mmmu_pro_validation_Literature_18,0,1,0.24438547606710637,2066.0
Gemma-4-31B-IT,zeroclaw,MMMU-Pro vision,mmmu_pro_validation_Literature_2,0,1,0.3075074468915679,927.0
Gemma-4-31B-IT,zeroclaw,MMMU-Pro vision,mmmu_pro_validation_Literature_20,0,1,0.21910801988878809,4313.0
Gemma-4-31B-IT,zeroclaw,MMMU-Pro vision,mmmu_pro_validation_Literature_22,0,1,0.30823495973124143,1575.0
Gemma-4-31B-IT,zeroclaw,MMMU-Pro vision,mmmu_pro_validation_Literature_26,0,1,0.3312276194321692,6776.0
Gemma-4-31B-IT,zeroclaw,MMMU-Pro vision,mmmu_pro_validation_Literature_27,0,1,0.35607757180991745,795.0
Gemma-4-31B-IT,zeroclaw,MMMU-Pro vision,mmmu_pro_validation_Literature_28,0,0,0.37597934922447346,4420.0
Gemma-4-31B-IT,zeroclaw,MMMU-Pro vision,mmmu_pro_validation_Literature_29,0,1,0.22646839523336845,628.0
Gemma-4-31B-IT,zeroclaw,MMMU-Pro vision,mmmu_pro_validation_Literature_3,0,1,0.19962598880519777,4701.0
Gemma-4-31B-IT,zeroclaw,MMMU-Pro vision,mmmu_pro_validation_Literature_30,0,0,0.39121001346868817,1714.0
Gemma-4-31B-IT,zeroclaw,MMMU-Pro vision,mmmu_pro_validation_Literature_4,0,1,0.20926888530122154,637.0
Gemma-4-31B-IT,zeroclaw,MMMU-Pro vision,mmmu_pro_validation_Literature_5,0,1,0.3100631601262708,2927.0
Gemma-4-31B-IT,zeroclaw,MMMU-Pro vision,mmmu_pro_validation_Literature_7,0,1,0.3334722052712079,2317.0
Gemma-4-31B-IT,zeroclaw,MMMU-Pro vision,mmmu_pro_validation_Literature_8,0,1,0.29930064412431967,621.0
Gemma-4-31B-IT,zeroclaw,MMMU-Pro vision,mmmu_pro_validation_Literature_9,0,1,0.12958021284469826,1040.0
Gemma-4-31B-IT,zeroclaw,MMMU-Pro vision,mmmu_pro_validation_Manage_11,0,0,0.3346671061944952,3149.0
Gemma-4-31B-IT,zeroclaw,MMMU-Pro vision,mmmu_pro_validation_Manage_12,0,1,0.28627401322697565,1679.0
Gemma-4-31B-IT,zeroclaw,MMMU-Pro vision,mmmu_pro_validation_Manage_13,0,1,0.1104373522493854,4880.0
Gemma-4-31B-IT,zeroclaw,MMMU-Pro vision,mmmu_pro_validation_Manage_15,0,0,0.23548244097894275,4394.0
Gemma-4-31B-IT,zeroclaw,MMMU-Pro vision,mmmu_pro_validation_Manage_2,0,0,0.24808431231058795,10883.0
Gemma-4-31B-IT,zeroclaw,MMMU-Pro vision,mmmu_pro_validation_Manage_24,0,,0.0,
Gemma-4-31B-IT,zeroclaw,MMMU-Pro vision,mmmu_pro_validation_Manage_26,0,1,0.0805980403535083,2557.0
Gemma-4-31B-IT,zeroclaw,MMMU-Pro vision,mmmu_pro_validation_Manage_29,0,,0.023819720760474436,35810.0
Gemma-4-31B-IT,zeroclaw,MMMU-Pro vision,mmmu_pro_validation_Manage_30,0,1,0.1973327583287452,1995.0
Gemma-4-31B-IT,zeroclaw,MMMU-Pro vision,mmmu_pro_validation_Manage_4,0,0,0.09577079707942232,4460.0
Gemma-4-31B-IT,zeroclaw,MMMU-Pro vision,mmmu_pro_validation_Manage_6,0,0,0.38734794509387865,1283.0
Gemma-4-31B-IT,zeroclaw,MMMU-Pro vision,mmmu_pro_validation_Manage_7,0,0,0.30990243272403867,2150.0
Gemma-4-31B-IT,zeroclaw,MMMU-Pro vision,mmmu_pro_validation_Manage_8,0,0,0.23392860110332625,2275.0
Gemma-4-31B-IT,zeroclaw,MMMU-Pro vision,mmmu_pro_validation_Marketing_1,0,1,0.1515504836093759,4075.0
Gemma-4-31B-IT,zeroclaw,MMMU-Pro vision,mmmu_pro_validation_Marketing_10,0,1,0.0,
Gemma-4-31B-IT,zeroclaw,MMMU-Pro vision,mmmu_pro_validation_Marketing_12,0,0,0.14193093704312165,27056.0
Gemma-4-31B-IT,zeroclaw,MMMU-Pro vision,mmmu_pro_validation_Marketing_13,0,1,0.15905577875577645,827.0
Gemma-4-31B-IT,zeroclaw,MMMU-Pro vision,mmmu_pro_validation_Marketing_14,0,0,0.17844440009161758,1859.0
Gemma-4-31B-IT,zeroclaw,MMMU-Pro vision,mmmu_pro_validation_Marketing_15,0,1,0.07352632409830082,4085.0
Gemma-4-31B-IT,zeroclaw,MMMU-Pro vision,mmmu_pro_validation_Marketing_17,0,1,0.054127385909682246,1366.0
Gemma-4-31B-IT,zeroclaw,MMMU-Pro vision,mmmu_pro_validation_Marketing_19,0,1,0.1150026620788387,3072.0
Gemma-4-31B-IT,zeroclaw,MMMU-Pro vision,mmmu_pro_validation_Marketing_22,0,1,0.061378487508592774,1115.0
Gemma-4-31B-IT,zeroclaw,MMMU-Pro vision,mmmu_pro_validation_Marketing_23,0,1,0.12450320901041462,3021.0
Gemma-4-31B-IT,zeroclaw,MMMU-Pro vision,mmmu_pro_validation_Marketing_24,0,1,0.0646955453304313,1290.0
Gemma-4-31B-IT,zeroclaw,MMMU-Pro vision,mmmu_pro_validation_Marketing_25,0,1,0.2087108531415235,3700.0
Gemma-4-31B-IT,zeroclaw,MMMU-Pro vision,mmmu_pro_validation_Marketing_26,0,1,0.27263093060028665,2489.0
Gemma-4-31B-IT,zeroclaw,MMMU-Pro vision,mmmu_pro_validation_Marketing_28,0,1,0.19104754011702912,3590.0
Gemma-4-31B-IT,zeroclaw,MMMU-Pro vision,mmmu_pro_validation_Marketing_29,0,1,0.13343570403331947,3214.0
Gemma-4-31B-IT,zeroclaw,MMMU-Pro vision,mmmu_pro_validation_Marketing_3,0,1,0.0,
Gemma-4-31B-IT,zeroclaw,MMMU-Pro vision,mmmu_pro_validation_Marketing_30,0,1,0.13784657973860168,536.0
Gemma-4-31B-IT,zeroclaw,MMMU-Pro vision,mmmu_pro_validation_Marketing_4,0,1,0.24620744495066282,7390.0
Gemma-4-31B-IT,zeroclaw,MMMU-Pro vision,mmmu_pro_validation_Marketing_7,0,1,0.2164167240693321,6981.0
Gemma-4-31B-IT,zeroclaw,MMMU-Pro vision,mmmu_pro_validation_Marketing_9,0,1,0.10137608368974654,2909.0
Gemma-4-31B-IT,zeroclaw,MMMU-Pro vision,mmmu_pro_validation_Materials_1,0,0,0.1474879053681062,4859.0
Gemma-4-31B-IT,zeroclaw,MMMU-Pro vision,mmmu_pro_validation_Materials_10,0,1,0.2809438798550572,2292.0
Gemma-4-31B-IT,zeroclaw,MMMU-Pro vision,mmmu_pro_validation_Materials_11,0,0,0.1786791386655782,11610.0
Gemma-4-31B-IT,zeroclaw,MMMU-Pro vision,mmmu_pro_validation_Materials_12,0,1,0.12078454557319382,2292.0
Gemma-4-31B-IT,zeroclaw,MMMU-Pro vision,mmmu_pro_validation_Materials_13,0,1,0.16240401526729203,10879.0
Gemma-4-31B-IT,zeroclaw,MMMU-Pro vision,mmmu_pro_validation_Materials_14,0,1,0.15840960705362975,3527.0
Gemma-4-31B-IT,zeroclaw,MMMU-Pro vision,mmmu_pro_validation_Materials_16,0,0,0.16848429209331328,3602.0
Gemma-4-31B-IT,zeroclaw,MMMU-Pro vision,mmmu_pro_validation_Materials_17,0,1,0.20762771247828837,15403.0
Gemma-4-31B-IT,zeroclaw,MMMU-Pro vision,mmmu_pro_validation_Materials_18,0,1,0.19003218653824072,16199.0
Gemma-4-31B-IT,zeroclaw,MMMU-Pro vision,mmmu_pro_validation_Materials_19,0,,0.04180749813694783,34201.0
Gemma-4-31B-IT,zeroclaw,MMMU-Pro vision,mmmu_pro_validation_Materials_2,0,1,0.21870381521512502,3292.0
Gemma-4-31B-IT,zeroclaw,MMMU-Pro vision,mmmu_pro_validation_Materials_20,0,1,0.23359967305804208,3268.0
Gemma-4-31B-IT,zeroclaw,MMMU-Pro vision,mmmu_pro_validation_Materials_21,0,,0.07362463338582932,33628.0
Gemma-4-31B-IT,zeroclaw,MMMU-Pro vision,mmmu_pro_validation_Materials_22,0,,0.10051801587465813,43614.0
Gemma-4-31B-IT,zeroclaw,MMMU-Pro vision,mmmu_pro_validation_Materials_23,0,1,0.1329721410998267,3766.0
Gemma-4-31B-IT,zeroclaw,MMMU-Pro vision,mmmu_pro_validation_Materials_24,0,0,0.2530002912744621,7542.0
Gemma-4-31B-IT,zeroclaw,MMMU-Pro vision,mmmu_pro_validation_Materials_25,0,1,0.07363078775627556,669.0
Gemma-4-31B-IT,zeroclaw,MMMU-Pro vision,mmmu_pro_validation_Materials_27,0,,0.0,
Gemma-4-31B-IT,zeroclaw,MMMU-Pro vision,mmmu_pro_validation_Materials_28,0,0,0.21609746657593232,13327.0
Gemma-4-31B-IT,zeroclaw,MMMU-Pro vision,mmmu_pro_validation_Materials_29,0,1,0.1391749464562849,3229.0
Gemma-4-31B-IT,zeroclaw,MMMU-Pro vision,mmmu_pro_validation_Materials_3,0,0,0.2250453634396813,8701.0
Gemma-4-31B-IT,zeroclaw,MMMU-Pro vision,mmmu_pro_validation_Materials_30,0,0,0.18870004598712453,1003.0
Gemma-4-31B-IT,zeroclaw,MMMU-Pro vision,mmmu_pro_validation_Materials_4,0,0,0.18531784722147746,12956.0
Gemma-4-31B-IT,zeroclaw,MMMU-Pro vision,mmmu_pro_validation_Materials_6,0,,0.029953362876853986,32768.0
Gemma-4-31B-IT,zeroclaw,MMMU-Pro vision,mmmu_pro_validation_Materials_7,0,1,0.2798098144220555,4325.0
Gemma-4-31B-IT,zeroclaw,MMMU-Pro vision,mmmu_pro_validation_Materials_8,0,1,0.12491904828436816,7940.0
Gemma-4-31B-IT,zeroclaw,MMMU-Pro vision,mmmu_pro_validation_Materials_9,0,1,0.1556154063182599,13391.0
Gemma-4-31B-IT,zeroclaw,MMMU-Pro vision,mmmu_pro_validation_Math_1,0,1,0.21618174368253903,1581.0
Gemma-4-31B-IT,zeroclaw,MMMU-Pro vision,mmmu_pro_validation_Math_12,0,0,0.17976075980312983,12493.0
Gemma-4-31B-IT,zeroclaw,MMMU-Pro vision,mmmu_pro_validation_Math_14,0,1,0.08596681924965231,2241.0
Gemma-4-31B-IT,zeroclaw,MMMU-Pro vision,mmmu_pro_validation_Math_16,0,1,0.1180386000016878,2765.0
Gemma-4-31B-IT,zeroclaw,MMMU-Pro vision,mmmu_pro_validation_Math_17,0,1,0.18505838469902516,12936.0
Gemma-4-31B-IT,zeroclaw,MMMU-Pro vision,mmmu_pro_validation_Math_19,0,,0.04311115727298934,35824.0
Gemma-4-31B-IT,zeroclaw,MMMU-Pro vision,mmmu_pro_validation_Math_2,0,1,0.25598380589049874,7912.0
Gemma-4-31B-IT,zeroclaw,MMMU-Pro vision,mmmu_pro_validation_Math_20,0,0,0.17587632430507857,10698.0
Gemma-4-31B-IT,zeroclaw,MMMU-Pro vision,mmmu_pro_validation_Math_22,0,1,0.1235689462779614,4920.0
Gemma-4-31B-IT,zeroclaw,MMMU-Pro vision,mmmu_pro_validation_Math_24,0,1,0.15575845257010112,2203.0
Gemma-4-31B-IT,zeroclaw,MMMU-Pro vision,mmmu_pro_validation_Math_25,0,1,0.07548289867448954,694.0
Gemma-4-31B-IT,zeroclaw,MMMU-Pro vision,mmmu_pro_validation_Math_26,0,,0.026069153267084744,32768.0
Gemma-4-31B-IT,zeroclaw,MMMU-Pro vision,mmmu_pro_validation_Math_27,0,1,0.0664399727580781,626.0
Gemma-4-31B-IT,zeroclaw,MMMU-Pro vision,mmmu_pro_validation_Math_28,0,1,0.2348212962631136,2164.0
Gemma-4-31B-IT,zeroclaw,MMMU-Pro vision,mmmu_pro_validation_Math_29,0,1,0.08480640841222195,1494.0
Gemma-4-31B-IT,zeroclaw,MMMU-Pro vision,mmmu_pro_validation_Math_3,0,,0.027346451028595026,32768.0
Gemma-4-31B-IT,zeroclaw,MMMU-Pro vision,mmmu_pro_validation_Math_30,0,1,0.09762853618840793,2936.0
Gemma-4-31B-IT,zeroclaw,MMMU-Pro vision,mmmu_pro_validation_Math_4,0,0,0.10029893218823137,1998.0
Gemma-4-31B-IT,zeroclaw,MMMU-Pro vision,mmmu_pro_validation_Math_5,0,1,0.09091562566182917,2421.0
Gemma-4-31B-IT,zeroclaw,MMMU-Pro vision,mmmu_pro_validation_Math_7,0,1,0.20339234761627623,2589.0
Gemma-4-31B-IT,zeroclaw,MMMU-Pro vision,mmmu_pro_validation_Math_8,0,0,0.07845099769894175,4827.0
Gemma-4-31B-IT,zeroclaw,MMMU-Pro vision,mmmu_pro_validation_Mechanical_Engineering_1,0,,0.041328199366033345,35702.0
Gemma-4-31B-IT,zeroclaw,MMMU-Pro vision,mmmu_pro_validation_Mechanical_Engineering_10,0,1,0.11659752770803301,1746.0
Gemma-4-31B-IT,zeroclaw,MMMU-Pro vision,mmmu_pro_validation_Mechanical_Engineering_12,0,0,0.25168135325931057,12387.0
Gemma-4-31B-IT,zeroclaw,MMMU-Pro vision,mmmu_pro_validation_Mechanical_Engineering_14,0,1,0.18574449255143255,16939.0
Gemma-4-31B-IT,zeroclaw,MMMU-Pro vision,mmmu_pro_validation_Mechanical_Engineering_15,0,0,0.3008396210382412,15550.0
Gemma-4-31B-IT,zeroclaw,MMMU-Pro vision,mmmu_pro_validation_Mechanical_Engineering_16,0,1,0.09251644347841652,1936.0
Gemma-4-31B-IT,zeroclaw,MMMU-Pro vision,mmmu_pro_validation_Mechanical_Engineering_17,0,1,0.31328747241252153,4806.0
Gemma-4-31B-IT,zeroclaw,MMMU-Pro vision,mmmu_pro_validation_Mechanical_Engineering_18,0,,0.07452125525493335,34103.0
Gemma-4-31B-IT,zeroclaw,MMMU-Pro vision,mmmu_pro_validation_Mechanical_Engineering_2,0,,0.031403527120640325,32768.0
Gemma-4-31B-IT,zeroclaw,MMMU-Pro vision,mmmu_pro_validation_Mechanical_Engineering_20,0,1,0.0,
Gemma-4-31B-IT,zeroclaw,MMMU-Pro vision,mmmu_pro_validation_Mechanical_Engineering_22,0,1,0.11915475625046854,2151.0
Gemma-4-31B-IT,zeroclaw,MMMU-Pro vision,mmmu_pro_validation_Mechanical_Engineering_23,0,0,0.20151356189241776,9152.0
Gemma-4-31B-IT,zeroclaw,MMMU-Pro vision,mmmu_pro_validation_Mechanical_Engineering_24,0,1,0.09046791248386875,288.0
Gemma-4-31B-IT,zeroclaw,MMMU-Pro vision,mmmu_pro_validation_Mechanical_Engineering_25,0,1,0.11753705283394418,1187.0
Gemma-4-31B-IT,zeroclaw,MMMU-Pro vision,mmmu_pro_validation_Mechanical_Engineering_26,0,0,0.2802371071558514,1762.0
Gemma-4-31B-IT,zeroclaw,MMMU-Pro vision,mmmu_pro_validation_Mechanical_Engineering_27,0,1,0.1655950248939916,12013.0
Gemma-4-31B-IT,zeroclaw,MMMU-Pro vision,mmmu_pro_validation_Mechanical_Engineering_28,0,1,0.16161481739711753,16457.0
Gemma-4-31B-IT,zeroclaw,MMMU-Pro vision,mmmu_pro_validation_Mechanical_Engineering_29,0,1,0.10770389598492579,2071.0
Gemma-4-31B-IT,zeroclaw,MMMU-Pro vision,mmmu_pro_validation_Mechanical_Engineering_3,0,0,0.26992619744816226,9910.0
Gemma-4-31B-IT,zeroclaw,MMMU-Pro vision,mmmu_pro_validation_Mechanical_Engineering_30,0,0,0.25842305304142976,9627.0
Gemma-4-31B-IT,zeroclaw,MMMU-Pro vision,mmmu_pro_validation_Mechanical_Engineering_4,0,1,0.21117315050617796,14472.0
Gemma-4-31B-IT,zeroclaw,MMMU-Pro vision,mmmu_pro_validation_Mechanical_Engineering_5,0,1,0.11113065815752618,5431.0
Gemma-4-31B-IT,zeroclaw,MMMU-Pro vision,mmmu_pro_validation_Mechanical_Engineering_6,0,1,0.1300236826757071,4694.0
Gemma-4-31B-IT,zeroclaw,MMMU-Pro vision,mmmu_pro_validation_Mechanical_Engineering_7,0,0,0.15769412260292534,4649.0
Gemma-4-31B-IT,zeroclaw,MMMU-Pro vision,mmmu_pro_validation_Mechanical_Engineering_8,0,,0.023567059135476794,33272.0
Gemma-4-31B-IT,zeroclaw,MMMU-Pro vision,mmmu_pro_validation_Music_1,0,0,0.22776539175478439,2001.0
Gemma-4-31B-IT,zeroclaw,MMMU-Pro vision,mmmu_pro_validation_Music_11,0,0,0.2678401207746612,1027.0
Gemma-4-31B-IT,zeroclaw,MMMU-Pro vision,mmmu_pro_validation_Music_12,0,1,0.16122201549327356,659.0
Gemma-4-31B-IT,zeroclaw,MMMU-Pro vision,mmmu_pro_validation_Music_13,0,0,0.236760210553992,9289.0
Gemma-4-31B-IT,zeroclaw,MMMU-Pro vision,mmmu_pro_validation_Music_14,0,,0.003685844342033755,32811.0
Gemma-4-31B-IT,zeroclaw,MMMU-Pro vision,mmmu_pro_validation_Music_15,0,0,0.1467443609342506,16375.0
Gemma-4-31B-IT,zeroclaw,MMMU-Pro vision,mmmu_pro_validation_Music_16,0,,0.04008639039477658,34767.0
Gemma-4-31B-IT,zeroclaw,MMMU-Pro vision,mmmu_pro_validation_Music_17,0,0,0.1929923236975764,15431.0
Gemma-4-31B-IT,zeroclaw,MMMU-Pro vision,mmmu_pro_validation_Music_18,0,,0.007944133224618429,32768.0
Gemma-4-31B-IT,zeroclaw,MMMU-Pro vision,mmmu_pro_validation_Music_19,0,,0.04572340801842413,37000.0
Gemma-4-31B-IT,zeroclaw,MMMU-Pro vision,mmmu_pro_validation_Music_2,0,,0.03242585731654325,33697.0
Gemma-4-31B-IT,zeroclaw,MMMU-Pro vision,mmmu_pro_validation_Music_20,0,0,0.1344320701396311,3826.0
Gemma-4-31B-IT,zeroclaw,MMMU-Pro vision,mmmu_pro_validation_Music_21,0,0,0.2548036670543128,3906.0
Gemma-4-31B-IT,zeroclaw,MMMU-Pro vision,mmmu_pro_validation_Music_22,0,,0.015025498277029172,33225.0
Gemma-4-31B-IT,zeroclaw,MMMU-Pro vision,mmmu_pro_validation_Music_23,0,0,0.23935020760500345,12951.0
Gemma-4-31B-IT,zeroclaw,MMMU-Pro vision,mmmu_pro_validation_Music_24,0,0,0.24223453030832356,7178.0
Gemma-4-31B-IT,zeroclaw,MMMU-Pro vision,mmmu_pro_validation_Music_25,0,0,0.16848432123538673,1138.0
Gemma-4-31B-IT,zeroclaw,MMMU-Pro vision,mmmu_pro_validation_Music_27,0,0,0.3533998683865384,1621.0
Gemma-4-31B-IT,zeroclaw,MMMU-Pro vision,mmmu_pro_validation_Music_28,0,,0.059969691827808466,44251.0
Gemma-4-31B-IT,zeroclaw,MMMU-Pro vision,mmmu_pro_validation_Music_29,0,1,0.2606187123404306,5627.0
Gemma-4-31B-IT,zeroclaw,MMMU-Pro vision,mmmu_pro_validation_Music_3,0,0,0.1569621785185293,969.0
Gemma-4-31B-IT,zeroclaw,MMMU-Pro vision,mmmu_pro_validation_Music_30,0,1,0.2646773209507799,1767.0
Gemma-4-31B-IT,zeroclaw,MMMU-Pro vision,mmmu_pro_validation_Music_4,0,0,0.17950785502274125,1701.0
Gemma-4-31B-IT,zeroclaw,MMMU-Pro vision,mmmu_pro_validation_Music_5,0,1,0.2461132438657717,1240.0
Gemma-4-31B-IT,zeroclaw,MMMU-Pro vision,mmmu_pro_validation_Music_6,0,1,0.300603275865912,2775.0
Gemma-4-31B-IT,zeroclaw,MMMU-Pro vision,mmmu_pro_validation_Music_7,0,0,0.2292011904586883,2607.0
Gemma-4-31B-IT,zeroclaw,MMMU-Pro vision,mmmu_pro_validation_Music_8,0,,0.05897133910688641,34746.0
Gemma-4-31B-IT,zeroclaw,MMMU-Pro vision,mmmu_pro_validation_Music_9,0,,0.04222240789958057,35810.0
Gemma-4-31B-IT,zeroclaw,MMMU-Pro vision,mmmu_pro_validation_Pharmacy_1,0,1,0.05757552145833285,1887.0
Gemma-4-31B-IT,zeroclaw,MMMU-Pro vision,mmmu_pro_validation_Pharmacy_10,0,0,0.28406100324717104,5298.0
Gemma-4-31B-IT,zeroclaw,MMMU-Pro vision,mmmu_pro_validation_Pharmacy_11,0,1,0.20360123118195586,499.0
Gemma-4-31B-IT,zeroclaw,MMMU-Pro vision,mmmu_pro_validation_Pharmacy_14,0,1,0.12281626192153923,589.0
Gemma-4-31B-IT,zeroclaw,MMMU-Pro vision,mmmu_pro_validation_Pharmacy_17,0,1,0.3065166579061916,1563.0
Gemma-4-31B-IT,zeroclaw,MMMU-Pro vision,mmmu_pro_validation_Pharmacy_18,0,1,0.3003634360157157,2294.0
Gemma-4-31B-IT,zeroclaw,MMMU-Pro vision,mmmu_pro_validation_Pharmacy_21,0,0,0.30333478508993245,1452.0
Gemma-4-31B-IT,zeroclaw,MMMU-Pro vision,mmmu_pro_validation_Pharmacy_22,0,1,0.06515708911181403,1614.0
Gemma-4-31B-IT,zeroclaw,MMMU-Pro vision,mmmu_pro_validation_Pharmacy_23,0,,0.06249788978787534,32768.0
Gemma-4-31B-IT,zeroclaw,MMMU-Pro vision,mmmu_pro_validation_Pharmacy_24,0,0,0.29872253302818497,2169.0
Gemma-4-31B-IT,zeroclaw,MMMU-Pro vision,mmmu_pro_validation_Pharmacy_27,0,1,0.06706556869546586,2115.0
Gemma-4-31B-IT,zeroclaw,MMMU-Pro vision,mmmu_pro_validation_Pharmacy_28,0,0,0.2805620794627914,3467.0
Gemma-4-31B-IT,zeroclaw,MMMU-Pro vision,mmmu_pro_validation_Pharmacy_30,0,1,0.0,
Gemma-4-31B-IT,zeroclaw,MMMU-Pro vision,mmmu_pro_validation_Pharmacy_4,0,1,0.2245756241709807,4395.0
Gemma-4-31B-IT,zeroclaw,MMMU-Pro vision,mmmu_pro_validation_Pharmacy_7,0,1,0.15721464921252218,3301.0
Gemma-4-31B-IT,zeroclaw,MMMU-Pro vision,mmmu_pro_validation_Pharmacy_8,0,1,0.20722981686373054,1338.0
Gemma-4-31B-IT,zeroclaw,MMMU-Pro vision,mmmu_pro_validation_Pharmacy_9,0,1,0.20009502568499013,466.0
Gemma-4-31B-IT,zeroclaw,MMMU-Pro vision,mmmu_pro_validation_Physics_1,0,1,0.17369636717059425,2569.0
Gemma-4-31B-IT,zeroclaw,MMMU-Pro vision,mmmu_pro_validation_Physics_11,0,1,0.14317413782524632,1700.0
Gemma-4-31B-IT,zeroclaw,MMMU-Pro vision,mmmu_pro_validation_Physics_12,0,1,0.2454626877942993,1049.0
Gemma-4-31B-IT,zeroclaw,MMMU-Pro vision,mmmu_pro_validation_Physics_13,0,0,0.16869164683345272,19359.0
Gemma-4-31B-IT,zeroclaw,MMMU-Pro vision,mmmu_pro_validation_Physics_14,0,1,0.11483396979110772,2254.0
Gemma-4-31B-IT,zeroclaw,MMMU-Pro vision,mmmu_pro_validation_Physics_15,0,1,0.2071507885426686,3082.0
Gemma-4-31B-IT,zeroclaw,MMMU-Pro vision,mmmu_pro_validation_Physics_16,0,1,0.17075512088270034,862.0
Gemma-4-31B-IT,zeroclaw,MMMU-Pro vision,mmmu_pro_validation_Physics_17,0,0,0.15521738154298212,873.0
Gemma-4-31B-IT,zeroclaw,MMMU-Pro vision,mmmu_pro_validation_Physics_18,0,1,0.20611481757537045,4626.0
Gemma-4-31B-IT,zeroclaw,MMMU-Pro vision,mmmu_pro_validation_Physics_19,0,0,0.236679174991592,1522.0
Gemma-4-31B-IT,zeroclaw,MMMU-Pro vision,mmmu_pro_validation_Physics_2,0,1,0.19703509076706419,1702.0
Gemma-4-31B-IT,zeroclaw,MMMU-Pro vision,mmmu_pro_validation_Physics_20,0,0,0.24567354705179448,5052.0
Gemma-4-31B-IT,zeroclaw,MMMU-Pro vision,mmmu_pro_validation_Physics_23,0,1,0.1024977108842008,1617.0
Gemma-4-31B-IT,zeroclaw,MMMU-Pro vision,mmmu_pro_validation_Physics_25,0,1,0.19341672843323368,3655.0
Gemma-4-31B-IT,zeroclaw,MMMU-Pro vision,mmmu_pro_validation_Physics_26,0,1,0.24892652343421862,930.0
Gemma-4-31B-IT,zeroclaw,MMMU-Pro vision,mmmu_pro_validation_Physics_27,0,1,0.23695840206355243,6208.0
Gemma-4-31B-IT,zeroclaw,MMMU-Pro vision,mmmu_pro_validation_Physics_28,0,1,0.19159471735529923,1096.0
Gemma-4-31B-IT,zeroclaw,MMMU-Pro vision,mmmu_pro_validation_Physics_29,0,1,0.1514176942233172,1774.0
Gemma-4-31B-IT,zeroclaw,MMMU-Pro vision,mmmu_pro_validation_Physics_30,0,0,0.0,
Gemma-4-31B-IT,zeroclaw,MMMU-Pro vision,mmmu_pro_validation_Physics_4,0,1,0.13928057692977958,3379.0
Gemma-4-31B-IT,zeroclaw,MMMU-Pro vision,mmmu_pro_validation_Physics_5,0,1,0.06020134081044713,866.0
Gemma-4-31B-IT,zeroclaw,MMMU-Pro vision,mmmu_pro_validation_Physics_7,0,1,0.21878254167594738,1767.0
Gemma-4-31B-IT,zeroclaw,MMMU-Pro vision,mmmu_pro_validation_Physics_8,0,1,0.1127277645748024,1273.0
Gemma-4-31B-IT,zeroclaw,MMMU-Pro vision,mmmu_pro_validation_Physics_9,0,0,0.17981021396436772,28902.0
Gemma-4-31B-IT,zeroclaw,MMMU-Pro vision,mmmu_pro_validation_Psychology_1,0,1,0.159992322941603,385.0
Gemma-4-31B-IT,zeroclaw,MMMU-Pro vision,mmmu_pro_validation_Psychology_12,0,0,0.34831708290133895,2318.0
Gemma-4-31B-IT,zeroclaw,MMMU-Pro vision,mmmu_pro_validation_Psychology_13,0,1,0.29711262729669197,1218.0
Gemma-4-31B-IT,zeroclaw,MMMU-Pro vision,mmmu_pro_validation_Psychology_15,0,1,0.2625655624554407,978.0
Gemma-4-31B-IT,zeroclaw,MMMU-Pro vision,mmmu_pro_validation_Psychology_16,0,1,0.2742457984927955,2574.0
Gemma-4-31B-IT,zeroclaw,MMMU-Pro vision,mmmu_pro_validation_Psychology_17,0,1,0.255305949578162,1096.0
Gemma-4-31B-IT,zeroclaw,MMMU-Pro vision,mmmu_pro_validation_Psychology_18,0,1,0.16761882606333284,1198.0
Gemma-4-31B-IT,zeroclaw,MMMU-Pro vision,mmmu_pro_validation_Psychology_19,0,1,0.28333838021669133,1473.0
Gemma-4-31B-IT,zeroclaw,MMMU-Pro vision,mmmu_pro_validation_Psychology_21,0,0,0.2305162355321854,2934.0
Gemma-4-31B-IT,zeroclaw,MMMU-Pro vision,mmmu_pro_validation_Psychology_24,0,0,0.1952743104124412,1173.0
Gemma-4-31B-IT,zeroclaw,MMMU-Pro vision,mmmu_pro_validation_Psychology_26,0,0,0.2306151229987376,2298.0
Gemma-4-31B-IT,zeroclaw,MMMU-Pro vision,mmmu_pro_validation_Psychology_29,0,1,0.29271785287712626,2262.0
Gemma-4-31B-IT,zeroclaw,MMMU-Pro vision,mmmu_pro_validation_Psychology_3,0,1,0.35286097826784085,1913.0
Gemma-4-31B-IT,zeroclaw,MMMU-Pro vision,mmmu_pro_validation_Psychology_30,0,0,0.28591092393532164,5390.0
Gemma-4-31B-IT,zeroclaw,MMMU-Pro vision,mmmu_pro_validation_Psychology_4,0,0,0.3268227692153061,1504.0
Gemma-4-31B-IT,zeroclaw,MMMU-Pro vision,mmmu_pro_validation_Psychology_5,0,1,0.2277484047467786,679.0
Gemma-4-31B-IT,zeroclaw,MMMU-Pro vision,mmmu_pro_validation_Psychology_6,0,0,0.0,
Gemma-4-31B-IT,zeroclaw,MMMU-Pro vision,mmmu_pro_validation_Psychology_7,0,1,0.16900478371388716,740.0
Gemma-4-31B-IT,zeroclaw,MMMU-Pro vision,mmmu_pro_validation_Psychology_8,0,1,0.07264798947665906,774.0
Gemma-4-31B-IT,zeroclaw,MMMU-Pro vision,mmmu_pro_validation_Public_Health_1,0,1,0.18357362465994925,2689.0
Gemma-4-31B-IT,zeroclaw,MMMU-Pro vision,mmmu_pro_validation_Public_Health_10,0,1,0.20123342716001782,2424.0
Gemma-4-31B-IT,zeroclaw,MMMU-Pro vision,mmmu_pro_validation_Public_Health_14,0,1,0.0744746911926183,762.0
Gemma-4-31B-IT,zeroclaw,MMMU-Pro vision,mmmu_pro_validation_Public_Health_15,0,1,0.09613101163998092,818.0
Gemma-4-31B-IT,zeroclaw,MMMU-Pro vision,mmmu_pro_validation_Public_Health_16,0,1,0.20338336242597313,8285.0
Gemma-4-31B-IT,zeroclaw,MMMU-Pro vision,mmmu_pro_validation_Public_Health_17,0,1,0.20302556771115615,3045.0
Gemma-4-31B-IT,zeroclaw,MMMU-Pro vision,mmmu_pro_validation_Public_Health_2,0,1,0.10012238146353639,588.0
Gemma-4-31B-IT,zeroclaw,MMMU-Pro vision,mmmu_pro_validation_Public_Health_20,0,1,0.3012757475962345,3474.0
Gemma-4-31B-IT,zeroclaw,MMMU-Pro vision,mmmu_pro_validation_Public_Health_21,0,1,0.2391742813643282,2283.0
Gemma-4-31B-IT,zeroclaw,MMMU-Pro vision,mmmu_pro_validation_Public_Health_23,0,1,0.28980315675564106,2225.0
Gemma-4-31B-IT,zeroclaw,MMMU-Pro vision,mmmu_pro_validation_Public_Health_24,0,0,0.14954331803364998,8787.0
Gemma-4-31B-IT,zeroclaw,MMMU-Pro vision,mmmu_pro_validation_Public_Health_25,0,1,0.14700718841776256,1302.0
Gemma-4-31B-IT,zeroclaw,MMMU-Pro vision,mmmu_pro_validation_Public_Health_27,0,1,0.27484042128286756,4584.0
Gemma-4-31B-IT,zeroclaw,MMMU-Pro vision,mmmu_pro_validation_Public_Health_28,0,1,0.21677164997788592,9388.0
Gemma-4-31B-IT,zeroclaw,MMMU-Pro vision,mmmu_pro_validation_Public_Health_29,0,1,0.07581353518125074,2200.0
Gemma-4-31B-IT,zeroclaw,MMMU-Pro vision,mmmu_pro_validation_Public_Health_30,0,1,0.1070093864976686,1902.0
Gemma-4-31B-IT,zeroclaw,MMMU-Pro vision,mmmu_pro_validation_Public_Health_5,0,1,0.05951011720233489,828.0
Gemma-4-31B-IT,zeroclaw,MMMU-Pro vision,mmmu_pro_validation_Public_Health_7,0,0,0.26443414740571775,3659.0
Gemma-4-31B-IT,zeroclaw,MMMU-Pro vision,mmmu_pro_validation_Public_Health_8,0,1,0.2298404351456675,8823.0
Gemma-4-31B-IT,zeroclaw,MMMU-Pro vision,mmmu_pro_validation_Public_Health_9,0,0,0.17883880847468014,8745.0
Gemma-4-31B-IT,zeroclaw,MMMU-Pro vision,mmmu_pro_validation_Sociology_1,0,1,0.26535547959737193,4421.0
Gemma-4-31B-IT,zeroclaw,MMMU-Pro vision,mmmu_pro_validation_Sociology_10,0,1,0.3663737104252081,2317.0
Gemma-4-31B-IT,zeroclaw,MMMU-Pro vision,mmmu_pro_validation_Sociology_11,0,1,0.31667896042860383,936.0
Gemma-4-31B-IT,zeroclaw,MMMU-Pro vision,mmmu_pro_validation_Sociology_12,0,1,0.4001897809089678,3272.0
Gemma-4-31B-IT,zeroclaw,MMMU-Pro vision,mmmu_pro_validation_Sociology_15,0,0,0.3357434976454994,3271.0
Gemma-4-31B-IT,zeroclaw,MMMU-Pro vision,mmmu_pro_validation_Sociology_17,0,1,0.24235568412922567,1392.0
Gemma-4-31B-IT,zeroclaw,MMMU-Pro vision,mmmu_pro_validation_Sociology_20,0,0,0.30230071169598033,1001.0
Gemma-4-31B-IT,zeroclaw,MMMU-Pro vision,mmmu_pro_validation_Sociology_21,0,0,0.22224676409839397,881.0
Gemma-4-31B-IT,zeroclaw,MMMU-Pro vision,mmmu_pro_validation_Sociology_22,0,1,0.32584644264351176,2654.0
Gemma-4-31B-IT,zeroclaw,MMMU-Pro vision,mmmu_pro_validation_Sociology_25,0,0,0.2782477172592338,3051.0
Gemma-4-31B-IT,zeroclaw,MMMU-Pro vision,mmmu_pro_validation_Sociology_28,0,1,0.2994299703414998,3723.0
Gemma-4-31B-IT,zeroclaw,MMMU-Pro vision,mmmu_pro_validation_Sociology_29,0,1,0.3066555542032938,1497.0
Gemma-4-31B-IT,zeroclaw,MMMU-Pro vision,mmmu_pro_validation_Sociology_30,0,1,0.2838978727054568,410.0
Gemma-4-31B-IT,zeroclaw,MMMU-Pro vision,mmmu_pro_validation_Sociology_4,0,1,0.330171787775684,838.0
Gemma-4-31B-IT,zeroclaw,MMMU-Pro vision,mmmu_pro_validation_Sociology_5,0,0,0.36836034984533417,2724.0
Gemma-4-31B-IT,zeroclaw,MMMU-Pro vision,mmmu_pro_validation_Sociology_8,0,1,0.34690267448662726,1026.0
