task_id,harness,n_segments,arm_sequence,dominant_mode,dominant_rate,arm_entropy,PD->PD,reason->PD,reason->IC,PD->reason,reason->UN,UN->reason,RR->reason,PD->IC,rate_SE,rate_PD,rate_IC,rate_UN,rate_RR,rate_reason,correct,score,outcome
gpqa_0,directllm,7,IC|PD|reason|UN|PD|PD|reason,PD,0.4286,1.277,0.16666666666666666,0.0,0.0,0.3333333333333333,0.16666666666666666,0.0,0.0,0.0,0.0,0.42857142857142855,0.14285714285714285,0.14285714285714285,0.0,0.2857142857142857,True,1.0,correct
gpqa_1,directllm,7,RR|reason|PD|PD|reason|PD|reason,reason,0.4286,1.0042,0.16666666666666666,0.3333333333333333,0.0,0.3333333333333333,0.0,0.0,0.16666666666666666,0.0,0.0,0.42857142857142855,0.0,0.0,0.14285714285714285,0.42857142857142855,True,1.0,correct
gpqa_10,directllm,6,PD|reason|PD|PD|UN|reason,PD,0.5,1.0114,0.2,0.2,0.0,0.2,0.0,0.2,0.0,0.0,0.0,0.5,0.0,0.16666666666666666,0.0,0.3333333333333333,True,1.0,correct
gpqa_100,directllm,4,RR|reason|PD|reason,reason,0.5,1.0397,0.0,0.3333333333333333,0.0,0.3333333333333333,0.0,0.0,0.3333333333333333,0.0,0.0,0.25,0.0,0.0,0.25,0.5,False,0.0,wrong
gpqa_101,directllm,5,RR|reason|reason|reason|PD,reason,0.6,0.9503,0.0,0.25,0.0,0.0,0.0,0.0,0.25,0.0,0.0,0.2,0.0,0.0,0.2,0.6,True,1.0,correct
gpqa_102,directllm,7,RR|reason|PD|PD|PD|PD|reason,PD,0.5714,0.9557,0.5,0.16666666666666666,0.0,0.16666666666666666,0.0,0.0,0.16666666666666666,0.0,0.0,0.5714285714285714,0.0,0.0,0.14285714285714285,0.2857142857142857,False,0.0,wrong
gpqa_103,directllm,5,RR|reason|reason|reason|reason,reason,0.8,0.5004,0.0,0.0,0.0,0.0,0.0,0.0,0.25,0.0,0.0,0.0,0.0,0.0,0.2,0.8,False,0.0,wrong
gpqa_104,directllm,6,RR|reason|reason|reason|reason|reason,reason,0.8333,0.4506,0.0,0.0,0.0,0.0,0.0,0.0,0.2,0.0,0.0,0.0,0.0,0.0,0.16666666666666666,0.8333333333333334,True,1.0,correct
gpqa_105,directllm,8,RR|reason|PD|PD|PD|PD|PD|reason,PD,0.625,0.9003,0.5714285714285714,0.14285714285714285,0.0,0.14285714285714285,0.0,0.0,0.14285714285714285,0.0,0.0,0.625,0.0,0.0,0.125,0.25,True,1.0,correct
gpqa_106,directllm,1,RR,RR,1.0,0.0,0.0,0.0,0.0,0.0,0.0,0.0,0.0,0.0,0.0,0.0,0.0,0.0,1.0,0.0,False,0.0,wrong
gpqa_107,directllm,8,RR|reason|reason|reason|reason|reason|PD|PD,reason,0.625,0.9003,0.14285714285714285,0.14285714285714285,0.0,0.0,0.0,0.0,0.14285714285714285,0.0,0.0,0.25,0.0,0.0,0.125,0.625,True,1.0,correct
gpqa_108,directllm,8,RR|reason|reason|reason|reason|PD|reason|reason,reason,0.75,0.7356,0.0,0.14285714285714285,0.0,0.14285714285714285,0.0,0.0,0.14285714285714285,0.0,0.0,0.125,0.0,0.0,0.125,0.75,False,0.0,wrong
gpqa_109,directllm,8,RR|PD|PD|PD|PD|PD|reason|reason,PD,0.625,0.9003,0.5714285714285714,0.0,0.0,0.14285714285714285,0.0,0.0,0.0,0.0,0.0,0.625,0.0,0.0,0.125,0.25,False,0.0,wrong
gpqa_11,directllm,8,RR|reason|reason|reason|reason|reason|reason|reason,reason,0.875,0.3768,0.0,0.0,0.0,0.0,0.0,0.0,0.14285714285714285,0.0,0.0,0.0,0.0,0.0,0.125,0.875,True,1.0,correct
gpqa_110,directllm,6,RR|PD|reason|PD|reason|reason,reason,0.5,1.0114,0.0,0.2,0.0,0.4,0.0,0.0,0.0,0.0,0.0,0.3333333333333333,0.0,0.0,0.16666666666666666,0.5,False,0.0,wrong
gpqa_111,directllm,5,RR|reason|reason|PD|reason,reason,0.6,0.9503,0.0,0.25,0.0,0.25,0.0,0.0,0.25,0.0,0.0,0.2,0.0,0.0,0.2,0.6,True,1.0,correct
gpqa_112,directllm,8,RR|reason|PD|PD|PD|reason|UN|reason,reason,0.375,1.2555,0.2857142857142857,0.14285714285714285,0.0,0.14285714285714285,0.14285714285714285,0.14285714285714285,0.14285714285714285,0.0,0.0,0.375,0.0,0.125,0.125,0.375,False,0.0,wrong
gpqa_113,directllm,8,RR|PD|reason|reason|reason|reason|reason|reason,reason,0.75,0.7356,0.0,0.0,0.0,0.14285714285714285,0.0,0.0,0.0,0.0,0.0,0.125,0.0,0.0,0.125,0.75,True,1.0,correct
gpqa_114,directllm,4,RR|PD|reason|reason,reason,0.5,1.0397,0.0,0.0,0.0,0.3333333333333333,0.0,0.0,0.0,0.0,0.0,0.25,0.0,0.0,0.25,0.5,True,1.0,correct
gpqa_115,directllm,7,RR|PD|reason|IC|reason|reason|reason,reason,0.5714,1.1537,0.0,0.0,0.16666666666666666,0.16666666666666666,0.0,0.0,0.0,0.0,0.0,0.14285714285714285,0.14285714285714285,0.0,0.14285714285714285,0.5714285714285714,True,1.0,correct
gpqa_116,directllm,3,RR|reason|reason,reason,0.6667,0.6365,0.0,0.0,0.0,0.0,0.0,0.0,0.5,0.0,0.0,0.0,0.0,0.0,0.3333333333333333,0.6666666666666666,False,0.0,wrong
gpqa_117,directllm,7,RR|reason|reason|reason|reason|reason|reason,reason,0.8571,0.4101,0.0,0.0,0.0,0.0,0.0,0.0,0.16666666666666666,0.0,0.0,0.0,0.0,0.0,0.14285714285714285,0.8571428571428571,True,1.0,correct
gpqa_118,directllm,5,RR|reason|reason|reason|PD,reason,0.6,0.9503,0.0,0.25,0.0,0.0,0.0,0.0,0.25,0.0,0.0,0.2,0.0,0.0,0.2,0.6,True,1.0,correct
gpqa_119,directllm,5,RR|PD|PD|PD|reason,PD,0.6,0.9503,0.5,0.0,0.0,0.25,0.0,0.0,0.0,0.0,0.0,0.6,0.0,0.0,0.2,0.2,True,1.0,correct
gpqa_12,directllm,7,PD|reason|reason|IC|PD|PD|reason,PD,0.4286,1.0042,0.16666666666666666,0.0,0.16666666666666666,0.3333333333333333,0.0,0.0,0.0,0.0,0.0,0.42857142857142855,0.14285714285714285,0.0,0.0,0.42857142857142855,True,1.0,correct
gpqa_120,directllm,6,RR|reason|PD|reason|PD|reason,reason,0.5,1.0114,0.0,0.4,0.0,0.4,0.0,0.0,0.2,0.0,0.0,0.3333333333333333,0.0,0.0,0.16666666666666666,0.5,False,0.0,wrong
gpqa_121,directllm,7,IC|reason|PD|PD|PD|reason|reason,reason,0.4286,1.0042,0.3333333333333333,0.16666666666666666,0.0,0.16666666666666666,0.0,0.0,0.0,0.0,0.0,0.42857142857142855,0.14285714285714285,0.0,0.0,0.42857142857142855,True,1.0,correct
gpqa_122,directllm,3,RR|reason|PD,RR,0.3333,1.0986,0.0,0.5,0.0,0.0,0.0,0.0,0.5,0.0,0.0,0.3333333333333333,0.0,0.0,0.3333333333333333,0.3333333333333333,True,1.0,correct
gpqa_123,directllm,6,RR|reason|reason|reason|reason|reason,reason,0.8333,0.4506,0.0,0.0,0.0,0.0,0.0,0.0,0.2,0.0,0.0,0.0,0.0,0.0,0.16666666666666666,0.8333333333333334,True,1.0,correct
gpqa_124,directllm,3,RR|reason|reason,reason,0.6667,0.6365,0.0,0.0,0.0,0.0,0.0,0.0,0.5,0.0,0.0,0.0,0.0,0.0,0.3333333333333333,0.6666666666666666,True,1.0,correct
gpqa_125,directllm,8,RR|PD|PD|PD|PD|PD|reason|reason,PD,0.625,0.9003,0.5714285714285714,0.0,0.0,0.14285714285714285,0.0,0.0,0.0,0.0,0.0,0.625,0.0,0.0,0.125,0.25,True,1.0,correct
gpqa_126,directllm,8,RR|reason|reason|reason|reason|reason|reason|PD,reason,0.75,0.7356,0.0,0.14285714285714285,0.0,0.0,0.0,0.0,0.14285714285714285,0.0,0.0,0.125,0.0,0.0,0.125,0.75,True,1.0,correct
gpqa_127,directllm,7,RR|reason|reason|reason|reason|reason|reason,reason,0.8571,0.4101,0.0,0.0,0.0,0.0,0.0,0.0,0.16666666666666666,0.0,0.0,0.0,0.0,0.0,0.14285714285714285,0.8571428571428571,True,1.0,correct
gpqa_128,directllm,6,RR|reason|reason|reason|PD|reason,reason,0.6667,0.8676,0.0,0.2,0.0,0.2,0.0,0.0,0.2,0.0,0.0,0.16666666666666666,0.0,0.0,0.16666666666666666,0.6666666666666666,True,1.0,correct
gpqa_129,directllm,7,RR|reason|reason|reason|reason|PD|reason,reason,0.7143,0.7963,0.0,0.16666666666666666,0.0,0.16666666666666666,0.0,0.0,0.16666666666666666,0.0,0.0,0.14285714285714285,0.0,0.0,0.14285714285714285,0.7142857142857143,False,0.0,wrong
gpqa_13,directllm,10,PD|reason|reason|reason|reason|reason|reason|reason|PD|reason,reason,0.8,0.5004,0.0,0.1111111111111111,0.0,0.2222222222222222,0.0,0.0,0.0,0.0,0.0,0.2,0.0,0.0,0.0,0.8,True,1.0,correct
gpqa_130,directllm,4,RR|reason|PD|IC,RR,0.25,1.3863,0.0,0.3333333333333333,0.0,0.0,0.0,0.0,0.3333333333333333,0.3333333333333333,0.0,0.25,0.25,0.0,0.25,0.25,True,1.0,correct
gpqa_131,directllm,2,RR|PD,RR,0.5,0.6931,0.0,0.0,0.0,0.0,0.0,0.0,0.0,0.0,0.0,0.5,0.0,0.0,0.5,0.0,True,1.0,correct
gpqa_132,directllm,7,RR|reason|reason|reason|PD|PD|reason,reason,0.5714,0.9557,0.16666666666666666,0.16666666666666666,0.0,0.16666666666666666,0.0,0.0,0.16666666666666666,0.0,0.0,0.2857142857142857,0.0,0.0,0.14285714285714285,0.5714285714285714,True,1.0,correct
gpqa_133,directllm,5,RR|reason|PD|PD|reason,reason,0.4,1.0549,0.25,0.25,0.0,0.25,0.0,0.0,0.25,0.0,0.0,0.4,0.0,0.0,0.2,0.4,True,1.0,correct
gpqa_134,directllm,5,RR|reason|reason|reason|PD,reason,0.6,0.9503,0.0,0.25,0.0,0.0,0.0,0.0,0.25,0.0,0.0,0.2,0.0,0.0,0.2,0.6,True,1.0,correct
gpqa_135,directllm,4,RR|reason|reason|reason,reason,0.75,0.5623,0.0,0.0,0.0,0.0,0.0,0.0,0.3333333333333333,0.0,0.0,0.0,0.0,0.0,0.25,0.75,False,0.0,wrong
gpqa_136,directllm,5,RR|reason|reason|reason|reason,reason,0.8,0.5004,0.0,0.0,0.0,0.0,0.0,0.0,0.25,0.0,0.0,0.0,0.0,0.0,0.2,0.8,True,1.0,correct
gpqa_137,directllm,6,RR|reason|PD|PD|IC|reason,reason,0.3333,1.3297,0.2,0.2,0.0,0.0,0.0,0.0,0.2,0.2,0.0,0.3333333333333333,0.16666666666666666,0.0,0.16666666666666666,0.3333333333333333,True,1.0,correct
gpqa_138,directllm,7,UN|PD|PD|reason|reason|PD|reason,PD,0.4286,1.0042,0.16666666666666666,0.16666666666666666,0.0,0.3333333333333333,0.0,0.0,0.0,0.0,0.0,0.42857142857142855,0.0,0.14285714285714285,0.0,0.42857142857142855,True,1.0,correct
gpqa_139,directllm,7,RR|reason|PD|PD|reason|reason|reason,reason,0.5714,0.9557,0.16666666666666666,0.16666666666666666,0.0,0.16666666666666666,0.0,0.0,0.16666666666666666,0.0,0.0,0.2857142857142857,0.0,0.0,0.14285714285714285,0.5714285714285714,True,1.0,correct
gpqa_14,directllm,5,RR|reason|PD|PD|reason,reason,0.4,1.0549,0.25,0.25,0.0,0.25,0.0,0.0,0.25,0.0,0.0,0.4,0.0,0.0,0.2,0.4,True,1.0,correct
gpqa_140,directllm,7,RR|reason|reason|PD|PD|reason|reason,reason,0.5714,0.9557,0.16666666666666666,0.16666666666666666,0.0,0.16666666666666666,0.0,0.0,0.16666666666666666,0.0,0.0,0.2857142857142857,0.0,0.0,0.14285714285714285,0.5714285714285714,True,1.0,correct
gpqa_141,directllm,8,RR|reason|PD|reason|reason|reason|reason|reason,reason,0.75,0.7356,0.0,0.14285714285714285,0.0,0.14285714285714285,0.0,0.0,0.14285714285714285,0.0,0.0,0.125,0.0,0.0,0.125,0.75,True,1.0,correct
gpqa_142,directllm,4,RR|reason|reason|reason,reason,0.75,0.5623,0.0,0.0,0.0,0.0,0.0,0.0,0.3333333333333333,0.0,0.0,0.0,0.0,0.0,0.25,0.75,True,1.0,correct
gpqa_143,directllm,7,RR|reason|reason|reason|reason|reason|reason,reason,0.8571,0.4101,0.0,0.0,0.0,0.0,0.0,0.0,0.16666666666666666,0.0,0.0,0.0,0.0,0.0,0.14285714285714285,0.8571428571428571,False,0.0,wrong
gpqa_144,directllm,7,RR|reason|PD|PD|PD|PD|reason,PD,0.5714,0.9557,0.5,0.16666666666666666,0.0,0.16666666666666666,0.0,0.0,0.16666666666666666,0.0,0.0,0.5714285714285714,0.0,0.0,0.14285714285714285,0.2857142857142857,True,1.0,correct
gpqa_145,directllm,7,RR|PD|PD|PD|PD|PD|reason,PD,0.7143,0.7963,0.6666666666666666,0.0,0.0,0.16666666666666666,0.0,0.0,0.0,0.0,0.0,0.7142857142857143,0.0,0.0,0.14285714285714285,0.14285714285714285,True,1.0,correct
gpqa_146,directllm,6,RR|reason|reason|reason|reason|reason,reason,0.8333,0.4506,0.0,0.0,0.0,0.0,0.0,0.0,0.2,0.0,0.0,0.0,0.0,0.0,0.16666666666666666,0.8333333333333334,True,1.0,correct
gpqa_147,directllm,6,IC|PD|PD|IC|reason|IC,IC,0.5,1.0114,0.2,0.0,0.2,0.0,0.0,0.0,0.0,0.2,0.0,0.3333333333333333,0.5,0.0,0.0,0.16666666666666666,True,1.0,correct
gpqa_148,directllm,7,UN|reason|reason|SE|reason|PD|PD,reason,0.4286,1.277,0.16666666666666666,0.16666666666666666,0.0,0.0,0.0,0.16666666666666666,0.0,0.0,0.14285714285714285,0.2857142857142857,0.0,0.14285714285714285,0.0,0.42857142857142855,True,1.0,correct
gpqa_149,directllm,5,RR|reason|PD|PD|PD,PD,0.6,0.9503,0.5,0.25,0.0,0.0,0.0,0.0,0.25,0.0,0.0,0.6,0.0,0.0,0.2,0.2,False,0.0,wrong
gpqa_15,directllm,8,PD|PD|reason|reason|IC|reason|reason|reason,reason,0.625,0.9003,0.14285714285714285,0.0,0.14285714285714285,0.14285714285714285,0.0,0.0,0.0,0.0,0.0,0.25,0.125,0.0,0.0,0.625,True,1.0,correct
gpqa_150,directllm,4,RR|PD|PD|PD,PD,0.75,0.5623,0.6666666666666666,0.0,0.0,0.0,0.0,0.0,0.0,0.0,0.0,0.75,0.0,0.0,0.25,0.0,True,1.0,correct
gpqa_151,directllm,7,PD|reason|reason|PD|reason|reason|PD,reason,0.5714,0.6829,0.0,0.3333333333333333,0.0,0.3333333333333333,0.0,0.0,0.0,0.0,0.0,0.42857142857142855,0.0,0.0,0.0,0.5714285714285714,True,1.0,correct
gpqa_152,directllm,6,PD|reason|reason|reason|reason|PD,reason,0.6667,0.6365,0.0,0.2,0.0,0.2,0.0,0.0,0.0,0.0,0.0,0.3333333333333333,0.0,0.0,0.0,0.6666666666666666,True,1.0,correct
gpqa_153,directllm,3,PD|PD|UN,PD,0.6667,0.6365,0.5,0.0,0.0,0.0,0.0,0.0,0.0,0.0,0.0,0.6666666666666666,0.0,0.3333333333333333,0.0,0.0,True,1.0,correct
gpqa_154,directllm,7,PD|reason|reason|reason|PD|PD|reason,reason,0.5714,0.6829,0.16666666666666666,0.16666666666666666,0.0,0.3333333333333333,0.0,0.0,0.0,0.0,0.0,0.42857142857142855,0.0,0.0,0.0,0.5714285714285714,True,1.0,correct
gpqa_155,directllm,8,PD|reason|reason|reason|PD|PD|PD|reason,PD,0.5,0.6931,0.2857142857142857,0.14285714285714285,0.0,0.2857142857142857,0.0,0.0,0.0,0.0,0.0,0.5,0.0,0.0,0.0,0.5,True,1.0,correct
gpqa_156,directllm,6,PD|reason|reason|PD|IC|reason,reason,0.5,1.0114,0.0,0.2,0.0,0.2,0.0,0.0,0.0,0.2,0.0,0.3333333333333333,0.16666666666666666,0.0,0.0,0.5,True,1.0,correct
gpqa_157,directllm,7,PD|reason|reason|reason|PD|PD|reason,reason,0.5714,0.6829,0.16666666666666666,0.16666666666666666,0.0,0.3333333333333333,0.0,0.0,0.0,0.0,0.0,0.42857142857142855,0.0,0.0,0.0,0.5714285714285714,True,1.0,correct
gpqa_158,directllm,6,PD|reason|reason|UN|reason|PD,reason,0.5,1.0114,0.0,0.2,0.0,0.2,0.2,0.2,0.0,0.0,0.0,0.3333333333333333,0.0,0.16666666666666666,0.0,0.5,True,1.0,correct
gpqa_159,directllm,4,PD|reason|reason|PD,PD,0.5,0.6931,0.0,0.3333333333333333,0.0,0.3333333333333333,0.0,0.0,0.0,0.0,0.0,0.5,0.0,0.0,0.0,0.5,True,1.0,correct
gpqa_16,directllm,6,UN|reason|reason|IC|reason|reason,reason,0.6667,0.8676,0.0,0.0,0.2,0.0,0.0,0.2,0.0,0.0,0.0,0.0,0.16666666666666666,0.16666666666666666,0.0,0.6666666666666666,True,1.0,correct
gpqa_160,directllm,7,PD|reason|PD|PD|PD|reason|reason,PD,0.5714,0.6829,0.3333333333333333,0.16666666666666666,0.0,0.3333333333333333,0.0,0.0,0.0,0.0,0.0,0.5714285714285714,0.0,0.0,0.0,0.42857142857142855,True,1.0,correct
gpqa_161,directllm,2,PD|PD,PD,1.0,0.0,1.0,0.0,0.0,0.0,0.0,0.0,0.0,0.0,0.0,1.0,0.0,0.0,0.0,0.0,True,1.0,correct
gpqa_162,directllm,7,PD|PD|reason|PD|IC|reason|reason,PD,0.4286,1.0042,0.16666666666666666,0.16666666666666666,0.0,0.16666666666666666,0.0,0.0,0.0,0.16666666666666666,0.0,0.42857142857142855,0.14285714285714285,0.0,0.0,0.42857142857142855,True,1.0,correct
gpqa_163,directllm,5,RR|reason|PD|reason|reason,reason,0.6,0.9503,0.0,0.25,0.0,0.25,0.0,0.0,0.25,0.0,0.0,0.2,0.0,0.0,0.2,0.6,True,1.0,correct
gpqa_164,directllm,6,PD|reason|reason|reason|reason|reason,reason,0.8333,0.4506,0.0,0.0,0.0,0.2,0.0,0.0,0.0,0.0,0.0,0.16666666666666666,0.0,0.0,0.0,0.8333333333333334,True,1.0,correct
gpqa_165,directllm,8,PD|reason|reason|reason|PD|reason|reason|PD,reason,0.625,0.6616,0.0,0.2857142857142857,0.0,0.2857142857142857,0.0,0.0,0.0,0.0,0.0,0.375,0.0,0.0,0.0,0.625,True,1.0,correct
gpqa_166,directllm,7,PD|reason|reason|PD|PD|PD|reason,PD,0.5714,0.6829,0.3333333333333333,0.16666666666666666,0.0,0.3333333333333333,0.0,0.0,0.0,0.0,0.0,0.5714285714285714,0.0,0.0,0.0,0.42857142857142855,True,1.0,correct
gpqa_167,directllm,7,RR|reason|reason|PD|reason|PD|PD,reason,0.4286,1.0042,0.16666666666666666,0.3333333333333333,0.0,0.16666666666666666,0.0,0.0,0.16666666666666666,0.0,0.0,0.42857142857142855,0.0,0.0,0.14285714285714285,0.42857142857142855,True,1.0,correct
gpqa_168,directllm,9,RR|reason|reason|reason|reason|PD|reason|reason|reason,reason,0.7778,0.6837,0.0,0.125,0.0,0.125,0.0,0.0,0.125,0.0,0.0,0.1111111111111111,0.0,0.0,0.1111111111111111,0.7777777777777778,True,1.0,correct
gpqa_169,directllm,8,RR|PD|reason|reason|reason|PD|reason|PD,reason,0.5,0.9743,0.0,0.2857142857142857,0.0,0.2857142857142857,0.0,0.0,0.0,0.0,0.0,0.375,0.0,0.0,0.125,0.5,True,1.0,correct
gpqa_17,directllm,9,PD|PD|PD|PD|reason|PD|PD|PD|reason,PD,0.7778,0.5297,0.625,0.125,0.0,0.25,0.0,0.0,0.0,0.0,0.0,0.7777777777777778,0.0,0.0,0.0,0.2222222222222222,True,1.0,correct
gpqa_170,directllm,2,PD|PD,PD,1.0,0.0,1.0,0.0,0.0,0.0,0.0,0.0,0.0,0.0,0.0,1.0,0.0,0.0,0.0,0.0,True,1.0,correct
gpqa_171,directllm,7,PD|reason|reason|PD|reason|PD|PD,PD,0.5714,0.6829,0.16666666666666666,0.3333333333333333,0.0,0.3333333333333333,0.0,0.0,0.0,0.0,0.0,0.5714285714285714,0.0,0.0,0.0,0.42857142857142855,True,1.0,correct
gpqa_172,directllm,7,RR|reason|PD|PD|reason|PD|reason,reason,0.4286,1.0042,0.16666666666666666,0.3333333333333333,0.0,0.3333333333333333,0.0,0.0,0.16666666666666666,0.0,0.0,0.42857142857142855,0.0,0.0,0.14285714285714285,0.42857142857142855,True,1.0,correct
gpqa_173,directllm,2,PD|PD,PD,1.0,0.0,1.0,0.0,0.0,0.0,0.0,0.0,0.0,0.0,0.0,1.0,0.0,0.0,0.0,0.0,True,1.0,correct
gpqa_174,directllm,6,PD|reason|reason|PD|PD|PD,PD,0.6667,0.6365,0.4,0.2,0.0,0.2,0.0,0.0,0.0,0.0,0.0,0.6666666666666666,0.0,0.0,0.0,0.3333333333333333,True,1.0,correct
gpqa_175,directllm,7,IC|reason|reason|reason|reason|reason|PD,reason,0.7143,0.7963,0.0,0.16666666666666666,0.0,0.0,0.0,0.0,0.0,0.0,0.0,0.14285714285714285,0.14285714285714285,0.0,0.0,0.7142857142857143,True,1.0,correct
gpqa_176,directllm,8,RR|reason|reason|reason|PD|reason|reason|reason,reason,0.75,0.7356,0.0,0.14285714285714285,0.0,0.14285714285714285,0.0,0.0,0.14285714285714285,0.0,0.0,0.125,0.0,0.0,0.125,0.75,True,1.0,correct
gpqa_177,directllm,8,IC|reason|PD|reason|PD|reason|reason|reason,reason,0.625,0.9003,0.0,0.2857142857142857,0.0,0.2857142857142857,0.0,0.0,0.0,0.0,0.0,0.25,0.125,0.0,0.0,0.625,True,1.0,correct
gpqa_178,directllm,6,PD|SE|PD|IC|PD|reason,PD,0.5,1.2425,0.0,0.0,0.0,0.2,0.0,0.0,0.0,0.2,0.16666666666666666,0.5,0.16666666666666666,0.0,0.0,0.16666666666666666,True,1.0,correct
gpqa_179,directllm,7,PD|reason|PD|reason|PD|PD|PD,PD,0.7143,0.5983,0.3333333333333333,0.3333333333333333,0.0,0.3333333333333333,0.0,0.0,0.0,0.0,0.0,0.7142857142857143,0.0,0.0,0.0,0.2857142857142857,True,1.0,correct
gpqa_18,directllm,1,RR,RR,1.0,0.0,0.0,0.0,0.0,0.0,0.0,0.0,0.0,0.0,0.0,0.0,0.0,0.0,1.0,0.0,False,0.0,wrong
gpqa_180,directllm,8,PD|reason|reason|reason|reason|reason|reason|reason,reason,0.875,0.3768,0.0,0.0,0.0,0.14285714285714285,0.0,0.0,0.0,0.0,0.0,0.125,0.0,0.0,0.0,0.875,True,1.0,correct
gpqa_181,directllm,9,PD|reason|reason|PD|reason|reason|PD|reason|reason,reason,0.6667,0.6365,0.0,0.25,0.0,0.375,0.0,0.0,0.0,0.0,0.0,0.3333333333333333,0.0,0.0,0.0,0.6666666666666666,True,1.0,correct
gpqa_182,directllm,6,PD|reason|PD|PD|PD|PD,PD,0.8333,0.4506,0.6,0.2,0.0,0.2,0.0,0.0,0.0,0.0,0.0,0.8333333333333334,0.0,0.0,0.0,0.16666666666666666,True,1.0,correct
gpqa_183,directllm,7,RR|reason|reason|PD|PD|PD|reason,reason,0.4286,1.0042,0.3333333333333333,0.16666666666666666,0.0,0.16666666666666666,0.0,0.0,0.16666666666666666,0.0,0.0,0.42857142857142855,0.0,0.0,0.14285714285714285,0.42857142857142855,True,1.0,correct
gpqa_184,directllm,5,RR|PD|PD|reason|reason,PD,0.4,1.0549,0.25,0.0,0.0,0.25,0.0,0.0,0.0,0.0,0.0,0.4,0.0,0.0,0.2,0.4,True,1.0,correct
gpqa_185,directllm,6,RR|reason|PD|reason|PD|reason,reason,0.5,1.0114,0.0,0.4,0.0,0.4,0.0,0.0,0.2,0.0,0.0,0.3333333333333333,0.0,0.0,0.16666666666666666,0.5,True,1.0,correct
gpqa_186,directllm,9,PD|reason|PD|reason|PD|PD|reason|PD|reason,PD,0.5556,0.687,0.125,0.375,0.0,0.5,0.0,0.0,0.0,0.0,0.0,0.5555555555555556,0.0,0.0,0.0,0.4444444444444444,True,1.0,correct
gpqa_187,directllm,8,PD|reason|reason|reason|reason|reason|reason|reason,reason,0.875,0.3768,0.0,0.0,0.0,0.14285714285714285,0.0,0.0,0.0,0.0,0.0,0.125,0.0,0.0,0.0,0.875,True,1.0,correct
gpqa_188,directllm,8,PD|reason|PD|PD|PD|reason|PD|PD,PD,0.75,0.5623,0.42857142857142855,0.2857142857142857,0.0,0.2857142857142857,0.0,0.0,0.0,0.0,0.0,0.75,0.0,0.0,0.0,0.25,True,1.0,correct
gpqa_189,directllm,4,IC|PD|PD|IC,IC,0.5,0.6931,0.3333333333333333,0.0,0.0,0.0,0.0,0.0,0.0,0.3333333333333333,0.0,0.5,0.5,0.0,0.0,0.0,True,1.0,correct
gpqa_19,directllm,6,PD|reason|PD|reason|reason|PD,PD,0.5,0.6931,0.0,0.4,0.0,0.4,0.0,0.0,0.0,0.0,0.0,0.5,0.0,0.0,0.0,0.5,True,1.0,correct
gpqa_190,directllm,7,PD|reason|reason|reason|PD|reason|reason,reason,0.7143,0.5983,0.0,0.16666666666666666,0.0,0.3333333333333333,0.0,0.0,0.0,0.0,0.0,0.2857142857142857,0.0,0.0,0.0,0.7142857142857143,True,1.0,correct
gpqa_191,directllm,7,PD|reason|reason|reason|reason|reason|reason,reason,0.8571,0.4101,0.0,0.0,0.0,0.16666666666666666,0.0,0.0,0.0,0.0,0.0,0.14285714285714285,0.0,0.0,0.0,0.8571428571428571,True,1.0,correct
gpqa_192,directllm,8,PD|reason|reason|PD|PD|PD|reason|UN,PD,0.5,0.9743,0.2857142857142857,0.14285714285714285,0.0,0.2857142857142857,0.14285714285714285,0.0,0.0,0.0,0.0,0.5,0.0,0.125,0.0,0.375,True,1.0,correct
gpqa_193,directllm,10,PD|reason|reason|reason|reason|PD|reason|PD|reason|reason,reason,0.7,0.6109,0.0,0.2222222222222222,0.0,0.3333333333333333,0.0,0.0,0.0,0.0,0.0,0.3,0.0,0.0,0.0,0.7,True,1.0,correct
gpqa_194,directllm,8,PD|reason|reason|reason|PD|PD|PD|reason,PD,0.5,0.6931,0.2857142857142857,0.14285714285714285,0.0,0.2857142857142857,0.0,0.0,0.0,0.0,0.0,0.5,0.0,0.0,0.0,0.5,True,1.0,correct
gpqa_195,directllm,8,PD|reason|PD|reason|PD|reason|reason|reason,reason,0.625,0.6616,0.0,0.2857142857142857,0.0,0.42857142857142855,0.0,0.0,0.0,0.0,0.0,0.375,0.0,0.0,0.0,0.625,True,1.0,correct
gpqa_196,directllm,7,RR|reason|reason|reason|reason|reason|PD,reason,0.7143,0.7963,0.0,0.16666666666666666,0.0,0.0,0.0,0.0,0.16666666666666666,0.0,0.0,0.14285714285714285,0.0,0.0,0.14285714285714285,0.7142857142857143,False,0.0,wrong
gpqa_197,directllm,2,RR|PD,RR,0.5,0.6931,0.0,0.0,0.0,0.0,0.0,0.0,0.0,0.0,0.0,0.5,0.0,0.0,0.5,0.0,True,1.0,correct
gpqa_2,directllm,7,PD|reason|reason|PD|PD|PD|UN,PD,0.5714,0.9557,0.3333333333333333,0.16666666666666666,0.0,0.16666666666666666,0.0,0.0,0.0,0.0,0.0,0.5714285714285714,0.0,0.14285714285714285,0.0,0.2857142857142857,True,1.0,correct
gpqa_20,directllm,7,RR|PD|reason|PD|reason|reason|reason,reason,0.5714,0.9557,0.0,0.16666666666666666,0.0,0.3333333333333333,0.0,0.0,0.0,0.0,0.0,0.2857142857142857,0.0,0.0,0.14285714285714285,0.5714285714285714,True,1.0,correct
gpqa_21,directllm,9,PD|PD|reason|reason|reason|reason|reason|reason|reason,reason,0.7778,0.5297,0.125,0.0,0.0,0.125,0.0,0.0,0.0,0.0,0.0,0.2222222222222222,0.0,0.0,0.0,0.7777777777777778,True,1.0,correct
gpqa_22,directllm,1,RR,RR,1.0,0.0,0.0,0.0,0.0,0.0,0.0,0.0,0.0,0.0,0.0,0.0,0.0,0.0,1.0,0.0,False,0.0,wrong
gpqa_23,directllm,5,PD|UN|reason|reason|PD,PD,0.4,1.0549,0.0,0.25,0.0,0.0,0.0,0.25,0.0,0.0,0.0,0.4,0.0,0.2,0.0,0.4,True,1.0,correct
gpqa_24,directllm,5,RR|reason|PD|reason|UN,reason,0.4,1.3322,0.0,0.25,0.0,0.25,0.25,0.0,0.25,0.0,0.0,0.2,0.0,0.2,0.2,0.4,True,1.0,correct
gpqa_25,directllm,6,PD|reason|PD|reason|PD|reason,PD,0.5,0.6931,0.0,0.4,0.0,0.6,0.0,0.0,0.0,0.0,0.0,0.5,0.0,0.0,0.0,0.5,True,1.0,correct
gpqa_26,directllm,7,RR|PD|PD|PD|PD|PD|reason,PD,0.7143,0.7963,0.6666666666666666,0.0,0.0,0.16666666666666666,0.0,0.0,0.0,0.0,0.0,0.7142857142857143,0.0,0.0,0.14285714285714285,0.14285714285714285,True,1.0,correct
gpqa_27,directllm,5,RR|PD|reason|PD|reason,PD,0.4,1.0549,0.0,0.25,0.0,0.5,0.0,0.0,0.0,0.0,0.0,0.4,0.0,0.0,0.2,0.4,True,1.0,correct
gpqa_28,directllm,1,RR,RR,1.0,0.0,0.0,0.0,0.0,0.0,0.0,0.0,0.0,0.0,0.0,0.0,0.0,0.0,1.0,0.0,False,0.0,wrong
gpqa_29,directllm,5,RR|PD|IC|reason|reason,reason,0.4,1.3322,0.0,0.0,0.0,0.0,0.0,0.0,0.0,0.25,0.0,0.2,0.2,0.0,0.2,0.4,True,1.0,correct
gpqa_3,directllm,5,PD|reason|reason|reason|PD,reason,0.6,0.673,0.0,0.25,0.0,0.25,0.0,0.0,0.0,0.0,0.0,0.4,0.0,0.0,0.0,0.6,True,1.0,correct
gpqa_30,directllm,6,PD|PD|reason|reason|PD|reason,PD,0.5,0.6931,0.2,0.2,0.0,0.4,0.0,0.0,0.0,0.0,0.0,0.5,0.0,0.0,0.0,0.5,False,0.0,wrong
gpqa_31,directllm,4,RR|reason|PD|reason,reason,0.5,1.0397,0.0,0.3333333333333333,0.0,0.3333333333333333,0.0,0.0,0.3333333333333333,0.0,0.0,0.25,0.0,0.0,0.25,0.5,False,0.0,wrong
gpqa_32,directllm,8,PD|reason|reason|reason|reason|reason|PD|reason,reason,0.75,0.5623,0.0,0.14285714285714285,0.0,0.2857142857142857,0.0,0.0,0.0,0.0,0.0,0.25,0.0,0.0,0.0,0.75,True,1.0,correct
gpqa_33,directllm,5,PD|PD|IC|reason|PD,PD,0.6,0.9503,0.25,0.25,0.0,0.0,0.0,0.0,0.0,0.25,0.0,0.6,0.2,0.0,0.0,0.2,True,1.0,correct
gpqa_34,directllm,8,RR|reason|reason|PD|PD|PD|reason|reason,reason,0.5,0.9743,0.2857142857142857,0.14285714285714285,0.0,0.14285714285714285,0.0,0.0,0.14285714285714285,0.0,0.0,0.375,0.0,0.0,0.125,0.5,True,1.0,correct
gpqa_35,directllm,6,RR|reason|reason|PD|PD|reason,reason,0.5,1.0114,0.2,0.2,0.0,0.2,0.0,0.0,0.2,0.0,0.0,0.3333333333333333,0.0,0.0,0.16666666666666666,0.5,True,1.0,correct
gpqa_36,directllm,7,RR|reason|reason|reason|reason|PD|PD,reason,0.5714,0.9557,0.16666666666666666,0.16666666666666666,0.0,0.0,0.0,0.0,0.16666666666666666,0.0,0.0,0.2857142857142857,0.0,0.0,0.14285714285714285,0.5714285714285714,True,1.0,correct
gpqa_37,directllm,7,IC|reason|PD|PD|reason|PD|reason,reason,0.4286,1.0042,0.16666666666666666,0.3333333333333333,0.0,0.3333333333333333,0.0,0.0,0.0,0.0,0.0,0.42857142857142855,0.14285714285714285,0.0,0.0,0.42857142857142855,True,1.0,correct
gpqa_38,directllm,9,RR|reason|reason|reason|PD|PD|PD|reason|reason,reason,0.5556,0.9369,0.25,0.125,0.0,0.125,0.0,0.0,0.125,0.0,0.0,0.3333333333333333,0.0,0.0,0.1111111111111111,0.5555555555555556,False,0.0,wrong
gpqa_39,directllm,8,RR|reason|IC|reason|reason|reason|PD|reason,reason,0.625,1.0735,0.0,0.14285714285714285,0.14285714285714285,0.14285714285714285,0.0,0.0,0.14285714285714285,0.0,0.0,0.125,0.125,0.0,0.125,0.625,True,1.0,correct
gpqa_4,directllm,2,PD|PD,PD,1.0,0.0,1.0,0.0,0.0,0.0,0.0,0.0,0.0,0.0,0.0,1.0,0.0,0.0,0.0,0.0,True,1.0,correct
gpqa_40,directllm,6,RR|PD|reason|reason|UN|reason,reason,0.5,1.2425,0.0,0.0,0.0,0.2,0.2,0.2,0.0,0.0,0.0,0.16666666666666666,0.0,0.16666666666666666,0.16666666666666666,0.5,True,1.0,correct
gpqa_41,directllm,8,RR|reason|reason|reason|reason|reason|reason|IC,reason,0.75,0.7356,0.0,0.0,0.14285714285714285,0.0,0.0,0.0,0.14285714285714285,0.0,0.0,0.0,0.125,0.0,0.125,0.75,True,1.0,correct
gpqa_42,directllm,4,RR|PD|IC|reason,RR,0.25,1.3863,0.0,0.0,0.0,0.0,0.0,0.0,0.0,0.3333333333333333,0.0,0.25,0.25,0.0,0.25,0.25,True,1.0,correct
gpqa_43,directllm,8,UN|reason|reason|reason|reason|reason|PD|reason,reason,0.75,0.7356,0.0,0.14285714285714285,0.0,0.14285714285714285,0.0,0.14285714285714285,0.0,0.0,0.0,0.125,0.0,0.125,0.0,0.75,False,0.0,wrong
gpqa_44,directllm,8,PD|reason|IC|reason|PD|reason|reason|reason,reason,0.625,0.9003,0.0,0.14285714285714285,0.14285714285714285,0.2857142857142857,0.0,0.0,0.0,0.0,0.0,0.25,0.125,0.0,0.0,0.625,True,1.0,correct
gpqa_45,directllm,9,PD|reason|reason|IC|PD|reason|PD|reason|reason,reason,0.5556,0.9369,0.0,0.125,0.125,0.375,0.0,0.0,0.0,0.0,0.0,0.3333333333333333,0.1111111111111111,0.0,0.0,0.5555555555555556,True,1.0,correct
gpqa_46,directllm,7,PD|reason|PD|PD|PD|reason|reason,PD,0.5714,0.6829,0.3333333333333333,0.16666666666666666,0.0,0.3333333333333333,0.0,0.0,0.0,0.0,0.0,0.5714285714285714,0.0,0.0,0.0,0.42857142857142855,True,1.0,correct
gpqa_47,directllm,5,RR|reason|reason|reason|reason,reason,0.8,0.5004,0.0,0.0,0.0,0.0,0.0,0.0,0.25,0.0,0.0,0.0,0.0,0.0,0.2,0.8,True,1.0,correct
gpqa_48,directllm,7,PD|SE|reason|IC|reason|reason|PD,reason,0.4286,1.277,0.0,0.16666666666666666,0.16666666666666666,0.0,0.0,0.0,0.0,0.0,0.14285714285714285,0.2857142857142857,0.14285714285714285,0.0,0.0,0.42857142857142855,True,1.0,correct
gpqa_49,directllm,4,IC|IC|IC|reason,IC,0.75,0.5623,0.0,0.0,0.0,0.0,0.0,0.0,0.0,0.0,0.0,0.0,0.75,0.0,0.0,0.25,True,1.0,correct
gpqa_5,directllm,5,PD|PD|PD|PD|PD,PD,1.0,0.0,1.0,0.0,0.0,0.0,0.0,0.0,0.0,0.0,0.0,1.0,0.0,0.0,0.0,0.0,True,1.0,correct
gpqa_50,directllm,6,PD|PD|PD|PD|IC|reason,PD,0.6667,0.8676,0.6,0.0,0.0,0.0,0.0,0.0,0.0,0.2,0.0,0.6666666666666666,0.16666666666666666,0.0,0.0,0.16666666666666666,True,1.0,correct
gpqa_51,directllm,6,RR|reason|reason|reason|reason|reason,reason,0.8333,0.4506,0.0,0.0,0.0,0.0,0.0,0.0,0.2,0.0,0.0,0.0,0.0,0.0,0.16666666666666666,0.8333333333333334,True,1.0,correct
gpqa_52,directllm,5,RR|reason|reason|PD|PD,reason,0.4,1.0549,0.25,0.25,0.0,0.0,0.0,0.0,0.25,0.0,0.0,0.4,0.0,0.0,0.2,0.4,True,1.0,correct
gpqa_53,directllm,5,PD|reason|reason|PD|reason,reason,0.6,0.673,0.0,0.25,0.0,0.5,0.0,0.0,0.0,0.0,0.0,0.4,0.0,0.0,0.0,0.6,True,1.0,correct
gpqa_54,directllm,6,PD|reason|reason|reason|reason|PD,reason,0.6667,0.6365,0.0,0.2,0.0,0.2,0.0,0.0,0.0,0.0,0.0,0.3333333333333333,0.0,0.0,0.0,0.6666666666666666,True,1.0,correct
gpqa_55,directllm,7,RR|reason|PD|reason|reason|reason|reason,reason,0.7143,0.7963,0.0,0.16666666666666666,0.0,0.16666666666666666,0.0,0.0,0.16666666666666666,0.0,0.0,0.14285714285714285,0.0,0.0,0.14285714285714285,0.7142857142857143,True,1.0,correct
gpqa_56,directllm,6,PD|reason|IC|PD|reason|reason,reason,0.5,1.0114,0.0,0.0,0.2,0.4,0.0,0.0,0.0,0.0,0.0,0.3333333333333333,0.16666666666666666,0.0,0.0,0.5,True,1.0,correct
gpqa_57,directllm,7,RR|reason|PD|reason|reason|reason|reason,reason,0.7143,0.7963,0.0,0.16666666666666666,0.0,0.16666666666666666,0.0,0.0,0.16666666666666666,0.0,0.0,0.14285714285714285,0.0,0.0,0.14285714285714285,0.7142857142857143,True,1.0,correct
gpqa_58,directllm,6,RR|reason|reason|reason|reason|reason,reason,0.8333,0.4506,0.0,0.0,0.0,0.0,0.0,0.0,0.2,0.0,0.0,0.0,0.0,0.0,0.16666666666666666,0.8333333333333334,True,1.0,correct
gpqa_59,directllm,7,RR|SE|reason|reason|reason|reason|reason,reason,0.7143,0.7963,0.0,0.0,0.0,0.0,0.0,0.0,0.0,0.0,0.14285714285714285,0.0,0.0,0.0,0.14285714285714285,0.7142857142857143,True,1.0,correct
gpqa_6,directllm,5,RR|reason|reason|PD|reason,reason,0.6,0.9503,0.0,0.25,0.0,0.25,0.0,0.0,0.25,0.0,0.0,0.2,0.0,0.0,0.2,0.6,True,1.0,correct
gpqa_60,directllm,7,RR|reason|UN|reason|UN|reason|reason,reason,0.5714,0.9557,0.0,0.0,0.0,0.0,0.3333333333333333,0.3333333333333333,0.16666666666666666,0.0,0.0,0.0,0.0,0.2857142857142857,0.14285714285714285,0.5714285714285714,True,1.0,correct
gpqa_61,directllm,5,RR|reason|reason|reason|reason,reason,0.8,0.5004,0.0,0.0,0.0,0.0,0.0,0.0,0.25,0.0,0.0,0.0,0.0,0.0,0.2,0.8,True,1.0,correct
gpqa_62,directllm,7,RR|SE|reason|PD|reason|reason|reason,reason,0.5714,1.1537,0.0,0.16666666666666666,0.0,0.16666666666666666,0.0,0.0,0.0,0.0,0.14285714285714285,0.14285714285714285,0.0,0.0,0.14285714285714285,0.5714285714285714,True,1.0,correct
gpqa_63,directllm,7,RR|reason|reason|reason|reason|reason|reason,reason,0.8571,0.4101,0.0,0.0,0.0,0.0,0.0,0.0,0.16666666666666666,0.0,0.0,0.0,0.0,0.0,0.14285714285714285,0.8571428571428571,True,1.0,correct
gpqa_64,directllm,7,RR|PD|reason|PD|PD|reason|reason,PD,0.4286,1.0042,0.16666666666666666,0.16666666666666666,0.0,0.3333333333333333,0.0,0.0,0.0,0.0,0.0,0.42857142857142855,0.0,0.0,0.14285714285714285,0.42857142857142855,False,0.0,wrong
gpqa_65,directllm,10,PD|reason|reason|PD|reason|reason|PD|PD|PD|reason,PD,0.5,0.6931,0.2222222222222222,0.2222222222222222,0.0,0.3333333333333333,0.0,0.0,0.0,0.0,0.0,0.5,0.0,0.0,0.0,0.5,False,0.0,wrong
gpqa_66,directllm,5,RR|PD|reason|reason|reason,reason,0.6,0.9503,0.0,0.0,0.0,0.25,0.0,0.0,0.0,0.0,0.0,0.2,0.0,0.0,0.2,0.6,True,1.0,correct
gpqa_67,directllm,7,RR|PD|PD|reason|RR|PD|reason,PD,0.4286,1.079,0.16666666666666666,0.0,0.0,0.3333333333333333,0.0,0.0,0.0,0.0,0.0,0.42857142857142855,0.0,0.0,0.2857142857142857,0.2857142857142857,True,1.0,correct
gpqa_68,directllm,7,RR|reason|reason|PD|reason|reason|PD,reason,0.5714,0.9557,0.0,0.3333333333333333,0.0,0.16666666666666666,0.0,0.0,0.16666666666666666,0.0,0.0,0.2857142857142857,0.0,0.0,0.14285714285714285,0.5714285714285714,True,1.0,correct
gpqa_69,directllm,7,RR|PD|reason|reason|IC|reason|reason,reason,0.5714,1.1537,0.0,0.0,0.16666666666666666,0.16666666666666666,0.0,0.0,0.0,0.0,0.0,0.14285714285714285,0.14285714285714285,0.0,0.14285714285714285,0.5714285714285714,True,1.0,correct
gpqa_7,directllm,8,PD|reason|reason|PD|PD|PD|UN|UN,PD,0.5,1.0397,0.2857142857142857,0.14285714285714285,0.0,0.14285714285714285,0.0,0.0,0.0,0.0,0.0,0.5,0.0,0.25,0.0,0.25,True,1.0,correct
gpqa_70,directllm,5,RR|reason|reason|UN|reason,reason,0.6,0.9503,0.0,0.0,0.0,0.0,0.25,0.25,0.25,0.0,0.0,0.0,0.0,0.2,0.2,0.6,False,0.0,wrong
gpqa_71,directllm,1,RR,RR,1.0,0.0,0.0,0.0,0.0,0.0,0.0,0.0,0.0,0.0,0.0,0.0,0.0,0.0,1.0,0.0,False,0.0,wrong
gpqa_72,directllm,7,RR|PD|reason|reason|reason|reason|reason,reason,0.7143,0.7963,0.0,0.0,0.0,0.16666666666666666,0.0,0.0,0.0,0.0,0.0,0.14285714285714285,0.0,0.0,0.14285714285714285,0.7142857142857143,True,1.0,correct
gpqa_73,directllm,6,RR|reason|PD|IC|reason|reason,reason,0.5,1.2425,0.0,0.2,0.0,0.0,0.0,0.0,0.2,0.2,0.0,0.16666666666666666,0.16666666666666666,0.0,0.16666666666666666,0.5,True,1.0,correct
gpqa_74,directllm,8,PD|reason|PD|reason|reason|PD|reason|reason,reason,0.625,0.6616,0.0,0.2857142857142857,0.0,0.42857142857142855,0.0,0.0,0.0,0.0,0.0,0.375,0.0,0.0,0.0,0.625,True,1.0,correct
gpqa_75,directllm,5,RR|PD|PD|PD|PD,PD,0.8,0.5004,0.75,0.0,0.0,0.0,0.0,0.0,0.0,0.0,0.0,0.8,0.0,0.0,0.2,0.0,True,1.0,correct
gpqa_76,directllm,7,RR|reason|UN|reason|PD|reason|reason,reason,0.5714,1.1537,0.0,0.16666666666666666,0.0,0.16666666666666666,0.16666666666666666,0.16666666666666666,0.16666666666666666,0.0,0.0,0.14285714285714285,0.0,0.14285714285714285,0.14285714285714285,0.5714285714285714,False,0.0,wrong
gpqa_77,directllm,6,RR|PD|reason|reason|reason|reason,reason,0.6667,0.8676,0.0,0.0,0.0,0.2,0.0,0.0,0.0,0.0,0.0,0.16666666666666666,0.0,0.0,0.16666666666666666,0.6666666666666666,True,1.0,correct
gpqa_78,directllm,4,RR|reason|PD|reason,reason,0.5,1.0397,0.0,0.3333333333333333,0.0,0.3333333333333333,0.0,0.0,0.3333333333333333,0.0,0.0,0.25,0.0,0.0,0.25,0.5,False,0.0,wrong
gpqa_79,directllm,5,RR|reason|reason|reason|reason,reason,0.8,0.5004,0.0,0.0,0.0,0.0,0.0,0.0,0.25,0.0,0.0,0.0,0.0,0.0,0.2,0.8,False,0.0,wrong
gpqa_8,directllm,5,PD|IC|PD|PD|PD,PD,0.8,0.5004,0.5,0.0,0.0,0.0,0.0,0.0,0.0,0.25,0.0,0.8,0.2,0.0,0.0,0.0,True,1.0,correct
gpqa_80,directllm,7,RR|reason|reason|PD|reason|reason|reason,reason,0.7143,0.7963,0.0,0.16666666666666666,0.0,0.16666666666666666,0.0,0.0,0.16666666666666666,0.0,0.0,0.14285714285714285,0.0,0.0,0.14285714285714285,0.7142857142857143,True,1.0,correct
gpqa_81,directllm,8,RR|PD|reason|reason|reason|reason|reason|reason,reason,0.75,0.7356,0.0,0.0,0.0,0.14285714285714285,0.0,0.0,0.0,0.0,0.0,0.125,0.0,0.0,0.125,0.75,True,1.0,correct
gpqa_82,directllm,6,RR|reason|PD|IC|IC|PD,PD,0.3333,1.3297,0.0,0.2,0.0,0.0,0.0,0.0,0.2,0.2,0.0,0.3333333333333333,0.3333333333333333,0.0,0.16666666666666666,0.16666666666666666,True,1.0,correct
gpqa_83,directllm,5,RR|PD|reason|reason|reason,reason,0.6,0.9503,0.0,0.0,0.0,0.25,0.0,0.0,0.0,0.0,0.0,0.2,0.0,0.0,0.2,0.6,True,1.0,correct
gpqa_84,directllm,6,IC|PD|PD|reason|PD|reason,PD,0.5,1.0114,0.2,0.2,0.0,0.4,0.0,0.0,0.0,0.0,0.0,0.5,0.16666666666666666,0.0,0.0,0.3333333333333333,True,1.0,correct
gpqa_85,directllm,8,RR|PD|PD|PD|PD|PD|reason|reason,PD,0.625,0.9003,0.5714285714285714,0.0,0.0,0.14285714285714285,0.0,0.0,0.0,0.0,0.0,0.625,0.0,0.0,0.125,0.25,True,1.0,correct
gpqa_86,directllm,7,IC|reason|PD|reason|PD|reason|PD,reason,0.4286,1.0042,0.0,0.5,0.0,0.3333333333333333,0.0,0.0,0.0,0.0,0.0,0.42857142857142855,0.14285714285714285,0.0,0.0,0.42857142857142855,False,0.0,wrong
gpqa_87,directllm,6,RR|PD|PD|reason|reason|reason,reason,0.5,1.0114,0.2,0.0,0.0,0.2,0.0,0.0,0.0,0.0,0.0,0.3333333333333333,0.0,0.0,0.16666666666666666,0.5,False,0.0,wrong
gpqa_88,directllm,4,RR|reason|reason|reason,reason,0.75,0.5623,0.0,0.0,0.0,0.0,0.0,0.0,0.3333333333333333,0.0,0.0,0.0,0.0,0.0,0.25,0.75,False,0.0,wrong
gpqa_89,directllm,6,RR|PD|reason|PD|reason|reason,reason,0.5,1.0114,0.0,0.2,0.0,0.4,0.0,0.0,0.0,0.0,0.0,0.3333333333333333,0.0,0.0,0.16666666666666666,0.5,True,1.0,correct
gpqa_9,directllm,5,RR|reason|reason|UN|reason,reason,0.6,0.9503,0.0,0.0,0.0,0.0,0.25,0.25,0.25,0.0,0.0,0.0,0.0,0.2,0.2,0.6,True,1.0,correct
gpqa_90,directllm,8,RR|PD|reason|reason|reason|reason|reason|reason,reason,0.75,0.7356,0.0,0.0,0.0,0.14285714285714285,0.0,0.0,0.0,0.0,0.0,0.125,0.0,0.0,0.125,0.75,True,1.0,correct
gpqa_91,directllm,7,RR|reason|reason|PD|reason|IC|reason,reason,0.5714,1.1537,0.0,0.16666666666666666,0.16666666666666666,0.16666666666666666,0.0,0.0,0.16666666666666666,0.0,0.0,0.14285714285714285,0.14285714285714285,0.0,0.14285714285714285,0.5714285714285714,True,1.0,correct
gpqa_92,directllm,4,PD|reason|UN|PD,PD,0.5,1.0397,0.0,0.0,0.0,0.3333333333333333,0.3333333333333333,0.0,0.0,0.0,0.0,0.5,0.0,0.25,0.0,0.25,True,1.0,correct
gpqa_93,directllm,7,RR|reason|PD|IC|reason|reason|reason,reason,0.5714,1.1537,0.0,0.16666666666666666,0.0,0.0,0.0,0.0,0.16666666666666666,0.16666666666666666,0.0,0.14285714285714285,0.14285714285714285,0.0,0.14285714285714285,0.5714285714285714,True,1.0,correct
gpqa_94,directllm,8,RR|reason|reason|reason|reason|reason|reason|reason,reason,0.875,0.3768,0.0,0.0,0.0,0.0,0.0,0.0,0.14285714285714285,0.0,0.0,0.0,0.0,0.0,0.125,0.875,True,1.0,correct
gpqa_95,directllm,5,UN|reason|reason|reason|UN,reason,0.6,0.673,0.0,0.0,0.0,0.0,0.25,0.25,0.0,0.0,0.0,0.0,0.0,0.4,0.0,0.6,True,1.0,correct
gpqa_96,directllm,8,RR|PD|PD|PD|PD|PD|reason|PD,PD,0.75,0.7356,0.5714285714285714,0.14285714285714285,0.0,0.14285714285714285,0.0,0.0,0.0,0.0,0.0,0.75,0.0,0.0,0.125,0.125,True,1.0,correct
gpqa_97,directllm,5,RR|reason|reason|reason|reason,reason,0.8,0.5004,0.0,0.0,0.0,0.0,0.0,0.0,0.25,0.0,0.0,0.0,0.0,0.0,0.2,0.8,False,0.0,wrong
gpqa_98,directllm,3,RR|reason|IC,RR,0.3333,1.0986,0.0,0.0,0.5,0.0,0.0,0.0,0.5,0.0,0.0,0.0,0.3333333333333333,0.0,0.3333333333333333,0.3333333333333333,True,1.0,correct
gpqa_99,directllm,7,RR|PD|PD|PD|PD|PD|reason,PD,0.7143,0.7963,0.6666666666666666,0.0,0.0,0.16666666666666666,0.0,0.0,0.0,0.0,0.0,0.7142857142857143,0.0,0.0,0.14285714285714285,0.14285714285714285,True,1.0,correct
gpqa_0,openclaw,1,PD,PD,1.0,0.0,0.0,0.0,0.0,0.0,0.0,0.0,0.0,0.0,0.0,1.0,0.0,0.0,0.0,0.0,True,1.0,correct
gpqa_1,openclaw,1,PD,PD,1.0,0.0,0.0,0.0,0.0,0.0,0.0,0.0,0.0,0.0,0.0,1.0,0.0,0.0,0.0,0.0,True,1.0,correct
gpqa_10,openclaw,1,PD,PD,1.0,0.0,0.0,0.0,0.0,0.0,0.0,0.0,0.0,0.0,0.0,1.0,0.0,0.0,0.0,0.0,False,0.0,wrong
gpqa_100,openclaw,1,PD,PD,1.0,0.0,0.0,0.0,0.0,0.0,0.0,0.0,0.0,0.0,0.0,1.0,0.0,0.0,0.0,0.0,True,1.0,correct
gpqa_101,openclaw,1,PD,PD,1.0,0.0,0.0,0.0,0.0,0.0,0.0,0.0,0.0,0.0,0.0,1.0,0.0,0.0,0.0,0.0,True,1.0,correct
gpqa_102,openclaw,1,PD,PD,1.0,0.0,0.0,0.0,0.0,0.0,0.0,0.0,0.0,0.0,0.0,1.0,0.0,0.0,0.0,0.0,False,0.0,wrong
gpqa_103,openclaw,1,IC,IC,1.0,0.0,0.0,0.0,0.0,0.0,0.0,0.0,0.0,0.0,0.0,0.0,1.0,0.0,0.0,0.0,False,0.0,wrong
gpqa_104,openclaw,1,reason,reason,1.0,0.0,0.0,0.0,0.0,0.0,0.0,0.0,0.0,0.0,0.0,0.0,0.0,0.0,0.0,1.0,True,1.0,correct
gpqa_105,openclaw,1,UN,UN,1.0,0.0,0.0,0.0,0.0,0.0,0.0,0.0,0.0,0.0,0.0,0.0,0.0,1.0,0.0,0.0,True,1.0,correct
gpqa_106,openclaw,1,IC,IC,1.0,0.0,0.0,0.0,0.0,0.0,0.0,0.0,0.0,0.0,0.0,0.0,1.0,0.0,0.0,0.0,False,0.0,wrong
gpqa_107,openclaw,1,IC,IC,1.0,0.0,0.0,0.0,0.0,0.0,0.0,0.0,0.0,0.0,0.0,0.0,1.0,0.0,0.0,0.0,True,1.0,correct
gpqa_108,openclaw,1,PD,PD,1.0,0.0,0.0,0.0,0.0,0.0,0.0,0.0,0.0,0.0,0.0,1.0,0.0,0.0,0.0,0.0,False,0.0,wrong
gpqa_109,openclaw,1,reason,reason,1.0,0.0,0.0,0.0,0.0,0.0,0.0,0.0,0.0,0.0,0.0,0.0,0.0,0.0,0.0,1.0,False,0.0,wrong
gpqa_11,openclaw,1,PD,PD,1.0,0.0,0.0,0.0,0.0,0.0,0.0,0.0,0.0,0.0,0.0,1.0,0.0,0.0,0.0,0.0,True,1.0,correct
gpqa_110,openclaw,1,PD,PD,1.0,0.0,0.0,0.0,0.0,0.0,0.0,0.0,0.0,0.0,0.0,1.0,0.0,0.0,0.0,0.0,True,1.0,correct
gpqa_111,openclaw,1,reason,reason,1.0,0.0,0.0,0.0,0.0,0.0,0.0,0.0,0.0,0.0,0.0,0.0,0.0,0.0,0.0,1.0,True,1.0,correct
gpqa_112,openclaw,1,PD,PD,1.0,0.0,0.0,0.0,0.0,0.0,0.0,0.0,0.0,0.0,0.0,1.0,0.0,0.0,0.0,0.0,True,1.0,correct
gpqa_113,openclaw,1,reason,reason,1.0,0.0,0.0,0.0,0.0,0.0,0.0,0.0,0.0,0.0,0.0,0.0,0.0,0.0,0.0,1.0,True,1.0,correct
gpqa_114,openclaw,1,reason,reason,1.0,0.0,0.0,0.0,0.0,0.0,0.0,0.0,0.0,0.0,0.0,0.0,0.0,0.0,0.0,1.0,True,1.0,correct
gpqa_115,openclaw,1,IC,IC,1.0,0.0,0.0,0.0,0.0,0.0,0.0,0.0,0.0,0.0,0.0,0.0,1.0,0.0,0.0,0.0,True,1.0,correct
gpqa_116,openclaw,1,reason,reason,1.0,0.0,0.0,0.0,0.0,0.0,0.0,0.0,0.0,0.0,0.0,0.0,0.0,0.0,0.0,1.0,False,0.0,wrong
gpqa_117,openclaw,1,reason,reason,1.0,0.0,0.0,0.0,0.0,0.0,0.0,0.0,0.0,0.0,0.0,0.0,0.0,0.0,0.0,1.0,True,1.0,correct
gpqa_118,openclaw,1,PD,PD,1.0,0.0,0.0,0.0,0.0,0.0,0.0,0.0,0.0,0.0,0.0,1.0,0.0,0.0,0.0,0.0,True,1.0,correct
gpqa_119,openclaw,1,PD,PD,1.0,0.0,0.0,0.0,0.0,0.0,0.0,0.0,0.0,0.0,0.0,1.0,0.0,0.0,0.0,0.0,True,1.0,correct
gpqa_12,openclaw,1,PD,PD,1.0,0.0,0.0,0.0,0.0,0.0,0.0,0.0,0.0,0.0,0.0,1.0,0.0,0.0,0.0,0.0,True,1.0,correct
gpqa_120,openclaw,1,PD,PD,1.0,0.0,0.0,0.0,0.0,0.0,0.0,0.0,0.0,0.0,0.0,1.0,0.0,0.0,0.0,0.0,True,1.0,correct
gpqa_121,openclaw,1,PD,PD,1.0,0.0,0.0,0.0,0.0,0.0,0.0,0.0,0.0,0.0,0.0,1.0,0.0,0.0,0.0,0.0,True,1.0,correct
gpqa_122,openclaw,1,reason,reason,1.0,0.0,0.0,0.0,0.0,0.0,0.0,0.0,0.0,0.0,0.0,0.0,0.0,0.0,0.0,1.0,True,1.0,correct
gpqa_123,openclaw,1,PD,PD,1.0,0.0,0.0,0.0,0.0,0.0,0.0,0.0,0.0,0.0,0.0,1.0,0.0,0.0,0.0,0.0,True,1.0,correct
gpqa_124,openclaw,1,PD,PD,1.0,0.0,0.0,0.0,0.0,0.0,0.0,0.0,0.0,0.0,0.0,1.0,0.0,0.0,0.0,0.0,True,1.0,correct
gpqa_125,openclaw,1,PD,PD,1.0,0.0,0.0,0.0,0.0,0.0,0.0,0.0,0.0,0.0,0.0,1.0,0.0,0.0,0.0,0.0,True,1.0,correct
gpqa_126,openclaw,1,PD,PD,1.0,0.0,0.0,0.0,0.0,0.0,0.0,0.0,0.0,0.0,0.0,1.0,0.0,0.0,0.0,0.0,True,1.0,correct
gpqa_127,openclaw,1,IC,IC,1.0,0.0,0.0,0.0,0.0,0.0,0.0,0.0,0.0,0.0,0.0,0.0,1.0,0.0,0.0,0.0,False,0.0,wrong
gpqa_128,openclaw,1,PD,PD,1.0,0.0,0.0,0.0,0.0,0.0,0.0,0.0,0.0,0.0,0.0,1.0,0.0,0.0,0.0,0.0,True,1.0,correct
gpqa_129,openclaw,1,PD,PD,1.0,0.0,0.0,0.0,0.0,0.0,0.0,0.0,0.0,0.0,0.0,1.0,0.0,0.0,0.0,0.0,True,1.0,correct
gpqa_13,openclaw,1,PD,PD,1.0,0.0,0.0,0.0,0.0,0.0,0.0,0.0,0.0,0.0,0.0,1.0,0.0,0.0,0.0,0.0,True,1.0,correct
gpqa_130,openclaw,1,IC,IC,1.0,0.0,0.0,0.0,0.0,0.0,0.0,0.0,0.0,0.0,0.0,0.0,1.0,0.0,0.0,0.0,True,1.0,correct
gpqa_131,openclaw,1,PD,PD,1.0,0.0,0.0,0.0,0.0,0.0,0.0,0.0,0.0,0.0,0.0,1.0,0.0,0.0,0.0,0.0,True,1.0,correct
gpqa_132,openclaw,1,reason,reason,1.0,0.0,0.0,0.0,0.0,0.0,0.0,0.0,0.0,0.0,0.0,0.0,0.0,0.0,0.0,1.0,True,1.0,correct
gpqa_133,openclaw,1,PD,PD,1.0,0.0,0.0,0.0,0.0,0.0,0.0,0.0,0.0,0.0,0.0,1.0,0.0,0.0,0.0,0.0,,,
gpqa_134,openclaw,1,PD,PD,1.0,0.0,0.0,0.0,0.0,0.0,0.0,0.0,0.0,0.0,0.0,1.0,0.0,0.0,0.0,0.0,True,1.0,correct
gpqa_135,openclaw,1,reason,reason,1.0,0.0,0.0,0.0,0.0,0.0,0.0,0.0,0.0,0.0,0.0,0.0,0.0,0.0,0.0,1.0,False,0.0,wrong
gpqa_136,openclaw,1,PD,PD,1.0,0.0,0.0,0.0,0.0,0.0,0.0,0.0,0.0,0.0,0.0,1.0,0.0,0.0,0.0,0.0,True,1.0,correct
gpqa_137,openclaw,1,IC,IC,1.0,0.0,0.0,0.0,0.0,0.0,0.0,0.0,0.0,0.0,0.0,0.0,1.0,0.0,0.0,0.0,True,1.0,correct
gpqa_138,openclaw,1,UN,UN,1.0,0.0,0.0,0.0,0.0,0.0,0.0,0.0,0.0,0.0,0.0,0.0,0.0,1.0,0.0,0.0,True,1.0,correct
gpqa_139,openclaw,1,reason,reason,1.0,0.0,0.0,0.0,0.0,0.0,0.0,0.0,0.0,0.0,0.0,0.0,0.0,0.0,0.0,1.0,True,1.0,correct
gpqa_14,openclaw,1,PD,PD,1.0,0.0,0.0,0.0,0.0,0.0,0.0,0.0,0.0,0.0,0.0,1.0,0.0,0.0,0.0,0.0,True,1.0,correct
gpqa_140,openclaw,1,reason,reason,1.0,0.0,0.0,0.0,0.0,0.0,0.0,0.0,0.0,0.0,0.0,0.0,0.0,0.0,0.0,1.0,True,1.0,correct
gpqa_141,openclaw,1,PD,PD,1.0,0.0,0.0,0.0,0.0,0.0,0.0,0.0,0.0,0.0,0.0,1.0,0.0,0.0,0.0,0.0,True,1.0,correct
gpqa_142,openclaw,1,reason,reason,1.0,0.0,0.0,0.0,0.0,0.0,0.0,0.0,0.0,0.0,0.0,0.0,0.0,0.0,0.0,1.0,True,1.0,correct
gpqa_143,openclaw,1,reason,reason,1.0,0.0,0.0,0.0,0.0,0.0,0.0,0.0,0.0,0.0,0.0,0.0,0.0,0.0,0.0,1.0,False,0.0,wrong
gpqa_144,openclaw,1,PD,PD,1.0,0.0,0.0,0.0,0.0,0.0,0.0,0.0,0.0,0.0,0.0,1.0,0.0,0.0,0.0,0.0,True,1.0,correct
gpqa_145,openclaw,1,PD,PD,1.0,0.0,0.0,0.0,0.0,0.0,0.0,0.0,0.0,0.0,0.0,1.0,0.0,0.0,0.0,0.0,True,1.0,correct
gpqa_146,openclaw,1,PD,PD,1.0,0.0,0.0,0.0,0.0,0.0,0.0,0.0,0.0,0.0,0.0,1.0,0.0,0.0,0.0,0.0,True,1.0,correct
gpqa_147,openclaw,1,IC,IC,1.0,0.0,0.0,0.0,0.0,0.0,0.0,0.0,0.0,0.0,0.0,0.0,1.0,0.0,0.0,0.0,True,1.0,correct
gpqa_148,openclaw,1,SE,SE,1.0,0.0,0.0,0.0,0.0,0.0,0.0,0.0,0.0,0.0,1.0,0.0,0.0,0.0,0.0,0.0,True,1.0,correct
gpqa_149,openclaw,1,PD,PD,1.0,0.0,0.0,0.0,0.0,0.0,0.0,0.0,0.0,0.0,0.0,1.0,0.0,0.0,0.0,0.0,False,0.0,wrong
gpqa_15,openclaw,1,IC,IC,1.0,0.0,0.0,0.0,0.0,0.0,0.0,0.0,0.0,0.0,0.0,0.0,1.0,0.0,0.0,0.0,True,1.0,correct
gpqa_150,openclaw,1,PD,PD,1.0,0.0,0.0,0.0,0.0,0.0,0.0,0.0,0.0,0.0,0.0,1.0,0.0,0.0,0.0,0.0,True,1.0,correct
gpqa_152,openclaw,1,PD,PD,1.0,0.0,0.0,0.0,0.0,0.0,0.0,0.0,0.0,0.0,0.0,1.0,0.0,0.0,0.0,0.0,True,1.0,correct
gpqa_153,openclaw,1,PD,PD,1.0,0.0,0.0,0.0,0.0,0.0,0.0,0.0,0.0,0.0,0.0,1.0,0.0,0.0,0.0,0.0,True,1.0,correct
gpqa_154,openclaw,1,PD,PD,1.0,0.0,0.0,0.0,0.0,0.0,0.0,0.0,0.0,0.0,0.0,1.0,0.0,0.0,0.0,0.0,True,1.0,correct
gpqa_155,openclaw,1,PD,PD,1.0,0.0,0.0,0.0,0.0,0.0,0.0,0.0,0.0,0.0,0.0,1.0,0.0,0.0,0.0,0.0,True,1.0,correct
gpqa_156,openclaw,1,PD,PD,1.0,0.0,0.0,0.0,0.0,0.0,0.0,0.0,0.0,0.0,0.0,1.0,0.0,0.0,0.0,0.0,True,1.0,correct
gpqa_157,openclaw,1,PD,PD,1.0,0.0,0.0,0.0,0.0,0.0,0.0,0.0,0.0,0.0,0.0,1.0,0.0,0.0,0.0,0.0,True,1.0,correct
gpqa_158,openclaw,1,UN,UN,1.0,0.0,0.0,0.0,0.0,0.0,0.0,0.0,0.0,0.0,0.0,0.0,0.0,1.0,0.0,0.0,True,1.0,correct
gpqa_159,openclaw,1,PD,PD,1.0,0.0,0.0,0.0,0.0,0.0,0.0,0.0,0.0,0.0,0.0,1.0,0.0,0.0,0.0,0.0,True,1.0,correct
gpqa_16,openclaw,1,PD,PD,1.0,0.0,0.0,0.0,0.0,0.0,0.0,0.0,0.0,0.0,0.0,1.0,0.0,0.0,0.0,0.0,True,1.0,correct
gpqa_160,openclaw,1,PD,PD,1.0,0.0,0.0,0.0,0.0,0.0,0.0,0.0,0.0,0.0,0.0,1.0,0.0,0.0,0.0,0.0,True,1.0,correct
gpqa_161,openclaw,1,PD,PD,1.0,0.0,0.0,0.0,0.0,0.0,0.0,0.0,0.0,0.0,0.0,1.0,0.0,0.0,0.0,0.0,True,1.0,correct
gpqa_162,openclaw,1,IC,IC,1.0,0.0,0.0,0.0,0.0,0.0,0.0,0.0,0.0,0.0,0.0,0.0,1.0,0.0,0.0,0.0,True,1.0,correct
gpqa_163,openclaw,1,PD,PD,1.0,0.0,0.0,0.0,0.0,0.0,0.0,0.0,0.0,0.0,0.0,1.0,0.0,0.0,0.0,0.0,True,1.0,correct
gpqa_164,openclaw,1,PD,PD,1.0,0.0,0.0,0.0,0.0,0.0,0.0,0.0,0.0,0.0,0.0,1.0,0.0,0.0,0.0,0.0,True,1.0,correct
gpqa_165,openclaw,1,PD,PD,1.0,0.0,0.0,0.0,0.0,0.0,0.0,0.0,0.0,0.0,0.0,1.0,0.0,0.0,0.0,0.0,True,1.0,correct
gpqa_166,openclaw,1,reason,reason,1.0,0.0,0.0,0.0,0.0,0.0,0.0,0.0,0.0,0.0,0.0,0.0,0.0,0.0,0.0,1.0,True,1.0,correct
gpqa_167,openclaw,1,PD,PD,1.0,0.0,0.0,0.0,0.0,0.0,0.0,0.0,0.0,0.0,0.0,1.0,0.0,0.0,0.0,0.0,True,1.0,correct
gpqa_168,openclaw,1,reason,reason,1.0,0.0,0.0,0.0,0.0,0.0,0.0,0.0,0.0,0.0,0.0,0.0,0.0,0.0,0.0,1.0,True,1.0,correct
gpqa_169,openclaw,1,PD,PD,1.0,0.0,0.0,0.0,0.0,0.0,0.0,0.0,0.0,0.0,0.0,1.0,0.0,0.0,0.0,0.0,True,1.0,correct
gpqa_170,openclaw,1,IC,IC,1.0,0.0,0.0,0.0,0.0,0.0,0.0,0.0,0.0,0.0,0.0,0.0,1.0,0.0,0.0,0.0,True,1.0,correct
gpqa_171,openclaw,1,PD,PD,1.0,0.0,0.0,0.0,0.0,0.0,0.0,0.0,0.0,0.0,0.0,1.0,0.0,0.0,0.0,0.0,True,1.0,correct
gpqa_172,openclaw,1,PD,PD,1.0,0.0,0.0,0.0,0.0,0.0,0.0,0.0,0.0,0.0,0.0,1.0,0.0,0.0,0.0,0.0,True,1.0,correct
gpqa_173,openclaw,1,PD,PD,1.0,0.0,0.0,0.0,0.0,0.0,0.0,0.0,0.0,0.0,0.0,1.0,0.0,0.0,0.0,0.0,True,1.0,correct
gpqa_174,openclaw,1,PD,PD,1.0,0.0,0.0,0.0,0.0,0.0,0.0,0.0,0.0,0.0,0.0,1.0,0.0,0.0,0.0,0.0,True,1.0,correct
gpqa_175,openclaw,1,reason,reason,1.0,0.0,0.0,0.0,0.0,0.0,0.0,0.0,0.0,0.0,0.0,0.0,0.0,0.0,0.0,1.0,True,1.0,correct
gpqa_176,openclaw,1,PD,PD,1.0,0.0,0.0,0.0,0.0,0.0,0.0,0.0,0.0,0.0,0.0,1.0,0.0,0.0,0.0,0.0,True,1.0,correct
gpqa_177,openclaw,1,PD,PD,1.0,0.0,0.0,0.0,0.0,0.0,0.0,0.0,0.0,0.0,0.0,1.0,0.0,0.0,0.0,0.0,True,1.0,correct
gpqa_178,openclaw,1,PD,PD,1.0,0.0,0.0,0.0,0.0,0.0,0.0,0.0,0.0,0.0,0.0,1.0,0.0,0.0,0.0,0.0,True,1.0,correct
gpqa_179,openclaw,1,PD,PD,1.0,0.0,0.0,0.0,0.0,0.0,0.0,0.0,0.0,0.0,0.0,1.0,0.0,0.0,0.0,0.0,True,1.0,correct
gpqa_18,openclaw,1,reason,reason,1.0,0.0,0.0,0.0,0.0,0.0,0.0,0.0,0.0,0.0,0.0,0.0,0.0,0.0,0.0,1.0,True,1.0,correct
gpqa_180,openclaw,1,IC,IC,1.0,0.0,0.0,0.0,0.0,0.0,0.0,0.0,0.0,0.0,0.0,0.0,1.0,0.0,0.0,0.0,True,1.0,correct
gpqa_182,openclaw,1,PD,PD,1.0,0.0,0.0,0.0,0.0,0.0,0.0,0.0,0.0,0.0,0.0,1.0,0.0,0.0,0.0,0.0,True,1.0,correct
gpqa_183,openclaw,1,PD,PD,1.0,0.0,0.0,0.0,0.0,0.0,0.0,0.0,0.0,0.0,0.0,1.0,0.0,0.0,0.0,0.0,True,1.0,correct
gpqa_184,openclaw,1,PD,PD,1.0,0.0,0.0,0.0,0.0,0.0,0.0,0.0,0.0,0.0,0.0,1.0,0.0,0.0,0.0,0.0,True,1.0,correct
gpqa_185,openclaw,1,PD,PD,1.0,0.0,0.0,0.0,0.0,0.0,0.0,0.0,0.0,0.0,0.0,1.0,0.0,0.0,0.0,0.0,True,1.0,correct
gpqa_186,openclaw,1,PD,PD,1.0,0.0,0.0,0.0,0.0,0.0,0.0,0.0,0.0,0.0,0.0,1.0,0.0,0.0,0.0,0.0,True,1.0,correct
gpqa_187,openclaw,1,PD,PD,1.0,0.0,0.0,0.0,0.0,0.0,0.0,0.0,0.0,0.0,0.0,1.0,0.0,0.0,0.0,0.0,True,1.0,correct
gpqa_188,openclaw,1,PD,PD,1.0,0.0,0.0,0.0,0.0,0.0,0.0,0.0,0.0,0.0,0.0,1.0,0.0,0.0,0.0,0.0,True,1.0,correct
gpqa_189,openclaw,1,IC,IC,1.0,0.0,0.0,0.0,0.0,0.0,0.0,0.0,0.0,0.0,0.0,0.0,1.0,0.0,0.0,0.0,True,1.0,correct
gpqa_19,openclaw,1,PD,PD,1.0,0.0,0.0,0.0,0.0,0.0,0.0,0.0,0.0,0.0,0.0,1.0,0.0,0.0,0.0,0.0,True,1.0,correct
gpqa_190,openclaw,1,IC,IC,1.0,0.0,0.0,0.0,0.0,0.0,0.0,0.0,0.0,0.0,0.0,0.0,1.0,0.0,0.0,0.0,True,1.0,correct
gpqa_191,openclaw,1,reason,reason,1.0,0.0,0.0,0.0,0.0,0.0,0.0,0.0,0.0,0.0,0.0,0.0,0.0,0.0,0.0,1.0,True,1.0,correct
gpqa_192,openclaw,1,PD,PD,1.0,0.0,0.0,0.0,0.0,0.0,0.0,0.0,0.0,0.0,0.0,1.0,0.0,0.0,0.0,0.0,True,1.0,correct
gpqa_193,openclaw,1,UN,UN,1.0,0.0,0.0,0.0,0.0,0.0,0.0,0.0,0.0,0.0,0.0,0.0,0.0,1.0,0.0,0.0,True,1.0,correct
gpqa_194,openclaw,1,PD,PD,1.0,0.0,0.0,0.0,0.0,0.0,0.0,0.0,0.0,0.0,0.0,1.0,0.0,0.0,0.0,0.0,True,1.0,correct
gpqa_196,openclaw,1,PD,PD,1.0,0.0,0.0,0.0,0.0,0.0,0.0,0.0,0.0,0.0,0.0,1.0,0.0,0.0,0.0,0.0,False,0.0,wrong
gpqa_197,openclaw,1,PD,PD,1.0,0.0,0.0,0.0,0.0,0.0,0.0,0.0,0.0,0.0,0.0,1.0,0.0,0.0,0.0,0.0,True,1.0,correct
gpqa_2,openclaw,1,PD,PD,1.0,0.0,0.0,0.0,0.0,0.0,0.0,0.0,0.0,0.0,0.0,1.0,0.0,0.0,0.0,0.0,True,1.0,correct
gpqa_20,openclaw,1,UN,UN,1.0,0.0,0.0,0.0,0.0,0.0,0.0,0.0,0.0,0.0,0.0,0.0,0.0,1.0,0.0,0.0,True,1.0,correct
gpqa_21,openclaw,1,PD,PD,1.0,0.0,0.0,0.0,0.0,0.0,0.0,0.0,0.0,0.0,0.0,1.0,0.0,0.0,0.0,0.0,True,1.0,correct
gpqa_22,openclaw,1,reason,reason,1.0,0.0,0.0,0.0,0.0,0.0,0.0,0.0,0.0,0.0,0.0,0.0,0.0,0.0,0.0,1.0,False,0.0,wrong
gpqa_23,openclaw,1,PD,PD,1.0,0.0,0.0,0.0,0.0,0.0,0.0,0.0,0.0,0.0,0.0,1.0,0.0,0.0,0.0,0.0,True,1.0,correct
gpqa_24,openclaw,1,reason,reason,1.0,0.0,0.0,0.0,0.0,0.0,0.0,0.0,0.0,0.0,0.0,0.0,0.0,0.0,0.0,1.0,True,1.0,correct
gpqa_25,openclaw,1,PD,PD,1.0,0.0,0.0,0.0,0.0,0.0,0.0,0.0,0.0,0.0,0.0,1.0,0.0,0.0,0.0,0.0,True,1.0,correct
gpqa_26,openclaw,1,PD,PD,1.0,0.0,0.0,0.0,0.0,0.0,0.0,0.0,0.0,0.0,0.0,1.0,0.0,0.0,0.0,0.0,False,0.0,wrong
gpqa_27,openclaw,1,PD,PD,1.0,0.0,0.0,0.0,0.0,0.0,0.0,0.0,0.0,0.0,0.0,1.0,0.0,0.0,0.0,0.0,True,1.0,correct
gpqa_28,openclaw,1,PD,PD,1.0,0.0,0.0,0.0,0.0,0.0,0.0,0.0,0.0,0.0,0.0,1.0,0.0,0.0,0.0,0.0,False,0.0,wrong
gpqa_29,openclaw,1,IC,IC,1.0,0.0,0.0,0.0,0.0,0.0,0.0,0.0,0.0,0.0,0.0,0.0,1.0,0.0,0.0,0.0,True,1.0,correct
gpqa_3,openclaw,1,PD,PD,1.0,0.0,0.0,0.0,0.0,0.0,0.0,0.0,0.0,0.0,0.0,1.0,0.0,0.0,0.0,0.0,True,1.0,correct
gpqa_30,openclaw,1,PD,PD,1.0,0.0,0.0,0.0,0.0,0.0,0.0,0.0,0.0,0.0,0.0,1.0,0.0,0.0,0.0,0.0,True,1.0,correct
gpqa_31,openclaw,1,PD,PD,1.0,0.0,0.0,0.0,0.0,0.0,0.0,0.0,0.0,0.0,0.0,1.0,0.0,0.0,0.0,0.0,False,0.0,wrong
gpqa_32,openclaw,1,PD,PD,1.0,0.0,0.0,0.0,0.0,0.0,0.0,0.0,0.0,0.0,0.0,1.0,0.0,0.0,0.0,0.0,True,1.0,correct
gpqa_33,openclaw,1,PD,PD,1.0,0.0,0.0,0.0,0.0,0.0,0.0,0.0,0.0,0.0,0.0,1.0,0.0,0.0,0.0,0.0,True,1.0,correct
gpqa_34,openclaw,1,reason,reason,1.0,0.0,0.0,0.0,0.0,0.0,0.0,0.0,0.0,0.0,0.0,0.0,0.0,0.0,0.0,1.0,True,1.0,correct
gpqa_35,openclaw,1,IC,IC,1.0,0.0,0.0,0.0,0.0,0.0,0.0,0.0,0.0,0.0,0.0,0.0,1.0,0.0,0.0,0.0,True,1.0,correct
gpqa_36,openclaw,1,IC,IC,1.0,0.0,0.0,0.0,0.0,0.0,0.0,0.0,0.0,0.0,0.0,0.0,1.0,0.0,0.0,0.0,True,1.0,correct
gpqa_37,openclaw,1,PD,PD,1.0,0.0,0.0,0.0,0.0,0.0,0.0,0.0,0.0,0.0,0.0,1.0,0.0,0.0,0.0,0.0,True,1.0,correct
gpqa_38,openclaw,1,PD,PD,1.0,0.0,0.0,0.0,0.0,0.0,0.0,0.0,0.0,0.0,0.0,1.0,0.0,0.0,0.0,0.0,False,0.0,wrong
gpqa_39,openclaw,1,IC,IC,1.0,0.0,0.0,0.0,0.0,0.0,0.0,0.0,0.0,0.0,0.0,0.0,1.0,0.0,0.0,0.0,True,1.0,correct
gpqa_4,openclaw,1,PD,PD,1.0,0.0,0.0,0.0,0.0,0.0,0.0,0.0,0.0,0.0,0.0,1.0,0.0,0.0,0.0,0.0,True,1.0,correct
gpqa_40,openclaw,1,UN,UN,1.0,0.0,0.0,0.0,0.0,0.0,0.0,0.0,0.0,0.0,0.0,0.0,0.0,1.0,0.0,0.0,True,1.0,correct
gpqa_41,openclaw,1,reason,reason,1.0,0.0,0.0,0.0,0.0,0.0,0.0,0.0,0.0,0.0,0.0,0.0,0.0,0.0,0.0,1.0,True,1.0,correct
gpqa_42,openclaw,1,PD,PD,1.0,0.0,0.0,0.0,0.0,0.0,0.0,0.0,0.0,0.0,0.0,1.0,0.0,0.0,0.0,0.0,True,1.0,correct
gpqa_43,openclaw,1,UN,UN,1.0,0.0,0.0,0.0,0.0,0.0,0.0,0.0,0.0,0.0,0.0,0.0,0.0,1.0,0.0,0.0,False,0.0,wrong
gpqa_44,openclaw,1,PD,PD,1.0,0.0,0.0,0.0,0.0,0.0,0.0,0.0,0.0,0.0,0.0,1.0,0.0,0.0,0.0,0.0,True,1.0,correct
gpqa_46,openclaw,1,PD,PD,1.0,0.0,0.0,0.0,0.0,0.0,0.0,0.0,0.0,0.0,0.0,1.0,0.0,0.0,0.0,0.0,True,1.0,correct
gpqa_47,openclaw,1,PD,PD,1.0,0.0,0.0,0.0,0.0,0.0,0.0,0.0,0.0,0.0,0.0,1.0,0.0,0.0,0.0,0.0,True,1.0,correct
gpqa_48,openclaw,1,SE,SE,1.0,0.0,0.0,0.0,0.0,0.0,0.0,0.0,0.0,0.0,1.0,0.0,0.0,0.0,0.0,0.0,True,1.0,correct
gpqa_49,openclaw,1,IC,IC,1.0,0.0,0.0,0.0,0.0,0.0,0.0,0.0,0.0,0.0,0.0,0.0,1.0,0.0,0.0,0.0,True,1.0,correct
gpqa_5,openclaw,1,PD,PD,1.0,0.0,0.0,0.0,0.0,0.0,0.0,0.0,0.0,0.0,0.0,1.0,0.0,0.0,0.0,0.0,True,1.0,correct
gpqa_50,openclaw,1,PD,PD,1.0,0.0,0.0,0.0,0.0,0.0,0.0,0.0,0.0,0.0,0.0,1.0,0.0,0.0,0.0,0.0,True,1.0,correct
gpqa_51,openclaw,1,IC,IC,1.0,0.0,0.0,0.0,0.0,0.0,0.0,0.0,0.0,0.0,0.0,0.0,1.0,0.0,0.0,0.0,True,1.0,correct
gpqa_52,openclaw,1,PD,PD,1.0,0.0,0.0,0.0,0.0,0.0,0.0,0.0,0.0,0.0,0.0,1.0,0.0,0.0,0.0,0.0,True,1.0,correct
gpqa_53,openclaw,1,PD,PD,1.0,0.0,0.0,0.0,0.0,0.0,0.0,0.0,0.0,0.0,0.0,1.0,0.0,0.0,0.0,0.0,True,1.0,correct
gpqa_55,openclaw,1,reason,reason,1.0,0.0,0.0,0.0,0.0,0.0,0.0,0.0,0.0,0.0,0.0,0.0,0.0,0.0,0.0,1.0,True,1.0,correct
gpqa_56,openclaw,1,PD,PD,1.0,0.0,0.0,0.0,0.0,0.0,0.0,0.0,0.0,0.0,0.0,1.0,0.0,0.0,0.0,0.0,True,1.0,correct
gpqa_57,openclaw,1,reason,reason,1.0,0.0,0.0,0.0,0.0,0.0,0.0,0.0,0.0,0.0,0.0,0.0,0.0,0.0,0.0,1.0,True,1.0,correct
gpqa_58,openclaw,1,PD,PD,1.0,0.0,0.0,0.0,0.0,0.0,0.0,0.0,0.0,0.0,0.0,1.0,0.0,0.0,0.0,0.0,True,1.0,correct
gpqa_59,openclaw,1,PD,PD,1.0,0.0,0.0,0.0,0.0,0.0,0.0,0.0,0.0,0.0,0.0,1.0,0.0,0.0,0.0,0.0,True,1.0,correct
gpqa_6,openclaw,1,PD,PD,1.0,0.0,0.0,0.0,0.0,0.0,0.0,0.0,0.0,0.0,0.0,1.0,0.0,0.0,0.0,0.0,True,1.0,correct
gpqa_60,openclaw,1,reason,reason,1.0,0.0,0.0,0.0,0.0,0.0,0.0,0.0,0.0,0.0,0.0,0.0,0.0,0.0,0.0,1.0,False,0.0,wrong
gpqa_61,openclaw,1,PD,PD,1.0,0.0,0.0,0.0,0.0,0.0,0.0,0.0,0.0,0.0,0.0,1.0,0.0,0.0,0.0,0.0,True,1.0,correct
gpqa_62,openclaw,1,PD,PD,1.0,0.0,0.0,0.0,0.0,0.0,0.0,0.0,0.0,0.0,0.0,1.0,0.0,0.0,0.0,0.0,True,1.0,correct
gpqa_63,openclaw,1,reason,reason,1.0,0.0,0.0,0.0,0.0,0.0,0.0,0.0,0.0,0.0,0.0,0.0,0.0,0.0,0.0,1.0,True,1.0,correct
gpqa_64,openclaw,1,PD,PD,1.0,0.0,0.0,0.0,0.0,0.0,0.0,0.0,0.0,0.0,0.0,1.0,0.0,0.0,0.0,0.0,False,0.0,wrong
gpqa_65,openclaw,1,PD,PD,1.0,0.0,0.0,0.0,0.0,0.0,0.0,0.0,0.0,0.0,0.0,1.0,0.0,0.0,0.0,0.0,False,0.0,wrong
gpqa_66,openclaw,1,reason,reason,1.0,0.0,0.0,0.0,0.0,0.0,0.0,0.0,0.0,0.0,0.0,0.0,0.0,0.0,0.0,1.0,True,1.0,correct
gpqa_67,openclaw,1,PD,PD,1.0,0.0,0.0,0.0,0.0,0.0,0.0,0.0,0.0,0.0,0.0,1.0,0.0,0.0,0.0,0.0,True,1.0,correct
gpqa_68,openclaw,1,reason,reason,1.0,0.0,0.0,0.0,0.0,0.0,0.0,0.0,0.0,0.0,0.0,0.0,0.0,0.0,0.0,1.0,True,1.0,correct
gpqa_69,openclaw,1,PD,PD,1.0,0.0,0.0,0.0,0.0,0.0,0.0,0.0,0.0,0.0,0.0,1.0,0.0,0.0,0.0,0.0,True,1.0,correct
gpqa_7,openclaw,1,PD,PD,1.0,0.0,0.0,0.0,0.0,0.0,0.0,0.0,0.0,0.0,0.0,1.0,0.0,0.0,0.0,0.0,True,1.0,correct
gpqa_70,openclaw,1,reason,reason,1.0,0.0,0.0,0.0,0.0,0.0,0.0,0.0,0.0,0.0,0.0,0.0,0.0,0.0,0.0,1.0,False,0.0,wrong
gpqa_71,openclaw,1,IC,IC,1.0,0.0,0.0,0.0,0.0,0.0,0.0,0.0,0.0,0.0,0.0,0.0,1.0,0.0,0.0,0.0,True,1.0,correct
gpqa_72,openclaw,1,PD,PD,1.0,0.0,0.0,0.0,0.0,0.0,0.0,0.0,0.0,0.0,0.0,1.0,0.0,0.0,0.0,0.0,True,1.0,correct
gpqa_73,openclaw,1,IC,IC,1.0,0.0,0.0,0.0,0.0,0.0,0.0,0.0,0.0,0.0,0.0,0.0,1.0,0.0,0.0,0.0,True,1.0,correct
gpqa_74,openclaw,1,PD,PD,1.0,0.0,0.0,0.0,0.0,0.0,0.0,0.0,0.0,0.0,0.0,1.0,0.0,0.0,0.0,0.0,True,1.0,correct
gpqa_75,openclaw,1,reason,reason,1.0,0.0,0.0,0.0,0.0,0.0,0.0,0.0,0.0,0.0,0.0,0.0,0.0,0.0,0.0,1.0,True,1.0,correct
gpqa_76,openclaw,1,UN,UN,1.0,0.0,0.0,0.0,0.0,0.0,0.0,0.0,0.0,0.0,0.0,0.0,0.0,1.0,0.0,0.0,False,0.0,wrong
gpqa_77,openclaw,1,PD,PD,1.0,0.0,0.0,0.0,0.0,0.0,0.0,0.0,0.0,0.0,0.0,1.0,0.0,0.0,0.0,0.0,True,1.0,correct
gpqa_78,openclaw,1,reason,reason,1.0,0.0,0.0,0.0,0.0,0.0,0.0,0.0,0.0,0.0,0.0,0.0,0.0,0.0,0.0,1.0,False,0.0,wrong
gpqa_79,openclaw,1,reason,reason,1.0,0.0,0.0,0.0,0.0,0.0,0.0,0.0,0.0,0.0,0.0,0.0,0.0,0.0,0.0,1.0,True,1.0,correct
gpqa_8,openclaw,1,IC,IC,1.0,0.0,0.0,0.0,0.0,0.0,0.0,0.0,0.0,0.0,0.0,0.0,1.0,0.0,0.0,0.0,True,1.0,correct
gpqa_80,openclaw,1,PD,PD,1.0,0.0,0.0,0.0,0.0,0.0,0.0,0.0,0.0,0.0,0.0,1.0,0.0,0.0,0.0,0.0,True,1.0,correct
gpqa_81,openclaw,1,PD,PD,1.0,0.0,0.0,0.0,0.0,0.0,0.0,0.0,0.0,0.0,0.0,1.0,0.0,0.0,0.0,0.0,True,1.0,correct
gpqa_82,openclaw,1,IC,IC,1.0,0.0,0.0,0.0,0.0,0.0,0.0,0.0,0.0,0.0,0.0,0.0,1.0,0.0,0.0,0.0,True,1.0,correct
gpqa_83,openclaw,1,reason,reason,1.0,0.0,0.0,0.0,0.0,0.0,0.0,0.0,0.0,0.0,0.0,0.0,0.0,0.0,0.0,1.0,True,1.0,correct
gpqa_84,openclaw,1,IC,IC,1.0,0.0,0.0,0.0,0.0,0.0,0.0,0.0,0.0,0.0,0.0,0.0,1.0,0.0,0.0,0.0,True,1.0,correct
gpqa_85,openclaw,1,PD,PD,1.0,0.0,0.0,0.0,0.0,0.0,0.0,0.0,0.0,0.0,0.0,1.0,0.0,0.0,0.0,0.0,True,1.0,correct
gpqa_86,openclaw,1,IC,IC,1.0,0.0,0.0,0.0,0.0,0.0,0.0,0.0,0.0,0.0,0.0,0.0,1.0,0.0,0.0,0.0,False,0.0,wrong
gpqa_87,openclaw,1,PD,PD,1.0,0.0,0.0,0.0,0.0,0.0,0.0,0.0,0.0,0.0,0.0,1.0,0.0,0.0,0.0,0.0,False,0.0,wrong
gpqa_88,openclaw,1,IC,IC,1.0,0.0,0.0,0.0,0.0,0.0,0.0,0.0,0.0,0.0,0.0,0.0,1.0,0.0,0.0,0.0,,,
gpqa_89,openclaw,1,SE,SE,1.0,0.0,0.0,0.0,0.0,0.0,0.0,0.0,0.0,0.0,1.0,0.0,0.0,0.0,0.0,0.0,True,1.0,correct
gpqa_9,openclaw,1,UN,UN,1.0,0.0,0.0,0.0,0.0,0.0,0.0,0.0,0.0,0.0,0.0,0.0,0.0,1.0,0.0,0.0,True,1.0,correct
gpqa_90,openclaw,1,PD,PD,1.0,0.0,0.0,0.0,0.0,0.0,0.0,0.0,0.0,0.0,0.0,1.0,0.0,0.0,0.0,0.0,True,1.0,correct
gpqa_91,openclaw,1,PD,PD,1.0,0.0,0.0,0.0,0.0,0.0,0.0,0.0,0.0,0.0,0.0,1.0,0.0,0.0,0.0,0.0,True,1.0,correct
gpqa_92,openclaw,1,SE,SE,1.0,0.0,0.0,0.0,0.0,0.0,0.0,0.0,0.0,0.0,1.0,0.0,0.0,0.0,0.0,0.0,True,1.0,correct
gpqa_93,openclaw,1,IC,IC,1.0,0.0,0.0,0.0,0.0,0.0,0.0,0.0,0.0,0.0,0.0,0.0,1.0,0.0,0.0,0.0,True,1.0,correct
gpqa_94,openclaw,1,reason,reason,1.0,0.0,0.0,0.0,0.0,0.0,0.0,0.0,0.0,0.0,0.0,0.0,0.0,0.0,0.0,1.0,True,1.0,correct
gpqa_95,openclaw,1,UN,UN,1.0,0.0,0.0,0.0,0.0,0.0,0.0,0.0,0.0,0.0,0.0,0.0,0.0,1.0,0.0,0.0,True,1.0,correct
gpqa_96,openclaw,1,PD,PD,1.0,0.0,0.0,0.0,0.0,0.0,0.0,0.0,0.0,0.0,0.0,1.0,0.0,0.0,0.0,0.0,True,1.0,correct
gpqa_97,openclaw,1,PD,PD,1.0,0.0,0.0,0.0,0.0,0.0,0.0,0.0,0.0,0.0,0.0,1.0,0.0,0.0,0.0,0.0,False,0.0,wrong
gpqa_98,openclaw,1,PD,PD,1.0,0.0,0.0,0.0,0.0,0.0,0.0,0.0,0.0,0.0,0.0,1.0,0.0,0.0,0.0,0.0,True,1.0,correct
gpqa_99,openclaw,1,PD,PD,1.0,0.0,0.0,0.0,0.0,0.0,0.0,0.0,0.0,0.0,0.0,1.0,0.0,0.0,0.0,0.0,True,1.0,correct
gpqa_0,opencode,2,PD|UN,PD,0.5,0.6931,0.0,0.0,0.0,0.0,0.0,0.0,0.0,0.0,0.0,0.5,0.0,0.5,0.0,0.0,True,1.0,correct
gpqa_1,opencode,4,PD|UN|reason|reason,reason,0.5,1.0397,0.0,0.0,0.0,0.0,0.0,0.3333333333333333,0.0,0.0,0.0,0.25,0.0,0.25,0.0,0.5,True,1.0,correct
gpqa_10,opencode,4,PD|PD|PD|PD,PD,1.0,0.0,1.0,0.0,0.0,0.0,0.0,0.0,0.0,0.0,0.0,1.0,0.0,0.0,0.0,0.0,True,1.0,correct
gpqa_100,opencode,4,PD|reason|PD|PD,PD,0.75,0.5623,0.3333333333333333,0.3333333333333333,0.0,0.3333333333333333,0.0,0.0,0.0,0.0,0.0,0.75,0.0,0.0,0.0,0.25,True,1.0,correct
gpqa_101,opencode,4,PD|reason|reason|reason,reason,0.75,0.5623,0.0,0.0,0.0,0.3333333333333333,0.0,0.0,0.0,0.0,0.0,0.25,0.0,0.0,0.0,0.75,True,1.0,correct
gpqa_102,opencode,3,PD|reason|UN,PD,0.3333,1.0986,0.0,0.0,0.0,0.5,0.5,0.0,0.0,0.0,0.0,0.3333333333333333,0.0,0.3333333333333333,0.0,0.3333333333333333,False,0.0,wrong
gpqa_103,opencode,4,PD|PD|reason|reason,PD,0.5,0.6931,0.3333333333333333,0.0,0.0,0.3333333333333333,0.0,0.0,0.0,0.0,0.0,0.5,0.0,0.0,0.0,0.5,False,0.0,wrong
gpqa_104,opencode,4,PD|reason|reason|reason,reason,0.75,0.5623,0.0,0.0,0.0,0.3333333333333333,0.0,0.0,0.0,0.0,0.0,0.25,0.0,0.0,0.0,0.75,True,1.0,correct
gpqa_105,opencode,4,PD|reason|reason|reason,reason,0.75,0.5623,0.0,0.0,0.0,0.3333333333333333,0.0,0.0,0.0,0.0,0.0,0.25,0.0,0.0,0.0,0.75,True,1.0,correct
gpqa_106,opencode,4,PD|reason|PD|PD,PD,0.75,0.5623,0.3333333333333333,0.3333333333333333,0.0,0.3333333333333333,0.0,0.0,0.0,0.0,0.0,0.75,0.0,0.0,0.0,0.25,True,1.0,correct
gpqa_107,opencode,4,PD|reason|IC|IC,IC,0.5,1.0397,0.0,0.0,0.3333333333333333,0.3333333333333333,0.0,0.0,0.0,0.0,0.0,0.25,0.5,0.0,0.0,0.25,True,1.0,correct
gpqa_108,opencode,4,PD|reason|PD|PD,PD,0.75,0.5623,0.3333333333333333,0.3333333333333333,0.0,0.3333333333333333,0.0,0.0,0.0,0.0,0.0,0.75,0.0,0.0,0.0,0.25,False,0.0,wrong
gpqa_109,opencode,4,PD|reason|PD|PD,PD,0.75,0.5623,0.3333333333333333,0.3333333333333333,0.0,0.3333333333333333,0.0,0.0,0.0,0.0,0.0,0.75,0.0,0.0,0.0,0.25,False,0.0,wrong
gpqa_11,opencode,4,PD|reason|reason|reason,reason,0.75,0.5623,0.0,0.0,0.0,0.3333333333333333,0.0,0.0,0.0,0.0,0.0,0.25,0.0,0.0,0.0,0.75,True,1.0,correct
gpqa_110,opencode,4,PD|reason|PD|PD,PD,0.75,0.5623,0.3333333333333333,0.3333333333333333,0.0,0.3333333333333333,0.0,0.0,0.0,0.0,0.0,0.75,0.0,0.0,0.0,0.25,True,1.0,correct
gpqa_111,opencode,4,PD|reason|IC|IC,IC,0.5,1.0397,0.0,0.0,0.3333333333333333,0.3333333333333333,0.0,0.0,0.0,0.0,0.0,0.25,0.5,0.0,0.0,0.25,True,1.0,correct
gpqa_112,opencode,4,PD|UN|reason|reason,reason,0.5,1.0397,0.0,0.0,0.0,0.0,0.0,0.3333333333333333,0.0,0.0,0.0,0.25,0.0,0.25,0.0,0.5,True,1.0,correct
gpqa_113,opencode,4,PD|reason|reason|reason,reason,0.75,0.5623,0.0,0.0,0.0,0.3333333333333333,0.0,0.0,0.0,0.0,0.0,0.25,0.0,0.0,0.0,0.75,True,1.0,correct
gpqa_114,opencode,4,PD|reason|reason|reason,reason,0.75,0.5623,0.0,0.0,0.0,0.3333333333333333,0.0,0.0,0.0,0.0,0.0,0.25,0.0,0.0,0.0,0.75,True,1.0,correct
gpqa_115,opencode,4,PD|reason|reason|reason,reason,0.75,0.5623,0.0,0.0,0.0,0.3333333333333333,0.0,0.0,0.0,0.0,0.0,0.25,0.0,0.0,0.0,0.75,True,1.0,correct
gpqa_116,opencode,4,PD|reason|reason|reason,reason,0.75,0.5623,0.0,0.0,0.0,0.3333333333333333,0.0,0.0,0.0,0.0,0.0,0.25,0.0,0.0,0.0,0.75,True,1.0,correct
gpqa_117,opencode,4,PD|reason|IC|IC,IC,0.5,1.0397,0.0,0.0,0.3333333333333333,0.3333333333333333,0.0,0.0,0.0,0.0,0.0,0.25,0.5,0.0,0.0,0.25,True,1.0,correct
gpqa_118,opencode,4,PD|reason|PD|PD,PD,0.75,0.5623,0.3333333333333333,0.3333333333333333,0.0,0.3333333333333333,0.0,0.0,0.0,0.0,0.0,0.75,0.0,0.0,0.0,0.25,True,1.0,correct
gpqa_119,opencode,4,PD|reason|PD|PD,PD,0.75,0.5623,0.3333333333333333,0.3333333333333333,0.0,0.3333333333333333,0.0,0.0,0.0,0.0,0.0,0.75,0.0,0.0,0.0,0.25,True,1.0,correct
gpqa_12,opencode,4,PD|UN|reason|reason,reason,0.5,1.0397,0.0,0.0,0.0,0.0,0.0,0.3333333333333333,0.0,0.0,0.0,0.25,0.0,0.25,0.0,0.5,True,1.0,correct
gpqa_120,opencode,4,PD|reason|PD|PD,PD,0.75,0.5623,0.3333333333333333,0.3333333333333333,0.0,0.3333333333333333,0.0,0.0,0.0,0.0,0.0,0.75,0.0,0.0,0.0,0.25,False,0.0,wrong
gpqa_121,opencode,2,PD|reason,PD,0.5,0.6931,0.0,0.0,0.0,1.0,0.0,0.0,0.0,0.0,0.0,0.5,0.0,0.0,0.0,0.5,True,1.0,correct
gpqa_122,opencode,4,PD|reason|PD|PD,PD,0.75,0.5623,0.3333333333333333,0.3333333333333333,0.0,0.3333333333333333,0.0,0.0,0.0,0.0,0.0,0.75,0.0,0.0,0.0,0.25,True,1.0,correct
gpqa_123,opencode,4,PD|reason|PD|PD,PD,0.75,0.5623,0.3333333333333333,0.3333333333333333,0.0,0.3333333333333333,0.0,0.0,0.0,0.0,0.0,0.75,0.0,0.0,0.0,0.25,True,1.0,correct
gpqa_124,opencode,4,PD|reason|IC|IC,IC,0.5,1.0397,0.0,0.0,0.3333333333333333,0.3333333333333333,0.0,0.0,0.0,0.0,0.0,0.25,0.5,0.0,0.0,0.25,True,1.0,correct
gpqa_125,opencode,4,PD|IC|PD|PD,PD,0.75,0.5623,0.3333333333333333,0.0,0.0,0.0,0.0,0.0,0.0,0.3333333333333333,0.0,0.75,0.25,0.0,0.0,0.0,True,1.0,correct
gpqa_126,opencode,4,PD|reason|reason|reason,reason,0.75,0.5623,0.0,0.0,0.0,0.3333333333333333,0.0,0.0,0.0,0.0,0.0,0.25,0.0,0.0,0.0,0.75,True,1.0,correct
gpqa_127,opencode,4,PD|reason|reason|reason,reason,0.75,0.5623,0.0,0.0,0.0,0.3333333333333333,0.0,0.0,0.0,0.0,0.0,0.25,0.0,0.0,0.0,0.75,True,1.0,correct
gpqa_128,opencode,4,PD|UN|reason|reason,reason,0.5,1.0397,0.0,0.0,0.0,0.0,0.0,0.3333333333333333,0.0,0.0,0.0,0.25,0.0,0.25,0.0,0.5,True,1.0,correct
gpqa_129,opencode,4,PD|reason|PD|PD,PD,0.75,0.5623,0.3333333333333333,0.3333333333333333,0.0,0.3333333333333333,0.0,0.0,0.0,0.0,0.0,0.75,0.0,0.0,0.0,0.25,False,0.0,wrong
gpqa_13,opencode,2,PD|reason,PD,0.5,0.6931,0.0,0.0,0.0,1.0,0.0,0.0,0.0,0.0,0.0,0.5,0.0,0.0,0.0,0.5,True,1.0,correct
gpqa_130,opencode,4,PD|PD|PD|PD,PD,1.0,0.0,1.0,0.0,0.0,0.0,0.0,0.0,0.0,0.0,0.0,1.0,0.0,0.0,0.0,0.0,True,1.0,correct
gpqa_131,opencode,4,PD|IC|PD|PD,PD,0.75,0.5623,0.3333333333333333,0.0,0.0,0.0,0.0,0.0,0.0,0.3333333333333333,0.0,0.75,0.25,0.0,0.0,0.0,True,1.0,correct
gpqa_132,opencode,4,PD|reason|reason|reason,reason,0.75,0.5623,0.0,0.0,0.0,0.3333333333333333,0.0,0.0,0.0,0.0,0.0,0.25,0.0,0.0,0.0,0.75,True,1.0,correct
gpqa_133,opencode,4,PD|reason|PD|PD,PD,0.75,0.5623,0.3333333333333333,0.3333333333333333,0.0,0.3333333333333333,0.0,0.0,0.0,0.0,0.0,0.75,0.0,0.0,0.0,0.25,True,1.0,correct
gpqa_134,opencode,4,PD|reason|PD|PD,PD,0.75,0.5623,0.3333333333333333,0.3333333333333333,0.0,0.3333333333333333,0.0,0.0,0.0,0.0,0.0,0.75,0.0,0.0,0.0,0.25,True,1.0,correct
gpqa_135,opencode,4,PD|reason|PD|PD,PD,0.75,0.5623,0.3333333333333333,0.3333333333333333,0.0,0.3333333333333333,0.0,0.0,0.0,0.0,0.0,0.75,0.0,0.0,0.0,0.25,False,0.0,wrong
gpqa_136,opencode,4,PD|reason|PD|PD,PD,0.75,0.5623,0.3333333333333333,0.3333333333333333,0.0,0.3333333333333333,0.0,0.0,0.0,0.0,0.0,0.75,0.0,0.0,0.0,0.25,True,1.0,correct
gpqa_137,opencode,4,PD|PD|PD|PD,PD,1.0,0.0,1.0,0.0,0.0,0.0,0.0,0.0,0.0,0.0,0.0,1.0,0.0,0.0,0.0,0.0,True,1.0,correct
gpqa_138,opencode,4,PD|reason|UN|UN,UN,0.5,1.0397,0.0,0.0,0.0,0.3333333333333333,0.3333333333333333,0.0,0.0,0.0,0.0,0.25,0.0,0.5,0.0,0.25,True,1.0,correct
gpqa_139,opencode,4,PD|reason|PD|PD,PD,0.75,0.5623,0.3333333333333333,0.3333333333333333,0.0,0.3333333333333333,0.0,0.0,0.0,0.0,0.0,0.75,0.0,0.0,0.0,0.25,True,1.0,correct
gpqa_14,opencode,4,PD|reason|PD|PD,PD,0.75,0.5623,0.3333333333333333,0.3333333333333333,0.0,0.3333333333333333,0.0,0.0,0.0,0.0,0.0,0.75,0.0,0.0,0.0,0.25,True,1.0,correct
gpqa_140,opencode,4,PD|reason|PD|PD,PD,0.75,0.5623,0.3333333333333333,0.3333333333333333,0.0,0.3333333333333333,0.0,0.0,0.0,0.0,0.0,0.75,0.0,0.0,0.0,0.25,True,1.0,correct
gpqa_141,opencode,2,PD|reason,PD,0.5,0.6931,0.0,0.0,0.0,1.0,0.0,0.0,0.0,0.0,0.0,0.5,0.0,0.0,0.0,0.5,True,1.0,correct
gpqa_142,opencode,4,PD|reason|reason|reason,reason,0.75,0.5623,0.0,0.0,0.0,0.3333333333333333,0.0,0.0,0.0,0.0,0.0,0.25,0.0,0.0,0.0,0.75,True,1.0,correct
gpqa_143,opencode,2,PD|reason,PD,0.5,0.6931,0.0,0.0,0.0,1.0,0.0,0.0,0.0,0.0,0.0,0.5,0.0,0.0,0.0,0.5,False,0.0,wrong
gpqa_144,opencode,4,PD|reason|PD|PD,PD,0.75,0.5623,0.3333333333333333,0.3333333333333333,0.0,0.3333333333333333,0.0,0.0,0.0,0.0,0.0,0.75,0.0,0.0,0.0,0.25,True,1.0,correct
gpqa_145,opencode,4,PD|reason|reason|reason,reason,0.75,0.5623,0.0,0.0,0.0,0.3333333333333333,0.0,0.0,0.0,0.0,0.0,0.25,0.0,0.0,0.0,0.75,True,1.0,correct
gpqa_146,opencode,4,PD|reason|reason|reason,reason,0.75,0.5623,0.0,0.0,0.0,0.3333333333333333,0.0,0.0,0.0,0.0,0.0,0.25,0.0,0.0,0.0,0.75,True,1.0,correct
gpqa_147,opencode,4,PD|IC|IC|IC,IC,0.75,0.5623,0.0,0.0,0.0,0.0,0.0,0.0,0.0,0.3333333333333333,0.0,0.25,0.75,0.0,0.0,0.0,True,1.0,correct
gpqa_148,opencode,4,PD|reason|PD|PD,PD,0.75,0.5623,0.3333333333333333,0.3333333333333333,0.0,0.3333333333333333,0.0,0.0,0.0,0.0,0.0,0.75,0.0,0.0,0.0,0.25,True,1.0,correct
gpqa_149,opencode,4,PD|PD|PD|PD,PD,1.0,0.0,1.0,0.0,0.0,0.0,0.0,0.0,0.0,0.0,0.0,1.0,0.0,0.0,0.0,0.0,False,0.0,wrong
gpqa_15,opencode,4,PD|reason|IC|IC,IC,0.5,1.0397,0.0,0.0,0.3333333333333333,0.3333333333333333,0.0,0.0,0.0,0.0,0.0,0.25,0.5,0.0,0.0,0.25,True,1.0,correct
gpqa_150,opencode,4,PD|PD|PD|PD,PD,1.0,0.0,1.0,0.0,0.0,0.0,0.0,0.0,0.0,0.0,0.0,1.0,0.0,0.0,0.0,0.0,True,1.0,correct
gpqa_151,opencode,2,PD|reason,PD,0.5,0.6931,0.0,0.0,0.0,1.0,0.0,0.0,0.0,0.0,0.0,0.5,0.0,0.0,0.0,0.5,True,1.0,correct
gpqa_152,opencode,2,PD|reason,PD,0.5,0.6931,0.0,0.0,0.0,1.0,0.0,0.0,0.0,0.0,0.0,0.5,0.0,0.0,0.0,0.5,True,1.0,correct
gpqa_153,opencode,4,PD|PD|PD|PD,PD,1.0,0.0,1.0,0.0,0.0,0.0,0.0,0.0,0.0,0.0,0.0,1.0,0.0,0.0,0.0,0.0,True,1.0,correct
gpqa_154,opencode,2,PD|PD,PD,1.0,0.0,1.0,0.0,0.0,0.0,0.0,0.0,0.0,0.0,0.0,1.0,0.0,0.0,0.0,0.0,True,1.0,correct
gpqa_155,opencode,4,PD|reason|PD|PD,PD,0.75,0.5623,0.3333333333333333,0.3333333333333333,0.0,0.3333333333333333,0.0,0.0,0.0,0.0,0.0,0.75,0.0,0.0,0.0,0.25,True,1.0,correct
gpqa_156,opencode,2,PD|reason,PD,0.5,0.6931,0.0,0.0,0.0,1.0,0.0,0.0,0.0,0.0,0.0,0.5,0.0,0.0,0.0,0.5,True,1.0,correct
gpqa_157,opencode,2,PD|reason,PD,0.5,0.6931,0.0,0.0,0.0,1.0,0.0,0.0,0.0,0.0,0.0,0.5,0.0,0.0,0.0,0.5,True,1.0,correct
gpqa_158,opencode,4,PD|reason|IC|IC,IC,0.5,1.0397,0.0,0.0,0.3333333333333333,0.3333333333333333,0.0,0.0,0.0,0.0,0.0,0.25,0.5,0.0,0.0,0.25,True,1.0,correct
gpqa_159,opencode,4,PD|UN|PD|PD,PD,0.75,0.5623,0.3333333333333333,0.0,0.0,0.0,0.0,0.0,0.0,0.0,0.0,0.75,0.0,0.25,0.0,0.0,True,1.0,correct
gpqa_16,opencode,4,PD|reason|PD|PD,PD,0.75,0.5623,0.3333333333333333,0.3333333333333333,0.0,0.3333333333333333,0.0,0.0,0.0,0.0,0.0,0.75,0.0,0.0,0.0,0.25,True,1.0,correct
gpqa_160,opencode,4,PD|reason|PD|PD,PD,0.75,0.5623,0.3333333333333333,0.3333333333333333,0.0,0.3333333333333333,0.0,0.0,0.0,0.0,0.0,0.75,0.0,0.0,0.0,0.25,True,1.0,correct
gpqa_161,opencode,4,PD|reason|PD|PD,PD,0.75,0.5623,0.3333333333333333,0.3333333333333333,0.0,0.3333333333333333,0.0,0.0,0.0,0.0,0.0,0.75,0.0,0.0,0.0,0.25,True,1.0,correct
gpqa_162,opencode,2,PD|reason,PD,0.5,0.6931,0.0,0.0,0.0,1.0,0.0,0.0,0.0,0.0,0.0,0.5,0.0,0.0,0.0,0.5,True,1.0,correct
gpqa_163,opencode,4,PD|reason|reason|reason,reason,0.75,0.5623,0.0,0.0,0.0,0.3333333333333333,0.0,0.0,0.0,0.0,0.0,0.25,0.0,0.0,0.0,0.75,True,1.0,correct
gpqa_164,opencode,4,PD|reason|IC|IC,IC,0.5,1.0397,0.0,0.0,0.3333333333333333,0.3333333333333333,0.0,0.0,0.0,0.0,0.0,0.25,0.5,0.0,0.0,0.25,True,1.0,correct
gpqa_165,opencode,4,PD|reason|PD|PD,PD,0.75,0.5623,0.3333333333333333,0.3333333333333333,0.0,0.3333333333333333,0.0,0.0,0.0,0.0,0.0,0.75,0.0,0.0,0.0,0.25,True,1.0,correct
gpqa_166,opencode,2,PD|reason,PD,0.5,0.6931,0.0,0.0,0.0,1.0,0.0,0.0,0.0,0.0,0.0,0.5,0.0,0.0,0.0,0.5,True,1.0,correct
gpqa_167,opencode,4,PD|PD|PD|PD,PD,1.0,0.0,1.0,0.0,0.0,0.0,0.0,0.0,0.0,0.0,0.0,1.0,0.0,0.0,0.0,0.0,True,1.0,correct
gpqa_168,opencode,4,PD|reason|reason|reason,reason,0.75,0.5623,0.0,0.0,0.0,0.3333333333333333,0.0,0.0,0.0,0.0,0.0,0.25,0.0,0.0,0.0,0.75,True,1.0,correct
gpqa_169,opencode,2,PD|reason,PD,0.5,0.6931,0.0,0.0,0.0,1.0,0.0,0.0,0.0,0.0,0.0,0.5,0.0,0.0,0.0,0.5,True,1.0,correct
gpqa_17,opencode,2,PD|reason,PD,0.5,0.6931,0.0,0.0,0.0,1.0,0.0,0.0,0.0,0.0,0.0,0.5,0.0,0.0,0.0,0.5,True,1.0,correct
gpqa_170,opencode,2,PD|PD,PD,1.0,0.0,1.0,0.0,0.0,0.0,0.0,0.0,0.0,0.0,0.0,1.0,0.0,0.0,0.0,0.0,True,1.0,correct
gpqa_171,opencode,4,PD|PD|PD|PD,PD,1.0,0.0,1.0,0.0,0.0,0.0,0.0,0.0,0.0,0.0,0.0,1.0,0.0,0.0,0.0,0.0,True,1.0,correct
gpqa_172,opencode,4,PD|reason|PD|PD,PD,0.75,0.5623,0.3333333333333333,0.3333333333333333,0.0,0.3333333333333333,0.0,0.0,0.0,0.0,0.0,0.75,0.0,0.0,0.0,0.25,True,1.0,correct
gpqa_173,opencode,4,PD|PD|PD|PD,PD,1.0,0.0,1.0,0.0,0.0,0.0,0.0,0.0,0.0,0.0,0.0,1.0,0.0,0.0,0.0,0.0,True,1.0,correct
gpqa_174,opencode,4,PD|reason|PD|PD,PD,0.75,0.5623,0.3333333333333333,0.3333333333333333,0.0,0.3333333333333333,0.0,0.0,0.0,0.0,0.0,0.75,0.0,0.0,0.0,0.25,True,1.0,correct
gpqa_175,opencode,2,PD|reason,PD,0.5,0.6931,0.0,0.0,0.0,1.0,0.0,0.0,0.0,0.0,0.0,0.5,0.0,0.0,0.0,0.5,True,1.0,correct
gpqa_176,opencode,4,PD|reason|reason|reason,reason,0.75,0.5623,0.0,0.0,0.0,0.3333333333333333,0.0,0.0,0.0,0.0,0.0,0.25,0.0,0.0,0.0,0.75,True,1.0,correct
gpqa_177,opencode,2,PD|reason,PD,0.5,0.6931,0.0,0.0,0.0,1.0,0.0,0.0,0.0,0.0,0.0,0.5,0.0,0.0,0.0,0.5,True,1.0,correct
gpqa_178,opencode,4,PD|reason|PD|PD,PD,0.75,0.5623,0.3333333333333333,0.3333333333333333,0.0,0.3333333333333333,0.0,0.0,0.0,0.0,0.0,0.75,0.0,0.0,0.0,0.25,True,1.0,correct
gpqa_179,opencode,2,PD|PD,PD,1.0,0.0,1.0,0.0,0.0,0.0,0.0,0.0,0.0,0.0,0.0,1.0,0.0,0.0,0.0,0.0,True,1.0,correct
gpqa_18,opencode,4,PD|reason|PD|PD,PD,0.75,0.5623,0.3333333333333333,0.3333333333333333,0.0,0.3333333333333333,0.0,0.0,0.0,0.0,0.0,0.75,0.0,0.0,0.0,0.25,True,1.0,correct
gpqa_180,opencode,4,PD|reason|PD|PD,PD,0.75,0.5623,0.3333333333333333,0.3333333333333333,0.0,0.3333333333333333,0.0,0.0,0.0,0.0,0.0,0.75,0.0,0.0,0.0,0.25,True,1.0,correct
gpqa_181,opencode,4,PD|reason|PD|PD,PD,0.75,0.5623,0.3333333333333333,0.3333333333333333,0.0,0.3333333333333333,0.0,0.0,0.0,0.0,0.0,0.75,0.0,0.0,0.0,0.25,True,1.0,correct
gpqa_182,opencode,2,PD|PD,PD,1.0,0.0,1.0,0.0,0.0,0.0,0.0,0.0,0.0,0.0,0.0,1.0,0.0,0.0,0.0,0.0,True,1.0,correct
gpqa_183,opencode,4,PD|reason|PD|PD,PD,0.75,0.5623,0.3333333333333333,0.3333333333333333,0.0,0.3333333333333333,0.0,0.0,0.0,0.0,0.0,0.75,0.0,0.0,0.0,0.25,True,1.0,correct
gpqa_184,opencode,4,PD|PD|PD|PD,PD,1.0,0.0,1.0,0.0,0.0,0.0,0.0,0.0,0.0,0.0,0.0,1.0,0.0,0.0,0.0,0.0,True,1.0,correct
gpqa_185,opencode,4,PD|reason|PD|PD,PD,0.75,0.5623,0.3333333333333333,0.3333333333333333,0.0,0.3333333333333333,0.0,0.0,0.0,0.0,0.0,0.75,0.0,0.0,0.0,0.25,True,1.0,correct
gpqa_186,opencode,2,PD|reason,PD,0.5,0.6931,0.0,0.0,0.0,1.0,0.0,0.0,0.0,0.0,0.0,0.5,0.0,0.0,0.0,0.5,True,1.0,correct
gpqa_187,opencode,2,PD|PD,PD,1.0,0.0,1.0,0.0,0.0,0.0,0.0,0.0,0.0,0.0,0.0,1.0,0.0,0.0,0.0,0.0,True,1.0,correct
gpqa_188,opencode,4,PD|reason|PD|PD,PD,0.75,0.5623,0.3333333333333333,0.3333333333333333,0.0,0.3333333333333333,0.0,0.0,0.0,0.0,0.0,0.75,0.0,0.0,0.0,0.25,True,1.0,correct
gpqa_189,opencode,4,PD|reason|IC|IC,IC,0.5,1.0397,0.0,0.0,0.3333333333333333,0.3333333333333333,0.0,0.0,0.0,0.0,0.0,0.25,0.5,0.0,0.0,0.25,True,1.0,correct
gpqa_19,opencode,2,PD|reason,PD,0.5,0.6931,0.0,0.0,0.0,1.0,0.0,0.0,0.0,0.0,0.0,0.5,0.0,0.0,0.0,0.5,True,1.0,correct
gpqa_190,opencode,4,PD|reason|PD|PD,PD,0.75,0.5623,0.3333333333333333,0.3333333333333333,0.0,0.3333333333333333,0.0,0.0,0.0,0.0,0.0,0.75,0.0,0.0,0.0,0.25,True,1.0,correct
gpqa_191,opencode,4,PD|reason|PD|PD,PD,0.75,0.5623,0.3333333333333333,0.3333333333333333,0.0,0.3333333333333333,0.0,0.0,0.0,0.0,0.0,0.75,0.0,0.0,0.0,0.25,True,1.0,correct
gpqa_192,opencode,4,PD|UN|PD|PD,PD,0.75,0.5623,0.3333333333333333,0.0,0.0,0.0,0.0,0.0,0.0,0.0,0.0,0.75,0.0,0.25,0.0,0.0,True,1.0,correct
gpqa_193,opencode,2,PD|PD,PD,1.0,0.0,1.0,0.0,0.0,0.0,0.0,0.0,0.0,0.0,0.0,1.0,0.0,0.0,0.0,0.0,True,1.0,correct
gpqa_194,opencode,2,PD|reason,PD,0.5,0.6931,0.0,0.0,0.0,1.0,0.0,0.0,0.0,0.0,0.0,0.5,0.0,0.0,0.0,0.5,True,1.0,correct
gpqa_195,opencode,4,PD|UN|reason|reason,reason,0.5,1.0397,0.0,0.0,0.0,0.0,0.0,0.3333333333333333,0.0,0.0,0.0,0.25,0.0,0.25,0.0,0.5,True,1.0,correct
gpqa_196,opencode,4,PD|reason|PD|PD,PD,0.75,0.5623,0.3333333333333333,0.3333333333333333,0.0,0.3333333333333333,0.0,0.0,0.0,0.0,0.0,0.75,0.0,0.0,0.0,0.25,False,0.0,wrong
gpqa_197,opencode,4,PD|reason|PD|PD,PD,0.75,0.5623,0.3333333333333333,0.3333333333333333,0.0,0.3333333333333333,0.0,0.0,0.0,0.0,0.0,0.75,0.0,0.0,0.0,0.25,True,1.0,correct
gpqa_2,opencode,4,PD|UN|PD|PD,PD,0.75,0.5623,0.3333333333333333,0.0,0.0,0.0,0.0,0.0,0.0,0.0,0.0,0.75,0.0,0.25,0.0,0.0,True,1.0,correct
gpqa_20,opencode,4,PD|reason|reason|reason,reason,0.75,0.5623,0.0,0.0,0.0,0.3333333333333333,0.0,0.0,0.0,0.0,0.0,0.25,0.0,0.0,0.0,0.75,True,1.0,correct
gpqa_21,opencode,4,PD|PD|PD|PD,PD,1.0,0.0,1.0,0.0,0.0,0.0,0.0,0.0,0.0,0.0,0.0,1.0,0.0,0.0,0.0,0.0,True,1.0,correct
gpqa_22,opencode,4,PD|reason|UN|UN,UN,0.5,1.0397,0.0,0.0,0.0,0.3333333333333333,0.3333333333333333,0.0,0.0,0.0,0.0,0.25,0.0,0.5,0.0,0.25,False,0.0,wrong
gpqa_23,opencode,4,PD|reason|reason|reason,reason,0.75,0.5623,0.0,0.0,0.0,0.3333333333333333,0.0,0.0,0.0,0.0,0.0,0.25,0.0,0.0,0.0,0.75,True,1.0,correct
gpqa_24,opencode,4,PD|UN|reason|reason,reason,0.5,1.0397,0.0,0.0,0.0,0.0,0.0,0.3333333333333333,0.0,0.0,0.0,0.25,0.0,0.25,0.0,0.5,True,1.0,correct
gpqa_25,opencode,2,PD|PD,PD,1.0,0.0,1.0,0.0,0.0,0.0,0.0,0.0,0.0,0.0,0.0,1.0,0.0,0.0,0.0,0.0,True,1.0,correct
gpqa_26,opencode,4,PD|PD|PD|PD,PD,1.0,0.0,1.0,0.0,0.0,0.0,0.0,0.0,0.0,0.0,0.0,1.0,0.0,0.0,0.0,0.0,True,1.0,correct
gpqa_27,opencode,4,PD|reason|reason|reason,reason,0.75,0.5623,0.0,0.0,0.0,0.3333333333333333,0.0,0.0,0.0,0.0,0.0,0.25,0.0,0.0,0.0,0.75,True,1.0,correct
gpqa_28,opencode,4,PD|reason|PD|PD,PD,0.75,0.5623,0.3333333333333333,0.3333333333333333,0.0,0.3333333333333333,0.0,0.0,0.0,0.0,0.0,0.75,0.0,0.0,0.0,0.25,False,0.0,wrong
gpqa_29,opencode,4,PD|SE|PD|PD,PD,0.75,0.5623,0.3333333333333333,0.0,0.0,0.0,0.0,0.0,0.0,0.0,0.25,0.75,0.0,0.0,0.0,0.0,True,1.0,correct
gpqa_3,opencode,2,PD|UN,PD,0.5,0.6931,0.0,0.0,0.0,0.0,0.0,0.0,0.0,0.0,0.0,0.5,0.0,0.5,0.0,0.0,True,1.0,correct
gpqa_30,opencode,4,PD|reason|PD|PD,PD,0.75,0.5623,0.3333333333333333,0.3333333333333333,0.0,0.3333333333333333,0.0,0.0,0.0,0.0,0.0,0.75,0.0,0.0,0.0,0.25,True,1.0,correct
gpqa_31,opencode,4,PD|reason|reason|reason,reason,0.75,0.5623,0.0,0.0,0.0,0.3333333333333333,0.0,0.0,0.0,0.0,0.0,0.25,0.0,0.0,0.0,0.75,False,0.0,wrong
gpqa_32,opencode,4,PD|PD|PD|PD,PD,1.0,0.0,1.0,0.0,0.0,0.0,0.0,0.0,0.0,0.0,0.0,1.0,0.0,0.0,0.0,0.0,True,1.0,correct
gpqa_33,opencode,4,PD|reason|PD|PD,PD,0.75,0.5623,0.3333333333333333,0.3333333333333333,0.0,0.3333333333333333,0.0,0.0,0.0,0.0,0.0,0.75,0.0,0.0,0.0,0.25,True,1.0,correct
gpqa_34,opencode,4,PD|reason|IC|IC,IC,0.5,1.0397,0.0,0.0,0.3333333333333333,0.3333333333333333,0.0,0.0,0.0,0.0,0.0,0.25,0.5,0.0,0.0,0.25,True,1.0,correct
gpqa_35,opencode,4,PD|PD|PD|PD,PD,1.0,0.0,1.0,0.0,0.0,0.0,0.0,0.0,0.0,0.0,0.0,1.0,0.0,0.0,0.0,0.0,True,1.0,correct
gpqa_36,opencode,4,PD|reason|reason|reason,reason,0.75,0.5623,0.0,0.0,0.0,0.3333333333333333,0.0,0.0,0.0,0.0,0.0,0.25,0.0,0.0,0.0,0.75,True,1.0,correct
gpqa_37,opencode,2,PD|reason,PD,0.5,0.6931,0.0,0.0,0.0,1.0,0.0,0.0,0.0,0.0,0.0,0.5,0.0,0.0,0.0,0.5,True,1.0,correct
gpqa_38,opencode,4,PD|PD|PD|PD,PD,1.0,0.0,1.0,0.0,0.0,0.0,0.0,0.0,0.0,0.0,0.0,1.0,0.0,0.0,0.0,0.0,False,0.0,wrong
gpqa_39,opencode,4,PD|reason|IC|IC,IC,0.5,1.0397,0.0,0.0,0.3333333333333333,0.3333333333333333,0.0,0.0,0.0,0.0,0.0,0.25,0.5,0.0,0.0,0.25,True,1.0,correct
gpqa_4,opencode,4,PD|reason|PD|PD,PD,0.75,0.5623,0.3333333333333333,0.3333333333333333,0.0,0.3333333333333333,0.0,0.0,0.0,0.0,0.0,0.75,0.0,0.0,0.0,0.25,True,1.0,correct
gpqa_40,opencode,4,PD|reason|PD|PD,PD,0.75,0.5623,0.3333333333333333,0.3333333333333333,0.0,0.3333333333333333,0.0,0.0,0.0,0.0,0.0,0.75,0.0,0.0,0.0,0.25,True,1.0,correct
gpqa_41,opencode,4,PD|reason|reason|reason,reason,0.75,0.5623,0.0,0.0,0.0,0.3333333333333333,0.0,0.0,0.0,0.0,0.0,0.25,0.0,0.0,0.0,0.75,True,1.0,correct
gpqa_42,opencode,4,PD|reason|reason|reason,reason,0.75,0.5623,0.0,0.0,0.0,0.3333333333333333,0.0,0.0,0.0,0.0,0.0,0.25,0.0,0.0,0.0,0.75,True,1.0,correct
gpqa_43,opencode,4,PD|reason|reason|reason,reason,0.75,0.5623,0.0,0.0,0.0,0.3333333333333333,0.0,0.0,0.0,0.0,0.0,0.25,0.0,0.0,0.0,0.75,False,0.0,wrong
gpqa_44,opencode,4,PD|reason|reason|reason,reason,0.75,0.5623,0.0,0.0,0.0,0.3333333333333333,0.0,0.0,0.0,0.0,0.0,0.25,0.0,0.0,0.0,0.75,True,1.0,correct
gpqa_45,opencode,2,PD|reason,PD,0.5,0.6931,0.0,0.0,0.0,1.0,0.0,0.0,0.0,0.0,0.0,0.5,0.0,0.0,0.0,0.5,True,1.0,correct
gpqa_46,opencode,4,PD|reason|PD|PD,PD,0.75,0.5623,0.3333333333333333,0.3333333333333333,0.0,0.3333333333333333,0.0,0.0,0.0,0.0,0.0,0.75,0.0,0.0,0.0,0.25,True,1.0,correct
gpqa_47,opencode,4,PD|reason|reason|reason,reason,0.75,0.5623,0.0,0.0,0.0,0.3333333333333333,0.0,0.0,0.0,0.0,0.0,0.25,0.0,0.0,0.0,0.75,True,1.0,correct
gpqa_48,opencode,4,PD|reason|PD|PD,PD,0.75,0.5623,0.3333333333333333,0.3333333333333333,0.0,0.3333333333333333,0.0,0.0,0.0,0.0,0.0,0.75,0.0,0.0,0.0,0.25,True,1.0,correct
gpqa_49,opencode,4,PD|IC|IC|IC,IC,0.75,0.5623,0.0,0.0,0.0,0.0,0.0,0.0,0.0,0.3333333333333333,0.0,0.25,0.75,0.0,0.0,0.0,True,1.0,correct
gpqa_5,opencode,4,PD|reason|PD|PD,PD,0.75,0.5623,0.3333333333333333,0.3333333333333333,0.0,0.3333333333333333,0.0,0.0,0.0,0.0,0.0,0.75,0.0,0.0,0.0,0.25,True,1.0,correct
gpqa_50,opencode,4,PD|reason|PD|PD,PD,0.75,0.5623,0.3333333333333333,0.3333333333333333,0.0,0.3333333333333333,0.0,0.0,0.0,0.0,0.0,0.75,0.0,0.0,0.0,0.25,True,1.0,correct
gpqa_51,opencode,4,PD|reason|reason|reason,reason,0.75,0.5623,0.0,0.0,0.0,0.3333333333333333,0.0,0.0,0.0,0.0,0.0,0.25,0.0,0.0,0.0,0.75,True,1.0,correct
gpqa_52,opencode,4,PD|reason|PD|PD,PD,0.75,0.5623,0.3333333333333333,0.3333333333333333,0.0,0.3333333333333333,0.0,0.0,0.0,0.0,0.0,0.75,0.0,0.0,0.0,0.25,True,1.0,correct
gpqa_53,opencode,4,PD|reason|PD|PD,PD,0.75,0.5623,0.3333333333333333,0.3333333333333333,0.0,0.3333333333333333,0.0,0.0,0.0,0.0,0.0,0.75,0.0,0.0,0.0,0.25,True,1.0,correct
gpqa_54,opencode,4,PD|reason|reason|reason,reason,0.75,0.5623,0.0,0.0,0.0,0.3333333333333333,0.0,0.0,0.0,0.0,0.0,0.25,0.0,0.0,0.0,0.75,True,1.0,correct
gpqa_55,opencode,4,PD|reason|reason|reason,reason,0.75,0.5623,0.0,0.0,0.0,0.3333333333333333,0.0,0.0,0.0,0.0,0.0,0.25,0.0,0.0,0.0,0.75,True,1.0,correct
gpqa_56,opencode,4,PD|reason|reason|reason,reason,0.75,0.5623,0.0,0.0,0.0,0.3333333333333333,0.0,0.0,0.0,0.0,0.0,0.25,0.0,0.0,0.0,0.75,True,1.0,correct
gpqa_57,opencode,4,PD|reason|reason|reason,reason,0.75,0.5623,0.0,0.0,0.0,0.3333333333333333,0.0,0.0,0.0,0.0,0.0,0.25,0.0,0.0,0.0,0.75,True,1.0,correct
gpqa_58,opencode,4,PD|reason|PD|PD,PD,0.75,0.5623,0.3333333333333333,0.3333333333333333,0.0,0.3333333333333333,0.0,0.0,0.0,0.0,0.0,0.75,0.0,0.0,0.0,0.25,True,1.0,correct
gpqa_59,opencode,2,PD|reason,PD,0.5,0.6931,0.0,0.0,0.0,1.0,0.0,0.0,0.0,0.0,0.0,0.5,0.0,0.0,0.0,0.5,True,1.0,correct
gpqa_6,opencode,4,PD|PD|PD|PD,PD,1.0,0.0,1.0,0.0,0.0,0.0,0.0,0.0,0.0,0.0,0.0,1.0,0.0,0.0,0.0,0.0,True,1.0,correct
gpqa_60,opencode,4,PD|reason|reason|reason,reason,0.75,0.5623,0.0,0.0,0.0,0.3333333333333333,0.0,0.0,0.0,0.0,0.0,0.25,0.0,0.0,0.0,0.75,True,1.0,correct
gpqa_61,opencode,4,PD|reason|reason|reason,reason,0.75,0.5623,0.0,0.0,0.0,0.3333333333333333,0.0,0.0,0.0,0.0,0.0,0.25,0.0,0.0,0.0,0.75,True,1.0,correct
gpqa_62,opencode,4,PD|reason|PD|PD,PD,0.75,0.5623,0.3333333333333333,0.3333333333333333,0.0,0.3333333333333333,0.0,0.0,0.0,0.0,0.0,0.75,0.0,0.0,0.0,0.25,True,1.0,correct
gpqa_63,opencode,4,PD|reason|reason|reason,reason,0.75,0.5623,0.0,0.0,0.0,0.3333333333333333,0.0,0.0,0.0,0.0,0.0,0.25,0.0,0.0,0.0,0.75,True,1.0,correct
gpqa_64,opencode,4,PD|reason|PD|PD,PD,0.75,0.5623,0.3333333333333333,0.3333333333333333,0.0,0.3333333333333333,0.0,0.0,0.0,0.0,0.0,0.75,0.0,0.0,0.0,0.25,False,0.0,wrong
gpqa_65,opencode,4,PD|reason|PD|PD,PD,0.75,0.5623,0.3333333333333333,0.3333333333333333,0.0,0.3333333333333333,0.0,0.0,0.0,0.0,0.0,0.75,0.0,0.0,0.0,0.25,False,0.0,wrong
gpqa_66,opencode,4,PD|reason|PD|PD,PD,0.75,0.5623,0.3333333333333333,0.3333333333333333,0.0,0.3333333333333333,0.0,0.0,0.0,0.0,0.0,0.75,0.0,0.0,0.0,0.25,True,1.0,correct
gpqa_67,opencode,4,PD|reason|RR|RR,RR,0.5,1.0397,0.0,0.0,0.0,0.3333333333333333,0.0,0.0,0.0,0.0,0.0,0.25,0.0,0.0,0.5,0.25,True,1.0,correct
gpqa_68,opencode,4,PD|reason|reason|reason,reason,0.75,0.5623,0.0,0.0,0.0,0.3333333333333333,0.0,0.0,0.0,0.0,0.0,0.25,0.0,0.0,0.0,0.75,True,1.0,correct
gpqa_69,opencode,4,PD|reason|PD|PD,PD,0.75,0.5623,0.3333333333333333,0.3333333333333333,0.0,0.3333333333333333,0.0,0.0,0.0,0.0,0.0,0.75,0.0,0.0,0.0,0.25,True,1.0,correct
gpqa_7,opencode,4,PD|UN|PD|PD,PD,0.75,0.5623,0.3333333333333333,0.0,0.0,0.0,0.0,0.0,0.0,0.0,0.0,0.75,0.0,0.25,0.0,0.0,True,1.0,correct
gpqa_70,opencode,4,PD|reason|SE|SE,SE,0.5,1.0397,0.0,0.0,0.0,0.3333333333333333,0.0,0.0,0.0,0.0,0.5,0.25,0.0,0.0,0.0,0.25,False,0.0,wrong
gpqa_71,opencode,4,PD|reason|reason|reason,reason,0.75,0.5623,0.0,0.0,0.0,0.3333333333333333,0.0,0.0,0.0,0.0,0.0,0.25,0.0,0.0,0.0,0.75,True,1.0,correct
gpqa_72,opencode,4,PD|reason|reason|reason,reason,0.75,0.5623,0.0,0.0,0.0,0.3333333333333333,0.0,0.0,0.0,0.0,0.0,0.25,0.0,0.0,0.0,0.75,True,1.0,correct
gpqa_73,opencode,4,PD|reason|reason|reason,reason,0.75,0.5623,0.0,0.0,0.0,0.3333333333333333,0.0,0.0,0.0,0.0,0.0,0.25,0.0,0.0,0.0,0.75,True,1.0,correct
gpqa_74,opencode,4,PD|reason|reason|reason,reason,0.75,0.5623,0.0,0.0,0.0,0.3333333333333333,0.0,0.0,0.0,0.0,0.0,0.25,0.0,0.0,0.0,0.75,True,1.0,correct
gpqa_75,opencode,4,PD|reason|UN|UN,UN,0.5,1.0397,0.0,0.0,0.0,0.3333333333333333,0.3333333333333333,0.0,0.0,0.0,0.0,0.25,0.0,0.5,0.0,0.25,True,1.0,correct
gpqa_76,opencode,4,PD|reason|SE|SE,SE,0.5,1.0397,0.0,0.0,0.0,0.3333333333333333,0.0,0.0,0.0,0.0,0.5,0.25,0.0,0.0,0.0,0.25,True,1.0,correct
gpqa_77,opencode,4,PD|IC|PD|PD,PD,0.75,0.5623,0.3333333333333333,0.0,0.0,0.0,0.0,0.0,0.0,0.3333333333333333,0.0,0.75,0.25,0.0,0.0,0.0,True,1.0,correct
gpqa_78,opencode,4,PD|reason|reason|reason,reason,0.75,0.5623,0.0,0.0,0.0,0.3333333333333333,0.0,0.0,0.0,0.0,0.0,0.25,0.0,0.0,0.0,0.75,False,0.0,wrong
gpqa_79,opencode,4,PD|reason|reason|reason,reason,0.75,0.5623,0.0,0.0,0.0,0.3333333333333333,0.0,0.0,0.0,0.0,0.0,0.25,0.0,0.0,0.0,0.75,False,0.0,wrong
gpqa_8,opencode,4,PD|reason|PD|PD,PD,0.75,0.5623,0.3333333333333333,0.3333333333333333,0.0,0.3333333333333333,0.0,0.0,0.0,0.0,0.0,0.75,0.0,0.0,0.0,0.25,True,1.0,correct
gpqa_80,opencode,4,PD|reason|PD|PD,PD,0.75,0.5623,0.3333333333333333,0.3333333333333333,0.0,0.3333333333333333,0.0,0.0,0.0,0.0,0.0,0.75,0.0,0.0,0.0,0.25,True,1.0,correct
gpqa_81,opencode,4,PD|UN|PD|PD,PD,0.75,0.5623,0.3333333333333333,0.0,0.0,0.0,0.0,0.0,0.0,0.0,0.0,0.75,0.0,0.25,0.0,0.0,True,1.0,correct
gpqa_82,opencode,4,PD|reason|IC|IC,IC,0.5,1.0397,0.0,0.0,0.3333333333333333,0.3333333333333333,0.0,0.0,0.0,0.0,0.0,0.25,0.5,0.0,0.0,0.25,True,1.0,correct
gpqa_83,opencode,4,PD|PD|reason|reason,PD,0.5,0.6931,0.3333333333333333,0.0,0.0,0.3333333333333333,0.0,0.0,0.0,0.0,0.0,0.5,0.0,0.0,0.0,0.5,True,1.0,correct
gpqa_84,opencode,4,PD|PD|IC|IC,PD,0.5,0.6931,0.3333333333333333,0.0,0.0,0.0,0.0,0.0,0.0,0.3333333333333333,0.0,0.5,0.5,0.0,0.0,0.0,True,1.0,correct
gpqa_85,opencode,4,PD|reason|PD|PD,PD,0.75,0.5623,0.3333333333333333,0.3333333333333333,0.0,0.3333333333333333,0.0,0.0,0.0,0.0,0.0,0.75,0.0,0.0,0.0,0.25,True,1.0,correct
gpqa_86,opencode,4,PD|reason|PD|PD,PD,0.75,0.5623,0.3333333333333333,0.3333333333333333,0.0,0.3333333333333333,0.0,0.0,0.0,0.0,0.0,0.75,0.0,0.0,0.0,0.25,False,0.0,wrong
gpqa_87,opencode,2,PD|reason,PD,0.5,0.6931,0.0,0.0,0.0,1.0,0.0,0.0,0.0,0.0,0.0,0.5,0.0,0.0,0.0,0.5,False,0.0,wrong
gpqa_88,opencode,4,PD|reason|PD|PD,PD,0.75,0.5623,0.3333333333333333,0.3333333333333333,0.0,0.3333333333333333,0.0,0.0,0.0,0.0,0.0,0.75,0.0,0.0,0.0,0.25,False,0.0,wrong
gpqa_89,opencode,4,PD|PD|reason|reason,PD,0.5,0.6931,0.3333333333333333,0.0,0.0,0.3333333333333333,0.0,0.0,0.0,0.0,0.0,0.5,0.0,0.0,0.0,0.5,True,1.0,correct
gpqa_9,opencode,4,PD|UN|UN|UN,UN,0.75,0.5623,0.0,0.0,0.0,0.0,0.0,0.0,0.0,0.0,0.0,0.25,0.0,0.75,0.0,0.0,True,1.0,correct
gpqa_90,opencode,4,PD|reason|PD|PD,PD,0.75,0.5623,0.3333333333333333,0.3333333333333333,0.0,0.3333333333333333,0.0,0.0,0.0,0.0,0.0,0.75,0.0,0.0,0.0,0.25,True,1.0,correct
gpqa_91,opencode,4,PD|PD|PD|PD,PD,1.0,0.0,1.0,0.0,0.0,0.0,0.0,0.0,0.0,0.0,0.0,1.0,0.0,0.0,0.0,0.0,True,1.0,correct
gpqa_92,opencode,4,PD|reason|reason|reason,reason,0.75,0.5623,0.0,0.0,0.0,0.3333333333333333,0.0,0.0,0.0,0.0,0.0,0.25,0.0,0.0,0.0,0.75,True,1.0,correct
gpqa_93,opencode,4,PD|reason|IC|IC,IC,0.5,1.0397,0.0,0.0,0.3333333333333333,0.3333333333333333,0.0,0.0,0.0,0.0,0.0,0.25,0.5,0.0,0.0,0.25,True,1.0,correct
gpqa_94,opencode,4,PD|reason|PD|PD,PD,0.75,0.5623,0.3333333333333333,0.3333333333333333,0.0,0.3333333333333333,0.0,0.0,0.0,0.0,0.0,0.75,0.0,0.0,0.0,0.25,True,1.0,correct
gpqa_95,opencode,4,PD|reason|UN|UN,UN,0.5,1.0397,0.0,0.0,0.0,0.3333333333333333,0.3333333333333333,0.0,0.0,0.0,0.0,0.25,0.0,0.5,0.0,0.25,True,1.0,correct
gpqa_96,opencode,4,PD|reason|PD|PD,PD,0.75,0.5623,0.3333333333333333,0.3333333333333333,0.0,0.3333333333333333,0.0,0.0,0.0,0.0,0.0,0.75,0.0,0.0,0.0,0.25,True,1.0,correct
gpqa_97,opencode,4,PD|reason|PD|PD,PD,0.75,0.5623,0.3333333333333333,0.3333333333333333,0.0,0.3333333333333333,0.0,0.0,0.0,0.0,0.0,0.75,0.0,0.0,0.0,0.25,False,0.0,wrong
gpqa_98,opencode,4,PD|reason|IC|IC,IC,0.5,1.0397,0.0,0.0,0.3333333333333333,0.3333333333333333,0.0,0.0,0.0,0.0,0.0,0.25,0.5,0.0,0.0,0.25,True,1.0,correct
gpqa_99,opencode,4,PD|reason|PD|PD,PD,0.75,0.5623,0.3333333333333333,0.3333333333333333,0.0,0.3333333333333333,0.0,0.0,0.0,0.0,0.0,0.75,0.0,0.0,0.0,0.25,True,1.0,correct
gpqa_0,zeroclaw,1,PD,PD,1.0,0.0,0.0,0.0,0.0,0.0,0.0,0.0,0.0,0.0,0.0,1.0,0.0,0.0,0.0,0.0,True,1.0,correct
gpqa_1,zeroclaw,1,PD,PD,1.0,0.0,0.0,0.0,0.0,0.0,0.0,0.0,0.0,0.0,0.0,1.0,0.0,0.0,0.0,0.0,True,1.0,correct
gpqa_10,zeroclaw,2,reason|PD,reason,0.5,0.6931,0.0,1.0,0.0,0.0,0.0,0.0,0.0,0.0,0.0,0.5,0.0,0.0,0.0,0.5,True,1.0,correct
gpqa_100,zeroclaw,1,PD,PD,1.0,0.0,0.0,0.0,0.0,0.0,0.0,0.0,0.0,0.0,0.0,1.0,0.0,0.0,0.0,0.0,True,1.0,correct
gpqa_101,zeroclaw,2,reason|PD,reason,0.5,0.6931,0.0,1.0,0.0,0.0,0.0,0.0,0.0,0.0,0.0,0.5,0.0,0.0,0.0,0.5,True,1.0,correct
gpqa_102,zeroclaw,5,reason|reason|reason|reason|PD,reason,0.8,0.5004,0.0,0.25,0.0,0.0,0.0,0.0,0.0,0.0,0.0,0.2,0.0,0.0,0.0,0.8,True,1.0,correct
gpqa_103,zeroclaw,3,reason|reason|IC,reason,0.6667,0.6365,0.0,0.0,0.5,0.0,0.0,0.0,0.0,0.0,0.0,0.0,0.3333333333333333,0.0,0.0,0.6666666666666666,False,0.0,wrong
gpqa_104,zeroclaw,1,PD,PD,1.0,0.0,0.0,0.0,0.0,0.0,0.0,0.0,0.0,0.0,0.0,1.0,0.0,0.0,0.0,0.0,True,1.0,correct
gpqa_105,zeroclaw,2,reason|reason,reason,1.0,0.0,0.0,0.0,0.0,0.0,0.0,0.0,0.0,0.0,0.0,0.0,0.0,0.0,0.0,1.0,True,1.0,correct
gpqa_106,zeroclaw,4,reason|reason|reason|PD,reason,0.75,0.5623,0.0,0.3333333333333333,0.0,0.0,0.0,0.0,0.0,0.0,0.0,0.25,0.0,0.0,0.0,0.75,False,0.0,wrong
gpqa_107,zeroclaw,1,IC,IC,1.0,0.0,0.0,0.0,0.0,0.0,0.0,0.0,0.0,0.0,0.0,0.0,1.0,0.0,0.0,0.0,True,1.0,correct
gpqa_108,zeroclaw,4,reason|reason|reason|PD,reason,0.75,0.5623,0.0,0.3333333333333333,0.0,0.0,0.0,0.0,0.0,0.0,0.0,0.25,0.0,0.0,0.0,0.75,False,0.0,wrong
gpqa_109,zeroclaw,1,PD,PD,1.0,0.0,0.0,0.0,0.0,0.0,0.0,0.0,0.0,0.0,0.0,1.0,0.0,0.0,0.0,0.0,False,0.0,wrong
gpqa_11,zeroclaw,1,PD,PD,1.0,0.0,0.0,0.0,0.0,0.0,0.0,0.0,0.0,0.0,0.0,1.0,0.0,0.0,0.0,0.0,True,1.0,correct
gpqa_110,zeroclaw,3,reason|reason|PD,reason,0.6667,0.6365,0.0,0.5,0.0,0.0,0.0,0.0,0.0,0.0,0.0,0.3333333333333333,0.0,0.0,0.0,0.6666666666666666,True,1.0,correct
gpqa_111,zeroclaw,3,reason|reason|PD,reason,0.6667,0.6365,0.0,0.5,0.0,0.0,0.0,0.0,0.0,0.0,0.0,0.3333333333333333,0.0,0.0,0.0,0.6666666666666666,False,0.0,wrong
gpqa_112,zeroclaw,1,PD,PD,1.0,0.0,0.0,0.0,0.0,0.0,0.0,0.0,0.0,0.0,0.0,1.0,0.0,0.0,0.0,0.0,True,1.0,correct
gpqa_113,zeroclaw,3,reason|reason|IC,reason,0.6667,0.6365,0.0,0.0,0.5,0.0,0.0,0.0,0.0,0.0,0.0,0.0,0.3333333333333333,0.0,0.0,0.6666666666666666,True,1.0,correct
gpqa_114,zeroclaw,4,reason|reason|reason|PD,reason,0.75,0.5623,0.0,0.3333333333333333,0.0,0.0,0.0,0.0,0.0,0.0,0.0,0.25,0.0,0.0,0.0,0.75,True,1.0,correct
gpqa_115,zeroclaw,1,IC,IC,1.0,0.0,0.0,0.0,0.0,0.0,0.0,0.0,0.0,0.0,0.0,0.0,1.0,0.0,0.0,0.0,True,1.0,correct
gpqa_116,zeroclaw,1,PD,PD,1.0,0.0,0.0,0.0,0.0,0.0,0.0,0.0,0.0,0.0,0.0,1.0,0.0,0.0,0.0,0.0,True,1.0,correct
gpqa_117,zeroclaw,5,reason|reason|reason|RR|PD,reason,0.6,0.9503,0.0,0.0,0.0,0.0,0.0,0.0,0.0,0.0,0.0,0.2,0.0,0.0,0.2,0.6,True,1.0,correct
gpqa_118,zeroclaw,1,PD,PD,1.0,0.0,0.0,0.0,0.0,0.0,0.0,0.0,0.0,0.0,0.0,1.0,0.0,0.0,0.0,0.0,True,1.0,correct
gpqa_119,zeroclaw,4,reason|reason|reason|IC,reason,0.75,0.5623,0.0,0.0,0.3333333333333333,0.0,0.0,0.0,0.0,0.0,0.0,0.0,0.25,0.0,0.0,0.75,True,1.0,correct
gpqa_12,zeroclaw,1,PD,PD,1.0,0.0,0.0,0.0,0.0,0.0,0.0,0.0,0.0,0.0,0.0,1.0,0.0,0.0,0.0,0.0,True,1.0,correct
gpqa_120,zeroclaw,2,reason|PD,reason,0.5,0.6931,0.0,1.0,0.0,0.0,0.0,0.0,0.0,0.0,0.0,0.5,0.0,0.0,0.0,0.5,True,1.0,correct
gpqa_121,zeroclaw,1,IC,IC,1.0,0.0,0.0,0.0,0.0,0.0,0.0,0.0,0.0,0.0,0.0,0.0,1.0,0.0,0.0,0.0,True,1.0,correct
gpqa_122,zeroclaw,1,reason,reason,1.0,0.0,0.0,0.0,0.0,0.0,0.0,0.0,0.0,0.0,0.0,0.0,0.0,0.0,0.0,1.0,True,1.0,correct
gpqa_123,zeroclaw,3,reason|reason|PD,reason,0.6667,0.6365,0.0,0.5,0.0,0.0,0.0,0.0,0.0,0.0,0.0,0.3333333333333333,0.0,0.0,0.0,0.6666666666666666,True,1.0,correct
gpqa_124,zeroclaw,1,PD,PD,1.0,0.0,0.0,0.0,0.0,0.0,0.0,0.0,0.0,0.0,0.0,1.0,0.0,0.0,0.0,0.0,True,1.0,correct
gpqa_125,zeroclaw,1,PD,PD,1.0,0.0,0.0,0.0,0.0,0.0,0.0,0.0,0.0,0.0,0.0,1.0,0.0,0.0,0.0,0.0,True,1.0,correct
gpqa_126,zeroclaw,1,PD,PD,1.0,0.0,0.0,0.0,0.0,0.0,0.0,0.0,0.0,0.0,0.0,1.0,0.0,0.0,0.0,0.0,True,1.0,correct
gpqa_127,zeroclaw,1,IC,IC,1.0,0.0,0.0,0.0,0.0,0.0,0.0,0.0,0.0,0.0,0.0,0.0,1.0,0.0,0.0,0.0,True,1.0,correct
gpqa_128,zeroclaw,1,SE,SE,1.0,0.0,0.0,0.0,0.0,0.0,0.0,0.0,0.0,0.0,1.0,0.0,0.0,0.0,0.0,0.0,True,1.0,correct
gpqa_129,zeroclaw,3,reason|reason|PD,reason,0.6667,0.6365,0.0,0.5,0.0,0.0,0.0,0.0,0.0,0.0,0.0,0.3333333333333333,0.0,0.0,0.0,0.6666666666666666,True,1.0,correct
gpqa_13,zeroclaw,1,reason,reason,1.0,0.0,0.0,0.0,0.0,0.0,0.0,0.0,0.0,0.0,0.0,0.0,0.0,0.0,0.0,1.0,True,1.0,correct
gpqa_130,zeroclaw,2,reason|reason,reason,1.0,0.0,0.0,0.0,0.0,0.0,0.0,0.0,0.0,0.0,0.0,0.0,0.0,0.0,0.0,1.0,True,1.0,correct
gpqa_131,zeroclaw,1,PD,PD,1.0,0.0,0.0,0.0,0.0,0.0,0.0,0.0,0.0,0.0,0.0,1.0,0.0,0.0,0.0,0.0,True,1.0,correct
gpqa_132,zeroclaw,1,reason,reason,1.0,0.0,0.0,0.0,0.0,0.0,0.0,0.0,0.0,0.0,0.0,0.0,0.0,0.0,0.0,1.0,True,1.0,correct
gpqa_133,zeroclaw,3,reason|reason|PD,reason,0.6667,0.6365,0.0,0.5,0.0,0.0,0.0,0.0,0.0,0.0,0.0,0.3333333333333333,0.0,0.0,0.0,0.6666666666666666,True,1.0,correct
gpqa_134,zeroclaw,1,PD,PD,1.0,0.0,0.0,0.0,0.0,0.0,0.0,0.0,0.0,0.0,0.0,1.0,0.0,0.0,0.0,0.0,True,1.0,correct
gpqa_135,zeroclaw,4,reason|reason|RR|PD,reason,0.5,1.0397,0.0,0.0,0.0,0.0,0.0,0.0,0.0,0.0,0.0,0.25,0.0,0.0,0.25,0.5,False,0.0,wrong
gpqa_136,zeroclaw,1,PD,PD,1.0,0.0,0.0,0.0,0.0,0.0,0.0,0.0,0.0,0.0,0.0,1.0,0.0,0.0,0.0,0.0,True,1.0,correct
gpqa_137,zeroclaw,1,IC,IC,1.0,0.0,0.0,0.0,0.0,0.0,0.0,0.0,0.0,0.0,0.0,0.0,1.0,0.0,0.0,0.0,True,1.0,correct
gpqa_138,zeroclaw,1,PD,PD,1.0,0.0,0.0,0.0,0.0,0.0,0.0,0.0,0.0,0.0,0.0,1.0,0.0,0.0,0.0,0.0,True,1.0,correct
gpqa_139,zeroclaw,1,reason,reason,1.0,0.0,0.0,0.0,0.0,0.0,0.0,0.0,0.0,0.0,0.0,0.0,0.0,0.0,0.0,1.0,True,1.0,correct
gpqa_14,zeroclaw,3,reason|reason|PD,reason,0.6667,0.6365,0.0,0.5,0.0,0.0,0.0,0.0,0.0,0.0,0.0,0.3333333333333333,0.0,0.0,0.0,0.6666666666666666,False,0.0,wrong
gpqa_140,zeroclaw,2,reason|PD,reason,0.5,0.6931,0.0,1.0,0.0,0.0,0.0,0.0,0.0,0.0,0.0,0.5,0.0,0.0,0.0,0.5,True,1.0,correct
gpqa_141,zeroclaw,3,reason|reason|IC,reason,0.6667,0.6365,0.0,0.0,0.5,0.0,0.0,0.0,0.0,0.0,0.0,0.0,0.3333333333333333,0.0,0.0,0.6666666666666666,True,1.0,correct
gpqa_142,zeroclaw,3,reason|reason|PD,reason,0.6667,0.6365,0.0,0.5,0.0,0.0,0.0,0.0,0.0,0.0,0.0,0.3333333333333333,0.0,0.0,0.0,0.6666666666666666,True,1.0,correct
gpqa_143,zeroclaw,3,reason|reason|reason,reason,1.0,0.0,0.0,0.0,0.0,0.0,0.0,0.0,0.0,0.0,0.0,0.0,0.0,0.0,0.0,1.0,False,0.0,wrong
gpqa_144,zeroclaw,1,PD,PD,1.0,0.0,0.0,0.0,0.0,0.0,0.0,0.0,0.0,0.0,0.0,1.0,0.0,0.0,0.0,0.0,True,1.0,correct
gpqa_145,zeroclaw,1,PD,PD,1.0,0.0,0.0,0.0,0.0,0.0,0.0,0.0,0.0,0.0,0.0,1.0,0.0,0.0,0.0,0.0,True,1.0,correct
gpqa_146,zeroclaw,1,reason,reason,1.0,0.0,0.0,0.0,0.0,0.0,0.0,0.0,0.0,0.0,0.0,0.0,0.0,0.0,0.0,1.0,True,1.0,correct
gpqa_147,zeroclaw,1,IC,IC,1.0,0.0,0.0,0.0,0.0,0.0,0.0,0.0,0.0,0.0,0.0,0.0,1.0,0.0,0.0,0.0,True,1.0,correct
gpqa_148,zeroclaw,1,PD,PD,1.0,0.0,0.0,0.0,0.0,0.0,0.0,0.0,0.0,0.0,0.0,1.0,0.0,0.0,0.0,0.0,True,1.0,correct
gpqa_149,zeroclaw,1,PD,PD,1.0,0.0,0.0,0.0,0.0,0.0,0.0,0.0,0.0,0.0,0.0,1.0,0.0,0.0,0.0,0.0,False,0.0,wrong
gpqa_15,zeroclaw,1,IC,IC,1.0,0.0,0.0,0.0,0.0,0.0,0.0,0.0,0.0,0.0,0.0,0.0,1.0,0.0,0.0,0.0,True,1.0,correct
gpqa_150,zeroclaw,1,PD,PD,1.0,0.0,0.0,0.0,0.0,0.0,0.0,0.0,0.0,0.0,0.0,1.0,0.0,0.0,0.0,0.0,True,1.0,correct
gpqa_151,zeroclaw,1,PD,PD,1.0,0.0,0.0,0.0,0.0,0.0,0.0,0.0,0.0,0.0,0.0,1.0,0.0,0.0,0.0,0.0,True,1.0,correct
gpqa_152,zeroclaw,1,PD,PD,1.0,0.0,0.0,0.0,0.0,0.0,0.0,0.0,0.0,0.0,0.0,1.0,0.0,0.0,0.0,0.0,True,1.0,correct
gpqa_153,zeroclaw,3,reason|reason|PD,reason,0.6667,0.6365,0.0,0.5,0.0,0.0,0.0,0.0,0.0,0.0,0.0,0.3333333333333333,0.0,0.0,0.0,0.6666666666666666,True,1.0,correct
gpqa_154,zeroclaw,2,reason|reason,reason,1.0,0.0,0.0,0.0,0.0,0.0,0.0,0.0,0.0,0.0,0.0,0.0,0.0,0.0,0.0,1.0,True,1.0,correct
gpqa_155,zeroclaw,1,PD,PD,1.0,0.0,0.0,0.0,0.0,0.0,0.0,0.0,0.0,0.0,0.0,1.0,0.0,0.0,0.0,0.0,True,1.0,correct
gpqa_156,zeroclaw,1,UN,UN,1.0,0.0,0.0,0.0,0.0,0.0,0.0,0.0,0.0,0.0,0.0,0.0,0.0,1.0,0.0,0.0,True,1.0,correct
gpqa_157,zeroclaw,1,IC,IC,1.0,0.0,0.0,0.0,0.0,0.0,0.0,0.0,0.0,0.0,0.0,0.0,1.0,0.0,0.0,0.0,True,1.0,correct
gpqa_158,zeroclaw,3,reason|reason|IC,reason,0.6667,0.6365,0.0,0.0,0.5,0.0,0.0,0.0,0.0,0.0,0.0,0.0,0.3333333333333333,0.0,0.0,0.6666666666666666,True,1.0,correct
gpqa_159,zeroclaw,1,PD,PD,1.0,0.0,0.0,0.0,0.0,0.0,0.0,0.0,0.0,0.0,0.0,1.0,0.0,0.0,0.0,0.0,True,1.0,correct
gpqa_16,zeroclaw,1,IC,IC,1.0,0.0,0.0,0.0,0.0,0.0,0.0,0.0,0.0,0.0,0.0,0.0,1.0,0.0,0.0,0.0,True,1.0,correct
gpqa_160,zeroclaw,1,PD,PD,1.0,0.0,0.0,0.0,0.0,0.0,0.0,0.0,0.0,0.0,0.0,1.0,0.0,0.0,0.0,0.0,True,1.0,correct
gpqa_161,zeroclaw,1,PD,PD,1.0,0.0,0.0,0.0,0.0,0.0,0.0,0.0,0.0,0.0,0.0,1.0,0.0,0.0,0.0,0.0,True,1.0,correct
gpqa_162,zeroclaw,2,reason|reason,reason,1.0,0.0,0.0,0.0,0.0,0.0,0.0,0.0,0.0,0.0,0.0,0.0,0.0,0.0,0.0,1.0,True,1.0,correct
gpqa_163,zeroclaw,2,reason|reason,reason,1.0,0.0,0.0,0.0,0.0,0.0,0.0,0.0,0.0,0.0,0.0,0.0,0.0,0.0,0.0,1.0,True,1.0,correct
gpqa_164,zeroclaw,1,PD,PD,1.0,0.0,0.0,0.0,0.0,0.0,0.0,0.0,0.0,0.0,0.0,1.0,0.0,0.0,0.0,0.0,True,1.0,correct
gpqa_165,zeroclaw,1,PD,PD,1.0,0.0,0.0,0.0,0.0,0.0,0.0,0.0,0.0,0.0,0.0,1.0,0.0,0.0,0.0,0.0,True,1.0,correct
gpqa_166,zeroclaw,2,reason|reason,reason,1.0,0.0,0.0,0.0,0.0,0.0,0.0,0.0,0.0,0.0,0.0,0.0,0.0,0.0,0.0,1.0,True,1.0,correct
gpqa_167,zeroclaw,1,PD,PD,1.0,0.0,0.0,0.0,0.0,0.0,0.0,0.0,0.0,0.0,0.0,1.0,0.0,0.0,0.0,0.0,True,1.0,correct
gpqa_168,zeroclaw,1,reason,reason,1.0,0.0,0.0,0.0,0.0,0.0,0.0,0.0,0.0,0.0,0.0,0.0,0.0,0.0,0.0,1.0,True,1.0,correct
gpqa_169,zeroclaw,1,PD,PD,1.0,0.0,0.0,0.0,0.0,0.0,0.0,0.0,0.0,0.0,0.0,1.0,0.0,0.0,0.0,0.0,True,1.0,correct
gpqa_17,zeroclaw,2,PD|PD,PD,1.0,0.0,1.0,0.0,0.0,0.0,0.0,0.0,0.0,0.0,0.0,1.0,0.0,0.0,0.0,0.0,True,1.0,correct
gpqa_170,zeroclaw,1,PD,PD,1.0,0.0,0.0,0.0,0.0,0.0,0.0,0.0,0.0,0.0,0.0,1.0,0.0,0.0,0.0,0.0,True,1.0,correct
gpqa_171,zeroclaw,1,PD,PD,1.0,0.0,0.0,0.0,0.0,0.0,0.0,0.0,0.0,0.0,0.0,1.0,0.0,0.0,0.0,0.0,True,1.0,correct
gpqa_172,zeroclaw,1,PD,PD,1.0,0.0,0.0,0.0,0.0,0.0,0.0,0.0,0.0,0.0,0.0,1.0,0.0,0.0,0.0,0.0,True,1.0,correct
gpqa_173,zeroclaw,5,PD|reason|reason|reason|PD,reason,0.6,0.673,0.0,0.25,0.0,0.25,0.0,0.0,0.0,0.0,0.0,0.4,0.0,0.0,0.0,0.6,False,0.0,wrong
gpqa_174,zeroclaw,2,reason|PD,reason,0.5,0.6931,0.0,1.0,0.0,0.0,0.0,0.0,0.0,0.0,0.0,0.5,0.0,0.0,0.0,0.5,True,1.0,correct
gpqa_175,zeroclaw,1,PD,PD,1.0,0.0,0.0,0.0,0.0,0.0,0.0,0.0,0.0,0.0,0.0,1.0,0.0,0.0,0.0,0.0,True,1.0,correct
gpqa_176,zeroclaw,1,IC,IC,1.0,0.0,0.0,0.0,0.0,0.0,0.0,0.0,0.0,0.0,0.0,0.0,1.0,0.0,0.0,0.0,True,1.0,correct
gpqa_177,zeroclaw,2,reason|reason,reason,1.0,0.0,0.0,0.0,0.0,0.0,0.0,0.0,0.0,0.0,0.0,0.0,0.0,0.0,0.0,1.0,True,1.0,correct
gpqa_178,zeroclaw,1,IC,IC,1.0,0.0,0.0,0.0,0.0,0.0,0.0,0.0,0.0,0.0,0.0,0.0,1.0,0.0,0.0,0.0,True,1.0,correct
gpqa_179,zeroclaw,2,PD|PD,PD,1.0,0.0,1.0,0.0,0.0,0.0,0.0,0.0,0.0,0.0,0.0,1.0,0.0,0.0,0.0,0.0,True,1.0,correct
gpqa_18,zeroclaw,3,reason|reason|reason,reason,1.0,0.0,0.0,0.0,0.0,0.0,0.0,0.0,0.0,0.0,0.0,0.0,0.0,0.0,0.0,1.0,False,0.0,wrong
gpqa_180,zeroclaw,1,reason,reason,1.0,0.0,0.0,0.0,0.0,0.0,0.0,0.0,0.0,0.0,0.0,0.0,0.0,0.0,0.0,1.0,True,1.0,correct
gpqa_181,zeroclaw,1,IC,IC,1.0,0.0,0.0,0.0,0.0,0.0,0.0,0.0,0.0,0.0,0.0,0.0,1.0,0.0,0.0,0.0,True,1.0,correct
gpqa_182,zeroclaw,2,PD|PD,PD,1.0,0.0,1.0,0.0,0.0,0.0,0.0,0.0,0.0,0.0,0.0,1.0,0.0,0.0,0.0,0.0,True,1.0,correct
gpqa_183,zeroclaw,1,PD,PD,1.0,0.0,0.0,0.0,0.0,0.0,0.0,0.0,0.0,0.0,0.0,1.0,0.0,0.0,0.0,0.0,True,1.0,correct
gpqa_184,zeroclaw,3,reason|reason|PD,reason,0.6667,0.6365,0.0,0.5,0.0,0.0,0.0,0.0,0.0,0.0,0.0,0.3333333333333333,0.0,0.0,0.0,0.6666666666666666,True,1.0,correct
gpqa_185,zeroclaw,5,reason|reason|reason|reason|PD,reason,0.8,0.5004,0.0,0.25,0.0,0.0,0.0,0.0,0.0,0.0,0.0,0.2,0.0,0.0,0.0,0.8,True,1.0,correct
gpqa_186,zeroclaw,1,PD,PD,1.0,0.0,0.0,0.0,0.0,0.0,0.0,0.0,0.0,0.0,0.0,1.0,0.0,0.0,0.0,0.0,True,1.0,correct
gpqa_187,zeroclaw,2,reason|PD,reason,0.5,0.6931,0.0,1.0,0.0,0.0,0.0,0.0,0.0,0.0,0.0,0.5,0.0,0.0,0.0,0.5,True,1.0,correct
gpqa_188,zeroclaw,1,PD,PD,1.0,0.0,0.0,0.0,0.0,0.0,0.0,0.0,0.0,0.0,0.0,1.0,0.0,0.0,0.0,0.0,True,1.0,correct
gpqa_189,zeroclaw,2,PD|IC,PD,0.5,0.6931,0.0,0.0,0.0,0.0,0.0,0.0,0.0,1.0,0.0,0.5,0.5,0.0,0.0,0.0,True,1.0,correct
gpqa_19,zeroclaw,2,reason|reason,reason,1.0,0.0,0.0,0.0,0.0,0.0,0.0,0.0,0.0,0.0,0.0,0.0,0.0,0.0,0.0,1.0,True,1.0,correct
gpqa_190,zeroclaw,1,PD,PD,1.0,0.0,0.0,0.0,0.0,0.0,0.0,0.0,0.0,0.0,0.0,1.0,0.0,0.0,0.0,0.0,True,1.0,correct
gpqa_191,zeroclaw,1,reason,reason,1.0,0.0,0.0,0.0,0.0,0.0,0.0,0.0,0.0,0.0,0.0,0.0,0.0,0.0,0.0,1.0,True,1.0,correct
gpqa_192,zeroclaw,2,reason|PD,reason,0.5,0.6931,0.0,1.0,0.0,0.0,0.0,0.0,0.0,0.0,0.0,0.5,0.0,0.0,0.0,0.5,True,1.0,correct
gpqa_193,zeroclaw,2,reason|PD,reason,0.5,0.6931,0.0,1.0,0.0,0.0,0.0,0.0,0.0,0.0,0.0,0.5,0.0,0.0,0.0,0.5,True,1.0,correct
gpqa_194,zeroclaw,1,PD,PD,1.0,0.0,0.0,0.0,0.0,0.0,0.0,0.0,0.0,0.0,0.0,1.0,0.0,0.0,0.0,0.0,True,1.0,correct
gpqa_195,zeroclaw,1,PD,PD,1.0,0.0,0.0,0.0,0.0,0.0,0.0,0.0,0.0,0.0,0.0,1.0,0.0,0.0,0.0,0.0,True,1.0,correct
gpqa_196,zeroclaw,7,reason|reason|reason|reason|reason|reason|RR,reason,0.8571,0.4101,0.0,0.0,0.0,0.0,0.0,0.0,0.0,0.0,0.0,0.0,0.0,0.0,0.14285714285714285,0.8571428571428571,False,0.0,wrong
gpqa_197,zeroclaw,2,reason|PD,reason,0.5,0.6931,0.0,1.0,0.0,0.0,0.0,0.0,0.0,0.0,0.0,0.5,0.0,0.0,0.0,0.5,True,1.0,correct
gpqa_2,zeroclaw,1,PD,PD,1.0,0.0,0.0,0.0,0.0,0.0,0.0,0.0,0.0,0.0,0.0,1.0,0.0,0.0,0.0,0.0,True,1.0,correct
gpqa_20,zeroclaw,3,reason|reason|SE,reason,0.6667,0.6365,0.0,0.0,0.0,0.0,0.0,0.0,0.0,0.0,0.3333333333333333,0.0,0.0,0.0,0.0,0.6666666666666666,False,0.0,wrong
gpqa_21,zeroclaw,1,PD,PD,1.0,0.0,0.0,0.0,0.0,0.0,0.0,0.0,0.0,0.0,0.0,1.0,0.0,0.0,0.0,0.0,True,1.0,correct
gpqa_22,zeroclaw,1,UN,UN,1.0,0.0,0.0,0.0,0.0,0.0,0.0,0.0,0.0,0.0,0.0,0.0,0.0,1.0,0.0,0.0,True,1.0,correct
gpqa_23,zeroclaw,1,PD,PD,1.0,0.0,0.0,0.0,0.0,0.0,0.0,0.0,0.0,0.0,0.0,1.0,0.0,0.0,0.0,0.0,True,1.0,correct
gpqa_24,zeroclaw,1,reason,reason,1.0,0.0,0.0,0.0,0.0,0.0,0.0,0.0,0.0,0.0,0.0,0.0,0.0,0.0,0.0,1.0,True,1.0,correct
gpqa_25,zeroclaw,2,PD|PD,PD,1.0,0.0,1.0,0.0,0.0,0.0,0.0,0.0,0.0,0.0,0.0,1.0,0.0,0.0,0.0,0.0,True,1.0,correct
gpqa_26,zeroclaw,4,RR|reason|reason|PD,reason,0.5,1.0397,0.0,0.3333333333333333,0.0,0.0,0.0,0.0,0.3333333333333333,0.0,0.0,0.25,0.0,0.0,0.25,0.5,True,1.0,correct
gpqa_27,zeroclaw,1,PD,PD,1.0,0.0,0.0,0.0,0.0,0.0,0.0,0.0,0.0,0.0,0.0,1.0,0.0,0.0,0.0,0.0,True,1.0,correct
gpqa_28,zeroclaw,7,reason|reason|reason|reason|reason|reason|PD,reason,0.8571,0.4101,0.0,0.16666666666666666,0.0,0.0,0.0,0.0,0.0,0.0,0.0,0.14285714285714285,0.0,0.0,0.0,0.8571428571428571,False,0.0,wrong
gpqa_29,zeroclaw,1,IC,IC,1.0,0.0,0.0,0.0,0.0,0.0,0.0,0.0,0.0,0.0,0.0,0.0,1.0,0.0,0.0,0.0,True,1.0,correct
gpqa_3,zeroclaw,2,reason|PD,reason,0.5,0.6931,0.0,1.0,0.0,0.0,0.0,0.0,0.0,0.0,0.0,0.5,0.0,0.0,0.0,0.5,True,1.0,correct
gpqa_30,zeroclaw,2,reason|reason,reason,1.0,0.0,0.0,0.0,0.0,0.0,0.0,0.0,0.0,0.0,0.0,0.0,0.0,0.0,0.0,1.0,True,1.0,correct
gpqa_31,zeroclaw,13,reason|reason|reason|reason|reason|reason|reason|reason|reason|reason|reason|reason|PD,reason,0.9231,0.2712,0.0,0.08333333333333333,0.0,0.0,0.0,0.0,0.0,0.0,0.0,0.07692307692307693,0.0,0.0,0.0,0.9230769230769231,False,0.0,wrong
gpqa_32,zeroclaw,1,PD,PD,1.0,0.0,0.0,0.0,0.0,0.0,0.0,0.0,0.0,0.0,0.0,1.0,0.0,0.0,0.0,0.0,True,1.0,correct
gpqa_33,zeroclaw,2,reason|PD,reason,0.5,0.6931,0.0,1.0,0.0,0.0,0.0,0.0,0.0,0.0,0.0,0.5,0.0,0.0,0.0,0.5,True,1.0,correct
gpqa_34,zeroclaw,1,PD,PD,1.0,0.0,0.0,0.0,0.0,0.0,0.0,0.0,0.0,0.0,0.0,1.0,0.0,0.0,0.0,0.0,True,1.0,correct
gpqa_35,zeroclaw,1,PD,PD,1.0,0.0,0.0,0.0,0.0,0.0,0.0,0.0,0.0,0.0,0.0,1.0,0.0,0.0,0.0,0.0,True,1.0,correct
gpqa_36,zeroclaw,1,PD,PD,1.0,0.0,0.0,0.0,0.0,0.0,0.0,0.0,0.0,0.0,0.0,1.0,0.0,0.0,0.0,0.0,True,1.0,correct
gpqa_37,zeroclaw,1,PD,PD,1.0,0.0,0.0,0.0,0.0,0.0,0.0,0.0,0.0,0.0,0.0,1.0,0.0,0.0,0.0,0.0,True,1.0,correct
gpqa_38,zeroclaw,1,PD,PD,1.0,0.0,0.0,0.0,0.0,0.0,0.0,0.0,0.0,0.0,0.0,1.0,0.0,0.0,0.0,0.0,False,0.0,wrong
gpqa_39,zeroclaw,1,PD,PD,1.0,0.0,0.0,0.0,0.0,0.0,0.0,0.0,0.0,0.0,0.0,1.0,0.0,0.0,0.0,0.0,True,1.0,correct
gpqa_4,zeroclaw,2,reason|PD,reason,0.5,0.6931,0.0,1.0,0.0,0.0,0.0,0.0,0.0,0.0,0.0,0.5,0.0,0.0,0.0,0.5,True,1.0,correct
gpqa_40,zeroclaw,1,IC,IC,1.0,0.0,0.0,0.0,0.0,0.0,0.0,0.0,0.0,0.0,0.0,0.0,1.0,0.0,0.0,0.0,True,1.0,correct
gpqa_41,zeroclaw,1,IC,IC,1.0,0.0,0.0,0.0,0.0,0.0,0.0,0.0,0.0,0.0,0.0,0.0,1.0,0.0,0.0,0.0,True,1.0,correct
gpqa_42,zeroclaw,5,reason|reason|reason|reason|IC,reason,0.8,0.5004,0.0,0.0,0.25,0.0,0.0,0.0,0.0,0.0,0.0,0.0,0.2,0.0,0.0,0.8,False,0.0,wrong
gpqa_43,zeroclaw,2,reason|reason,reason,1.0,0.0,0.0,0.0,0.0,0.0,0.0,0.0,0.0,0.0,0.0,0.0,0.0,0.0,0.0,1.0,False,0.0,wrong
gpqa_44,zeroclaw,1,PD,PD,1.0,0.0,0.0,0.0,0.0,0.0,0.0,0.0,0.0,0.0,0.0,1.0,0.0,0.0,0.0,0.0,True,1.0,correct
gpqa_45,zeroclaw,2,reason|PD,reason,0.5,0.6931,0.0,1.0,0.0,0.0,0.0,0.0,0.0,0.0,0.0,0.5,0.0,0.0,0.0,0.5,True,1.0,correct
gpqa_46,zeroclaw,3,reason|PD|PD,PD,0.6667,0.6365,0.5,0.5,0.0,0.0,0.0,0.0,0.0,0.0,0.0,0.6666666666666666,0.0,0.0,0.0,0.3333333333333333,True,1.0,correct
gpqa_47,zeroclaw,1,PD,PD,1.0,0.0,0.0,0.0,0.0,0.0,0.0,0.0,0.0,0.0,0.0,1.0,0.0,0.0,0.0,0.0,True,1.0,correct
gpqa_48,zeroclaw,1,SE,SE,1.0,0.0,0.0,0.0,0.0,0.0,0.0,0.0,0.0,0.0,1.0,0.0,0.0,0.0,0.0,0.0,True,1.0,correct
gpqa_49,zeroclaw,1,IC,IC,1.0,0.0,0.0,0.0,0.0,0.0,0.0,0.0,0.0,0.0,0.0,0.0,1.0,0.0,0.0,0.0,True,1.0,correct
gpqa_5,zeroclaw,1,PD,PD,1.0,0.0,0.0,0.0,0.0,0.0,0.0,0.0,0.0,0.0,0.0,1.0,0.0,0.0,0.0,0.0,True,1.0,correct
gpqa_50,zeroclaw,2,reason|PD,reason,0.5,0.6931,0.0,1.0,0.0,0.0,0.0,0.0,0.0,0.0,0.0,0.5,0.0,0.0,0.0,0.5,True,1.0,correct
gpqa_51,zeroclaw,2,reason|reason,reason,1.0,0.0,0.0,0.0,0.0,0.0,0.0,0.0,0.0,0.0,0.0,0.0,0.0,0.0,0.0,1.0,True,1.0,correct
gpqa_52,zeroclaw,1,PD,PD,1.0,0.0,0.0,0.0,0.0,0.0,0.0,0.0,0.0,0.0,0.0,1.0,0.0,0.0,0.0,0.0,True,1.0,correct
gpqa_53,zeroclaw,2,reason|PD,reason,0.5,0.6931,0.0,1.0,0.0,0.0,0.0,0.0,0.0,0.0,0.0,0.5,0.0,0.0,0.0,0.5,True,1.0,correct
gpqa_54,zeroclaw,1,UN,UN,1.0,0.0,0.0,0.0,0.0,0.0,0.0,0.0,0.0,0.0,0.0,0.0,0.0,1.0,0.0,0.0,True,1.0,correct
gpqa_55,zeroclaw,4,reason|reason|reason|reason,reason,1.0,0.0,0.0,0.0,0.0,0.0,0.0,0.0,0.0,0.0,0.0,0.0,0.0,0.0,0.0,1.0,True,1.0,correct
gpqa_56,zeroclaw,1,IC,IC,1.0,0.0,0.0,0.0,0.0,0.0,0.0,0.0,0.0,0.0,0.0,0.0,1.0,0.0,0.0,0.0,True,1.0,correct
gpqa_57,zeroclaw,1,reason,reason,1.0,0.0,0.0,0.0,0.0,0.0,0.0,0.0,0.0,0.0,0.0,0.0,0.0,0.0,0.0,1.0,True,1.0,correct
gpqa_58,zeroclaw,3,reason|reason|PD,reason,0.6667,0.6365,0.0,0.5,0.0,0.0,0.0,0.0,0.0,0.0,0.0,0.3333333333333333,0.0,0.0,0.0,0.6666666666666666,True,1.0,correct
gpqa_59,zeroclaw,7,reason|reason|reason|reason|reason|reason|PD,reason,0.8571,0.4101,0.0,0.16666666666666666,0.0,0.0,0.0,0.0,0.0,0.0,0.0,0.14285714285714285,0.0,0.0,0.0,0.8571428571428571,True,1.0,correct
gpqa_6,zeroclaw,1,PD,PD,1.0,0.0,0.0,0.0,0.0,0.0,0.0,0.0,0.0,0.0,0.0,1.0,0.0,0.0,0.0,0.0,True,1.0,correct
gpqa_60,zeroclaw,5,reason|reason|reason|reason|reason,reason,1.0,0.0,0.0,0.0,0.0,0.0,0.0,0.0,0.0,0.0,0.0,0.0,0.0,0.0,0.0,1.0,True,1.0,correct
gpqa_61,zeroclaw,1,reason,reason,1.0,0.0,0.0,0.0,0.0,0.0,0.0,0.0,0.0,0.0,0.0,0.0,0.0,0.0,0.0,1.0,True,1.0,correct
gpqa_62,zeroclaw,3,reason|reason|reason,reason,1.0,0.0,0.0,0.0,0.0,0.0,0.0,0.0,0.0,0.0,0.0,0.0,0.0,0.0,0.0,1.0,False,0.0,wrong
gpqa_63,zeroclaw,3,reason|reason|PD,reason,0.6667,0.6365,0.0,0.5,0.0,0.0,0.0,0.0,0.0,0.0,0.0,0.3333333333333333,0.0,0.0,0.0,0.6666666666666666,True,1.0,correct
gpqa_64,zeroclaw,7,reason|reason|reason|reason|reason|reason|RR,reason,0.8571,0.4101,0.0,0.0,0.0,0.0,0.0,0.0,0.0,0.0,0.0,0.0,0.0,0.0,0.14285714285714285,0.8571428571428571,False,0.0,wrong
gpqa_65,zeroclaw,1,PD,PD,1.0,0.0,0.0,0.0,0.0,0.0,0.0,0.0,0.0,0.0,0.0,1.0,0.0,0.0,0.0,0.0,True,1.0,correct
gpqa_66,zeroclaw,1,reason,reason,1.0,0.0,0.0,0.0,0.0,0.0,0.0,0.0,0.0,0.0,0.0,0.0,0.0,0.0,0.0,1.0,True,1.0,correct
gpqa_67,zeroclaw,1,PD,PD,1.0,0.0,0.0,0.0,0.0,0.0,0.0,0.0,0.0,0.0,0.0,1.0,0.0,0.0,0.0,0.0,True,1.0,correct
gpqa_68,zeroclaw,1,PD,PD,1.0,0.0,0.0,0.0,0.0,0.0,0.0,0.0,0.0,0.0,0.0,1.0,0.0,0.0,0.0,0.0,True,1.0,correct
gpqa_69,zeroclaw,9,reason|reason|reason|reason|reason|reason|reason|reason|PD,reason,0.8889,0.3488,0.0,0.125,0.0,0.0,0.0,0.0,0.0,0.0,0.0,0.1111111111111111,0.0,0.0,0.0,0.8888888888888888,True,1.0,correct
gpqa_7,zeroclaw,2,reason|UN,reason,0.5,0.6931,0.0,0.0,0.0,0.0,1.0,0.0,0.0,0.0,0.0,0.0,0.0,0.5,0.0,0.5,True,1.0,correct
gpqa_70,zeroclaw,2,reason|reason,reason,1.0,0.0,0.0,0.0,0.0,0.0,0.0,0.0,0.0,0.0,0.0,0.0,0.0,0.0,0.0,1.0,False,0.0,wrong
gpqa_71,zeroclaw,2,reason|reason,reason,1.0,0.0,0.0,0.0,0.0,0.0,0.0,0.0,0.0,0.0,0.0,0.0,0.0,0.0,0.0,1.0,False,0.0,wrong
gpqa_72,zeroclaw,2,reason|PD,reason,0.5,0.6931,0.0,1.0,0.0,0.0,0.0,0.0,0.0,0.0,0.0,0.5,0.0,0.0,0.0,0.5,True,1.0,correct
gpqa_73,zeroclaw,1,IC,IC,1.0,0.0,0.0,0.0,0.0,0.0,0.0,0.0,0.0,0.0,0.0,0.0,1.0,0.0,0.0,0.0,True,1.0,correct
gpqa_74,zeroclaw,1,reason,reason,1.0,0.0,0.0,0.0,0.0,0.0,0.0,0.0,0.0,0.0,0.0,0.0,0.0,0.0,0.0,1.0,True,1.0,correct
gpqa_75,zeroclaw,1,PD,PD,1.0,0.0,0.0,0.0,0.0,0.0,0.0,0.0,0.0,0.0,0.0,1.0,0.0,0.0,0.0,0.0,True,1.0,correct
gpqa_76,zeroclaw,7,reason|reason|reason|reason|reason|reason|PD,reason,0.8571,0.4101,0.0,0.16666666666666666,0.0,0.0,0.0,0.0,0.0,0.0,0.0,0.14285714285714285,0.0,0.0,0.0,0.8571428571428571,True,1.0,correct
gpqa_77,zeroclaw,3,reason|reason|reason,reason,1.0,0.0,0.0,0.0,0.0,0.0,0.0,0.0,0.0,0.0,0.0,0.0,0.0,0.0,0.0,1.0,True,1.0,correct
gpqa_78,zeroclaw,1,reason,reason,1.0,0.0,0.0,0.0,0.0,0.0,0.0,0.0,0.0,0.0,0.0,0.0,0.0,0.0,0.0,1.0,True,1.0,correct
gpqa_79,zeroclaw,6,reason|reason|reason|reason|reason|PD,reason,0.8333,0.4506,0.0,0.2,0.0,0.0,0.0,0.0,0.0,0.0,0.0,0.16666666666666666,0.0,0.0,0.0,0.8333333333333334,True,1.0,correct
gpqa_8,zeroclaw,1,PD,PD,1.0,0.0,0.0,0.0,0.0,0.0,0.0,0.0,0.0,0.0,0.0,1.0,0.0,0.0,0.0,0.0,True,1.0,correct
gpqa_80,zeroclaw,5,reason|reason|reason|reason|PD,reason,0.8,0.5004,0.0,0.25,0.0,0.0,0.0,0.0,0.0,0.0,0.0,0.2,0.0,0.0,0.0,0.8,True,1.0,correct
gpqa_81,zeroclaw,1,PD,PD,1.0,0.0,0.0,0.0,0.0,0.0,0.0,0.0,0.0,0.0,0.0,1.0,0.0,0.0,0.0,0.0,True,1.0,correct
gpqa_82,zeroclaw,1,PD,PD,1.0,0.0,0.0,0.0,0.0,0.0,0.0,0.0,0.0,0.0,0.0,1.0,0.0,0.0,0.0,0.0,True,1.0,correct
gpqa_83,zeroclaw,3,reason|reason|reason,reason,1.0,0.0,0.0,0.0,0.0,0.0,0.0,0.0,0.0,0.0,0.0,0.0,0.0,0.0,0.0,1.0,True,1.0,correct
gpqa_84,zeroclaw,2,reason|IC,reason,0.5,0.6931,0.0,0.0,1.0,0.0,0.0,0.0,0.0,0.0,0.0,0.0,0.5,0.0,0.0,0.5,True,1.0,correct
gpqa_85,zeroclaw,3,reason|reason|PD,reason,0.6667,0.6365,0.0,0.5,0.0,0.0,0.0,0.0,0.0,0.0,0.0,0.3333333333333333,0.0,0.0,0.0,0.6666666666666666,True,1.0,correct
gpqa_86,zeroclaw,6,reason|reason|reason|reason|reason|PD,reason,0.8333,0.4506,0.0,0.2,0.0,0.0,0.0,0.0,0.0,0.0,0.0,0.16666666666666666,0.0,0.0,0.0,0.8333333333333334,True,1.0,correct
gpqa_87,zeroclaw,3,reason|reason|PD,reason,0.6667,0.6365,0.0,0.5,0.0,0.0,0.0,0.0,0.0,0.0,0.0,0.3333333333333333,0.0,0.0,0.0,0.6666666666666666,False,0.0,wrong
gpqa_88,zeroclaw,3,reason|reason|IC,reason,0.6667,0.6365,0.0,0.0,0.5,0.0,0.0,0.0,0.0,0.0,0.0,0.0,0.3333333333333333,0.0,0.0,0.6666666666666666,False,0.0,wrong
gpqa_89,zeroclaw,1,reason,reason,1.0,0.0,0.0,0.0,0.0,0.0,0.0,0.0,0.0,0.0,0.0,0.0,0.0,0.0,0.0,1.0,True,1.0,correct
gpqa_9,zeroclaw,3,reason|reason|PD,reason,0.6667,0.6365,0.0,0.5,0.0,0.0,0.0,0.0,0.0,0.0,0.0,0.3333333333333333,0.0,0.0,0.0,0.6666666666666666,False,0.0,wrong
gpqa_90,zeroclaw,2,reason|PD,reason,0.5,0.6931,0.0,1.0,0.0,0.0,0.0,0.0,0.0,0.0,0.0,0.5,0.0,0.0,0.0,0.5,True,1.0,correct
gpqa_91,zeroclaw,1,IC,IC,1.0,0.0,0.0,0.0,0.0,0.0,0.0,0.0,0.0,0.0,0.0,0.0,1.0,0.0,0.0,0.0,True,1.0,correct
gpqa_92,zeroclaw,1,reason,reason,1.0,0.0,0.0,0.0,0.0,0.0,0.0,0.0,0.0,0.0,0.0,0.0,0.0,0.0,0.0,1.0,True,1.0,correct
gpqa_93,zeroclaw,1,IC,IC,1.0,0.0,0.0,0.0,0.0,0.0,0.0,0.0,0.0,0.0,0.0,0.0,1.0,0.0,0.0,0.0,True,1.0,correct
gpqa_94,zeroclaw,1,reason,reason,1.0,0.0,0.0,0.0,0.0,0.0,0.0,0.0,0.0,0.0,0.0,0.0,0.0,0.0,0.0,1.0,True,1.0,correct
gpqa_95,zeroclaw,1,UN,UN,1.0,0.0,0.0,0.0,0.0,0.0,0.0,0.0,0.0,0.0,0.0,0.0,0.0,1.0,0.0,0.0,True,1.0,correct
gpqa_96,zeroclaw,1,PD,PD,1.0,0.0,0.0,0.0,0.0,0.0,0.0,0.0,0.0,0.0,0.0,1.0,0.0,0.0,0.0,0.0,True,1.0,correct
gpqa_97,zeroclaw,4,reason|reason|reason|PD,reason,0.75,0.5623,0.0,0.3333333333333333,0.0,0.0,0.0,0.0,0.0,0.0,0.0,0.25,0.0,0.0,0.0,0.75,False,0.0,wrong
gpqa_98,zeroclaw,1,IC,IC,1.0,0.0,0.0,0.0,0.0,0.0,0.0,0.0,0.0,0.0,0.0,0.0,1.0,0.0,0.0,0.0,False,0.0,wrong
gpqa_99,zeroclaw,1,PD,PD,1.0,0.0,0.0,0.0,0.0,0.0,0.0,0.0,0.0,0.0,0.0,1.0,0.0,0.0,0.0,0.0,True,1.0,correct
