task_id,harness,benchmark,n_segments,arm_sequence,dominant_mode,dominant_rate,arm_entropy,rate_SE,rate_PD,rate_IC,rate_UN,rate_RR,rate_reason
hle_1,directllm,HLE,153,reason|reason|reason|reason|reason|RR|RR|RR|RR|RR|RR|UN|RR|RR|UN|RR|UN|RR|UN|RR|IC|RR|RR|RR|RR|RR|RR|RR|RR|RR|RR|RR|RR|RR|RR|RR|RR|RR|RR|RR|RR|RR|RR|RR|RR|RR|RR|RR|RR|RR|RR|RR|RR|RR|RR|RR|RR|RR|RR|RR|RR|RR|RR|RR|RR|RR|RR|RR|RR|RR|RR|RR|RR|RR|RR|RR|RR|RR|RR|RR|RR|RR|RR|RR|RR|RR|RR|RR|RR|RR|RR|RR|RR|RR|RR|RR|RR|RR|RR|RR|RR|RR|RR|RR|RR|RR|RR|RR|RR|RR|RR|RR|RR|RR|RR|RR|RR|RR|RR|RR|RR|RR|RR|RR|RR|RR|RR|RR|RR|RR|RR|RR|RR|RR|RR|RR|RR|RR|RR|RR|RR|RR|RR|RR|RR|RR|RR|RR|RR|RR|RR|RR|RR,RR,0.9346,0.3031,0.0,0.0,0.0065,0.0261,0.9346,0.0327
hle_1008,directllm,HLE,19,PD|PD|RR|UN|RR|UN|UN|RR|UN|IC|UN|RR|UN|RR|reason|reason|reason|reason|IC,UN,0.3158,1.5173,0.0,0.1053,0.1053,0.3158,0.2632,0.2105
hle_1009,directllm,HLE,49,reason|reason|reason|reason|reason|reason|reason|reason|reason|reason|reason|reason|reason|UN|RR|RR|RR|reason|reason|RR|RR|PD|RR|RR|RR|RR|reason|RR|reason|RR|UN|RR|reason|UN|RR|UN|RR|reason|reason|RR|reason|RR|RR|UN|RR|reason|reason|reason|PD,reason,0.4898,1.0809,0.0,0.0408,0.0,0.102,0.3673,0.4898
hle_1012,directllm,HLE,24,reason|UN|PD|IC|reason|reason|reason|reason|reason|reason|reason|UN|RR|UN|UN|reason|RR|UN|RR|UN|reason|reason|reason|reason,reason,0.5417,1.2034,0.0,0.0417,0.0417,0.25,0.125,0.5417
hle_1019,directllm,HLE,33,reason|reason|reason|PD|reason|reason|reason|reason|reason|PD|RR|RR|UN|PD|RR|reason|reason|reason|UN|UN|reason|reason|UN|RR|UN|RR|RR|UN|RR|reason|reason|reason|reason,reason,0.5152,1.1986,0.0,0.0909,0.0,0.1818,0.2121,0.5152
hle_1021,directllm,HLE,58,PD|reason|reason|reason|reason|reason|reason|reason|reason|reason|PD|reason|UN|UN|reason|reason|reason|reason|reason|reason|UN|UN|UN|RR|reason|reason|PD|PD|PD|reason|reason|PD|reason|PD|UN|RR|reason|reason|reason|PD|reason|reason|UN|RR|reason|UN|UN|UN|UN|reason|reason|PD|reason|reason|reason|reason|PD|reason,reason,0.5862,1.0847,0.0,0.1724,0.0,0.1897,0.0517,0.5862
hle_1022,directllm,HLE,36,reason|reason|reason|reason|reason|reason|reason|reason|reason|UN|RR|RR|reason|reason|UN|PD|UN|reason|UN|UN|reason|reason|UN|SE|reason|reason|reason|UN|reason|UN|IC|RR|reason|reason|reason|PD,reason,0.5833,1.2154,0.0278,0.0556,0.0278,0.2222,0.0833,0.5833
hle_1023,directllm,HLE,16,reason|IC|reason|reason|reason|reason|PD|PD|PD|PD|PD|reason|PD|PD|PD|PD,PD,0.5625,0.8647,0.0,0.5625,0.0625,0.0,0.0,0.375
hle_1024,directllm,HLE,38,reason|UN|UN|UN|reason|reason|reason|reason|IC|reason|IC|reason|UN|RR|reason|reason|RR|RR|RR|reason|RR|reason|reason|UN|RR|IC|reason|RR|reason|reason|RR|reason|RR|reason|reason|reason|reason|reason,reason,0.5526,1.1362,0.0,0.0,0.0789,0.1316,0.2368,0.5526
hle_1031,directllm,HLE,37,reason|reason|PD|reason|PD|PD|IC|RR|PD|reason|PD|RR|reason|PD|RR|RR|reason|reason|UN|reason|reason|RR|reason|reason|reason|reason|UN|reason|RR|reason|UN|reason|reason|reason|PD|RR|reason,reason,0.5135,1.2735,0.0,0.1892,0.027,0.0811,0.1892,0.5135
hle_1038,directllm,HLE,36,reason|RR|reason|UN|RR|reason|RR|UN|reason|UN|reason|PD|reason|PD|RR|reason|UN|UN|UN|reason|RR|RR|reason|reason|reason|reason|reason|UN|IC|RR|reason|RR|reason|PD|reason|PD,reason,0.4444,1.3568,0.0,0.1111,0.0278,0.1944,0.2222,0.4444
hle_1045,directllm,HLE,40,PD|reason|reason|PD|PD|PD|RR|PD|PD|PD|reason|PD|reason|RR|PD|IC|PD|PD|reason|RR|PD|RR|IC|RR|reason|reason|RR|UN|RR|RR|PD|IC|RR|reason|reason|reason|reason|PD|reason|reason,PD,0.35,1.3548,0.0,0.35,0.075,0.025,0.225,0.325
hle_1046,directllm,HLE,22,reason|RR|reason|reason|UN|UN|RR|UN|IC|PD|UN|reason|UN|IC|UN|reason|PD|reason|reason|PD|PD|reason,reason,0.3636,1.4681,0.0,0.1818,0.0909,0.2727,0.0909,0.3636
hle_1047,directllm,HLE,30,reason|reason|IC|PD|reason|reason|reason|reason|PD|reason|reason|reason|reason|reason|RR|PD|reason|reason|PD|IC|PD|PD|PD|reason|IC|PD|reason|PD|reason|reason,reason,0.5667,1.0267,0.0,0.3,0.1,0.0,0.0333,0.5667
hle_1048,directllm,HLE,14,PD|UN|reason|RR|reason|PD|PD|reason|reason|reason|reason|PD|reason|reason,reason,0.5714,1.0547,0.0,0.2857,0.0,0.0714,0.0714,0.5714
hle_1049,directllm,HLE,26,PD|RR|RR|RR|UN|RR|reason|PD|RR|PD|PD|IC|reason|reason|reason|reason|UN|UN|reason|IC|reason|reason|IC|PD|reason|reason,reason,0.3846,1.4999,0.0,0.1923,0.1154,0.1154,0.1923,0.3846
hle_1050,directllm,HLE,33,PD|RR|PD|RR|reason|reason|reason|reason|reason|RR|reason|reason|reason|reason|RR|reason|reason|UN|UN|PD|PD|PD|reason|reason|reason|PD|reason|PD|reason|reason|reason|reason|reason,reason,0.6061,1.0581,0.0,0.2121,0.0,0.0606,0.1212,0.6061
hle_1051,directllm,HLE,39,reason|reason|reason|reason|IC|reason|reason|reason|reason|PD|PD|PD|reason|RR|reason|PD|PD|reason|IC|reason|reason|RR|IC|IC|PD|reason|reason|IC|IC|IC|IC|RR|reason|reason|reason|reason|PD|reason|reason,reason,0.5385,1.1639,0.0,0.1795,0.2051,0.0,0.0769,0.5385
hle_1052,directllm,HLE,23,reason|RR|PD|RR|UN|UN|UN|UN|UN|UN|IC|reason|UN|UN|UN|RR|reason|PD|reason|PD|reason|reason|reason,UN,0.3913,1.3969,0.0,0.1304,0.0435,0.3913,0.1304,0.3043
hle_1054,directllm,HLE,17,reason|reason|UN|RR|RR|RR|reason|reason|UN|RR|RR|RR|reason|reason|reason|PD|reason,reason,0.4706,1.1407,0.0,0.0588,0.0,0.1176,0.3529,0.4706
hle_1055,directllm,HLE,42,reason|reason|reason|reason|reason|reason|reason|reason|reason|reason|UN|UN|UN|PD|reason|UN|reason|UN|UN|UN|RR|reason|UN|PD|reason|IC|RR|reason|UN|UN|RR|RR|UN|RR|reason|PD|reason|reason|reason|reason|reason|reason,reason,0.5238,1.2205,0.0,0.0714,0.0238,0.2619,0.119,0.5238
hle_1056,directllm,HLE,36,PD|PD|UN|reason|reason|RR|reason|PD|PD|reason|PD|reason|reason|PD|reason|PD|IC|PD|PD|PD|reason|PD|reason|PD|reason|reason|reason|reason|IC|PD|PD|reason|reason|reason|reason|PD,reason,0.4722,1.0788,0.0,0.4167,0.0556,0.0278,0.0278,0.4722
hle_1057,directllm,HLE,29,reason|PD|PD|PD|reason|reason|reason|RR|IC|reason|reason|RR|PD|PD|RR|reason|reason|PD|PD|PD|reason|IC|reason|reason|reason|PD|reason|PD|reason,reason,0.4828,1.1378,0.0,0.3448,0.069,0.0,0.1034,0.4828
hle_1058,directllm,HLE,44,reason|reason|reason|reason|reason|IC|IC|IC|reason|RR|reason|PD|reason|reason|RR|IC|RR|PD|RR|RR|PD|reason|RR|IC|reason|RR|RR|IC|RR|RR|IC|reason|RR|IC|RR|RR|RR|RR|reason|RR|RR|RR|RR|RR,RR,0.4545,1.2117,0.0,0.0682,0.1818,0.0,0.4545,0.2955
hle_1066,directllm,HLE,70,reason|reason|UN|reason|reason|UN|UN|reason|PD|reason|reason|reason|reason|reason|reason|PD|reason|reason|reason|reason|reason|reason|reason|RR|reason|reason|reason|reason|PD|reason|RR|IC|reason|RR|UN|reason|reason|reason|PD|reason|reason|RR|reason|RR|reason|RR|UN|PD|reason|RR|reason|reason|reason|reason|reason|RR|RR|RR|RR|PD|reason|reason|RR|reason|RR|reason|PD|PD|reason|reason,reason,0.6143,1.1091,0.0,0.1143,0.0143,0.0714,0.1857,0.6143
hle_1067,directllm,HLE,17,reason|reason|reason|RR|RR|RR|RR|IC|reason|RR|IC|RR|UN|RR|reason|reason|PD,RR,0.4118,1.318,0.0,0.0588,0.1176,0.0588,0.4118,0.3529
hle_1070,directllm,HLE,36,reason|RR|RR|reason|UN|reason|RR|RR|RR|PD|RR|reason|PD|RR|PD|RR|RR|RR|UN|reason|reason|reason|RR|RR|RR|RR|IC|RR|RR|RR|PD|reason|reason|reason|reason|reason,RR,0.4722,1.2248,0.0,0.1111,0.0278,0.0556,0.4722,0.3333
hle_1071,directllm,HLE,32,reason|RR|RR|RR|UN|reason|UN|UN|PD|IC|UN|reason|IC|RR|reason|reason|reason|IC|reason|RR|reason|IC|IC|reason|RR|UN|reason|IC|reason|PD|reason|reason,reason,0.4062,1.457,0.0,0.0625,0.1875,0.1562,0.1875,0.4062
hle_1073,directllm,HLE,4,reason|reason|RR|RR,reason,0.5,0.6931,0.0,0.0,0.0,0.0,0.5,0.5
hle_1074,directllm,HLE,11,reason|RR|RR|IC|IC|RR|reason|reason|PD|PD|PD,reason,0.2727,1.373,0.0,0.2727,0.1818,0.0,0.2727,0.2727
hle_1077,directllm,HLE,35,reason|reason|reason|RR|RR|IC|RR|UN|UN|UN|reason|UN|reason|RR|IC|UN|RR|UN|reason|reason|reason|reason|UN|UN|UN|UN|UN|IC|UN|IC|reason|reason|IC|IC|reason,reason,0.3429,1.3143,0.0,0.0,0.1714,0.3429,0.1429,0.3429
hle_1079,directllm,HLE,4,reason|UN|UN|RR,UN,0.5,1.0397,0.0,0.0,0.0,0.5,0.25,0.25
hle_108,directllm,HLE,42,PD|PD|reason|reason|RR|RR|reason|RR|PD|PD|reason|reason|reason|reason|RR|PD|PD|RR|reason|reason|reason|reason|PD|reason|reason|RR|RR|RR|PD|reason|IC|PD|reason|reason|PD|RR|reason|reason|PD|PD|reason|reason,reason,0.4762,1.1303,0.0,0.2857,0.0238,0.0,0.2143,0.4762
hle_1080,directllm,HLE,47,reason|reason|reason|reason|reason|reason|reason|RR|UN|reason|reason|reason|reason|RR|RR|RR|UN|UN|reason|SE|reason|PD|UN|reason|RR|SE|UN|reason|reason|reason|reason|reason|UN|RR|UN|SE|RR|UN|reason|reason|SE|reason|reason|reason|SE|SE|PD,reason,0.5106,1.3253,0.1277,0.0426,0.0,0.1702,0.1489,0.5106
hle_1081,directllm,HLE,163,reason|reason|IC|reason|reason|reason|reason|UN|reason|reason|reason|reason|reason|reason|reason|reason|reason|RR|reason|reason|PD|reason|UN|reason|reason|reason|reason|reason|reason|reason|reason|reason|reason|reason|reason|reason|reason|RR|reason|reason|reason|reason|reason|reason|reason|UN|reason|reason|RR|reason|UN|UN|reason|reason|reason|reason|IC|reason|UN|reason|reason|reason|UN|reason|reason|IC|UN|UN|PD|UN|UN|PD|reason|reason|UN|reason|reason|reason|UN|reason|reason|reason|UN|RR|reason|reason|reason|reason|reason|reason|reason|reason|reason|reason|reason|reason|UN|UN|reason|UN|reason|reason|UN|UN|reason|UN|reason|UN|UN|reason|PD|reason|reason|reason|IC|UN|UN|UN|UN|reason|reason|UN|UN|reason|IC|reason|reason|reason|reason|UN|reason|reason|reason|UN|RR|reason|reason|reason|reason|UN|RR|reason|UN|reason|PD|reason|reason|UN|RR|reason|reason|UN|reason|reason|reason|reason|reason|reason|reason|PD|reason|UN|reason,reason,0.6748,0.9593,0.0,0.0368,0.0307,0.2147,0.0429,0.6748
hle_1083,directllm,HLE,2,UN|RR,UN,0.5,0.6931,0.0,0.0,0.0,0.5,0.5,0.0
hle_1084,directllm,HLE,33,reason|reason|RR|IC|PD|IC|RR|IC|PD|RR|UN|RR|reason|UN|IC|RR|reason|reason|RR|reason|PD|RR|IC|RR|reason|reason|RR|RR|RR|IC|reason|reason|PD,RR,0.3333,1.4636,0.0,0.1212,0.1818,0.0606,0.3333,0.303
hle_1088,directllm,HLE,663,reason|RR|RR|UN|reason|reason|reason|reason|reason|reason|reason|reason|UN|reason|reason|reason|RR|UN|reason|reason|UN|reason|reason|reason|reason|reason|reason|reason|RR|UN|RR|RR|reason|reason|reason|UN|RR|reason|RR|reason|reason|reason|reason|UN|reason|UN|UN|reason|reason|reason|reason|IC|reason|reason|reason|reason|PD|RR|reason|UN|UN|reason|reason|UN|reason|reason|reason|reason|reason|reason|RR|RR|UN|UN|reason|reason|reason|reason|reason|reason|reason|IC|reason|reason|reason|reason|RR|RR|reason|reason|reason|RR|UN|reason|reason|reason|UN|reason|reason|reason|reason|reason|RR|reason|reason|reason|reason|reason|reason|reason|RR|reason|reason|RR|RR|reason|reason|reason|reason|reason|reason|reason|RR|reason|reason|reason|UN|RR|reason|reason|reason|reason|reason|UN|reason|RR|RR|IC|RR|IC|RR|RR|RR|RR|RR|RR|RR|RR|RR|RR|RR|RR|RR|RR|RR|RR|RR|RR|RR|RR|RR|RR|RR|RR|RR|RR|RR|RR|RR|RR|RR|RR|RR|RR|RR|RR|RR|RR|RR|RR|RR|RR|RR|RR|RR|RR|RR|RR|RR|RR|RR|RR|RR|RR|RR|RR|RR|RR|RR|RR|RR|RR|RR|RR|RR|RR|RR|RR|RR|RR|RR|RR|RR|RR|RR|RR|RR|RR|RR|RR|RR|RR|RR|RR|RR|RR|RR|RR|RR|RR|RR|RR|RR|RR|RR|RR|RR|RR|RR|RR|RR|RR|RR|RR|RR|RR|RR|RR|RR|RR|RR|RR|RR|RR|RR|RR|RR|RR|RR|RR|RR|RR|RR|RR|RR|RR|RR|RR|RR|RR|RR|RR|RR|RR|RR|RR|RR|RR|RR|RR|RR|RR|RR|RR|RR|RR|RR|RR|RR|RR|RR|RR|RR|RR|RR|RR|RR|RR|RR|RR|RR|RR|RR|RR|RR|RR|RR|RR|RR|RR|RR|RR|RR|RR|RR|RR|RR|RR|RR|RR|RR|RR|RR|RR|RR|RR|RR|RR|RR|RR|RR|RR|RR|RR|RR|RR|RR|RR|RR|RR|RR|RR|RR|RR|RR|RR|RR|RR|RR|RR|RR|RR|RR|RR|RR|RR|RR|RR|RR|RR|RR|RR|RR|RR|RR|RR|RR|RR|RR|RR|RR|RR|RR|RR|RR|RR|RR|RR|RR|RR|RR|RR|RR|RR|RR|RR|RR|RR|RR|RR|RR|RR|RR|RR|RR|RR|RR|RR|RR|RR|RR|RR|RR|RR|RR|RR|RR|RR|RR|RR|RR|RR|RR|RR|RR|RR|RR|RR|RR|RR|RR|RR|RR|RR|RR|RR|RR|RR|RR|RR|RR|RR|RR|RR|RR|RR|RR|RR|RR|RR|RR|RR|RR|RR|RR|RR|RR|RR|RR|RR|RR|RR|RR|RR|RR|RR|RR|RR|RR|RR|RR|RR|RR|RR|RR|RR|RR|RR|RR|RR|RR|RR|RR|RR|RR|RR|RR|RR|RR|RR|RR|RR|RR|RR|RR|RR|RR|RR|RR|RR|RR|RR|RR|RR|RR|RR|RR|RR|RR|RR|RR|RR|RR|RR|RR|RR|RR|RR|RR|RR|RR|RR|RR|RR|RR|RR|RR|RR|RR|RR|RR|RR|RR|RR|RR|RR|RR|RR|RR|RR|RR|RR|RR|RR|RR|RR|RR|RR|RR|RR|RR|RR|RR|RR|RR|RR|RR|RR|RR|RR|RR|RR|RR|RR|RR|RR|RR|RR|RR|RR|RR|RR|RR|RR|RR|RR|RR|RR|RR|RR|RR|RR|RR|RR|RR|RR|RR|RR|RR|RR|RR|RR|RR|RR|RR|RR|RR|RR|RR|RR|RR|RR|RR|RR|RR|RR|RR|RR|RR|RR|RR|RR|RR|RR|RR|RR|RR|RR|RR|RR|RR|RR|RR|RR|RR|RR|RR|RR|RR|RR|RR|RR|RR|RR|RR|RR|RR|RR|RR|RR|RR|RR|RR|RR|RR|RR|RR|RR|RR|RR|RR|RR|RR|RR|RR|RR|RR|RR|RR|RR|RR|RR|RR|RR|RR|RR|RR|RR|RR|RR|RR|RR|RR,RR,0.8235,0.5754,0.0,0.0015,0.006,0.0271,0.8235,0.1418
hle_1089,directllm,HLE,19,reason|reason|UN|RR|RR|reason|IC|RR|RR|UN|IC|RR|reason|RR|RR|RR|reason|reason|reason,RR,0.4211,1.206,0.0,0.0,0.1053,0.1053,0.4211,0.3684
hle_109,directllm,HLE,24,reason|reason|reason|UN|reason|reason|reason|reason|PD|reason|reason|RR|PD|reason|reason|RR|IC|reason|RR|reason|reason|reason|reason|PD,reason,0.6667,1.055,0.0,0.125,0.0417,0.0417,0.125,0.6667
hle_1098,directllm,HLE,17,reason|reason|reason|reason|RR|RR|UN|RR|reason|UN|RR|reason|PD|PD|reason|reason|reason,reason,0.5294,1.1807,0.0,0.1176,0.0,0.1176,0.2353,0.5294
hle_11,directllm,HLE,22,reason|reason|reason|IC|reason|reason|IC|reason|PD|RR|RR|IC|IC|RR|reason|IC|IC|reason|PD|reason|PD|PD,reason,0.4091,1.3017,0.0,0.1818,0.2727,0.0,0.1364,0.4091
hle_1108,directllm,HLE,31,reason|reason|reason|RR|RR|PD|PD|PD|PD|RR|RR|PD|reason|reason|reason|reason|RR|RR|PD|IC|RR|reason|UN|UN|RR|RR|UN|reason|reason|PD|PD,reason,0.3226,1.4104,0.0,0.2581,0.0323,0.0968,0.2903,0.3226
hle_1109,directllm,HLE,23,reason|reason|RR|RR|reason|reason|reason|reason|RR|RR|PD|reason|PD|reason|PD|RR|RR|UN|UN|reason|reason|reason|SE,reason,0.4783,1.3177,0.0435,0.1304,0.0,0.087,0.2609,0.4783
hle_111,directllm,HLE,30,reason|RR|RR|RR|UN|RR|RR|RR|reason|RR|reason|UN|reason|UN|reason|RR|RR|reason|reason|reason|RR|IC|reason|IC|PD|reason|PD|reason|reason|PD,reason,0.4,1.3738,0.0,0.1,0.0667,0.1,0.3333,0.4
hle_1116,directllm,HLE,11,reason|reason|RR|reason|RR|PD|RR|reason|reason|PD|PD,reason,0.4545,1.0671,0.0,0.2727,0.0,0.0,0.2727,0.4545
hle_1119,directllm,HLE,143,reason|RR|RR|RR|reason|RR|PD|reason|RR|RR|reason|RR|reason|RR|UN|RR|reason|RR|RR|reason|IC|RR|RR|RR|UN|reason|IC|PD|RR|RR|IC|RR|RR|RR|RR|RR|RR|RR|RR|RR|RR|RR|RR|RR|RR|RR|RR|RR|RR|RR|RR|RR|RR|RR|RR|RR|RR|RR|RR|RR|RR|RR|RR|RR|RR|RR|RR|RR|RR|RR|RR|RR|RR|RR|RR|RR|RR|RR|RR|RR|RR|RR|RR|RR|RR|RR|RR|RR|RR|RR|RR|RR|RR|RR|RR|RR|RR|RR|RR|RR|RR|RR|RR|RR|RR|RR|RR|RR|RR|RR|RR|RR|RR|RR|RR|RR|RR|RR|RR|RR|RR|RR|RR|RR|RR|RR|RR|RR|RR|RR|RR|RR|RR|RR|RR|RR|RR|RR|RR|RR|RR|RR|RR,RR,0.8951,0.461,0.0,0.014,0.021,0.014,0.8951,0.0559
hle_112,directllm,HLE,49,reason|reason|reason|reason|PD|reason|RR|reason|UN|reason|reason|RR|UN|RR|RR|IC|IC|reason|reason|reason|reason|reason|reason|reason|UN|UN|RR|reason|RR|IC|IC|reason|PD|RR|reason|reason|reason|RR|RR|IC|reason|PD|reason|PD|reason|PD|PD|PD|reason,reason,0.4898,1.3763,0.0,0.1429,0.102,0.0816,0.1837,0.4898
hle_1120,directllm,HLE,24,reason|reason|UN|UN|reason|PD|UN|reason|UN|reason|UN|reason|reason|UN|UN|UN|UN|UN|UN|UN|reason|reason|UN|RR,UN,0.5417,0.9647,0.0,0.0417,0.0,0.5417,0.0417,0.375
hle_1126,directllm,HLE,41,reason|RR|reason|UN|PD|PD|reason|IC|RR|RR|reason|RR|reason|reason|reason|reason|reason|reason|reason|reason|reason|reason|reason|IC|PD|RR|PD|IC|reason|RR|reason|PD|reason|reason|reason|reason|PD|reason|reason|reason|reason,reason,0.6098,1.146,0.0,0.1463,0.0732,0.0244,0.1463,0.6098
hle_1127,directllm,HLE,46,reason|reason|PD|reason|reason|PD|IC|reason|reason|reason|reason|PD|reason|reason|reason|reason|reason|reason|reason|RR|RR|reason|reason|RR|reason|reason|reason|reason|IC|RR|reason|reason|reason|reason|reason|reason|RR|reason|RR|reason|reason|reason|reason|reason|PD|reason,reason,0.7391,0.8378,0.0,0.087,0.0435,0.0,0.1304,0.7391
hle_1128,directllm,HLE,58,reason|reason|reason|PD|reason|PD|PD|reason|reason|reason|PD|reason|PD|PD|reason|reason|reason|PD|reason|PD|reason|reason|reason|PD|RR|reason|reason|RR|reason|reason|reason|reason|PD|reason|PD|reason|reason|RR|reason|PD|reason|reason|reason|PD|reason|reason|reason|reason|reason|reason|reason|reason|reason|reason|PD|reason|reason|reason,reason,0.7069,0.7415,0.0,0.2414,0.0,0.0,0.0517,0.7069
hle_1129,directllm,HLE,43,PD|reason|IC|IC|reason|PD|reason|PD|reason|UN|PD|reason|PD|reason|RR|UN|reason|reason|PD|RR|reason|PD|IC|reason|RR|reason|UN|reason|UN|PD|IC|reason|RR|RR|reason|RR|reason|reason|PD|reason|reason|reason|PD,reason,0.4419,1.4168,0.0,0.2326,0.093,0.093,0.1395,0.4419
hle_1130,directllm,HLE,41,PD|reason|IC|RR|reason|RR|reason|RR|reason|reason|reason|reason|PD|reason|reason|reason|reason|reason|IC|PD|reason|reason|RR|reason|PD|RR|reason|RR|PD|reason|RR|reason|IC|reason|PD|reason|reason|reason|PD|reason|reason,reason,0.5854,1.1084,0.0,0.1707,0.0732,0.0,0.1707,0.5854
hle_1133,directllm,HLE,15,reason|RR|RR|reason|RR|UN|reason|RR|RR|RR|RR|RR|RR|RR|reason,RR,0.6667,0.8033,0.0,0.0,0.0,0.0667,0.6667,0.2667
hle_1135,directllm,HLE,22,reason|reason|reason|reason|UN|UN|UN|reason|UN|IC|reason|reason|UN|reason|reason|IC|UN|UN|reason|PD|reason|PD,reason,0.5,1.1469,0.0,0.0909,0.0909,0.3182,0.0,0.5
hle_1137,directllm,HLE,7,reason|RR|reason|PD|UN|reason|reason,reason,0.5714,1.1537,0.0,0.1429,0.0,0.1429,0.1429,0.5714
hle_1138,directllm,HLE,27,PD|PD|PD|UN|UN|PD|UN|PD|PD|RR|UN|reason|PD|UN|PD|UN|reason|UN|RR|IC|UN|reason|reason|PD|reason|PD|reason,PD,0.3704,1.3774,0.0,0.3704,0.037,0.2963,0.0741,0.2222
hle_1139,directllm,HLE,77,PD|reason|reason|reason|RR|reason|reason|PD|PD|UN|UN|reason|reason|UN|UN|UN|PD|UN|reason|PD|UN|reason|UN|UN|PD|UN|PD|reason|RR|RR|reason|PD|PD|reason|UN|RR|IC|RR|UN|UN|reason|UN|UN|UN|UN|UN|UN|reason|UN|PD|PD|UN|IC|UN|UN|PD|PD|reason|reason|PD|PD|PD|UN|UN|reason|PD|UN|UN|UN|reason|UN|reason|reason|reason|reason|UN|PD,UN,0.3896,1.3373,0.0,0.2338,0.026,0.3896,0.0649,0.2857
hle_114,directllm,HLE,60,reason|IC|reason|reason|PD|RR|RR|reason|reason|reason|reason|PD|RR|PD|reason|PD|reason|reason|reason|PD|PD|reason|reason|reason|reason|RR|PD|reason|PD|IC|PD|reason|PD|PD|IC|RR|reason|reason|reason|reason|RR|RR|PD|reason|reason|reason|reason|RR|reason|IC|reason|RR|reason|reason|reason|RR|reason|PD|reason|reason,reason,0.55,1.1393,0.0,0.2167,0.0667,0.0,0.1667,0.55
hle_115,directllm,HLE,14,IC|reason|PD|UN|RR|reason|reason|RR|RR|IC|IC|reason|PD|PD,reason,0.2857,1.5367,0.0,0.2143,0.2143,0.0714,0.2143,0.2857
hle_1150,directllm,HLE,19,reason|reason|UN|RR|RR|RR|RR|RR|UN|RR|RR|RR|IC|RR|RR|reason|RR|PD|reason,RR,0.5789,1.1914,0.0,0.0526,0.0526,0.1053,0.5789,0.2105
hle_1153,directllm,HLE,53,reason|RR|UN|SE|PD|PD|PD|UN|UN|reason|UN|UN|reason|reason|RR|reason|reason|reason|PD|RR|reason|IC|IC|reason|reason|IC|reason|reason|RR|UN|reason|reason|reason|RR|RR|PD|reason|RR|RR|reason|reason|RR|reason|reason|reason|IC|UN|PD|reason|PD|IC|reason|reason,reason,0.4528,1.4922,0.0189,0.1321,0.0943,0.1321,0.1698,0.4528
hle_1159,directllm,HLE,22,reason|PD|UN|IC|RR|reason|reason|UN|UN|RR|PD|IC|IC|RR|reason|reason|RR|IC|IC|reason|PD|PD,reason,0.2727,1.5827,0.0,0.1818,0.2273,0.1364,0.1818,0.2727
hle_1166,directllm,HLE,24,reason|reason|RR|RR|reason|reason|PD|reason|reason|reason|reason|reason|RR|PD|reason|UN|IC|reason|RR|reason|reason|reason|PD|reason,reason,0.625,1.1171,0.0,0.125,0.0417,0.0417,0.1667,0.625
hle_117,directllm,HLE,5,PD|reason|RR|UN|PD,PD,0.4,1.3322,0.0,0.4,0.0,0.2,0.2,0.2
hle_1174,directllm,HLE,46,reason|RR|reason|reason|RR|reason|reason|RR|RR|UN|reason|reason|reason|PD|IC|PD|PD|reason|RR|IC|reason|PD|RR|reason|reason|reason|reason|RR|reason|RR|RR|UN|PD|RR|PD|reason|reason|reason|reason|reason|PD|reason|reason|reason|reason|PD,reason,0.5217,1.248,0.0,0.1739,0.0435,0.0435,0.2174,0.5217
hle_1177,directllm,HLE,81,reason|reason|reason|IC|reason|reason|reason|reason|reason|reason|RR|reason|reason|UN|reason|PD|reason|reason|reason|reason|UN|reason|UN|RR|reason|reason|reason|PD|reason|reason|RR|reason|RR|reason|reason|reason|reason|reason|reason|RR|RR|PD|reason|reason|reason|PD|IC|IC|IC|reason|reason|reason|UN|UN|reason|reason|UN|UN|reason|reason|RR|reason|reason|reason|RR|RR|reason|reason|reason|reason|RR|UN|UN|reason|RR|reason|PD|reason|reason|reason|reason,reason,0.642,1.1203,0.0,0.0617,0.0494,0.1111,0.1358,0.642
hle_1179,directllm,HLE,46,reason|reason|reason|reason|RR|reason|IC|reason|reason|PD|RR|reason|reason|RR|reason|PD|RR|PD|reason|reason|RR|reason|reason|RR|reason|reason|reason|RR|reason|IC|reason|RR|PD|RR|RR|RR|reason|reason|IC|IC|RR|RR|PD|reason|UN|reason,reason,0.5,1.2405,0.0,0.1087,0.087,0.0217,0.2826,0.5
hle_118,directllm,HLE,13,reason|reason|reason|IC|reason|reason|reason|IC|reason|IC|reason|reason|PD,reason,0.6923,0.7903,0.0,0.0769,0.2308,0.0,0.0,0.6923
hle_1182,directllm,HLE,31,reason|reason|reason|reason|PD|reason|UN|reason|RR|reason|reason|PD|reason|RR|reason|reason|PD|UN|reason|reason|RR|reason|IC|RR|RR|UN|reason|RR|reason|reason|PD,reason,0.5484,1.2483,0.0,0.129,0.0323,0.0968,0.1935,0.5484
hle_1188,directllm,HLE,27,reason|reason|reason|RR|reason|UN|UN|UN|RR|UN|UN|RR|reason|RR|RR|reason|UN|UN|RR|PD|RR|RR|UN|reason|reason|reason|PD,reason,0.3333,1.2798,0.0,0.0741,0.0,0.2963,0.2963,0.3333
hle_119,directllm,HLE,5,PD|reason|UN|UN|UN,UN,0.6,0.9503,0.0,0.2,0.0,0.6,0.0,0.2
hle_1192,directllm,HLE,29,reason|reason|reason|reason|reason|RR|IC|reason|UN|RR|RR|IC|RR|reason|reason|RR|reason|RR|IC|RR|RR|RR|RR|RR|RR|reason|PD|PD|reason,RR,0.4138,1.2681,0.0,0.069,0.1034,0.0345,0.4138,0.3793
hle_120,directllm,HLE,28,reason|RR|reason|reason|reason|reason|reason|UN|UN|reason|PD|RR|RR|PD|RR|IC|UN|reason|RR|RR|reason|RR|RR|RR|RR|RR|PD|RR,RR,0.4286,1.3256,0.0,0.1071,0.0357,0.1071,0.4286,0.3214
hle_1207,directllm,HLE,26,reason|reason|reason|PD|RR|PD|RR|RR|RR|PD|reason|RR|reason|reason|PD|PD|RR|reason|UN|UN|reason|PD|PD|reason|UN|reason,reason,0.3846,1.3083,0.0,0.2692,0.0,0.1154,0.2308,0.3846
hle_1219,directllm,HLE,15,reason|reason|reason|reason|IC|reason|reason|RR|UN|RR|RR|IC|UN|reason|UN,reason,0.4667,1.2681,0.0,0.0,0.1333,0.2,0.2,0.4667
hle_1220,directllm,HLE,26,reason|reason|reason|RR|RR|RR|UN|RR|PD|RR|UN|reason|PD|RR|RR|RR|PD|UN|RR|RR|RR|RR|reason|reason|PD|PD,RR,0.4615,1.2615,0.0,0.1923,0.0,0.1154,0.4615,0.2308
hle_123,directllm,HLE,9,reason|reason|reason|RR|RR|reason|reason|RR|RR,reason,0.5556,0.687,0.0,0.0,0.0,0.0,0.4444,0.5556
hle_1231,directllm,HLE,17,reason|UN|reason|RR|UN|RR|reason|RR|RR|UN|RR|IC|reason|RR|reason|reason|UN,reason,0.3529,1.2423,0.0,0.0,0.0588,0.2353,0.3529,0.3529
hle_1234,directllm,HLE,28,reason|PD|reason|RR|UN|IC|RR|reason|UN|UN|UN|reason|RR|IC|UN|RR|RR|reason|RR|RR|RR|reason|RR|reason|reason|reason|reason|reason,reason,0.3929,1.347,0.0,0.0357,0.0714,0.1786,0.3214,0.3929
hle_1235,directllm,HLE,35,reason|reason|RR|reason|reason|reason|IC|IC|RR|reason|reason|RR|reason|RR|RR|reason|RR|reason|RR|reason|RR|RR|reason|RR|RR|reason|RR|reason|RR|RR|IC|RR|RR|RR|reason,RR,0.4857,0.9245,0.0,0.0,0.0857,0.0,0.4857,0.4286
hle_1249,directllm,HLE,36,reason|reason|reason|reason|PD|UN|reason|reason|IC|reason|reason|reason|UN|PD|UN|IC|PD|reason|IC|PD|reason|reason|RR|reason|reason|reason|RR|IC|reason|reason|reason|PD|reason|PD|reason|PD,reason,0.5556,1.2568,0.0,0.1944,0.1111,0.0833,0.0556,0.5556
hle_126,directllm,HLE,14,reason|reason|reason|reason|PD|UN|RR|PD|IC|RR|RR|RR|reason|SE,reason,0.3571,1.5692,0.0714,0.1429,0.0714,0.0714,0.2857,0.3571
hle_13,directllm,HLE,33,reason|reason|PD|reason|reason|reason|PD|UN|PD|RR|RR|PD|reason|RR|RR|UN|reason|reason|reason|reason|reason|reason|PD|IC|PD|reason|PD|reason|reason|reason|reason|reason|reason,reason,0.5758,1.1784,0.0,0.2121,0.0303,0.0606,0.1212,0.5758
hle_131,directllm,HLE,28,reason|RR|RR|RR|IC|IC|RR|reason|RR|reason|RR|RR|IC|reason|RR|reason|RR|reason|RR|reason|reason|IC|IC|RR|reason|reason|RR|PD,RR,0.4286,1.1575,0.0,0.0357,0.1786,0.0,0.4286,0.3571
hle_136,directllm,HLE,59,reason|IC|reason|reason|UN|reason|reason|reason|PD|reason|reason|reason|reason|reason|reason|reason|reason|reason|reason|reason|reason|reason|RR|reason|reason|reason|RR|reason|IC|IC|reason|RR|RR|IC|UN|reason|RR|reason|reason|IC|reason|RR|reason|reason|reason|RR|reason|reason|PD|UN|UN|RR|reason|PD|reason|reason|reason|reason|reason,reason,0.661,1.0877,0.0,0.0508,0.0847,0.0678,0.1356,0.661
hle_138,directllm,HLE,56,reason|reason|IC|reason|IC|RR|IC|reason|RR|reason|PD|UN|IC|reason|reason|reason|reason|reason|reason|reason|reason|IC|reason|reason|reason|reason|RR|UN|UN|RR|reason|reason|reason|reason|reason|reason|reason|reason|reason|reason|reason|reason|reason|reason|reason|UN|RR|reason|IC|reason|RR|reason|reason|RR|reason|RR,reason,0.6607,1.0515,0.0,0.0179,0.1071,0.0714,0.1429,0.6607
hle_14,directllm,HLE,3,reason|RR|RR,RR,0.6667,0.6365,0.0,0.0,0.0,0.0,0.6667,0.3333
hle_141,directllm,HLE,32,reason|reason|reason|PD|PD|UN|UN|reason|UN|PD|reason|reason|PD|RR|reason|reason|UN|RR|reason|reason|reason|PD|PD|RR|PD|RR|UN|RR|PD|reason|reason|PD,reason,0.4062,1.3028,0.0,0.2812,0.0,0.1562,0.1562,0.4062
hle_142,directllm,HLE,64,reason|reason|reason|reason|reason|reason|reason|reason|reason|reason|UN|reason|reason|reason|IC|reason|reason|reason|UN|IC|RR|IC|reason|reason|reason|reason|reason|RR|reason|reason|reason|reason|reason|reason|reason|RR|reason|RR|reason|PD|reason|reason|reason|IC|IC|RR|reason|RR|reason|IC|RR|PD|reason|reason|RR|PD|IC|RR|reason|reason|reason|reason|PD|reason,reason,0.6562,1.0759,0.0,0.0625,0.1094,0.0312,0.1406,0.6562
hle_144,directllm,HLE,22,PD|PD|RR|PD|RR|RR|RR|RR|reason|RR|RR|RR|PD|PD|RR|RR|RR|RR|PD|PD|reason|PD,RR,0.5455,0.9165,0.0,0.3636,0.0,0.0,0.5455,0.0909
hle_145,directllm,HLE,22,reason|reason|UN|reason|reason|RR|PD|reason|reason|RR|UN|reason|PD|RR|RR|PD|UN|RR|reason|reason|reason|PD,reason,0.4545,1.2768,0.0,0.1818,0.0,0.1364,0.2273,0.4545
hle_155,directllm,HLE,43,PD|RR|reason|reason|reason|RR|UN|RR|RR|RR|IC|PD|UN|UN|RR|IC|reason|UN|reason|RR|PD|RR|RR|UN|IC|RR|IC|IC|reason|UN|RR|UN|IC|RR|reason|RR|UN|UN|IC|IC|RR|reason|PD,RR,0.3256,1.5394,0.0,0.093,0.186,0.2093,0.3256,0.186
hle_158,directllm,HLE,88,reason|IC|reason|reason|RR|reason|reason|RR|reason|RR|PD|RR|IC|UN|IC|RR|RR|RR|UN|IC|reason|reason|RR|reason|RR|reason|IC|RR|RR|RR|PD|RR|RR|RR|RR|RR|RR|RR|RR|RR|RR|RR|RR|RR|RR|RR|RR|RR|RR|RR|RR|RR|RR|RR|RR|RR|RR|RR|RR|RR|RR|RR|RR|RR|RR|RR|RR|RR|RR|RR|RR|RR|RR|RR|RR|RR|RR|RR|RR|RR|RR|RR|RR|RR|RR|RR|RR|UN,RR,0.7727,0.8105,0.0,0.0227,0.0568,0.0341,0.7727,0.1136
hle_16,directllm,HLE,77,reason|PD|RR|UN|UN|PD|UN|reason|reason|RR|IC|RR|RR|reason|PD|RR|reason|reason|reason|RR|reason|reason|RR|PD|PD|reason|PD|reason|reason|IC|RR|PD|reason|UN|UN|RR|reason|reason|UN|reason|reason|RR|reason|reason|PD|reason|PD|reason|RR|reason|reason|PD|RR|reason|RR|reason|RR|RR|RR|RR|UN|reason|RR|reason|RR|reason|reason|RR|reason|reason|RR|reason|RR|reason|PD|PD|reason,reason,0.4416,1.3214,0.0,0.1558,0.026,0.0909,0.2857,0.4416
hle_167,directllm,HLE,84,reason|reason|UN|RR|reason|reason|IC|UN|reason|reason|UN|reason|reason|reason|reason|reason|UN|reason|reason|IC|reason|reason|reason|reason|UN|UN|reason|RR|reason|reason|reason|PD|UN|reason|UN|reason|reason|reason|reason|UN|UN|reason|UN|UN|reason|reason|IC|reason|IC|reason|PD|reason|UN|reason|UN|reason|UN|UN|UN|reason|reason|reason|reason|UN|UN|reason|reason|reason|reason|reason|IC|reason|reason|reason|UN|reason|IC|reason|reason|reason|PD|reason|reason|reason,reason,0.631,1.0288,0.0,0.0357,0.0714,0.2381,0.0238,0.631
hle_169,directllm,HLE,29,PD|reason|UN|reason|reason|UN|reason|UN|UN|UN|reason|UN|UN|UN|reason|RR|UN|IC|RR|UN|IC|RR|reason|IC|reason|reason|IC|reason|reason,reason,0.3793,1.3589,0.0,0.0345,0.1379,0.3448,0.1034,0.3793
hle_176,directllm,HLE,36,PD|reason|RR|PD|reason|PD|PD|reason|reason|UN|reason|reason|PD|RR|IC|reason|reason|RR|PD|PD|PD|PD|RR|reason|UN|UN|reason|reason|reason|reason|reason|PD|PD|reason|PD|PD,reason,0.4167,1.2833,0.0,0.3611,0.0278,0.0833,0.1111,0.4167
hle_178,directllm,HLE,29,reason|UN|reason|reason|reason|UN|RR|UN|RR|RR|PD|IC|reason|UN|RR|UN|UN|RR|UN|RR|RR|RR|RR|UN|RR|RR|UN|reason|UN,RR,0.3793,1.293,0.0,0.0345,0.0345,0.3448,0.3793,0.2069
hle_179,directllm,HLE,22,reason|reason|reason|reason|reason|IC|RR|RR|IC|RR|reason|UN|RR|RR|RR|reason|RR|RR|RR|reason|PD|reason,reason,0.4091,1.2303,0.0,0.0455,0.0909,0.0455,0.4091,0.4091
hle_184,directllm,HLE,16,reason|reason|reason|RR|RR|IC|UN|reason|reason|UN|RR|reason|UN|RR|reason|UN,reason,0.4375,1.2281,0.0,0.0,0.0625,0.25,0.25,0.4375
hle_185,directllm,HLE,39,reason|reason|PD|RR|UN|UN|reason|PD|RR|UN|RR|RR|RR|IC|reason|RR|RR|IC|reason|UN|RR|UN|RR|RR|reason|RR|RR|RR|UN|reason|reason|RR|RR|RR|RR|RR|reason|PD|PD,RR,0.4615,1.3691,0.0,0.1026,0.0513,0.1538,0.4615,0.2308
hle_187,directllm,HLE,40,reason|IC|reason|PD|PD|RR|reason|reason|reason|PD|IC|reason|PD|PD|reason|reason|reason|RR|reason|reason|IC|reason|PD|reason|reason|reason|reason|PD|IC|reason|reason|reason|reason|reason|RR|reason|PD|reason|PD|IC,reason,0.575,1.108,0.0,0.225,0.125,0.0,0.075,0.575
hle_189,directllm,HLE,39,reason|reason|reason|reason|reason|IC|IC|reason|UN|reason|reason|IC|IC|PD|RR|reason|reason|reason|reason|reason|RR|IC|reason|PD|reason|reason|reason|reason|reason|RR|reason|reason|IC|reason|IC|reason|reason|PD|reason,reason,0.641,1.0819,0.0,0.0769,0.1795,0.0256,0.0769,0.641
hle_191,directllm,HLE,17,reason|reason|reason|reason|RR|reason|reason|UN|reason|reason|reason|reason|reason|reason|reason|reason|reason,reason,0.8824,0.4438,0.0,0.0,0.0,0.0588,0.0588,0.8824
hle_193,directllm,HLE,42,reason|reason|reason|IC|reason|PD|UN|reason|reason|reason|reason|reason|UN|RR|reason|UN|RR|UN|reason|reason|RR|UN|IC|RR|reason|RR|reason|RR|reason|RR|reason|RR|UN|IC|reason|RR|RR|UN|reason|reason|IC|PD,reason,0.4524,1.3681,0.0,0.0476,0.0952,0.1667,0.2381,0.4524
hle_210,directllm,HLE,61,PD|reason|reason|reason|reason|reason|reason|reason|reason|reason|reason|reason|reason|reason|reason|reason|reason|reason|reason|IC|reason|IC|RR|PD|RR|reason|reason|reason|RR|reason|UN|UN|UN|PD|RR|reason|reason|reason|reason|reason|RR|RR|PD|IC|reason|IC|RR|UN|reason|reason|reason|reason|reason|reason|reason|reason|reason|reason|reason|PD|reason,reason,0.6721,1.0778,0.0,0.082,0.0656,0.0656,0.1148,0.6721
hle_212,directllm,HLE,291,reason|RR|RR|RR|reason|reason|reason|reason|reason|reason|reason|reason|reason|reason|reason|reason|reason|reason|reason|reason|reason|reason|reason|reason|reason|reason|reason|reason|reason|reason|reason|reason|reason|reason|reason|reason|reason|reason|reason|reason|reason|reason|reason|reason|reason|reason|reason|reason|reason|reason|reason|reason|reason|reason|reason|reason|reason|reason|reason|reason|reason|reason|reason|reason|reason|reason|reason|reason|reason|reason|reason|reason|reason|reason|reason|reason|reason|reason|reason|reason|reason|reason|reason|reason|reason|reason|reason|reason|reason|reason|reason|reason|reason|reason|reason|reason|reason|reason|reason|reason|reason|reason|reason|reason|reason|reason|reason|reason|reason|reason|reason|reason|reason|reason|reason|reason|reason|reason|reason|reason|reason|reason|reason|reason|reason|reason|reason|reason|reason|reason|reason|reason|reason|reason|reason|reason|reason|reason|reason|reason|reason|reason|reason|reason|reason|reason|reason|reason|reason|reason|reason|reason|reason|reason|reason|reason|reason|reason|reason|reason|reason|reason|reason|reason|reason|reason|reason|reason|reason|reason|reason|reason|reason|reason|reason|reason|reason|reason|reason|reason|reason|reason|reason|reason|reason|reason|reason|reason|reason|reason|reason|reason|reason|reason|reason|reason|reason|reason|reason|reason|reason|reason|reason|reason|reason|reason|reason|reason|reason|reason|reason|reason|reason|reason|reason|reason|reason|reason|reason|reason|reason|reason|reason|reason|reason|reason|reason|reason|reason|reason|reason|reason|reason|reason|reason|reason|reason|reason|reason|reason|reason|reason|reason|reason|reason|reason|reason|reason|reason|reason|reason|reason|reason|reason|reason|reason|reason|reason|reason|reason|reason|reason|reason|reason|reason|reason|reason|reason|reason|reason|reason|reason|reason|reason|reason|reason|reason|reason|reason|reason|reason|reason|reason|reason|reason|reason|reason|reason|reason|reason|reason,reason,0.9897,0.0574,0.0,0.0,0.0,0.0,0.0103,0.9897
hle_218,directllm,HLE,46,reason|reason|UN|UN|RR|UN|UN|RR|PD|UN|RR|UN|RR|PD|RR|UN|reason|UN|reason|UN|RR|reason|reason|PD|RR|RR|reason|RR|UN|reason|RR|UN|RR|reason|RR|UN|RR|PD|RR|RR|PD|reason|PD|PD|reason|reason,RR,0.3261,1.353,0.0,0.1522,0.0,0.2609,0.3261,0.2609
hle_236,directllm,HLE,35,reason|RR|RR|RR|reason|PD|IC|reason|reason|RR|reason|reason|RR|reason|RR|reason|UN|reason|RR|reason|UN|reason|RR|reason|RR|UN|UN|RR|RR|reason|UN|RR|reason|PD|reason,reason,0.4286,1.2733,0.0,0.0571,0.0286,0.1429,0.3429,0.4286
hle_241,directllm,HLE,18,reason|reason|reason|reason|RR|RR|RR|IC|RR|RR|IC|PD|UN|reason|reason|PD|reason|reason,reason,0.4444,1.3651,0.0,0.1111,0.1111,0.0556,0.2778,0.4444
hle_242,directllm,HLE,41,PD|reason|reason|UN|reason|UN|UN|reason|RR|UN|UN|RR|UN|PD|reason|UN|RR|UN|RR|PD|UN|UN|UN|UN|IC|UN|UN|UN|UN|RR|IC|UN|UN|UN|PD|reason|PD|reason|reason|reason|reason,UN,0.4634,1.3611,0.0,0.122,0.0488,0.4634,0.122,0.2439
hle_243,directllm,HLE,15,reason|reason|reason|reason|PD|reason|reason|reason|RR|reason|RR|RR|RR|RR|RR,reason,0.5333,0.8823,0.0,0.0667,0.0,0.0,0.4,0.5333
hle_251,directllm,HLE,30,UN|reason|reason|reason|PD|PD|PD|IC|reason|PD|RR|PD|reason|IC|reason|PD|reason|RR|PD|reason|reason|reason|RR|reason|IC|reason|reason|reason|IC|PD,reason,0.4667,1.3204,0.0,0.2667,0.1333,0.0333,0.1,0.4667
hle_262,directllm,HLE,30,reason|reason|reason|IC|RR|reason|PD|reason|PD|reason|reason|reason|IC|IC|RR|reason|RR|reason|UN|RR|reason|reason|IC|reason|reason|reason|IC|reason|PD|reason,reason,0.5667,1.2328,0.0,0.1,0.1667,0.0333,0.1333,0.5667
hle_267,directllm,HLE,43,reason|reason|UN|PD|reason|IC|IC|reason|reason|RR|IC|reason|RR|reason|IC|reason|PD|IC|IC|reason|PD|PD|RR|reason|PD|reason|PD|RR|IC|reason|reason|RR|UN|reason|reason|reason|RR|RR|reason|UN|reason|PD|reason,reason,0.4419,1.4332,0.0,0.1628,0.1628,0.0698,0.1628,0.4419
hle_27,directllm,HLE,23,reason|reason|reason|PD|reason|reason|reason|IC|reason|reason|RR|IC|reason|reason|IC|IC|reason|reason|IC|RR|reason|PD|PD,reason,0.5652,1.1323,0.0,0.1304,0.2174,0.0,0.087,0.5652
hle_272,directllm,HLE,23,PD|reason|RR|RR|reason|RR|RR|reason|PD|RR|UN|reason|RR|reason|RR|reason|RR|reason|reason|reason|reason|reason|PD,reason,0.4783,1.1221,0.0,0.1304,0.0,0.0435,0.3478,0.4783
hle_278,directllm,HLE,9,reason|reason|UN|reason|RR|UN|UN|UN|UN,UN,0.5556,0.9369,0.0,0.0,0.0,0.5556,0.1111,0.3333
hle_280,directllm,HLE,25,reason|IC|UN|PD|UN|IC|PD|UN|reason|reason|RR|reason|reason|reason|IC|UN|IC|PD|PD|RR|PD|reason|reason|reason|PD,reason,0.36,1.4988,0.0,0.24,0.16,0.16,0.08,0.36
hle_283,directllm,HLE,39,reason|reason|reason|reason|UN|PD|PD|PD|PD|PD|IC|RR|UN|UN|PD|IC|reason|reason|PD|reason|reason|RR|UN|RR|reason|RR|reason|reason|RR|IC|RR|reason|reason|RR|reason|reason|reason|PD|reason,reason,0.4359,1.4261,0.0,0.2051,0.0769,0.1026,0.1795,0.4359
hle_288,directllm,HLE,5,reason|reason|UN|PD|reason,reason,0.6,0.9503,0.0,0.2,0.0,0.2,0.0,0.6
hle_293,directllm,HLE,34,reason|reason|reason|reason|reason|reason|IC|reason|IC|IC|UN|IC|UN|IC|UN|IC|reason|IC|reason|UN|reason|IC|UN|IC|RR|IC|UN|UN|IC|reason|reason|PD|PD|IC,reason,0.3529,1.3309,0.0,0.0588,0.3529,0.2059,0.0294,0.3529
hle_294,directllm,HLE,29,reason|UN|reason|UN|reason|reason|reason|reason|reason|UN|RR|reason|reason|RR|UN|IC|UN|UN|UN|RR|UN|RR|reason|UN|reason|reason|UN|reason|UN,reason,0.4483,1.1167,0.0,0.0,0.0345,0.3793,0.1379,0.4483
hle_302,directllm,HLE,20,reason|reason|UN|RR|RR|UN|reason|IC|PD|UN|RR|reason|RR|RR|UN|RR|reason|reason|reason|reason,reason,0.4,1.3492,0.0,0.05,0.05,0.2,0.3,0.4
hle_309,directllm,HLE,21,reason|RR|PD|UN|reason|UN|IC|UN|UN|UN|RR|RR|UN|reason|UN|RR|RR|IC|RR|reason|reason,UN,0.3333,1.4347,0.0,0.0476,0.0952,0.3333,0.2857,0.2381
hle_32,directllm,HLE,74,reason|reason|reason|reason|reason|IC|reason|PD|reason|PD|reason|reason|PD|UN|IC|PD|reason|reason|reason|reason|reason|RR|RR|IC|RR|IC|IC|PD|reason|reason|reason|reason|reason|RR|RR|RR|IC|reason|PD|reason|reason|reason|reason|reason|RR|RR|UN|IC|reason|PD|reason|reason|reason|reason|IC|UN|IC|IC|UN|reason|RR|UN|RR|RR|RR|IC|RR|RR|RR|reason|reason|reason|reason|reason,reason,0.4865,1.3625,0.0,0.0946,0.1486,0.0676,0.2027,0.4865
hle_328,directllm,HLE,76,reason|reason|reason|reason|PD|reason|RR|reason|IC|reason|reason|PD|reason|RR|reason|RR|PD|RR|RR|PD|RR|RR|reason|UN|IC|UN|RR|UN|UN|UN|UN|PD|RR|reason|UN|RR|reason|UN|UN|UN|RR|UN|reason|UN|UN|PD|UN|UN|RR|UN|UN|UN|IC|UN|RR|IC|IC|IC|IC|UN|RR|IC|UN|RR|IC|IC|IC|RR|PD|IC|reason|reason|reason|reason|reason|reason,UN,0.2763,1.5458,0.0,0.0921,0.1579,0.2763,0.2105,0.2632
hle_329,directllm,HLE,48,reason|reason|reason|RR|reason|reason|reason|reason|reason|reason|reason|reason|reason|reason|reason|RR|reason|PD|reason|reason|reason|reason|RR|RR|UN|RR|UN|reason|IC|UN|UN|RR|UN|reason|reason|reason|UN|UN|UN|UN|reason|reason|reason|reason|reason|PD|PD|reason,reason,0.6042,1.1322,0.0,0.0625,0.0208,0.1875,0.125,0.6042
hle_330,directllm,HLE,21,reason|RR|UN|RR|reason|reason|UN|reason|reason|UN|reason|reason|reason|reason|reason|reason|reason|PD|PD|reason|reason,reason,0.6667,0.9962,0.0,0.0952,0.0,0.1429,0.0952,0.6667
hle_331,directllm,HLE,59,reason|reason|IC|reason|RR|reason|reason|RR|reason|reason|RR|PD|UN|RR|RR|IC|PD|UN|reason|IC|reason|PD|UN|UN|IC|RR|reason|reason|IC|reason|RR|reason|reason|reason|reason|IC|RR|reason|IC|RR|IC|reason|PD|RR|reason|PD|IC|IC|reason|RR|PD|RR|IC|reason|RR|RR|RR|RR|reason,reason,0.3729,1.4498,0.0,0.1017,0.1864,0.0678,0.2712,0.3729
hle_335,directllm,HLE,28,PD|UN|reason|RR|IC|RR|reason|UN|RR|reason|RR|IC|RR|reason|RR|PD|IC|IC|UN|reason|reason|reason|reason|reason|reason|PD|PD|reason,reason,0.3929,1.4924,0.0,0.1429,0.1429,0.1071,0.2143,0.3929
hle_337,directllm,HLE,91,reason|PD|PD|PD|UN|IC|RR|reason|IC|PD|UN|UN|IC|PD|PD|UN|PD|PD|UN|UN|IC|reason|UN|PD|reason|IC|reason|UN|PD|reason|reason|UN|reason|reason|PD|PD|UN|UN|UN|PD|UN|IC|IC|IC|IC|PD|RR|IC|reason|IC|UN|reason|IC|reason|UN|PD|IC|reason|IC|reason|UN|IC|reason|UN|PD|RR|UN|PD|reason|PD|RR|UN|reason|IC|reason|RR|PD|reason|IC|RR|reason|reason|reason|PD|RR|reason|PD|IC|PD|reason|PD,reason,0.2637,1.544,0.0,0.2527,0.1978,0.2088,0.0769,0.2637
hle_338,directllm,HLE,33,reason|reason|PD|reason|reason|UN|reason|UN|reason|reason|PD|RR|reason|RR|reason|RR|reason|reason|RR|PD|RR|reason|RR|RR|reason|RR|reason|RR|reason|IC|reason|PD|PD,reason,0.4848,1.2671,0.0,0.1515,0.0303,0.0606,0.2727,0.4848
hle_341,directllm,HLE,2,reason|RR,reason,0.5,0.6931,0.0,0.0,0.0,0.0,0.5,0.5
hle_344,directllm,HLE,21,reason|reason|UN|RR|RR|RR|UN|RR|RR|reason|UN|RR|UN|RR|RR|RR|RR|reason|reason|PD|PD,RR,0.4762,1.2348,0.0,0.0952,0.0,0.1905,0.4762,0.2381
hle_346,directllm,HLE,20,reason|PD|reason|RR|RR|reason|PD|RR|reason|reason|reason|PD|RR|IC|reason|RR|reason|PD|reason|PD,reason,0.45,1.2023,0.0,0.25,0.05,0.0,0.25,0.45
hle_35,directllm,HLE,35,reason|UN|reason|PD|reason|reason|reason|reason|IC|PD|reason|reason|reason|reason|reason|RR|reason|reason|PD|reason|reason|reason|reason|reason|reason|reason|reason|reason|reason|reason|reason|reason|reason|reason|reason,reason,0.8286,0.6711,0.0,0.0857,0.0286,0.0286,0.0286,0.8286
hle_350,directllm,HLE,145,reason|reason|reason|UN|RR|RR|RR|RR|RR|IC|RR|RR|RR|RR|RR|RR|RR|RR|RR|RR|RR|RR|RR|RR|RR|RR|RR|RR|RR|RR|RR|RR|RR|RR|RR|RR|RR|RR|RR|RR|RR|RR|RR|RR|RR|RR|RR|RR|RR|RR|RR|RR|RR|RR|RR|RR|RR|RR|RR|RR|RR|RR|RR|RR|RR|RR|RR|RR|RR|RR|RR|RR|RR|RR|RR|RR|RR|RR|RR|RR|RR|RR|RR|RR|RR|RR|RR|RR|RR|RR|RR|RR|RR|RR|RR|RR|RR|RR|RR|RR|RR|RR|RR|RR|RR|RR|RR|RR|RR|RR|RR|RR|RR|RR|RR|RR|RR|RR|RR|RR|RR|RR|RR|RR|RR|RR|RR|RR|RR|RR|RR|RR|RR|RR|RR|RR|RR|RR|RR|RR|RR|RR|RR|RR|RR,RR,0.9655,0.1828,0.0,0.0,0.0069,0.0069,0.9655,0.0207
hle_351,directllm,HLE,27,PD|IC|PD|reason|PD|reason|reason|UN|RR|IC|reason|reason|IC|RR|UN|IC|reason|SE|IC|RR|reason|reason|PD|reason|reason|PD|IC,reason,0.3704,1.5734,0.037,0.1852,0.2222,0.0741,0.1111,0.3704
hle_354,directllm,HLE,34,reason|reason|PD|reason|PD|PD|RR|reason|UN|RR|UN|UN|IC|IC|UN|reason|UN|reason|RR|reason|reason|reason|RR|UN|reason|RR|reason|reason|RR|RR|reason|PD|PD|reason,reason,0.4118,1.4454,0.0,0.1471,0.0588,0.1765,0.2059,0.4118
hle_358,directllm,HLE,19,reason|reason|RR|RR|IC|RR|RR|IC|IC|reason|RR|RR|RR|reason|reason|reason|UN|reason|reason,reason,0.4211,1.1785,0.0,0.0,0.1579,0.0526,0.3684,0.4211
hle_366,directllm,HLE,310,reason|reason|reason|reason|PD|RR|reason|reason|RR|reason|reason|reason|PD|reason|reason|PD|reason|reason|reason|reason|reason|reason|reason|RR|reason|reason|reason|reason|reason|reason|reason|PD|reason|reason|reason|PD|reason|reason|reason|reason|reason|reason|reason|reason|RR|reason|IC|reason|reason|reason|reason|UN|reason|reason|reason|reason|reason|reason|reason|RR|RR|PD|reason|reason|reason|PD|RR|reason|reason|RR|reason|reason|reason|reason|reason|UN|RR|RR|RR|RR|RR|reason|reason|RR|RR|RR|RR|RR|RR|RR|RR|RR|RR|RR|RR|RR|RR|RR|RR|RR|RR|RR|RR|RR|RR|RR|RR|RR|RR|RR|RR|RR|RR|RR|RR|RR|RR|RR|RR|RR|RR|RR|RR|RR|RR|RR|RR|RR|RR|RR|RR|RR|RR|RR|RR|RR|RR|RR|RR|RR|RR|RR|RR|RR|RR|RR|RR|RR|RR|RR|RR|RR|RR|RR|RR|RR|RR|RR|RR|RR|RR|RR|RR|RR|RR|RR|RR|RR|RR|RR|RR|RR|RR|RR|RR|RR|RR|RR|RR|RR|RR|RR|RR|RR|RR|RR|RR|RR|RR|RR|RR|RR|RR|RR|RR|RR|RR|RR|RR|RR|RR|RR|RR|RR|RR|RR|RR|RR|RR|RR|RR|RR|RR|RR|RR|RR|RR|RR|RR|RR|RR|RR|RR|RR|RR|RR|RR|RR|RR|RR|RR|RR|RR|RR|RR|RR|RR|RR|RR|RR|RR|RR|RR|RR|RR|RR|RR|RR|RR|RR|RR|RR|RR|RR|RR|RR|RR|RR|RR|RR|RR|RR|RR|RR|RR|RR|RR|RR|RR|RR|RR|RR|RR|RR|RR|RR|RR|RR|RR|RR|RR|RR|RR|RR|RR|RR|RR|RR|RR|RR|RR|RR|RR|RR|RR|RR|RR|RR|RR|RR|RR|RR|RR|RR|RR|RR|RR|RR|RR|RR,RR,0.7742,0.6526,0.0,0.0226,0.0032,0.0065,0.7742,0.1935
hle_368,directllm,HLE,51,reason|reason|RR|reason|reason|reason|reason|reason|reason|reason|UN|reason|RR|reason|PD|reason|reason|IC|reason|reason|reason|reason|RR|reason|RR|PD|IC|reason|reason|reason|reason|reason|reason|RR|reason|reason|reason|reason|reason|reason|IC|RR|reason|UN|reason|reason|reason|reason|IC|reason|reason,reason,0.7255,0.9383,0.0,0.0392,0.0784,0.0392,0.1176,0.7255
hle_37,directllm,HLE,36,reason|reason|reason|reason|UN|IC|reason|RR|IC|reason|IC|UN|RR|RR|IC|RR|reason|UN|RR|RR|RR|UN|RR|IC|RR|IC|reason|RR|IC|reason|UN|reason|RR|IC|reason|PD,reason,0.3056,1.4325,0.0,0.0278,0.2222,0.1389,0.3056,0.3056
hle_370,directllm,HLE,80,reason|IC|reason|IC|IC|IC|RR|reason|IC|reason|reason|RR|reason|reason|IC|RR|PD|RR|RR|UN|RR|reason|RR|UN|reason|RR|IC|reason|PD|reason|reason|reason|IC|reason|RR|IC|IC|reason|reason|IC|IC|IC|reason|reason|IC|IC|IC|IC|IC|IC|IC|IC|RR|UN|IC|UN|UN|IC|RR|UN|UN|IC|RR|UN|IC|IC|IC|IC|UN|IC|IC|IC|IC|reason|IC|IC|RR|IC|IC|IC,IC,0.4625,1.3314,0.0,0.025,0.4625,0.1125,0.1625,0.2375
hle_371,directllm,HLE,6,PD|reason|reason|RR|RR|RR,RR,0.5,1.0114,0.0,0.1667,0.0,0.0,0.5,0.3333
hle_376,directllm,HLE,88,PD|reason|reason|RR|reason|reason|reason|IC|reason|reason|reason|reason|reason|reason|reason|reason|reason|reason|reason|reason|reason|PD|IC|IC|IC|IC|IC|reason|reason|reason|PD|reason|reason|IC|reason|reason|reason|reason|reason|IC|IC|UN|reason|IC|reason|reason|reason|IC|reason|UN|IC|IC|IC|RR|reason|reason|RR|RR|reason|reason|reason|PD|IC|reason|reason|reason|reason|reason|reason|reason|IC|RR|reason|IC|IC|reason|reason|RR|IC|reason|RR|IC|reason|reason|reason|PD|IC|reason,reason,0.6023,1.0976,0.0,0.0568,0.2386,0.0227,0.0795,0.6023
hle_380,directllm,HLE,25,reason|reason|reason|RR|reason|reason|reason|PD|RR|reason|reason|IC|RR|RR|reason|reason|RR|reason|RR|reason|reason|reason|reason|reason|reason,reason,0.68,0.8623,0.0,0.04,0.04,0.0,0.24,0.68
hle_382,directllm,HLE,18,reason|IC|RR|RR|RR|IC|reason|reason|RR|IC|IC|UN|RR|RR|reason|PD|reason|RR,RR,0.3889,1.3785,0.0,0.0556,0.2222,0.0556,0.3889,0.2778
hle_383,directllm,HLE,25,reason|reason|reason|reason|PD|RR|UN|RR|reason|RR|PD|reason|reason|RR|RR|RR|reason|RR|RR|reason|RR|UN|reason|reason|reason,reason,0.48,1.1242,0.0,0.08,0.0,0.08,0.36,0.48
hle_385,directllm,HLE,11,reason|reason|IC|RR|PD|reason|reason|reason|reason|reason|PD,reason,0.6364,1.0336,0.0,0.1818,0.0909,0.0,0.0909,0.6364
hle_388,directllm,HLE,18,reason|reason|reason|RR|UN|UN|UN|reason|reason|RR|RR|RR|RR|reason|reason|reason|reason|PD,reason,0.5,1.1616,0.0,0.0556,0.0,0.1667,0.2778,0.5
hle_389,directllm,HLE,53,reason|reason|RR|RR|reason|RR|RR|reason|reason|RR|UN|RR|RR|reason|RR|reason|reason|reason|reason|reason|RR|IC|UN|reason|reason|reason|reason|RR|RR|reason|reason|reason|reason|reason|PD|UN|IC|reason|reason|reason|reason|reason|RR|IC|reason|reason|reason|reason|reason|reason|PD|reason|reason,reason,0.6226,1.0801,0.0,0.0377,0.0566,0.0566,0.2264,0.6226
hle_39,directllm,HLE,35,PD|UN|PD|IC|PD|PD|reason|reason|IC|PD|PD|PD|reason|PD|reason|SE|reason|PD|reason|RR|reason|PD|IC|RR|UN|IC|reason|PD|IC|RR|reason|IC|reason|PD|PD,PD,0.3714,1.5038,0.0286,0.3714,0.1714,0.0571,0.0857,0.2857
hle_392,directllm,HLE,35,reason|reason|reason|reason|reason|reason|UN|reason|RR|PD|UN|RR|reason|reason|RR|IC|PD|reason|reason|reason|reason|IC|PD|UN|UN|UN|reason|RR|reason|PD|RR|reason|reason|reason|reason,reason,0.5429,1.2991,0.0,0.1143,0.0571,0.1429,0.1429,0.5429
hle_402,directllm,HLE,21,reason|RR|RR|RR|RR|IC|UN|RR|IC|RR|RR|IC|reason|reason|UN|RR|IC|IC|UN|reason|PD,RR,0.381,1.4482,0.0,0.0476,0.2381,0.1429,0.381,0.1905
hle_403,directllm,HLE,29,reason|reason|reason|RR|reason|reason|reason|RR|RR|UN|RR|RR|RR|RR|RR|RR|reason|PD|IC|reason|RR|RR|RR|RR|reason|reason|PD|reason|PD,RR,0.4483,1.1943,0.0,0.1034,0.0345,0.0345,0.4483,0.3793
hle_41,directllm,HLE,42,reason|reason|reason|reason|RR|PD|RR|PD|reason|IC|reason|reason|PD|reason|IC|UN|reason|reason|reason|reason|UN|reason|RR|SE|PD|IC|RR|reason|reason|UN|reason|reason|reason|RR|PD|reason|reason|PD|reason|SE|PD|reason,reason,0.5238,1.4127,0.0476,0.1667,0.0714,0.0714,0.119,0.5238
hle_410,directllm,HLE,41,reason|RR|UN|PD|RR|reason|reason|reason|IC|RR|PD|RR|UN|RR|IC|PD|UN|IC|RR|UN|reason|reason|RR|reason|UN|UN|PD|reason|PD|reason|reason|reason|reason|UN|PD|reason|PD|PD|IC|reason|reason,reason,0.3659,1.5174,0.0,0.1951,0.0976,0.1707,0.1707,0.3659
hle_417,directllm,HLE,47,PD|reason|reason|reason|reason|reason|PD|reason|reason|PD|reason|reason|RR|reason|IC|reason|reason|reason|reason|reason|reason|reason|UN|RR|reason|reason|UN|IC|RR|IC|reason|reason|reason|reason|RR|reason|PD|reason|UN|reason|reason|reason|reason|reason|reason|PD|PD,reason,0.6596,1.0982,0.0,0.1277,0.0638,0.0638,0.0851,0.6596
hle_420,directllm,HLE,328,reason|RR|RR|UN|UN|UN|RR|UN|UN|UN|UN|UN|UN|reason|UN|UN|reason|UN|UN|reason|UN|UN|reason|UN|UN|reason|UN|UN|reason|UN|UN|reason|UN|UN|reason|UN|UN|reason|UN|UN|reason|UN|UN|reason|UN|UN|reason|UN|UN|reason|UN|UN|reason|UN|UN|reason|UN|UN|reason|UN|UN|reason|UN|UN|reason|UN|UN|reason|UN|UN|reason|UN|UN|reason|UN|UN|reason|UN|UN|reason|UN|UN|reason|UN|UN|reason|UN|UN|reason|UN|UN|reason|UN|UN|reason|UN|UN|reason|UN|UN|reason|UN|UN|reason|UN|UN|reason|UN|UN|reason|UN|UN|reason|UN|UN|reason|UN|UN|reason|UN|UN|reason|UN|UN|reason|UN|UN|reason|UN|UN|reason|UN|UN|reason|UN|UN|reason|UN|UN|reason|UN|UN|reason|UN|UN|reason|UN|UN|reason|UN|UN|reason|UN|UN|reason|UN|UN|reason|UN|UN|reason|UN|UN|reason|UN|UN|reason|UN|UN|reason|UN|UN|reason|UN|UN|reason|UN|UN|reason|UN|UN|reason|UN|UN|reason|UN|UN|reason|UN|UN|reason|UN|UN|reason|UN|UN|reason|UN|UN|reason|UN|UN|reason|UN|UN|reason|UN|UN|reason|UN|UN|reason|UN|UN|reason|UN|UN|reason|UN|UN|reason|UN|UN|reason|UN|UN|reason|UN|UN|reason|UN|UN|reason|UN|UN|reason|UN|UN|reason|UN|UN|reason|UN|UN|reason|UN|UN|reason|UN|UN|reason|UN|UN|reason|UN|UN|reason|UN|UN|reason|UN|UN|reason|UN|UN|reason|UN|UN|reason|UN|UN|reason|UN|UN|reason|UN|UN|reason|UN|UN|reason|UN|UN|reason|UN|UN|reason|UN|UN|reason|UN|UN|reason|UN|UN|reason|UN|UN|reason|UN|UN|reason|UN|UN|reason|UN|UN|reason|UN|UN|reason|UN|UN|reason|UN|UN|reason|UN|UN|reason|UN|UN|reason|UN|UN|reason|UN|UN,UN,0.6677,0.6777,0.0,0.0,0.0,0.6677,0.0091,0.3232
hle_426,directllm,HLE,28,reason|reason|RR|PD|UN|RR|RR|PD|reason|PD|RR|UN|PD|reason|UN|reason|RR|reason|RR|UN|reason|RR|RR|UN|PD|reason|PD|reason,reason,0.3214,1.3605,0.0,0.2143,0.0,0.1786,0.2857,0.3214
hle_427,directllm,HLE,58,reason|UN|UN|UN|reason|reason|reason|reason|reason|reason|reason|RR|RR|reason|SE|reason|RR|reason|RR|UN|reason|reason|RR|reason|reason|reason|reason|reason|RR|reason|reason|IC|UN|reason|reason|reason|IC|RR|RR|RR|reason|RR|reason|reason|RR|reason|reason|reason|RR|reason|RR|RR|RR|reason|UN|UN|reason|reason,reason,0.569,1.1119,0.0172,0.0,0.0345,0.1207,0.2586,0.569
hle_429,directllm,HLE,39,reason|reason|reason|reason|reason|reason|reason|reason|UN|PD|reason|reason|reason|reason|RR|reason|reason|RR|reason|reason|RR|IC|RR|reason|RR|reason|RR|RR|reason|UN|RR|RR|reason|reason|RR|reason|IC|reason|PD,reason,0.5897,1.1174,0.0,0.0513,0.0513,0.0513,0.2564,0.5897
hle_432,directllm,HLE,33,reason|reason|reason|reason|RR|reason|reason|reason|reason|reason|reason|reason|reason|reason|reason|RR|UN|UN|UN|RR|RR|reason|reason|reason|reason|reason|reason|UN|reason|reason|reason|SE|PD,reason,0.697,0.9751,0.0303,0.0303,0.0,0.1212,0.1212,0.697
hle_433,directllm,HLE,37,reason|PD|RR|reason|SE|RR|IC|RR|RR|reason|RR|RR|RR|reason|RR|reason|UN|RR|UN|UN|RR|IC|RR|RR|RR|RR|reason|reason|RR|RR|reason|reason|PD|UN|RR|reason|PD,RR,0.4595,1.4104,0.027,0.0811,0.0541,0.1081,0.4595,0.2703
hle_434,directllm,HLE,28,reason|reason|IC|reason|reason|reason|reason|SE|reason|reason|reason|reason|PD|reason|reason|reason|PD|RR|reason|reason|reason|reason|IC|reason|reason|reason|reason|reason,reason,0.7857,0.8045,0.0357,0.0714,0.0714,0.0,0.0357,0.7857
hle_435,directllm,HLE,40,reason|reason|RR|reason|RR|reason|RR|RR|reason|reason|reason|reason|RR|reason|RR|RR|reason|RR|RR|reason|RR|IC|reason|reason|UN|RR|UN|RR|IC|IC|IC|IC|UN|IC|reason|PD|PD|PD|PD|PD,reason,0.35,1.4674,0.0,0.125,0.15,0.075,0.3,0.35
hle_44,directllm,HLE,544,reason|reason|reason|reason|reason|reason|reason|RR|reason|reason|RR|reason|reason|reason|reason|UN|reason|reason|reason|reason|reason|UN|RR|reason|reason|RR|reason|reason|reason|reason|UN|reason|reason|IC|RR|reason|reason|reason|reason|UN|RR|UN|UN|reason|reason|reason|reason|reason|reason|RR|reason|reason|UN|reason|reason|UN|reason|reason|RR|UN|UN|UN|UN|reason|IC|reason|reason|reason|reason|reason|reason|reason|reason|reason|reason|reason|reason|reason|reason|reason|reason|UN|UN|RR|RR|UN|UN|reason|reason|reason|reason|reason|reason|reason|reason|reason|reason|reason|reason|reason|reason|reason|reason|reason|reason|reason|RR|IC|reason|reason|reason|UN|reason|reason|UN|UN|UN|UN|UN|UN|UN|UN|UN|UN|UN|UN|UN|reason|IC|reason|reason|reason|reason|reason|reason|reason|reason|reason|reason|reason|reason|reason|RR|UN|UN|UN|UN|UN|UN|UN|UN|UN|UN|UN|UN|reason|reason|reason|reason|reason|reason|reason|reason|reason|reason|reason|reason|RR|UN|UN|UN|UN|UN|UN|UN|UN|UN|UN|UN|UN|reason|reason|reason|reason|reason|reason|reason|reason|reason|reason|reason|reason|RR|UN|UN|UN|UN|UN|UN|UN|UN|UN|UN|UN|UN|reason|reason|reason|reason|reason|reason|reason|reason|reason|reason|reason|reason|RR|UN|UN|UN|UN|UN|UN|UN|UN|UN|UN|UN|UN|reason|reason|reason|reason|reason|reason|reason|reason|reason|reason|reason|reason|RR|UN|UN|UN|UN|UN|UN|UN|UN|UN|UN|UN|UN|reason|reason|reason|reason|reason|reason|reason|reason|reason|reason|reason|reason|RR|UN|UN|UN|UN|UN|UN|UN|UN|UN|UN|UN|UN|reason|reason|reason|reason|reason|reason|reason|reason|reason|reason|reason|reason|RR|UN|UN|UN|UN|UN|UN|UN|UN|UN|UN|UN|UN|reason|reason|reason|reason|reason|reason|reason|reason|reason|reason|reason|reason|RR|UN|UN|UN|UN|UN|UN|UN|UN|UN|UN|UN|UN|reason|reason|reason|reason|reason|reason|reason|reason|reason|reason|reason|reason|RR|UN|UN|UN|UN|UN|UN|UN|UN|UN|UN|UN|UN|reason|reason|reason|reason|reason|reason|reason|reason|reason|reason|reason|reason|RR|UN|UN|UN|UN|UN|UN|UN|UN|UN|UN|UN|UN|reason|reason|reason|reason|reason|reason|reason|reason|reason|reason|reason|reason|RR|UN|UN|UN|UN|UN|UN|UN|UN|UN|UN|UN|UN|reason|reason|reason|reason|reason|reason|reason|reason|reason|reason|reason|reason|RR|UN|UN|UN|UN|UN|UN|UN|UN|UN|UN|UN|UN|reason|reason|reason|reason|reason|reason|reason|reason|reason|reason|reason|reason|RR|UN|UN|UN|UN|UN|UN|UN|UN|UN|UN|UN|UN|reason|reason|reason|reason|reason|reason|reason|reason|reason|reason|reason|reason|RR|UN|UN|UN|UN|UN|UN|UN|UN|UN|UN|UN|UN|reason|reason|reason|reason|reason|reason|reason|reason|reason|reason|reason|reason|RR|UN|UN|UN|UN|UN|UN|UN|UN|UN|UN|UN|UN|reason|reason|reason|reason|reason|reason|reason|reason|reason|reason|reason|reason|RR|UN|UN|UN|UN|UN|UN|UN|UN|UN|UN|UN|UN|reason|reason|reason|reason|reason|reason|reason|reason|reason|reason|reason|reason|RR|reason,reason,0.5331,0.8899,0.0,0.0,0.0074,0.4081,0.0515,0.5331
hle_441,directllm,HLE,22,reason|RR|PD|reason|reason|RR|RR|PD|RR|UN|RR|RR|reason|RR|reason|reason|IC|RR|reason|PD|IC|reason,reason,0.3636,1.3659,0.0,0.1364,0.0909,0.0455,0.3636,0.3636
hle_450,directllm,HLE,36,reason|reason|PD|reason|reason|reason|PD|PD|UN|PD|PD|UN|PD|IC|reason|UN|PD|PD|UN|UN|PD|PD|PD|UN|PD|RR|IC|PD|RR|UN|RR|reason|reason|PD|PD|PD,PD,0.4444,1.3807,0.0,0.4444,0.0556,0.1944,0.0833,0.2222
hle_451,directllm,HLE,21,reason|reason|reason|reason|reason|UN|UN|PD|UN|reason|reason|UN|reason|reason|RR|reason|PD|UN|reason|reason|reason,reason,0.619,1.0075,0.0,0.0952,0.0,0.2381,0.0476,0.619
hle_452,directllm,HLE,27,reason|reason|PD|IC|UN|reason|UN|RR|IC|reason|UN|reason|IC|RR|IC|reason|reason|reason|PD|PD|RR|reason|reason|IC|reason|reason|reason,reason,0.4815,1.3966,0.0,0.1111,0.1852,0.1111,0.1111,0.4815
hle_454,directllm,HLE,8,reason|RR|UN|reason|RR|RR|UN|RR,RR,0.5,1.0397,0.0,0.0,0.0,0.25,0.5,0.25
hle_456,directllm,HLE,51,reason|reason|reason|PD|reason|PD|PD|reason|reason|reason|reason|RR|reason|reason|reason|reason|reason|reason|reason|reason|reason|RR|reason|PD|reason|reason|RR|reason|reason|reason|UN|reason|reason|reason|reason|reason|reason|IC|RR|reason|reason|reason|reason|RR|RR|IC|reason|reason|reason|reason|PD,reason,0.7255,0.9164,0.0,0.098,0.0392,0.0196,0.1176,0.7255
hle_46,directllm,HLE,23,reason|UN|reason|UN|UN|reason|UN|UN|reason|reason|reason|RR|UN|RR|PD|RR|PD|reason|RR|PD|reason|reason|PD,reason,0.3913,1.3261,0.0,0.1739,0.0,0.2609,0.1739,0.3913
hle_460,directllm,HLE,31,reason|reason|RR|RR|UN|reason|reason|UN|reason|UN|UN|reason|reason|reason|reason|reason|RR|reason|SE|RR|reason|reason|RR|RR|reason|reason|reason|reason|reason|reason|PD,reason,0.6129,1.1037,0.0323,0.0323,0.0,0.129,0.1935,0.6129
hle_461,directllm,HLE,61,reason|reason|reason|reason|reason|reason|RR|RR|reason|RR|reason|RR|RR|RR|reason|reason|reason|RR|IC|reason|reason|RR|RR|PD|RR|PD|RR|UN|reason|UN|RR|reason|reason|reason|reason|UN|RR|reason|RR|reason|UN|reason|reason|reason|RR|RR|RR|reason|UN|UN|RR|reason|reason|reason|reason|reason|reason|reason|reason|PD|reason,reason,0.541,1.1362,0.0,0.0492,0.0164,0.0984,0.2951,0.541
hle_463,directllm,HLE,26,reason|reason|UN|IC|SE|reason|PD|reason|UN|reason|PD|reason|RR|reason|IC|reason|reason|reason|reason|IC|IC|RR|reason|IC|UN|PD,reason,0.4615,1.4949,0.0385,0.1154,0.1923,0.1154,0.0769,0.4615
hle_467,directllm,HLE,129,reason|RR|RR|reason|IC|RR|RR|UN|IC|reason|reason|UN|UN|reason|reason|RR|reason|RR|RR|RR|RR|UN|RR|reason|IC|IC|UN|RR|UN|reason|reason|UN|RR|reason|UN|UN|reason|RR|reason|UN|RR|PD|UN|RR|RR|reason|UN|UN|reason|UN|reason|UN|RR|IC|RR|reason|UN|RR|reason|UN|UN|reason|UN|UN|UN|RR|UN|reason|RR|UN|UN|RR|UN|RR|reason|UN|RR|reason|reason|UN|UN|reason|RR|UN|UN|reason|UN|RR|RR|RR|IC|RR|UN|UN|RR|RR|UN|UN|UN|UN|RR|UN|UN|reason|UN|RR|UN|RR|reason|RR|RR|reason|UN|UN|RR|RR|IC|reason|RR|RR|UN|UN|UN|RR|reason|UN|IC|reason|reason,UN,0.3643,1.2881,0.0,0.0078,0.062,0.3643,0.3178,0.2481
hle_470,directllm,HLE,430,reason|RR|RR|RR|RR|RR|RR|reason|RR|reason|RR|reason|RR|RR|RR|RR|reason|RR|RR|RR|RR|RR|reason|RR|RR|reason|RR|RR|reason|RR|RR|reason|RR|RR|reason|RR|RR|reason|RR|RR|reason|RR|RR|reason|RR|RR|reason|RR|RR|reason|RR|RR|reason|RR|RR|reason|RR|RR|reason|RR|RR|reason|RR|RR|reason|RR|RR|reason|RR|RR|reason|RR|RR|reason|RR|RR|reason|RR|RR|reason|RR|RR|reason|RR|RR|reason|RR|RR|reason|RR|RR|reason|RR|RR|reason|RR|RR|reason|RR|RR|reason|RR|RR|reason|RR|RR|reason|RR|RR|reason|RR|RR|reason|RR|RR|reason|RR|RR|reason|RR|RR|reason|RR|RR|reason|RR|RR|reason|RR|RR|reason|RR|RR|reason|RR|RR|reason|RR|RR|reason|RR|RR|reason|RR|RR|reason|RR|RR|reason|RR|RR|reason|RR|RR|reason|RR|RR|reason|RR|RR|reason|RR|RR|reason|RR|RR|reason|RR|RR|reason|RR|RR|reason|RR|RR|reason|RR|RR|reason|RR|RR|reason|RR|RR|reason|RR|RR|reason|RR|RR|reason|RR|RR|reason|RR|RR|reason|RR|RR|reason|RR|RR|reason|RR|RR|reason|RR|RR|reason|RR|RR|reason|RR|RR|reason|RR|RR|reason|RR|RR|reason|RR|RR|reason|RR|RR|reason|RR|RR|reason|RR|RR|reason|RR|RR|reason|RR|RR|reason|RR|RR|reason|RR|RR|reason|RR|RR|reason|RR|RR|reason|RR|RR|reason|RR|RR|reason|RR|RR|reason|RR|RR|reason|RR|RR|reason|RR|RR|reason|RR|RR|reason|RR|RR|reason|RR|RR|reason|RR|RR|reason|RR|RR|reason|RR|RR|reason|RR|RR|reason|RR|RR|reason|RR|RR|reason|RR|RR|reason|RR|RR|reason|RR|RR|reason|RR|RR|reason|RR|RR|reason|RR|RR|reason|RR|RR|reason|RR|RR|reason|RR|RR|reason|RR|RR|reason|RR|RR|reason|RR|RR|reason|RR|RR|reason|RR|RR|reason|RR|RR|reason|RR|RR|reason|RR|RR|reason|RR|RR|reason|RR|RR|reason|RR|RR|reason|RR|RR|reason|RR|RR|reason|RR|RR|reason|RR|RR|reason|RR|RR|reason|RR|RR|reason|RR|RR|reason|RR|RR|reason|RR|RR|reason|RR|RR|reason|RR|RR|reason|RR|RR|reason|RR|RR|reason|RR|RR|reason|RR|RR|reason|RR|RR|reason|RR|RR|reason|RR|RR|reason|RR|RR|reason|RR|RR|reason|RR|RR|reason|RR|RR|reason|RR|RR|reason|RR|RR|reason|RR|reason,RR,0.6698,0.6343,0.0,0.0,0.0,0.0,0.6698,0.3302
hle_473,directllm,HLE,21,reason|reason|RR|RR|reason|RR|IC|IC|IC|reason|RR|IC|IC|IC|reason|reason|RR|reason|reason|reason|PD,reason,0.4286,1.2077,0.0,0.0476,0.2857,0.0,0.2381,0.4286
hle_476,directllm,HLE,21,reason|RR|RR|RR|RR|UN|RR|UN|UN|UN|IC|UN|UN|reason|PD|UN|RR|reason|reason|reason|PD,UN,0.3333,1.4347,0.0,0.0952,0.0476,0.3333,0.2857,0.2381
hle_48,directllm,HLE,13,reason|reason|reason|reason|RR|RR|reason|RR|UN|UN|RR|reason|PD,reason,0.4615,1.2048,0.0,0.0769,0.0,0.1538,0.3077,0.4615
hle_486,directllm,HLE,34,reason|reason|RR|RR|UN|reason|reason|UN|PD|reason|reason|RR|reason|PD|IC|reason|reason|reason|reason|RR|reason|reason|RR|reason|reason|reason|reason|RR|reason|reason|reason|PD|PD|PD,reason,0.5882,1.1705,0.0,0.1471,0.0294,0.0588,0.1765,0.5882
hle_496,directllm,HLE,6,reason|reason|RR|RR|RR|RR,RR,0.6667,0.6365,0.0,0.0,0.0,0.0,0.6667,0.3333
hle_497,directllm,HLE,60,IC|reason|UN|UN|UN|UN|IC|UN|UN|IC|RR|reason|RR|RR|reason|RR|IC|IC|RR|UN|IC|RR|UN|UN|RR|UN|reason|reason|IC|reason|RR|PD|IC|RR|UN|reason|IC|IC|reason|reason|reason|RR|UN|RR|reason|RR|UN|UN|IC|UN|RR|reason|PD|reason|RR|reason|reason|reason|IC|IC,reason,0.2667,1.4834,0.0,0.0333,0.2167,0.25,0.2333,0.2667
hle_498,directllm,HLE,14,reason|reason|reason|UN|reason|reason|UN|RR|RR|RR|reason|RR|reason|RR,reason,0.5,0.9923,0.0,0.0,0.0,0.1429,0.3571,0.5
hle_499,directllm,HLE,35,reason|reason|reason|PD|reason|reason|reason|UN|RR|RR|PD|reason|reason|reason|RR|reason|reason|reason|reason|reason|UN|IC|reason|reason|IC|RR|reason|reason|reason|reason|reason|reason|PD|reason|reason,reason,0.6857,1.0443,0.0,0.0857,0.0571,0.0571,0.1143,0.6857
hle_50,directllm,HLE,19,reason|reason|reason|reason|reason|RR|RR|RR|RR|RR|RR|reason|RR|RR|reason|RR|reason|RR|UN,RR,0.5263,0.857,0.0,0.0,0.0,0.0526,0.5263,0.4211
hle_508,directllm,HLE,47,reason|RR|UN|reason|reason|UN|reason|reason|reason|RR|UN|UN|reason|UN|reason|RR|UN|PD|RR|reason|RR|UN|SE|reason|PD|UN|RR|reason|PD|reason|RR|RR|RR|reason|UN|UN|SE|reason|IC|reason|reason|reason|PD|PD|SE|reason|PD,reason,0.383,1.5337,0.0638,0.1277,0.0213,0.2128,0.1915,0.383
hle_52,directllm,HLE,65,reason|RR|RR|reason|RR|reason|RR|PD|IC|RR|reason|RR|UN|IC|reason|UN|RR|IC|RR|RR|RR|RR|RR|RR|RR|RR|RR|RR|RR|RR|RR|RR|RR|RR|RR|RR|RR|RR|RR|RR|RR|RR|RR|RR|RR|RR|RR|RR|RR|RR|RR|RR|RR|RR|RR|RR|RR|RR|RR|RR|RR|RR|RR|RR|RR,RR,0.8308,0.6646,0.0,0.0154,0.0462,0.0308,0.8308,0.0769
hle_522,directllm,HLE,19,reason|UN|RR|RR|UN|RR|RR|RR|RR|RR|reason|UN|RR|reason|reason|PD|PD|reason|reason,RR,0.4211,1.2566,0.0,0.1053,0.0,0.1579,0.4211,0.3158
hle_526,directllm,HLE,19,reason|reason|reason|RR|RR|RR|RR|RR|RR|RR|RR|IC|RR|RR|RR|reason|reason|reason|PD,RR,0.5789,0.9904,0.0,0.0526,0.0526,0.0,0.5789,0.3158
hle_53,directllm,HLE,32,reason|RR|RR|RR|reason|reason|RR|RR|reason|IC|reason|RR|UN|reason|reason|IC|reason|UN|reason|reason|RR|UN|UN|RR|PD|reason|reason|UN|reason|reason|reason|reason,reason,0.5,1.2648,0.0,0.0312,0.0625,0.1562,0.25,0.5
hle_531,directllm,HLE,3,reason|reason|RR,reason,0.6667,0.6365,0.0,0.0,0.0,0.0,0.3333,0.6667
hle_532,directllm,HLE,56,PD|PD|RR|RR|UN|PD|IC|reason|reason|reason|reason|reason|reason|reason|PD|PD|PD|PD|UN|reason|reason|IC|PD|PD|UN|reason|UN|reason|RR|UN|UN|UN|reason|UN|RR|reason|UN|IC|PD|UN|reason|reason|RR|reason|reason|PD|UN|reason|PD|reason|PD|reason|PD|PD|reason|reason,reason,0.3929,1.4121,0.0,0.2679,0.0536,0.1964,0.0893,0.3929
hle_533,directllm,HLE,32,reason|reason|IC|reason|RR|RR|RR|UN|RR|RR|IC|UN|RR|UN|RR|RR|IC|RR|UN|IC|UN|PD|RR|reason|RR|UN|RR|reason|reason|IC|PD|reason,RR,0.375,1.4775,0.0,0.0625,0.1562,0.1875,0.375,0.2188
hle_539,directllm,HLE,55,reason|PD|UN|RR|PD|PD|reason|reason|UN|UN|reason|reason|reason|UN|reason|RR|UN|UN|UN|UN|RR|reason|reason|reason|reason|UN|UN|RR|UN|RR|RR|UN|reason|reason|RR|IC|UN|UN|reason|IC|reason|UN|reason|UN|reason|reason|reason|IC|reason|reason|UN|reason|reason|reason|IC,reason,0.4364,1.3364,0.0,0.0545,0.0727,0.3091,0.1273,0.4364
hle_54,directllm,HLE,20,reason|RR|RR|RR|RR|PD|reason|RR|IC|reason|PD|RR|IC|IC|reason|reason|PD|reason|reason|reason,reason,0.4,1.2968,0.0,0.15,0.15,0.0,0.3,0.4
hle_543,directllm,HLE,23,reason|reason|UN|RR|reason|reason|UN|RR|RR|RR|RR|RR|reason|IC|RR|reason|RR|RR|PD|reason|reason|reason|PD,reason,0.3913,1.2954,0.0,0.087,0.0435,0.087,0.3913,0.3913
hle_547,directllm,HLE,42,reason|reason|reason|reason|reason|reason|reason|reason|RR|reason|reason|reason|reason|RR|IC|reason|IC|reason|reason|RR|reason|PD|reason|RR|reason|IC|IC|reason|reason|RR|IC|RR|IC|RR|IC|RR|reason|reason|RR|RR|RR|RR,reason,0.5238,1.0843,0.0,0.0238,0.1667,0.0,0.2857,0.5238
hle_548,directllm,HLE,12,reason|PD|reason|RR|RR|RR|RR|reason|RR|reason|PD|reason,reason,0.4167,1.0282,0.0,0.1667,0.0,0.0,0.4167,0.4167
hle_556,directllm,HLE,28,reason|reason|reason|reason|RR|RR|RR|reason|RR|reason|PD|RR|reason|reason|reason|RR|reason|RR|reason|RR|RR|PD|reason|PD|reason|reason|reason|PD,reason,0.5357,0.9772,0.0,0.1429,0.0,0.0,0.3214,0.5357
hle_568,directllm,HLE,39,reason|UN|IC|RR|reason|RR|RR|RR|UN|UN|UN|UN|RR|UN|PD|UN|RR|UN|RR|RR|UN|reason|RR|reason|RR|UN|UN|IC|RR|UN|reason|RR|RR|reason|reason|reason|PD|reason|IC,RR,0.3333,1.4169,0.0,0.0513,0.0769,0.3077,0.3333,0.2308
hle_582,directllm,HLE,85,reason|PD|PD|reason|PD|reason|IC|IC|reason|RR|reason|reason|reason|reason|reason|RR|IC|reason|UN|reason|reason|PD|UN|UN|UN|reason|RR|UN|reason|RR|UN|RR|reason|reason|reason|reason|RR|reason|UN|PD|reason|reason|reason|reason|reason|UN|RR|UN|reason|UN|reason|reason|reason|UN|UN|reason|reason|reason|PD|reason|reason|UN|PD|reason|reason|reason|reason|reason|reason|UN|IC|reason|reason|IC|RR|reason|reason|reason|reason|IC|reason|reason|reason|IC|reason,reason,0.5765,1.2482,0.0,0.0824,0.0824,0.1647,0.0941,0.5765
hle_583,directllm,HLE,44,reason|PD|UN|UN|UN|PD|reason|UN|reason|reason|reason|UN|UN|PD|UN|RR|RR|reason|UN|UN|UN|UN|UN|IC|UN|UN|reason|UN|UN|PD|RR|reason|reason|UN|UN|UN|UN|PD|PD|PD|reason|reason|reason|IC,UN,0.4545,1.3288,0.0,0.1591,0.0455,0.4545,0.0682,0.2727
hle_59,directllm,HLE,25,reason|reason|UN|reason|UN|UN|RR|UN|RR|reason|PD|reason|reason|reason|reason|IC|PD|RR|reason|reason|UN|reason|reason|PD|reason,reason,0.52,1.2995,0.0,0.12,0.04,0.2,0.12,0.52
hle_591,directllm,HLE,183,reason|reason|reason|PD|RR|RR|RR|reason|PD|RR|RR|RR|RR|RR|RR|RR|RR|RR|RR|UN|RR|reason|RR|UN|RR|RR|PD|UN|RR|UN|RR|UN|RR|UN|RR|UN|RR|UN|RR|UN|RR|UN|RR|UN|RR|UN|RR|UN|RR|UN|RR|UN|RR|UN|RR|UN|RR|UN|RR|UN|RR|UN|RR|UN|RR|UN|RR|UN|RR|UN|RR|UN|RR|UN|RR|UN|RR|UN|RR|UN|RR|UN|RR|UN|RR|UN|RR|UN|RR|UN|RR|UN|RR|UN|RR|UN|RR|UN|RR|UN|RR|UN|RR|UN|RR|UN|RR|UN|RR|UN|RR|UN|RR|UN|RR|UN|RR|UN|RR|UN|RR|UN|RR|UN|RR|UN|RR|UN|RR|UN|RR|UN|RR|UN|RR|UN|RR|UN|RR|UN|RR|UN|RR|UN|RR|UN|RR|UN|RR|UN|RR|UN|RR|UN|RR|UN|RR|UN|RR|UN|RR|UN|RR|UN|RR|UN|RR|UN|RR|UN|RR|UN|RR|UN|RR|UN|RR|UN|RR|UN|RR|UN|RR,RR,0.5191,0.8678,0.0,0.0164,0.0,0.4372,0.5191,0.0273
hle_592,directllm,HLE,35,reason|PD|reason|RR|UN|reason|UN|RR|UN|IC|reason|IC|reason|RR|RR|RR|UN|RR|RR|RR|RR|RR|reason|RR|IC|RR|IC|reason|RR|reason|reason|reason|PD|reason|reason,RR,0.3714,1.3942,0.0,0.0571,0.1143,0.1143,0.3714,0.3429
hle_593,directllm,HLE,27,reason|reason|PD|SE|RR|IC|RR|RR|reason|IC|reason|reason|reason|reason|RR|UN|IC|IC|UN|PD|RR|reason|reason|IC|PD|reason|reason,reason,0.4074,1.5494,0.037,0.1111,0.1852,0.0741,0.1852,0.4074
hle_598,directllm,HLE,29,reason|UN|UN|reason|UN|UN|RR|UN|RR|reason|IC|RR|IC|UN|reason|RR|reason|RR|reason|reason|reason|reason|reason|RR|reason|IC|reason|reason|UN,reason,0.4483,1.2634,0.0,0.0,0.1034,0.2414,0.2069,0.4483
hle_60,directllm,HLE,63,reason|PD|reason|reason|UN|reason|reason|RR|reason|reason|reason|reason|UN|RR|reason|reason|reason|RR|reason|reason|reason|reason|reason|reason|reason|UN|IC|IC|IC|reason|reason|reason|reason|RR|UN|RR|reason|reason|RR|reason|reason|reason|UN|RR|reason|reason|RR|UN|PD|reason|UN|IC|RR|reason|reason|UN|RR|reason|UN|reason|PD|reason|UN,reason,0.5714,1.2241,0.0,0.0476,0.0635,0.1587,0.1587,0.5714
hle_603,directllm,HLE,235,reason|reason|RR|reason|reason|RR|RR|reason|RR|RR|RR|IC|RR|RR|RR|reason|UN|RR|UN|reason|UN|reason|UN|IC|RR|PD|UN|RR|UN|reason|UN|RR|UN|UN|UN|PD|UN|RR|UN|RR|IC|reason|IC|UN|UN|RR|reason|UN|RR|IC|RR|IC|RR|UN|RR|reason|RR|UN|RR|IC|RR|UN|RR|RR|IC|RR|reason|RR|RR|RR|RR|IC|RR|RR|reason|RR|RR|RR|RR|IC|RR|RR|reason|RR|RR|RR|RR|IC|RR|RR|reason|RR|RR|RR|RR|IC|RR|RR|reason|RR|RR|RR|RR|IC|RR|RR|reason|RR|RR|RR|RR|IC|RR|RR|reason|RR|RR|RR|RR|IC|RR|RR|reason|RR|RR|RR|RR|IC|RR|RR|reason|RR|RR|RR|RR|IC|RR|RR|reason|RR|RR|RR|RR|IC|RR|RR|reason|RR|RR|RR|RR|IC|RR|RR|reason|RR|RR|RR|RR|IC|RR|RR|reason|RR|RR|RR|RR|IC|RR|RR|reason|RR|RR|RR|RR|IC|RR|RR|reason|RR|RR|RR|RR|IC|RR|RR|reason|RR|RR|RR|RR|IC|RR|RR|reason|RR|RR|RR|RR|IC|RR|RR|reason|RR|RR|RR|RR|IC|RR|RR|reason|RR|RR|RR|RR|IC|RR|RR|reason|RR|RR|RR|RR|IC|RR|RR|reason|RR|RR|RR|RR|IC|RR|RR|reason,RR,0.6468,1.0571,0.0,0.0085,0.1234,0.0766,0.6468,0.1447
hle_604,directllm,HLE,45,reason|reason|RR|reason|reason|reason|PD|reason|RR|IC|RR|reason|IC|RR|reason|PD|reason|reason|IC|reason|IC|RR|RR|IC|reason|reason|PD|reason|RR|RR|reason|reason|reason|reason|UN|RR|reason|reason|SE|IC|reason|PD|reason|PD|IC,reason,0.4889,1.3745,0.0222,0.1111,0.1556,0.0222,0.2,0.4889
hle_607,directllm,HLE,44,reason|RR|UN|reason|RR|RR|RR|reason|PD|RR|PD|reason|reason|reason|RR|reason|UN|reason|RR|PD|reason|IC|RR|RR|reason|reason|reason|IC|RR|reason|IC|IC|reason|reason|reason|reason|RR|reason|reason|reason|PD|reason|reason|PD,reason,0.5,1.2988,0.0,0.1136,0.0909,0.0455,0.25,0.5
hle_614,directllm,HLE,32,reason|reason|reason|reason|reason|PD|reason|reason|UN|UN|PD|PD|reason|reason|UN|reason|PD|IC|IC|reason|PD|reason|UN|IC|PD|IC|PD|reason|reason|IC|PD|PD,reason,0.4375,1.2684,0.0,0.2812,0.1562,0.125,0.0,0.4375
hle_625,directllm,HLE,31,reason|reason|RR|reason|reason|reason|reason|RR|RR|PD|RR|reason|UN|RR|reason|RR|reason|reason|RR|IC|RR|RR|reason|RR|UN|UN|reason|RR|reason|reason|PD,reason,0.4516,1.2403,0.0,0.0645,0.0323,0.0968,0.3548,0.4516
hle_633,directllm,HLE,45,reason|reason|reason|reason|reason|IC|IC|reason|UN|UN|UN|IC|reason|IC|UN|reason|reason|UN|reason|RR|IC|IC|IC|UN|RR|IC|RR|UN|UN|UN|reason|UN|RR|RR|IC|RR|reason|RR|RR|IC|RR|reason|PD|UN|PD,reason,0.2889,1.4976,0.0,0.0444,0.2222,0.2444,0.2,0.2889
hle_636,directllm,HLE,28,reason|reason|reason|RR|RR|UN|UN|UN|RR|IC|UN|UN|RR|RR|UN|reason|reason|RR|reason|reason|PD|RR|reason|reason|reason|PD|PD|reason,reason,0.3929,1.402,0.0,0.1071,0.0357,0.2143,0.25,0.3929
hle_643,directllm,HLE,4,reason|reason|reason|RR,reason,0.75,0.5623,0.0,0.0,0.0,0.0,0.25,0.75
hle_647,directllm,HLE,48,PD|reason|reason|PD|PD|PD|PD|UN|reason|PD|reason|reason|PD|UN|PD|reason|RR|RR|PD|UN|reason|PD|RR|IC|UN|reason|reason|RR|reason|reason|reason|IC|reason|reason|reason|UN|reason|RR|RR|reason|UN|reason|reason|reason|PD|PD|PD|reason,reason,0.4375,1.3677,0.0,0.2708,0.0417,0.125,0.125,0.4375
hle_653,directllm,HLE,32,reason|UN|reason|UN|IC|reason|reason|PD|UN|PD|RR|reason|UN|UN|reason|reason|IC|reason|reason|RR|reason|PD|reason|reason|reason|reason|reason|UN|reason|reason|reason|IC,reason,0.5625,1.2546,0.0,0.0938,0.0938,0.1875,0.0625,0.5625
hle_654,directllm,HLE,74,reason|reason|UN|reason|reason|reason|reason|UN|reason|RR|RR|UN|reason|reason|UN|UN|reason|RR|reason|reason|reason|reason|UN|reason|reason|IC|reason|reason|reason|reason|reason|reason|UN|reason|reason|reason|RR|reason|reason|UN|reason|reason|reason|reason|reason|PD|RR|reason|reason|reason|RR|reason|RR|reason|reason|reason|reason|reason|RR|reason|PD|RR|reason|UN|reason|IC|RR|PD|RR|RR|reason|reason|reason|PD,reason,0.6351,1.0948,0.0,0.0541,0.027,0.1216,0.1622,0.6351
hle_655,directllm,HLE,10,reason|reason|reason|RR|reason|reason|reason|reason|RR|reason,reason,0.8,0.5004,0.0,0.0,0.0,0.0,0.2,0.8
hle_660,directllm,HLE,13,reason|reason|reason|reason|reason|IC|SE|reason|UN|reason|reason|reason|RR,reason,0.6923,1.0438,0.0769,0.0,0.0769,0.0769,0.0769,0.6923
hle_661,directllm,HLE,88,reason|reason|reason|reason|RR|reason|reason|RR|RR|reason|RR|RR|RR|RR|RR|reason|RR|UN|reason|RR|PD|reason|PD|reason|reason|UN|RR|reason|UN|UN|reason|reason|RR|UN|UN|RR|RR|RR|UN|UN|UN|RR|UN|reason|IC|UN|UN|IC|UN|UN|UN|UN|UN|UN|reason|reason|IC|UN|UN|UN|IC|UN|UN|UN|IC|IC|IC|UN|UN|UN|UN|UN|IC|IC|IC|IC|UN|UN|UN|UN|IC|UN|RR|IC|reason|PD|reason|PD,UN,0.3864,1.4448,0.0,0.0455,0.1477,0.3864,0.1932,0.2273
hle_668,directllm,HLE,24,reason|reason|reason|reason|reason|RR|reason|UN|IC|RR|RR|RR|RR|RR|RR|UN|UN|PD|reason|reason|PD|reason|reason|PD,reason,0.4167,1.3764,0.0,0.125,0.0417,0.125,0.2917,0.4167
hle_677,directllm,HLE,13,reason|reason|UN|RR|RR|IC|RR|reason|reason|IC|reason|PD|reason,reason,0.4615,1.3778,0.0,0.0769,0.1538,0.0769,0.2308,0.4615
hle_678,directllm,HLE,40,reason|reason|reason|UN|RR|UN|reason|UN|PD|reason|reason|PD|PD|reason|reason|UN|PD|UN|UN|reason|reason|PD|RR|UN|UN|RR|reason|reason|IC|PD|PD|UN|UN|reason|RR|RR|PD|reason|UN|PD,reason,0.35,1.4102,0.0,0.225,0.025,0.275,0.125,0.35
hle_68,directllm,HLE,234,IC|reason|RR|RR|RR|RR|RR|RR|RR|RR|RR|RR|RR|RR|RR|RR|RR|RR|RR|RR|RR|RR|RR|RR|RR|RR|RR|RR|RR|RR|RR|RR|RR|RR|RR|RR|RR|RR|RR|RR|RR|RR|RR|RR|RR|RR|RR|RR|RR|RR|RR|RR|RR|RR|RR|RR|RR|RR|RR|RR|RR|RR|RR|RR|RR|RR|RR|RR|RR|RR|RR|RR|RR|RR|RR|RR|RR|RR|RR|RR|RR|RR|RR|RR|RR|RR|RR|RR|RR|RR|RR|RR|RR|RR|RR|RR|RR|RR|RR|RR|RR|RR|RR|RR|RR|RR|RR|RR|RR|RR|RR|RR|RR|RR|RR|RR|RR|RR|RR|RR|RR|RR|RR|RR|RR|RR|RR|RR|RR|RR|RR|RR|RR|RR|RR|RR|RR|RR|RR|RR|RR|RR|RR|RR|RR|RR|RR|RR|RR|RR|RR|RR|RR|RR|RR|RR|RR|RR|RR|RR|RR|RR|RR|RR|RR|RR|RR|RR|RR|RR|RR|RR|RR|RR|RR|RR|RR|RR|RR|RR|RR|RR|RR|RR|RR|RR|RR|RR|RR|RR|RR|RR|RR|RR|RR|RR|RR|RR|RR|RR|RR|RR|RR|RR|RR|RR|RR|RR|RR|RR|RR|RR|RR|RR|RR|RR|RR|RR|RR|RR|RR|RR|RR|RR|RR|RR|RR|RR|RR|RR|RR|RR|RR|RR,RR,0.9915,0.0551,0.0,0.0,0.0043,0.0,0.9915,0.0043
hle_681,directllm,HLE,31,reason|reason|IC|IC|RR|RR|RR|IC|IC|RR|reason|UN|RR|IC|reason|IC|RR|PD|RR|reason|RR|RR|IC|IC|IC|reason|reason|PD|reason|PD|PD,IC,0.2903,1.4427,0.0,0.129,0.2903,0.0323,0.2903,0.2581
hle_687,directllm,HLE,28,reason|RR|RR|reason|reason|reason|reason|reason|PD|IC|UN|reason|PD|UN|RR|RR|reason|reason|reason|reason|RR|reason|reason|reason|PD|PD|reason|reason,reason,0.5714,1.2129,0.0,0.1429,0.0357,0.0714,0.1786,0.5714
hle_688,directllm,HLE,14,reason|UN|UN|IC|IC|IC|IC|IC|RR|IC|UN|PD|reason|reason,IC,0.4286,1.4003,0.0,0.0714,0.4286,0.2143,0.0714,0.2143
hle_690,directllm,HLE,91,reason|reason|UN|reason|IC|UN|reason|UN|UN|UN|UN|UN|RR|UN|RR|UN|RR|UN|RR|UN|RR|UN|RR|UN|RR|UN|RR|UN|RR|UN|RR|UN|RR|UN|RR|UN|RR|UN|RR|UN|RR|UN|RR|UN|RR|UN|RR|UN|RR|UN|RR|UN|RR|UN|RR|UN|RR|UN|RR|UN|RR|UN|RR|UN|RR|UN|RR|UN|RR|UN|RR|UN|RR|UN|RR|UN|RR|UN|RR|UN|RR|UN|RR|UN|RR|UN|RR|UN|RR|UN|RR,UN,0.5055,0.8931,0.0,0.0,0.011,0.5055,0.4396,0.044
hle_692,directllm,HLE,15,reason|RR|RR|RR|RR|RR|reason|UN|RR|RR|reason|reason|RR|reason|PD,RR,0.5333,1.0625,0.0,0.0667,0.0,0.0667,0.5333,0.3333
hle_694,directllm,HLE,25,reason|UN|UN|reason|IC|UN|UN|IC|reason|RR|IC|PD|RR|UN|IC|RR|RR|UN|UN|RR|RR|IC|reason|reason|reason,UN,0.28,1.4921,0.0,0.04,0.2,0.28,0.24,0.24
hle_696,directllm,HLE,16,reason|IC|IC|IC|PD|RR|reason|PD|reason|PD|UN|IC|RR|IC|PD|PD,IC,0.3125,1.4741,0.0,0.3125,0.3125,0.0625,0.125,0.1875
hle_697,directllm,HLE,44,reason|SE|UN|reason|reason|reason|UN|PD|UN|UN|reason|PD|RR|reason|UN|reason|UN|SE|reason|UN|reason|RR|SE|UN|UN|reason|RR|reason|reason|reason|PD|RR|UN|reason|RR|reason|reason|reason|reason|UN|reason|PD|reason|PD,reason,0.4545,1.3823,0.0682,0.1136,0.0,0.25,0.1136,0.4545
hle_698,directllm,HLE,21,reason|RR|reason|reason|reason|reason|PD|UN|reason|IC|RR|RR|UN|reason|PD|PD|PD|reason|reason|UN|reason,reason,0.4762,1.3701,0.0,0.1905,0.0476,0.1429,0.1429,0.4762
hle_699,directllm,HLE,53,reason|reason|PD|UN|RR|UN|UN|reason|IC|RR|reason|reason|RR|UN|reason|UN|reason|RR|UN|reason|reason|RR|reason|UN|IC|reason|IC|reason|UN|RR|UN|reason|RR|UN|reason|IC|RR|reason|UN|UN|UN|IC|PD|IC|reason|reason|reason|IC|RR|PD|reason|reason|IC,reason,0.3774,1.4615,0.0,0.0566,0.1509,0.2453,0.1698,0.3774
hle_70,directllm,HLE,37,reason|RR|reason|reason|reason|reason|PD|reason|reason|reason|UN|PD|PD|RR|IC|reason|IC|RR|UN|reason|IC|reason|RR|reason|IC|UN|reason|RR|IC|reason|reason|reason|RR|reason|reason|reason|PD,reason,0.5135,1.3519,0.0,0.1081,0.1351,0.0811,0.1622,0.5135
hle_700,directllm,HLE,67,reason|IC|RR|reason|reason|IC|reason|reason|reason|reason|reason|reason|reason|PD|RR|UN|reason|reason|UN|RR|UN|IC|reason|IC|RR|IC|reason|RR|UN|IC|reason|reason|RR|reason|reason|reason|RR|reason|reason|IC|reason|RR|reason|reason|reason|RR|reason|IC|RR|reason|IC|RR|RR|reason|reason|reason|reason|reason|RR|RR|RR|reason|reason|PD|reason|reason|reason,reason,0.5522,1.2057,0.0,0.0299,0.1343,0.0597,0.2239,0.5522
hle_705,directllm,HLE,3,reason|reason|RR,reason,0.6667,0.6365,0.0,0.0,0.0,0.0,0.3333,0.6667
hle_707,directllm,HLE,17,reason|RR|RR|RR|reason|RR|reason|RR|UN|RR|UN|IC|RR|RR|reason|reason|PD,RR,0.4706,1.2997,0.0,0.0588,0.0588,0.1176,0.4706,0.2941
hle_708,directllm,HLE,91,reason|IC|UN|RR|RR|RR|IC|RR|IC|RR|IC|IC|RR|IC|IC|RR|IC|IC|RR|IC|IC|RR|IC|IC|RR|IC|IC|RR|IC|IC|RR|IC|IC|RR|IC|IC|RR|IC|IC|RR|IC|IC|RR|IC|IC|RR|IC|IC|RR|IC|IC|RR|IC|IC|RR|IC|IC|RR|IC|IC|RR|IC|IC|RR|IC|IC|RR|IC|IC|RR|IC|IC|RR|IC|IC|RR|IC|IC|RR|IC|IC|RR|IC|IC|RR|IC|IC|RR|IC|IC|RR,IC,0.6264,0.7597,0.0,0.0,0.6264,0.011,0.3516,0.011
hle_711,directllm,HLE,48,reason|reason|reason|reason|PD|reason|reason|RR|RR|RR|reason|reason|reason|reason|reason|reason|reason|reason|reason|RR|IC|reason|reason|IC|IC|RR|reason|reason|reason|IC|reason|reason|reason|reason|RR|reason|UN|reason|reason|reason|RR|reason|reason|reason|PD|IC|IC|reason,reason,0.6667,1.0241,0.0,0.0417,0.125,0.0208,0.1458,0.6667
hle_72,directllm,HLE,96,reason|reason|reason|IC|RR|RR|RR|RR|RR|RR|reason|RR|reason|RR|reason|RR|RR|RR|RR|RR|RR|RR|RR|UN|RR|RR|RR|RR|RR|RR|UN|UN|IC|RR|UN|RR|UN|RR|RR|RR|RR|RR|RR|RR|RR|RR|RR|RR|RR|RR|RR|RR|RR|RR|RR|RR|RR|RR|RR|RR|RR|RR|RR|RR|RR|RR|RR|RR|RR|RR|RR|RR|RR|RR|RR|RR|RR|RR|RR|RR|RR|RR|RR|RR|RR|RR|RR|RR|RR|RR|RR|RR|RR|RR|RR|RR,RR,0.8646,0.5336,0.0,0.0,0.0208,0.0521,0.8646,0.0625
hle_724,directllm,HLE,24,reason|reason|IC|RR|RR|RR|RR|PD|reason|IC|reason|reason|RR|PD|reason|RR|reason|IC|PD|IC|reason|PD|IC|PD,reason,0.3333,1.3664,0.0,0.2083,0.2083,0.0,0.25,0.3333
hle_728,directllm,HLE,50,reason|RR|reason|RR|RR|UN|RR|reason|RR|reason|UN|UN|reason|RR|RR|RR|UN|reason|RR|RR|UN|RR|reason|reason|UN|UN|RR|UN|RR|reason|RR|IC|RR|RR|RR|UN|IC|IC|IC|RR|UN|IC|UN|IC|RR|reason|IC|IC|reason|RR,RR,0.4,1.3259,0.0,0.0,0.16,0.22,0.4,0.22
hle_747,directllm,HLE,78,reason|reason|UN|PD|RR|UN|PD|reason|reason|reason|reason|IC|UN|reason|UN|reason|reason|reason|IC|UN|reason|UN|reason|reason|RR|reason|UN|reason|reason|RR|reason|reason|reason|IC|reason|RR|reason|UN|reason|PD|reason|reason|RR|RR|IC|UN|reason|UN|UN|reason|reason|reason|reason|PD|RR|UN|RR|reason|reason|RR|reason|RR|reason|RR|RR|PD|reason|RR|reason|RR|reason|reason|UN|reason|reason|PD|PD|PD,reason,0.5,1.3394,0.0,0.1026,0.0513,0.1667,0.1795,0.5
hle_75,directllm,HLE,35,reason|RR|reason|IC|RR|reason|reason|reason|IC|RR|RR|UN|UN|RR|reason|RR|IC|RR|reason|RR|RR|IC|RR|IC|RR|RR|RR|RR|RR|reason|reason|reason|PD|RR|RR,RR,0.4857,1.2518,0.0,0.0286,0.1429,0.0571,0.4857,0.2857
hle_752,directllm,HLE,52,PD|reason|reason|PD|PD|reason|RR|PD|reason|reason|PD|IC|PD|PD|RR|PD|IC|PD|IC|IC|RR|IC|IC|PD|reason|RR|reason|IC|PD|RR|RR|RR|reason|IC|UN|reason|IC|RR|reason|reason|IC|RR|RR|RR|PD|reason|reason|PD|PD|PD|reason|reason,PD,0.2885,1.4389,0.0,0.2885,0.1923,0.0192,0.2115,0.2885
hle_773,directllm,HLE,22,reason|reason|reason|RR|reason|reason|reason|UN|reason|reason|UN|RR|reason|reason|IC|reason|reason|reason|reason|reason|UN|reason,reason,0.7273,0.8618,0.0,0.0,0.0455,0.1364,0.0909,0.7273
hle_779,directllm,HLE,51,reason|RR|RR|PD|reason|reason|reason|reason|reason|reason|PD|reason|PD|PD|PD|PD|PD|RR|reason|reason|reason|reason|PD|PD|reason|RR|UN|UN|PD|RR|IC|reason|reason|IC|RR|PD|PD|reason|reason|reason|PD|reason|RR|reason|reason|PD|PD|reason|reason|reason|reason,reason,0.4902,1.236,0.0,0.2941,0.0392,0.0392,0.1373,0.4902
hle_787,directllm,HLE,5,reason|PD|PD|RR|RR,PD,0.4,1.0549,0.0,0.4,0.0,0.0,0.4,0.2
hle_790,directllm,HLE,46,reason|reason|reason|reason|reason|reason|UN|reason|reason|reason|RR|reason|reason|UN|reason|UN|reason|reason|reason|reason|reason|reason|UN|reason|reason|reason|reason|reason|UN|UN|RR|UN|reason|reason|reason|RR|UN|reason|reason|RR|PD|reason|reason|reason|reason|reason,reason,0.7174,0.8381,0.0,0.0217,0.0,0.1739,0.087,0.7174
hle_791,directllm,HLE,53,reason|reason|reason|PD|reason|RR|PD|PD|reason|reason|reason|PD|IC|RR|RR|reason|PD|UN|reason|reason|RR|reason|RR|reason|PD|PD|RR|reason|reason|PD|RR|PD|reason|UN|IC|UN|reason|PD|PD|IC|PD|RR|reason|RR|reason|PD|RR|reason|PD|PD|reason|PD|reason,reason,0.3962,1.3681,0.0,0.3019,0.0566,0.0566,0.1887,0.3962
hle_792,directllm,HLE,28,reason|RR|RR|RR|RR|PD|RR|PD|PD|RR|RR|PD|reason|reason|reason|reason|reason|reason|RR|reason|RR|RR|reason|reason|IC|reason|PD|PD,reason,0.3929,1.1839,0.0,0.2143,0.0357,0.0,0.3571,0.3929
hle_800,directllm,HLE,6,reason|UN|reason|IC|RR|RR,reason,0.3333,1.3297,0.0,0.0,0.1667,0.1667,0.3333,0.3333
hle_801,directllm,HLE,27,IC|reason|RR|reason|PD|reason|reason|reason|reason|reason|RR|reason|RR|RR|reason|RR|RR|reason|PD|RR|IC|reason|RR|reason|reason|reason|reason,reason,0.5556,1.0725,0.0,0.0741,0.0741,0.0,0.2963,0.5556
hle_805,directllm,HLE,82,reason|RR|reason|RR|RR|RR|RR|reason|reason|reason|RR|RR|reason|reason|reason|reason|UN|reason|RR|RR|UN|RR|RR|reason|RR|RR|reason|reason|RR|reason|RR|reason|reason|reason|UN|UN|RR|reason|UN|UN|reason|IC|UN|RR|reason|RR|reason|reason|reason|reason|IC|RR|reason|RR|reason|reason|reason|reason|RR|UN|reason|reason|reason|RR|reason|reason|reason|reason|UN|UN|UN|UN|RR|reason|RR|reason|PD|reason|IC|RR|reason|PD,reason,0.4878,1.2052,0.0,0.0244,0.0366,0.1463,0.3049,0.4878
hle_807,directllm,HLE,750,reason|RR|RR|RR|RR|RR|RR|reason|RR|RR|reason|RR|RR|RR|RR|RR|RR|RR|RR|RR|RR|RR|RR|RR|RR|RR|RR|RR|RR|RR|RR|RR|RR|RR|RR|RR|RR|RR|RR|RR|RR|RR|RR|RR|RR|RR|RR|RR|RR|RR|RR|RR|RR|RR|RR|RR|RR|RR|RR|RR|RR|RR|RR|RR|RR|RR|RR|RR|RR|RR|RR|RR|RR|RR|RR|RR|RR|RR|RR|RR|RR|RR|RR|RR|RR|RR|RR|RR|RR|RR|RR|RR|RR|RR|RR|RR|RR|RR|RR|RR|RR|RR|RR|RR|RR|RR|RR|RR|RR|RR|RR|RR|RR|RR|RR|RR|RR|RR|RR|RR|RR|RR|RR|RR|RR|RR|RR|RR|RR|RR|RR|RR|RR|RR|RR|RR|RR|RR|RR|RR|RR|RR|RR|RR|RR|RR|RR|RR|RR|RR|RR|RR|RR|RR|RR|RR|RR|RR|RR|RR|RR|RR|RR|RR|RR|RR|RR|RR|RR|RR|RR|RR|RR|RR|RR|RR|RR|RR|RR|RR|RR|RR|RR|RR|RR|RR|RR|RR|RR|RR|RR|RR|RR|RR|RR|RR|RR|RR|RR|RR|RR|RR|RR|RR|RR|RR|RR|RR|RR|RR|RR|RR|RR|RR|RR|RR|RR|RR|RR|RR|RR|RR|RR|RR|RR|RR|RR|RR|RR|RR|RR|RR|RR|RR|RR|RR|RR|RR|RR|RR|RR|RR|RR|RR|RR|RR|RR|RR|RR|RR|RR|RR|RR|RR|RR|RR|RR|RR|RR|RR|RR|RR|RR|RR|RR|RR|RR|RR|RR|RR|RR|RR|RR|RR|RR|RR|RR|RR|RR|RR|RR|RR|RR|RR|RR|RR|RR|RR|RR|RR|RR|RR|RR|RR|RR|RR|RR|RR|RR|RR|RR|RR|RR|RR|RR|RR|RR|RR|RR|RR|RR|RR|RR|RR|RR|RR|RR|RR|RR|RR|RR|RR|RR|RR|RR|RR|RR|RR|RR|RR|RR|RR|RR|RR|RR|RR|RR|RR|RR|RR|RR|RR|RR|RR|RR|RR|RR|RR|RR|RR|RR|RR|RR|RR|RR|RR|RR|RR|RR|RR|RR|RR|RR|RR|RR|RR|RR|RR|RR|RR|RR|RR|RR|RR|RR|RR|RR|RR|RR|RR|RR|RR|RR|RR|RR|RR|RR|RR|RR|RR|RR|RR|RR|RR|RR|RR|RR|RR|RR|RR|RR|RR|RR|RR|RR|RR|RR|RR|RR|RR|RR|RR|RR|RR|RR|RR|RR|RR|RR|RR|RR|RR|RR|RR|RR|RR|RR|RR|RR|RR|RR|RR|RR|RR|RR|RR|RR|RR|RR|RR|RR|RR|RR|RR|RR|RR|RR|RR|RR|RR|RR|RR|RR|RR|RR|RR|RR|RR|RR|RR|RR|RR|RR|RR|RR|RR|RR|RR|RR|RR|RR|RR|RR|RR|RR|RR|RR|RR|RR|RR|RR|RR|RR|RR|RR|RR|RR|RR|RR|RR|RR|RR|RR|RR|RR|RR|RR|RR|RR|RR|RR|RR|RR|RR|RR|RR|RR|RR|RR|RR|RR|RR|RR|RR|RR|RR|RR|RR|RR|RR|RR|RR|RR|RR|RR|RR|RR|RR|RR|RR|RR|RR|RR|RR|RR|RR|RR|RR|RR|RR|RR|RR|RR|RR|RR|RR|RR|RR|RR|RR|RR|RR|RR|RR|RR|RR|RR|RR|RR|RR|RR|RR|RR|RR|RR|RR|RR|RR|RR|RR|RR|RR|RR|RR|RR|RR|RR|RR|RR|RR|RR|RR|RR|RR|RR|RR|RR|RR|RR|RR|RR|RR|RR|RR|RR|RR|RR|RR|RR|RR|RR|RR|RR|RR|RR|RR|RR|RR|RR|RR|RR|RR|RR|RR|RR|RR|RR|RR|RR|RR|RR|RR|RR|RR|RR|RR|RR|RR|RR|RR|RR|RR|RR|RR|RR|RR|RR|RR|RR|RR|RR|RR|RR|RR|RR|RR|RR|RR|RR|RR|RR|RR|RR|RR|RR|RR|RR|RR|RR|RR|RR|RR|RR|RR|RR|RR|RR|RR|RR|RR|RR|RR|RR|RR|RR|RR|RR|RR|RR|RR|RR|RR|RR|RR|RR|RR|RR|RR|RR|RR|RR|RR|RR|RR|RR|RR|RR|RR|RR|RR|RR|RR|RR|RR|RR|RR|RR|RR|RR|RR|RR|RR|RR|RR|RR|RR|RR|RR|RR|RR|RR|RR|RR|RR|RR|RR|RR|RR|RR|RR|RR|RR|RR|RR|RR|RR|RR|RR|RR|RR|RR|RR|RR|RR|RR|RR|RR|RR|RR|RR,RR,0.996,0.0261,0.0,0.0,0.0,0.0,0.996,0.004
hle_808,directllm,HLE,368,reason|reason|reason|reason|reason|RR|RR|reason|RR|reason|UN|reason|reason|reason|reason|reason|reason|reason|reason|reason|reason|reason|reason|reason|reason|reason|reason|reason|reason|reason|IC|RR|RR|reason|IC|reason|RR|reason|reason|IC|reason|RR|reason|reason|RR|reason|reason|reason|reason|reason|reason|reason|reason|reason|reason|reason|reason|RR|RR|RR|RR|RR|RR|RR|RR|RR|RR|RR|RR|RR|RR|RR|RR|RR|RR|RR|RR|RR|RR|RR|RR|RR|RR|RR|RR|RR|RR|RR|RR|RR|RR|RR|RR|RR|RR|RR|RR|RR|RR|RR|RR|RR|RR|RR|RR|RR|RR|RR|RR|RR|RR|RR|RR|RR|RR|RR|RR|RR|RR|RR|RR|RR|RR|RR|RR|RR|RR|RR|RR|RR|RR|RR|RR|RR|RR|RR|RR|RR|RR|RR|RR|RR|RR|RR|RR|RR|RR|RR|RR|RR|RR|RR|RR|RR|RR|RR|RR|RR|RR|RR|RR|RR|RR|RR|RR|RR|RR|RR|RR|RR|RR|RR|RR|RR|RR|RR|RR|RR|RR|RR|RR|RR|RR|RR|RR|RR|RR|RR|RR|RR|RR|RR|RR|RR|RR|RR|RR|RR|RR|RR|RR|RR|RR|RR|RR|RR|RR|RR|RR|RR|RR|RR|RR|RR|RR|RR|RR|RR|RR|RR|RR|RR|RR|RR|RR|RR|RR|RR|RR|RR|RR|RR|RR|RR|RR|RR|RR|RR|RR|RR|RR|RR|RR|RR|RR|RR|RR|RR|RR|RR|RR|RR|RR|RR|RR|RR|RR|RR|RR|RR|RR|RR|RR|RR|RR|RR|RR|RR|RR|RR|RR|RR|RR|RR|RR|RR|RR|RR|RR|RR|RR|RR|RR|RR|RR|RR|RR|RR|RR|RR|RR|RR|RR|RR|RR|RR|RR|RR|RR|RR|RR|RR|RR|RR|RR|RR|RR|RR|RR|RR|RR|RR|RR|RR|RR|RR|RR|RR|RR|RR|RR|RR|RR|RR|RR|RR|RR|RR|RR|RR|RR|RR|RR|RR|RR|RR|RR|RR|RR|RR|RR|RR|RR|RR|RR|RR|RR|RR|RR|RR|RR|RR|RR|RR|RR|RR|RR|RR|RR|RR|RR|RR|RR|RR|RR|RR|RR|RR,RR,0.8668,0.4361,0.0,0.0,0.0082,0.0027,0.8668,0.1223
hle_810,directllm,HLE,24,reason|RR|PD|PD|PD|IC|PD|IC|PD|UN|UN|PD|RR|UN|UN|UN|UN|reason|reason|IC|RR|UN|reason|PD,PD,0.2917,1.5372,0.0,0.2917,0.125,0.2917,0.125,0.1667
hle_812,directllm,HLE,45,reason|PD|PD|PD|UN|PD|PD|reason|reason|reason|UN|reason|reason|UN|reason|reason|reason|PD|reason|reason|PD|reason|reason|reason|reason|RR|UN|reason|RR|reason|reason|UN|RR|reason|reason|PD|reason|reason|IC|UN|PD|reason|PD|PD|PD,reason,0.5111,1.2293,0.0,0.2667,0.0222,0.1333,0.0667,0.5111
hle_814,directllm,HLE,10,reason|reason|reason|reason|reason|reason|reason|RR|PD|reason,reason,0.8,0.639,0.0,0.1,0.0,0.0,0.1,0.8
hle_819,directllm,HLE,24,PD|PD|PD|reason|PD|PD|RR|RR|PD|PD|reason|PD|reason|reason|PD|reason|PD|RR|PD|PD|PD|RR|PD|PD,PD,0.625,0.9192,0.0,0.625,0.0,0.0,0.1667,0.2083
hle_822,directllm,HLE,16,reason|RR|RR|RR|reason|UN|RR|RR|RR|RR|RR|RR|RR|IC|reason|reason,RR,0.625,0.9869,0.0,0.0,0.0625,0.0625,0.625,0.25
hle_825,directllm,HLE,98,reason|RR|RR|reason|reason|RR|RR|RR|RR|RR|RR|RR|RR|RR|RR|RR|RR|RR|RR|RR|RR|RR|RR|RR|RR|RR|RR|RR|RR|RR|RR|RR|RR|RR|RR|RR|RR|RR|RR|RR|RR|RR|RR|RR|RR|RR|RR|RR|RR|RR|RR|RR|RR|RR|RR|RR|RR|RR|RR|RR|RR|RR|RR|RR|RR|RR|RR|RR|RR|RR|RR|RR|RR|RR|RR|RR|RR|RR|RR|RR|RR|RR|RR|RR|RR|RR|RR|RR|RR|RR|RR|RR|RR|RR|RR|RR|RR|RR,RR,0.9694,0.1369,0.0,0.0,0.0,0.0,0.9694,0.0306
hle_827,directllm,HLE,23,PD|RR|RR|RR|PD|PD|PD|PD|reason|reason|reason|PD|PD|reason|IC|PD|reason|reason|reason|reason|reason|PD|reason,reason,0.4348,1.1313,0.0,0.3913,0.0435,0.0,0.1304,0.4348
hle_829,directllm,HLE,29,reason|reason|PD|PD|PD|UN|RR|RR|reason|UN|UN|RR|RR|PD|RR|UN|UN|IC|IC|PD|UN|reason|IC|reason|RR|PD|PD|reason|PD,PD,0.2759,1.5679,0.0,0.2759,0.1034,0.2069,0.2069,0.2069
hle_830,directllm,HLE,46,PD|reason|reason|RR|RR|UN|reason|reason|reason|reason|reason|UN|IC|reason|PD|reason|RR|UN|UN|reason|reason|reason|reason|UN|RR|UN|IC|IC|reason|reason|reason|reason|reason|reason|reason|reason|RR|reason|PD|UN|RR|reason|reason|PD|UN|PD,reason,0.5217,1.3286,0.0,0.1087,0.0652,0.1739,0.1304,0.5217
hle_831,directllm,HLE,51,PD|reason|reason|reason|reason|reason|reason|reason|RR|IC|PD|reason|RR|reason|reason|reason|reason|reason|reason|reason|reason|reason|reason|IC|reason|reason|reason|reason|reason|reason|reason|reason|reason|IC|reason|IC|RR|reason|PD|reason|reason|reason|reason|reason|reason|reason|reason|reason|PD|PD|reason,reason,0.7647,0.7991,0.0,0.098,0.0784,0.0,0.0588,0.7647
hle_834,directllm,HLE,25,reason|reason|reason|reason|RR|IC|reason|reason|RR|RR|reason|reason|IC|RR|reason|PD|RR|reason|RR|reason|reason|RR|reason|reason|reason,reason,0.6,0.9937,0.0,0.04,0.08,0.0,0.28,0.6
hle_835,directllm,HLE,262,reason|RR|reason|RR|reason|RR|reason|reason|reason|reason|RR|reason|reason|reason|RR|reason|reason|reason|reason|reason|reason|reason|reason|reason|reason|reason|UN|RR|RR|RR|RR|RR|RR|UN|UN|RR|RR|RR|RR|reason|reason|RR|RR|RR|RR|RR|RR|RR|RR|RR|RR|RR|RR|RR|RR|RR|RR|RR|RR|RR|RR|RR|RR|RR|RR|RR|RR|RR|RR|RR|RR|RR|RR|RR|RR|RR|RR|RR|RR|RR|RR|RR|RR|RR|RR|RR|RR|RR|RR|RR|RR|RR|RR|RR|RR|RR|RR|RR|RR|RR|RR|RR|RR|RR|RR|RR|RR|RR|RR|RR|RR|RR|RR|RR|RR|RR|RR|RR|RR|RR|RR|RR|RR|RR|RR|RR|RR|RR|RR|RR|RR|RR|RR|RR|RR|RR|RR|RR|RR|RR|RR|RR|RR|RR|RR|RR|RR|RR|RR|RR|RR|RR|RR|RR|RR|RR|RR|RR|RR|RR|RR|RR|RR|RR|RR|RR|RR|RR|RR|RR|RR|RR|RR|RR|RR|RR|RR|RR|RR|RR|RR|RR|RR|RR|RR|RR|RR|RR|RR|RR|RR|RR|RR|RR|RR|RR|RR|RR|RR|RR|RR|RR|RR|RR|RR|RR|RR|RR|RR|RR|RR|RR|RR|RR|RR|RR|RR|RR|RR|RR|RR|RR|RR|RR|RR|RR|RR|RR|RR|RR|RR|RR|RR|RR|RR|RR|RR|RR|RR|RR|RR|RR|RR|RR|RR|RR|RR|RR|RR|RR|RR|RR|RR|RR|RR|RR|RR|RR|RR|RR|RR|RR,RR,0.9008,0.3589,0.0,0.0,0.0,0.0115,0.9008,0.0878
hle_84,directllm,HLE,341,reason|reason|reason|RR|reason|reason|reason|RR|reason|RR|reason|reason|RR|RR|reason|RR|RR|RR|RR|reason|RR|RR|reason|RR|reason|RR|RR|RR|RR|RR|RR|RR|RR|RR|RR|RR|RR|RR|RR|RR|RR|RR|RR|RR|RR|RR|RR|RR|RR|RR|RR|RR|RR|RR|RR|RR|RR|RR|RR|RR|RR|RR|RR|RR|RR|RR|RR|RR|RR|RR|RR|RR|RR|RR|RR|RR|RR|RR|RR|RR|RR|RR|RR|RR|RR|RR|RR|RR|RR|RR|RR|RR|RR|RR|RR|RR|RR|RR|RR|RR|RR|RR|RR|RR|RR|RR|RR|RR|RR|RR|RR|RR|RR|RR|RR|RR|RR|RR|RR|RR|RR|RR|RR|RR|RR|RR|RR|RR|RR|RR|RR|RR|RR|RR|RR|RR|RR|RR|RR|RR|RR|RR|RR|RR|RR|RR|RR|RR|RR|RR|RR|RR|RR|RR|RR|RR|RR|RR|RR|RR|RR|RR|RR|RR|RR|RR|RR|RR|RR|RR|RR|RR|RR|RR|RR|RR|RR|RR|RR|RR|RR|RR|RR|RR|RR|RR|RR|RR|RR|RR|RR|RR|RR|RR|RR|RR|RR|RR|RR|RR|RR|RR|RR|RR|RR|RR|RR|RR|RR|RR|RR|RR|RR|RR|RR|RR|RR|RR|RR|RR|RR|RR|RR|RR|RR|RR|RR|RR|RR|RR|RR|RR|RR|RR|RR|RR|RR|RR|RR|RR|RR|RR|RR|RR|RR|RR|RR|RR|RR|RR|RR|RR|RR|RR|RR|RR|RR|RR|RR|RR|RR|RR|RR|RR|RR|RR|RR|RR|RR|RR|RR|RR|RR|RR|RR|RR|RR|RR|RR|RR|RR|RR|RR|RR|RR|RR|RR|RR|RR|RR|RR|RR|RR|RR|RR|RR|RR|RR|RR|RR|RR|RR|RR|RR|RR|RR|RR|RR|RR|RR|RR|RR|RR|RR|RR|RR|RR|RR|RR|RR|RR|RR|RR|RR|RR|RR|RR|RR|RR|RR|RR|RR|RR|RR|RR|RR|RR|RR|RR|RR|RR,RR,0.9619,0.1619,0.0,0.0,0.0,0.0,0.9619,0.0381
hle_85,directllm,HLE,54,reason|reason|reason|reason|RR|PD|reason|UN|SE|reason|reason|PD|reason|reason|PD|reason|SE|IC|reason|UN|UN|RR|IC|reason|reason|IC|reason|UN|UN|RR|reason|UN|UN|RR|IC|UN|RR|UN|reason|RR|reason|RR|UN|UN|reason|RR|reason|reason|reason|reason|reason|reason|PD|reason,reason,0.463,1.4712,0.037,0.0741,0.0741,0.2037,0.1481,0.463
hle_855,directllm,HLE,26,PD|reason|reason|RR|IC|RR|UN|UN|UN|RR|IC|UN|RR|UN|UN|UN|RR|PD|UN|reason|reason|reason|reason|PD|PD|reason,UN,0.3077,1.5183,0.0,0.1538,0.0769,0.3077,0.1923,0.2692
hle_867,directllm,HLE,176,reason|reason|PD|reason|reason|PD|PD|RR|reason|reason|RR|reason|reason|RR|reason|reason|reason|reason|reason|reason|reason|reason|reason|reason|reason|RR|RR|reason|reason|RR|reason|reason|reason|reason|RR|reason|reason|reason|reason|reason|reason|reason|reason|RR|RR|RR|RR|reason|RR|reason|reason|RR|reason|reason|reason|RR|reason|reason|RR|reason|reason|reason|reason|RR|UN|reason|RR|RR|reason|reason|UN|reason|reason|reason|RR|reason|reason|RR|IC|UN|reason|RR|RR|reason|RR|reason|UN|IC|reason|RR|reason|RR|reason|reason|reason|reason|reason|reason|reason|reason|reason|reason|reason|reason|RR|reason|RR|RR|RR|RR|reason|RR|reason|reason|reason|RR|reason|reason|reason|RR|PD|RR|UN|reason|RR|reason|reason|RR|reason|RR|reason|RR|reason|RR|reason|reason|reason|RR|reason|reason|RR|RR|RR|reason|RR|reason|RR|reason|RR|reason|RR|reason|RR|reason|RR|reason|reason|RR|RR|RR|RR|RR|RR|RR|RR|RR|RR|RR|reason|reason|reason|reason|reason|reason|reason|IC,reason,0.5909,0.9343,0.0,0.0227,0.017,0.0284,0.3409,0.5909
hle_87,directllm,HLE,15,reason|reason|UN|RR|UN|RR|RR|RR|RR|RR|RR|reason|RR|reason|UN,RR,0.5333,1.0096,0.0,0.0,0.0,0.2,0.5333,0.2667
hle_875,directllm,HLE,73,reason|reason|reason|UN|reason|UN|UN|reason|reason|reason|reason|reason|reason|reason|reason|RR|UN|UN|PD|reason|UN|UN|reason|reason|PD|UN|IC|PD|UN|RR|UN|reason|IC|PD|UN|IC|RR|reason|PD|UN|reason|reason|UN|UN|reason|PD|PD|UN|UN|IC|RR|UN|PD|RR|UN|UN|reason|UN|UN|UN|UN|IC|UN|IC|reason|IC|PD|UN|IC|IC|PD|reason|UN,UN,0.3562,1.4456,0.0,0.137,0.1233,0.3562,0.0685,0.3151
hle_876,directllm,HLE,42,reason|RR|reason|reason|IC|RR|RR|RR|UN|IC|reason|UN|reason|PD|IC|IC|reason|IC|reason|UN|PD|UN|IC|reason|reason|RR|IC|UN|reason|UN|IC|IC|RR|reason|reason|reason|reason|RR|IC|reason|UN|reason,reason,0.381,1.4516,0.0,0.0476,0.2381,0.1667,0.1667,0.381
hle_877,directllm,HLE,46,reason|reason|reason|reason|reason|RR|PD|reason|PD|reason|reason|RR|reason|PD|UN|reason|reason|reason|UN|SE|reason|RR|reason|reason|reason|RR|reason|RR|reason|reason|RR|UN|reason|UN|reason|reason|IC|reason|reason|RR|reason|reason|reason|reason|PD|reason,reason,0.6304,1.1686,0.0217,0.087,0.0217,0.087,0.1522,0.6304
hle_88,directllm,HLE,32,PD|reason|reason|PD|UN|RR|UN|IC|UN|UN|IC|RR|UN|RR|reason|UN|RR|RR|reason|IC|reason|RR|UN|RR|RR|RR|RR|IC|reason|UN|reason|IC,RR,0.3125,1.5059,0.0,0.0625,0.1562,0.25,0.3125,0.2188
hle_880,directllm,HLE,8,reason|PD|RR|UN|UN|UN|UN|PD,UN,0.5,1.213,0.0,0.25,0.0,0.5,0.125,0.125
hle_883,directllm,HLE,73,reason|reason|IC|IC|RR|PD|reason|reason|UN|reason|UN|reason|PD|RR|UN|reason|reason|reason|reason|PD|RR|IC|RR|reason|reason|reason|reason|UN|reason|reason|reason|reason|reason|UN|UN|UN|UN|reason|reason|PD|reason|reason|reason|UN|RR|reason|reason|reason|PD|reason|RR|reason|reason|reason|reason|reason|reason|RR|RR|reason|reason|reason|RR|RR|reason|RR|RR|reason|reason|reason|reason|reason|PD,reason,0.589,1.2032,0.0,0.0822,0.0411,0.1233,0.1644,0.589
hle_885,directllm,HLE,34,PD|reason|UN|RR|RR|reason|reason|reason|RR|UN|RR|RR|RR|RR|UN|RR|RR|RR|reason|reason|reason|RR|PD|RR|RR|RR|PD|UN|IC|reason|reason|reason|PD|PD,RR,0.4118,1.3627,0.0,0.1471,0.0294,0.1176,0.4118,0.2941
hle_892,directllm,HLE,42,reason|RR|RR|RR|reason|reason|reason|RR|RR|RR|RR|RR|UN|UN|UN|UN|reason|RR|UN|UN|reason|reason|RR|reason|RR|RR|reason|reason|reason|reason|reason|reason|reason|reason|UN|UN|reason|reason|reason|reason|reason|reason,reason,0.5238,1.0125,0.0,0.0,0.0,0.1905,0.2857,0.5238
hle_893,directllm,HLE,31,reason|reason|reason|PD|PD|reason|PD|reason|IC|IC|RR|IC|RR|RR|UN|IC|IC|RR|IC|UN|RR|RR|RR|RR|reason|PD|UN|PD|reason|PD|PD,RR,0.2581,1.5654,0.0,0.2258,0.1935,0.0968,0.2581,0.2258
hle_894,directllm,HLE,37,reason|reason|RR|RR|reason|reason|reason|RR|reason|RR|RR|RR|PD|RR|RR|RR|UN|RR|RR|PD|reason|PD|RR|reason|UN|RR|reason|reason|reason|reason|reason|reason|reason|reason|reason|PD|reason,reason,0.4865,1.1163,0.0,0.1081,0.0,0.0541,0.3514,0.4865
hle_897,directllm,HLE,19,reason|IC|PD|RR|RR|RR|RR|RR|reason|RR|reason|RR|RR|reason|reason|reason|reason|IC|PD,RR,0.4211,1.206,0.0,0.1053,0.1053,0.0,0.4211,0.3684
hle_905,directllm,HLE,5,reason|reason|RR|RR|RR,RR,0.6,0.673,0.0,0.0,0.0,0.0,0.6,0.4
hle_911,directllm,HLE,36,reason|reason|reason|PD|PD|RR|reason|PD|UN|UN|RR|RR|reason|reason|PD|UN|RR|UN|IC|RR|IC|reason|reason|RR|PD|RR|RR|UN|RR|RR|RR|reason|reason|PD|PD|reason,reason,0.3056,1.4777,0.0,0.1944,0.0556,0.1389,0.3056,0.3056
hle_917,directllm,HLE,76,PD|IC|RR|RR|RR|RR|UN|reason|reason|reason|reason|UN|reason|UN|UN|reason|reason|UN|RR|UN|RR|UN|UN|IC|UN|UN|IC|UN|reason|reason|UN|UN|UN|RR|UN|UN|UN|UN|UN|UN|UN|UN|UN|UN|UN|UN|UN|UN|UN|UN|UN|UN|UN|UN|UN|UN|UN|UN|UN|UN|UN|UN|UN|UN|UN|UN|UN|UN|UN|UN|UN|UN|UN|UN|UN|reason,UN,0.7237,0.9051,0.0,0.0132,0.0395,0.7237,0.0921,0.1316
hle_921,directllm,HLE,33,reason|reason|reason|reason|RR|RR|RR|PD|reason|IC|RR|RR|reason|reason|RR|RR|IC|RR|RR|reason|RR|RR|RR|reason|UN|IC|RR|RR|RR|RR|RR|reason|reason,RR,0.5152,1.1378,0.0,0.0303,0.0909,0.0303,0.5152,0.3333
hle_923,directllm,HLE,18,reason|reason|reason|RR|reason|reason|RR|RR|reason|IC|reason|reason|reason|IC|reason|UN|reason|reason,reason,0.6667,0.9736,0.0,0.0,0.1111,0.0556,0.1667,0.6667
hle_926,directllm,HLE,21,reason|UN|RR|UN|RR|UN|UN|RR|RR|IC|RR|UN|reason|RR|RR|RR|reason|reason|PD|reason|reason,RR,0.381,1.3572,0.0,0.0476,0.0476,0.2381,0.381,0.2857
hle_930,directllm,HLE,50,PD|RR|RR|PD|PD|PD|PD|RR|PD|reason|reason|UN|UN|IC|reason|reason|reason|reason|reason|reason|PD|PD|RR|reason|reason|reason|IC|reason|PD|reason|reason|reason|reason|reason|RR|PD|IC|reason|reason|reason|reason|PD|RR|PD|reason|reason|PD|PD|reason|reason,reason,0.5,1.255,0.0,0.28,0.06,0.04,0.12,0.5
hle_931,directllm,HLE,18,reason|RR|RR|RR|reason|reason|reason|reason|PD|reason|reason|UN|PD|RR|PD|RR|reason|PD,reason,0.4444,1.211,0.0,0.2222,0.0,0.0556,0.2778,0.4444
hle_934,directllm,HLE,20,reason|UN|IC|RR|reason|reason|UN|reason|RR|reason|IC|UN|IC|RR|UN|IC|UN|UN|IC|RR,UN,0.3,1.3762,0.0,0.0,0.25,0.3,0.2,0.25
hle_935,directllm,HLE,65,reason|reason|reason|reason|reason|reason|RR|IC|reason|reason|reason|IC|reason|reason|reason|reason|reason|reason|PD|reason|PD|RR|reason|reason|UN|reason|reason|reason|reason|reason|PD|RR|reason|reason|reason|RR|IC|reason|UN|reason|UN|reason|RR|reason|reason|reason|reason|reason|reason|RR|UN|reason|reason|reason|reason|PD|reason|RR|IC|reason|reason|reason|reason|reason|reason,reason,0.7077,0.9994,0.0,0.0615,0.0615,0.0615,0.1077,0.7077
hle_936,directllm,HLE,31,reason|reason|PD|PD|RR|PD|RR|RR|PD|PD|reason|reason|PD|UN|UN|UN|RR|reason|RR|RR|reason|reason|reason|reason|RR|PD|UN|reason|PD|reason|PD,reason,0.3548,1.3269,0.0,0.2903,0.0,0.129,0.2258,0.3548
hle_937,directllm,HLE,21,reason|reason|reason|reason|reason|RR|UN|PD|IC|reason|RR|IC|RR|reason|reason|RR|UN|reason|reason|reason|reason,reason,0.5714,1.2285,0.0,0.0476,0.0952,0.0952,0.1905,0.5714
hle_938,directllm,HLE,7,reason|reason|reason|reason|UN|RR|RR,reason,0.5714,0.9557,0.0,0.0,0.0,0.1429,0.2857,0.5714
hle_942,directllm,HLE,42,reason|RR|UN|UN|UN|reason|UN|UN|reason|UN|reason|UN|reason|UN|reason|UN|reason|UN|reason|UN|reason|UN|reason|UN|reason|UN|reason|UN|reason|UN|reason|UN|reason|UN|reason|UN|reason|UN|reason|UN|reason|RR,UN,0.5,0.8504,0.0,0.0,0.0,0.5,0.0476,0.4524
hle_945,directllm,HLE,31,reason|reason|RR|PD|reason|RR|PD|RR|IC|IC|reason|reason|IC|RR|IC|RR|reason|reason|reason|reason|reason|RR|RR|RR|reason|PD|reason|reason|IC|PD|IC,reason,0.4194,1.2961,0.0,0.129,0.1935,0.0,0.2581,0.4194
hle_948,directllm,HLE,43,reason|reason|IC|reason|reason|IC|reason|reason|reason|IC|reason|reason|reason|reason|RR|reason|UN|reason|reason|reason|reason|RR|reason|reason|reason|reason|reason|PD|reason|reason|reason|reason|IC|reason|reason|reason|reason|PD|PD|reason|IC|PD|PD,reason,0.6977,0.9817,0.0,0.1163,0.1163,0.0233,0.0465,0.6977
hle_95,directllm,HLE,30,reason|reason|PD|PD|PD|reason|reason|PD|reason|PD|reason|PD|UN|RR|RR|reason|UN|RR|RR|reason|UN|RR|reason|PD|reason|RR|reason|reason|reason|PD,reason,0.4333,1.267,0.0,0.2667,0.0,0.1,0.2,0.4333
hle_966,directllm,HLE,20,reason|reason|RR|reason|RR|RR|RR|RR|UN|UN|UN|UN|IC|UN|reason|reason|PD|reason|reason|PD,reason,0.35,1.4406,0.0,0.1,0.05,0.25,0.25,0.35
hle_967,directllm,HLE,56,reason|reason|PD|PD|UN|PD|reason|reason|reason|PD|reason|reason|reason|RR|UN|reason|reason|UN|PD|RR|reason|reason|UN|reason|RR|PD|RR|UN|reason|RR|RR|reason|RR|reason|RR|reason|RR|PD|RR|reason|RR|reason|RR|RR|UN|RR|reason|UN|RR|RR|IC|RR|reason|reason|PD|PD,reason,0.3929,1.3546,0.0,0.1607,0.0179,0.125,0.3036,0.3929
hle_969,directllm,HLE,25,reason|reason|RR|RR|UN|UN|RR|RR|RR|PD|RR|PD|RR|reason|reason|reason|RR|RR|RR|RR|UN|RR|UN|IC|UN,RR,0.48,1.3269,0.0,0.08,0.04,0.2,0.48,0.2
hle_970,directllm,HLE,63,reason|reason|reason|PD|reason|reason|IC|RR|IC|IC|RR|RR|reason|reason|reason|IC|IC|reason|RR|reason|UN|IC|IC|reason|reason|reason|IC|IC|IC|reason|reason|reason|IC|IC|IC|IC|IC|IC|IC|IC|IC|IC|IC|IC|IC|IC|IC|IC|IC|IC|IC|IC|IC|IC|IC|IC|IC|IC|IC|IC|IC|IC|IC,IC,0.6508,0.9342,0.0,0.0159,0.6508,0.0159,0.0635,0.254
hle_971,directllm,HLE,18,reason|reason|reason|reason|reason|PD|reason|reason|reason|PD|reason|PD|reason|reason|reason|reason|reason|PD,reason,0.7778,0.5297,0.0,0.2222,0.0,0.0,0.0,0.7778
hle_978,directllm,HLE,14,reason|reason|RR|UN|IC|RR|reason|RR|RR|RR|PD|reason|IC|RR,RR,0.4286,1.3761,0.0,0.0714,0.1429,0.0714,0.4286,0.2857
hle_98,directllm,HLE,17,reason|RR|IC|reason|UN|PD|reason|reason|reason|reason|reason|reason|reason|PD|reason|reason|IC,reason,0.6471,1.1185,0.0,0.1176,0.1176,0.0588,0.0588,0.6471
hle_980,directllm,HLE,26,reason|RR|RR|UN|RR|UN|RR|UN|reason|UN|UN|UN|UN|UN|reason|UN|reason|IC|reason|RR|IC|reason|UN|reason|PD|PD,UN,0.3846,1.4324,0.0,0.0769,0.0769,0.3846,0.1923,0.2692
hle_981,directllm,HLE,17,reason|reason|UN|RR|reason|RR|reason|RR|reason|reason|UN|RR|RR|RR|reason|reason|SE,reason,0.4706,1.1407,0.0588,0.0,0.0,0.1176,0.3529,0.4706
hle_988,directllm,HLE,76,reason|reason|reason|reason|reason|reason|IC|reason|PD|reason|reason|reason|reason|reason|reason|reason|reason|reason|reason|RR|reason|reason|reason|reason|reason|reason|reason|reason|reason|PD|reason|reason|RR|reason|IC|reason|reason|reason|reason|reason|RR|RR|PD|reason|PD|RR|IC|IC|RR|RR|IC|PD|reason|SE|UN|reason|reason|reason|RR|RR|reason|IC|RR|reason|reason|reason|reason|RR|RR|IC|IC|RR|reason|reason|SE|PD,reason,0.6053,1.1961,0.0263,0.0789,0.1053,0.0132,0.1711,0.6053
hle_997,directllm,HLE,32,PD|RR|reason|RR|RR|RR|PD|UN|RR|reason|IC|reason|RR|reason|reason|RR|RR|IC|reason|PD|reason|reason|reason|reason|reason|reason|reason|reason|reason|reason|PD|reason,reason,0.5312,1.2241,0.0,0.125,0.0625,0.0312,0.25,0.5312
hle_999,directllm,HLE,9,PD|reason|RR|reason|UN|reason|RR|PD|RR,reason,0.3333,1.3108,0.0,0.2222,0.0,0.1111,0.3333,0.3333
hle_1,opencode,HLE,13,reason|reason|reason|reason|reason|reason|reason|reason|reason|reason|reason|reason|reason,reason,1.0,0.0,0.0,0.0,0.0,0.0,0.0,1.0
hle_1008,opencode,HLE,1,RR,RR,1.0,0.0,0.0,0.0,0.0,0.0,1.0,0.0
hle_1009,opencode,HLE,2,UN|UN,UN,1.0,0.0,0.0,0.0,0.0,1.0,0.0,0.0
hle_1012,opencode,HLE,2,RR|RR,RR,1.0,0.0,0.0,0.0,0.0,0.0,1.0,0.0
hle_1019,opencode,HLE,2,RR|RR,RR,1.0,0.0,0.0,0.0,0.0,0.0,1.0,0.0
hle_1021,opencode,HLE,3,PD|PD|PD,PD,1.0,0.0,0.0,1.0,0.0,0.0,0.0,0.0
hle_1022,opencode,HLE,2,UN|UN,UN,1.0,0.0,0.0,0.0,0.0,1.0,0.0,0.0
hle_1023,opencode,HLE,1,PD,PD,1.0,0.0,0.0,1.0,0.0,0.0,0.0,0.0
hle_1024,opencode,HLE,2,UN|UN,UN,1.0,0.0,0.0,0.0,0.0,1.0,0.0,0.0
hle_1031,opencode,HLE,2,RR|RR,RR,1.0,0.0,0.0,0.0,0.0,0.0,1.0,0.0
hle_1038,opencode,HLE,2,UN|UN,UN,1.0,0.0,0.0,0.0,0.0,1.0,0.0,0.0
hle_1045,opencode,HLE,1,PD,PD,1.0,0.0,0.0,1.0,0.0,0.0,0.0,0.0
hle_1046,opencode,HLE,2,UN|UN,UN,1.0,0.0,0.0,0.0,0.0,1.0,0.0,0.0
hle_1047,opencode,HLE,2,IC|IC,IC,1.0,0.0,0.0,0.0,1.0,0.0,0.0,0.0
hle_1048,opencode,HLE,2,PD|PD,PD,1.0,0.0,0.0,1.0,0.0,0.0,0.0,0.0
hle_1049,opencode,HLE,1,RR,RR,1.0,0.0,0.0,0.0,0.0,0.0,1.0,0.0
hle_1050,opencode,HLE,1,RR,RR,1.0,0.0,0.0,0.0,0.0,0.0,1.0,0.0
hle_1051,opencode,HLE,2,PD|PD,PD,1.0,0.0,0.0,1.0,0.0,0.0,0.0,0.0
hle_1052,opencode,HLE,1,RR,RR,1.0,0.0,0.0,0.0,0.0,0.0,1.0,0.0
hle_1054,opencode,HLE,2,SE|SE,SE,1.0,0.0,1.0,0.0,0.0,0.0,0.0,0.0
hle_1055,opencode,HLE,2,UN|UN,UN,1.0,0.0,0.0,0.0,0.0,1.0,0.0,0.0
hle_1056,opencode,HLE,2,PD|PD,PD,1.0,0.0,0.0,1.0,0.0,0.0,0.0,0.0
hle_1057,opencode,HLE,2,PD|PD,PD,1.0,0.0,0.0,1.0,0.0,0.0,0.0,0.0
hle_1058,opencode,HLE,21,reason|reason|UN|UN|RR|reason|RR|reason|UN|reason|reason|reason|reason|reason|reason|reason|reason|reason|reason|IC|UN,reason,0.6667,0.9551,0.0,0.0,0.0476,0.1905,0.0952,0.6667
hle_1066,opencode,HLE,2,RR|RR,RR,1.0,0.0,0.0,0.0,0.0,0.0,1.0,0.0
hle_1067,opencode,HLE,2,IC|IC,IC,1.0,0.0,0.0,0.0,1.0,0.0,0.0,0.0
hle_1070,opencode,HLE,2,RR|RR,RR,1.0,0.0,0.0,0.0,0.0,0.0,1.0,0.0
hle_1071,opencode,HLE,2,UN|UN,UN,1.0,0.0,0.0,0.0,0.0,1.0,0.0,0.0
hle_1073,opencode,HLE,20,reason|reason|UN|UN|UN|UN|UN|UN|UN|UN|UN|UN|UN|UN|UN|UN|UN|UN|UN|UN,UN,0.9,0.3251,0.0,0.0,0.0,0.9,0.0,0.1
hle_1074,opencode,HLE,2,UN|UN,UN,1.0,0.0,0.0,0.0,0.0,1.0,0.0,0.0
hle_1077,opencode,HLE,2,RR|RR,RR,1.0,0.0,0.0,0.0,0.0,0.0,1.0,0.0
hle_1079,opencode,HLE,6,reason|reason|UN|reason|IC|UN,reason,0.5,1.0114,0.0,0.0,0.1667,0.3333,0.0,0.5
hle_108,opencode,HLE,1,RR,RR,1.0,0.0,0.0,0.0,0.0,0.0,1.0,0.0
hle_1080,opencode,HLE,2,RR|RR,RR,1.0,0.0,0.0,0.0,0.0,0.0,1.0,0.0
hle_1081,opencode,HLE,6,reason|reason|reason|UN|IC|UN,reason,0.5,1.0114,0.0,0.0,0.1667,0.3333,0.0,0.5
hle_1083,opencode,HLE,11,UN|UN|reason|UN|UN|UN|UN|UN|reason|reason|UN,UN,0.7273,0.586,0.0,0.0,0.0,0.7273,0.0,0.2727
hle_1084,opencode,HLE,4,reason|reason|RR|RR,reason,0.5,0.6931,0.0,0.0,0.0,0.0,0.5,0.5
hle_1088,opencode,HLE,4,UN|RR|RR|RR,RR,0.75,0.5623,0.0,0.0,0.0,0.25,0.75,0.0
hle_1089,opencode,HLE,4,UN|reason|reason|UN,UN,0.5,0.6931,0.0,0.0,0.0,0.5,0.0,0.5
hle_109,opencode,HLE,2,UN|UN,UN,1.0,0.0,0.0,0.0,0.0,1.0,0.0,0.0
hle_1098,opencode,HLE,1,RR,RR,1.0,0.0,0.0,0.0,0.0,0.0,1.0,0.0
hle_11,opencode,HLE,2,IC|IC,IC,1.0,0.0,0.0,0.0,1.0,0.0,0.0,0.0
hle_1108,opencode,HLE,1,PD,PD,1.0,0.0,0.0,1.0,0.0,0.0,0.0,0.0
hle_1109,opencode,HLE,1,IC,IC,1.0,0.0,0.0,0.0,1.0,0.0,0.0,0.0
hle_111,opencode,HLE,2,IC|IC,IC,1.0,0.0,0.0,0.0,1.0,0.0,0.0,0.0
hle_1116,opencode,HLE,2,PD|PD,PD,1.0,0.0,0.0,1.0,0.0,0.0,0.0,0.0
hle_1119,opencode,HLE,4,reason|reason|RR|RR,reason,0.5,0.6931,0.0,0.0,0.0,0.0,0.5,0.5
hle_112,opencode,HLE,2,PD|PD,PD,1.0,0.0,0.0,1.0,0.0,0.0,0.0,0.0
hle_1120,opencode,HLE,1,UN,UN,1.0,0.0,0.0,0.0,0.0,1.0,0.0,0.0
hle_1126,opencode,HLE,2,PD|PD,PD,1.0,0.0,0.0,1.0,0.0,0.0,0.0,0.0
hle_1127,opencode,HLE,2,PD|PD,PD,1.0,0.0,0.0,1.0,0.0,0.0,0.0,0.0
hle_1128,opencode,HLE,2,PD|PD,PD,1.0,0.0,0.0,1.0,0.0,0.0,0.0,0.0
hle_1129,opencode,HLE,2,UN|UN,UN,1.0,0.0,0.0,0.0,0.0,1.0,0.0,0.0
hle_1130,opencode,HLE,2,RR|RR,RR,1.0,0.0,0.0,0.0,0.0,0.0,1.0,0.0
hle_1133,opencode,HLE,46,reason|reason|UN|reason|UN|UN|UN|UN|UN|UN|UN|UN|UN|UN|UN|UN|UN|UN|UN|UN|UN|UN|UN|UN|UN|UN|UN|UN|UN|UN|UN|UN|UN|UN|UN|UN|UN|UN|UN|UN|UN|UN|UN|UN|UN|UN,UN,0.9348,0.2411,0.0,0.0,0.0,0.9348,0.0,0.0652
hle_1135,opencode,HLE,2,UN|UN,UN,1.0,0.0,0.0,0.0,0.0,1.0,0.0,0.0
hle_1137,opencode,HLE,2,RR|RR,RR,1.0,0.0,0.0,0.0,0.0,0.0,1.0,0.0
hle_1138,opencode,HLE,2,PD|PD,PD,1.0,0.0,0.0,1.0,0.0,0.0,0.0,0.0
hle_1139,opencode,HLE,2,PD|PD,PD,1.0,0.0,0.0,1.0,0.0,0.0,0.0,0.0
hle_114,opencode,HLE,2,PD|PD,PD,1.0,0.0,0.0,1.0,0.0,0.0,0.0,0.0
hle_115,opencode,HLE,2,UN|UN,UN,1.0,0.0,0.0,0.0,0.0,1.0,0.0,0.0
hle_1150,opencode,HLE,50,UN|reason|reason|reason|reason|reason|reason|reason|reason|reason|reason|reason|reason|reason|reason|reason|reason|reason|reason|reason|reason|reason|reason|reason|reason|reason|reason|reason|reason|reason|reason|reason|reason|reason|reason|reason|reason|reason|reason|reason|reason|reason|reason|reason|reason|reason|reason|reason|reason|UN,reason,0.96,0.1679,0.0,0.0,0.0,0.04,0.0,0.96
hle_1153,opencode,HLE,2,RR|RR,RR,1.0,0.0,0.0,0.0,0.0,0.0,1.0,0.0
hle_1159,opencode,HLE,3,reason|RR|RR,RR,0.6667,0.6365,0.0,0.0,0.0,0.0,0.6667,0.3333
hle_1166,opencode,HLE,2,RR|RR,RR,1.0,0.0,0.0,0.0,0.0,0.0,1.0,0.0
hle_117,opencode,HLE,3,PD|RR|UN,PD,0.3333,1.0986,0.0,0.3333,0.0,0.3333,0.3333,0.0
hle_1174,opencode,HLE,2,UN|UN,UN,1.0,0.0,0.0,0.0,0.0,1.0,0.0,0.0
hle_1177,opencode,HLE,2,RR|RR,RR,1.0,0.0,0.0,0.0,0.0,0.0,1.0,0.0
hle_1179,opencode,HLE,2,PD|PD,PD,1.0,0.0,0.0,1.0,0.0,0.0,0.0,0.0
hle_118,opencode,HLE,2,IC|IC,IC,1.0,0.0,0.0,0.0,1.0,0.0,0.0,0.0
hle_1182,opencode,HLE,116,reason|reason|reason|reason|reason|UN|reason|reason|reason|reason|reason|reason|reason|reason|reason|reason|reason|reason|reason|reason|reason|reason|reason|reason|reason|reason|reason|reason|reason|reason|reason|reason|reason|reason|reason|reason|reason|reason|reason|reason|reason|reason|reason|reason|reason|reason|reason|reason|reason|reason|reason|reason|reason|reason|reason|reason|reason|reason|reason|reason|reason|reason|reason|reason|reason|reason|reason|reason|reason|reason|reason|reason|reason|reason|reason|reason|reason|reason|reason|reason|reason|reason|reason|reason|reason|reason|reason|reason|reason|reason|reason|reason|reason|reason|reason|reason|reason|reason|reason|reason|reason|reason|reason|reason|reason|reason|reason|reason|reason|reason|reason|reason|reason|reason|reason|UN,reason,0.9828,0.0871,0.0,0.0,0.0,0.0172,0.0,0.9828
hle_1188,opencode,HLE,2,RR|RR,RR,1.0,0.0,0.0,0.0,0.0,0.0,1.0,0.0
hle_119,opencode,HLE,1,PD,PD,1.0,0.0,0.0,1.0,0.0,0.0,0.0,0.0
hle_1192,opencode,HLE,2,RR|RR,RR,1.0,0.0,0.0,0.0,0.0,0.0,1.0,0.0
hle_1196,opencode,HLE,2,PD|PD,PD,1.0,0.0,0.0,1.0,0.0,0.0,0.0,0.0
hle_1198,opencode,HLE,1,IC,IC,1.0,0.0,0.0,0.0,1.0,0.0,0.0,0.0
hle_120,opencode,HLE,6,reason|reason|reason|RR|UN|RR,reason,0.5,1.0114,0.0,0.0,0.0,0.1667,0.3333,0.5
hle_1207,opencode,HLE,2,PD|PD,PD,1.0,0.0,0.0,1.0,0.0,0.0,0.0,0.0
hle_1215,opencode,HLE,2,PD|PD,PD,1.0,0.0,0.0,1.0,0.0,0.0,0.0,0.0
hle_1219,opencode,HLE,2,IC|IC,IC,1.0,0.0,0.0,0.0,1.0,0.0,0.0,0.0
hle_1220,opencode,HLE,2,UN|UN,UN,1.0,0.0,0.0,0.0,0.0,1.0,0.0,0.0
hle_123,opencode,HLE,10,reason|reason|reason|reason|reason|reason|reason|reason|reason|reason,reason,1.0,0.0,0.0,0.0,0.0,0.0,0.0,1.0
hle_1231,opencode,HLE,1,RR,RR,1.0,0.0,0.0,0.0,0.0,0.0,1.0,0.0
hle_1234,opencode,HLE,4,UN|RR|RR|RR,RR,0.75,0.5623,0.0,0.0,0.0,0.25,0.75,0.0
hle_1235,opencode,HLE,46,reason|reason|reason|reason|reason|reason|reason|reason|reason|reason|reason|reason|reason|reason|reason|reason|reason|reason|reason|reason|reason|reason|reason|reason|reason|reason|reason|reason|reason|reason|reason|reason|reason|reason|reason|reason|reason|reason|reason|reason|reason|reason|reason|reason|reason|reason,reason,1.0,0.0,0.0,0.0,0.0,0.0,0.0,1.0
hle_1236,opencode,HLE,47,PD|reason|UN|UN|UN|reason|reason|reason|reason|reason|reason|reason|reason|reason|reason|reason|reason|reason|reason|reason|reason|reason|reason|reason|reason|reason|reason|reason|reason|reason|reason|reason|reason|reason|reason|reason|reason|reason|reason|reason|reason|reason|reason|reason|reason|reason|UN,reason,0.8936,0.3921,0.0,0.0213,0.0,0.0851,0.0,0.8936
hle_1240,opencode,HLE,2,PD|PD,PD,1.0,0.0,0.0,1.0,0.0,0.0,0.0,0.0
hle_1241,opencode,HLE,2,RR|RR,RR,1.0,0.0,0.0,0.0,0.0,0.0,1.0,0.0
hle_1246,opencode,HLE,1,UN,UN,1.0,0.0,0.0,0.0,0.0,1.0,0.0,0.0
hle_1249,opencode,HLE,2,IC|IC,IC,1.0,0.0,0.0,0.0,1.0,0.0,0.0,0.0
hle_126,opencode,HLE,7,UN|reason|UN|RR|UN|UN|UN,UN,0.7143,0.7963,0.0,0.0,0.0,0.7143,0.1429,0.1429
hle_1260,opencode,HLE,1,UN,UN,1.0,0.0,0.0,0.0,0.0,1.0,0.0,0.0
hle_1263,opencode,HLE,2,RR|RR,RR,1.0,0.0,0.0,0.0,0.0,0.0,1.0,0.0
hle_1269,opencode,HLE,93,IC|reason|reason|reason|reason|reason|reason|reason|reason|reason|reason|reason|reason|reason|reason|reason|reason|reason|reason|reason|reason|reason|reason|reason|reason|reason|reason|reason|reason|reason|reason|reason|reason|reason|reason|reason|reason|reason|reason|reason|reason|reason|reason|reason|reason|reason|reason|reason|reason|reason|reason|reason|reason|reason|reason|reason|reason|reason|reason|reason|reason|reason|reason|reason|reason|reason|reason|reason|reason|reason|reason|reason|reason|reason|reason|reason|reason|reason|reason|reason|reason|reason|reason|reason|reason|reason|reason|reason|reason|reason|reason|reason|IC,reason,0.9785,0.1038,0.0,0.0,0.0215,0.0,0.0,0.9785
hle_1272,opencode,HLE,2,IC|IC,IC,1.0,0.0,0.0,0.0,1.0,0.0,0.0,0.0
hle_1276,opencode,HLE,2,UN|UN,UN,1.0,0.0,0.0,0.0,0.0,1.0,0.0,0.0
hle_1285,opencode,HLE,2,UN|UN,UN,1.0,0.0,0.0,0.0,0.0,1.0,0.0,0.0
hle_1290,opencode,HLE,2,IC|IC,IC,1.0,0.0,0.0,0.0,1.0,0.0,0.0,0.0
hle_1292,opencode,HLE,88,reason|reason|reason|reason|reason|reason|reason|reason|reason|reason|reason|reason|reason|reason|reason|reason|reason|reason|reason|reason|reason|reason|reason|reason|reason|reason|reason|reason|reason|reason|reason|reason|reason|reason|reason|reason|reason|reason|reason|reason|reason|reason|reason|reason|reason|reason|reason|reason|reason|reason|reason|reason|reason|reason|reason|reason|reason|reason|reason|reason|reason|reason|reason|reason|reason|reason|reason|reason|reason|reason|reason|reason|reason|reason|reason|reason|reason|reason|reason|reason|reason|reason|reason|reason|reason|reason|reason|reason,reason,1.0,0.0,0.0,0.0,0.0,0.0,0.0,1.0
hle_1298,opencode,HLE,2,UN|UN,UN,1.0,0.0,0.0,0.0,0.0,1.0,0.0,0.0
hle_13,opencode,HLE,2,RR|RR,RR,1.0,0.0,0.0,0.0,0.0,0.0,1.0,0.0
hle_1301,opencode,HLE,1,RR,RR,1.0,0.0,0.0,0.0,0.0,0.0,1.0,0.0
hle_1308,opencode,HLE,3,RR|reason|RR,RR,0.6667,0.6365,0.0,0.0,0.0,0.0,0.6667,0.3333
hle_1309,opencode,HLE,4,reason|reason|IC|IC,reason,0.5,0.6931,0.0,0.0,0.5,0.0,0.0,0.5
hle_131,opencode,HLE,2,UN|UN,UN,1.0,0.0,0.0,0.0,0.0,1.0,0.0,0.0
hle_1312,opencode,HLE,2,RR|RR,RR,1.0,0.0,0.0,0.0,0.0,0.0,1.0,0.0
hle_1315,opencode,HLE,2,IC|IC,IC,1.0,0.0,0.0,0.0,1.0,0.0,0.0,0.0
hle_1316,opencode,HLE,2,RR|RR,RR,1.0,0.0,0.0,0.0,0.0,0.0,1.0,0.0
hle_1317,opencode,HLE,2,RR|RR,RR,1.0,0.0,0.0,0.0,0.0,0.0,1.0,0.0
hle_1325,opencode,HLE,1,UN,UN,1.0,0.0,0.0,0.0,0.0,1.0,0.0,0.0
hle_1330,opencode,HLE,1,RR,RR,1.0,0.0,0.0,0.0,0.0,0.0,1.0,0.0
hle_1332,opencode,HLE,2,RR|RR,RR,1.0,0.0,0.0,0.0,0.0,0.0,1.0,0.0
hle_1333,opencode,HLE,3,UN|reason|UN,UN,0.6667,0.6365,0.0,0.0,0.0,0.6667,0.0,0.3333
hle_1334,opencode,HLE,2,IC|IC,IC,1.0,0.0,0.0,0.0,1.0,0.0,0.0,0.0
hle_1339,opencode,HLE,4,UN|reason|reason|UN,UN,0.5,0.6931,0.0,0.0,0.0,0.5,0.0,0.5
hle_1340,opencode,HLE,2,UN|UN,UN,1.0,0.0,0.0,0.0,0.0,1.0,0.0,0.0
hle_1341,opencode,HLE,2,IC|IC,IC,1.0,0.0,0.0,0.0,1.0,0.0,0.0,0.0
hle_1342,opencode,HLE,2,RR|RR,RR,1.0,0.0,0.0,0.0,0.0,0.0,1.0,0.0
hle_1344,opencode,HLE,2,RR|RR,RR,1.0,0.0,0.0,0.0,0.0,0.0,1.0,0.0
hle_1347,opencode,HLE,2,IC|IC,IC,1.0,0.0,0.0,0.0,1.0,0.0,0.0,0.0
hle_136,opencode,HLE,1,RR,RR,1.0,0.0,0.0,0.0,0.0,0.0,1.0,0.0
hle_1365,opencode,HLE,2,RR|RR,RR,1.0,0.0,0.0,0.0,0.0,0.0,1.0,0.0
hle_1370,opencode,HLE,7,UN|reason|reason|reason|reason|reason|UN,reason,0.7143,0.5983,0.0,0.0,0.0,0.2857,0.0,0.7143
hle_1376,opencode,HLE,2,RR|RR,RR,1.0,0.0,0.0,0.0,0.0,0.0,1.0,0.0
hle_1379,opencode,HLE,59,reason|reason|reason|UN|reason|reason|reason|reason|reason|reason|reason|reason|reason|reason|reason|reason|reason|reason|reason|reason|reason|reason|reason|reason|reason|reason|reason|reason|reason|reason|reason|reason|reason|reason|reason|reason|reason|reason|reason|reason|reason|reason|reason|reason|reason|reason|reason|reason|reason|reason|reason|reason|reason|reason|reason|reason|reason|IC|IC,reason,0.9492,0.2334,0.0,0.0,0.0339,0.0169,0.0,0.9492
hle_138,opencode,HLE,3,IC|RR|RR,RR,0.6667,0.6365,0.0,0.0,0.3333,0.0,0.6667,0.0
hle_1380,opencode,HLE,2,RR|RR,RR,1.0,0.0,0.0,0.0,0.0,0.0,1.0,0.0
hle_1381,opencode,HLE,2,UN|UN,UN,1.0,0.0,0.0,0.0,0.0,1.0,0.0,0.0
hle_1382,opencode,HLE,2,UN|UN,UN,1.0,0.0,0.0,0.0,0.0,1.0,0.0,0.0
hle_1383,opencode,HLE,2,PD|PD,PD,1.0,0.0,0.0,1.0,0.0,0.0,0.0,0.0
hle_1384,opencode,HLE,1,RR,RR,1.0,0.0,0.0,0.0,0.0,0.0,1.0,0.0
hle_1385,opencode,HLE,2,RR|RR,RR,1.0,0.0,0.0,0.0,0.0,0.0,1.0,0.0
hle_1386,opencode,HLE,2,UN|UN,UN,1.0,0.0,0.0,0.0,0.0,1.0,0.0,0.0
hle_1388,opencode,HLE,2,UN|UN,UN,1.0,0.0,0.0,0.0,0.0,1.0,0.0,0.0
hle_1389,opencode,HLE,2,reason|reason,reason,1.0,0.0,0.0,0.0,0.0,0.0,0.0,1.0
hle_1390,opencode,HLE,2,RR|RR,RR,1.0,0.0,0.0,0.0,0.0,0.0,1.0,0.0
hle_1391,opencode,HLE,2,RR|RR,RR,1.0,0.0,0.0,0.0,0.0,0.0,1.0,0.0
hle_1392,opencode,HLE,3,PD|IC|PD,PD,0.6667,0.6365,0.0,0.6667,0.3333,0.0,0.0,0.0
hle_1393,opencode,HLE,2,UN|UN,UN,1.0,0.0,0.0,0.0,0.0,1.0,0.0,0.0
hle_1394,opencode,HLE,1,RR,RR,1.0,0.0,0.0,0.0,0.0,0.0,1.0,0.0
hle_1395,opencode,HLE,2,UN|UN,UN,1.0,0.0,0.0,0.0,0.0,1.0,0.0,0.0
hle_1396,opencode,HLE,2,UN|UN,UN,1.0,0.0,0.0,0.0,0.0,1.0,0.0,0.0
hle_1397,opencode,HLE,2,RR|RR,RR,1.0,0.0,0.0,0.0,0.0,0.0,1.0,0.0
hle_1399,opencode,HLE,4,PD|reason|IC|RR,PD,0.25,1.3863,0.0,0.25,0.25,0.0,0.25,0.25
hle_14,opencode,HLE,2,IC|IC,IC,1.0,0.0,0.0,0.0,1.0,0.0,0.0,0.0
hle_1401,opencode,HLE,2,RR|RR,RR,1.0,0.0,0.0,0.0,0.0,0.0,1.0,0.0
hle_1407,opencode,HLE,1,UN,UN,1.0,0.0,0.0,0.0,0.0,1.0,0.0,0.0
hle_141,opencode,HLE,2,IC|IC,IC,1.0,0.0,0.0,0.0,1.0,0.0,0.0,0.0
hle_1415,opencode,HLE,2,RR|RR,RR,1.0,0.0,0.0,0.0,0.0,0.0,1.0,0.0
hle_1419,opencode,HLE,2,PD|PD,PD,1.0,0.0,0.0,1.0,0.0,0.0,0.0,0.0
hle_142,opencode,HLE,2,reason|reason,reason,1.0,0.0,0.0,0.0,0.0,0.0,0.0,1.0
hle_1420,opencode,HLE,2,RR|RR,RR,1.0,0.0,0.0,0.0,0.0,0.0,1.0,0.0
hle_1423,opencode,HLE,1,RR,RR,1.0,0.0,0.0,0.0,0.0,0.0,1.0,0.0
hle_1424,opencode,HLE,2,UN|UN,UN,1.0,0.0,0.0,0.0,0.0,1.0,0.0,0.0
hle_1433,opencode,HLE,5,reason|reason|reason|IC|IC,reason,0.6,0.673,0.0,0.0,0.4,0.0,0.0,0.6
hle_1436,opencode,HLE,1,IC,IC,1.0,0.0,0.0,0.0,1.0,0.0,0.0,0.0
hle_144,opencode,HLE,1,PD,PD,1.0,0.0,0.0,1.0,0.0,0.0,0.0,0.0
hle_1444,opencode,HLE,2,RR|RR,RR,1.0,0.0,0.0,0.0,0.0,0.0,1.0,0.0
hle_1446,opencode,HLE,2,reason|reason,reason,1.0,0.0,0.0,0.0,0.0,0.0,0.0,1.0
hle_145,opencode,HLE,5,UN|reason|reason|RR|RR,reason,0.4,1.0549,0.0,0.0,0.0,0.2,0.4,0.4
hle_1450,opencode,HLE,1,RR,RR,1.0,0.0,0.0,0.0,0.0,0.0,1.0,0.0
hle_1452,opencode,HLE,2,RR|RR,RR,1.0,0.0,0.0,0.0,0.0,0.0,1.0,0.0
hle_1454,opencode,HLE,2,IC|IC,IC,1.0,0.0,0.0,0.0,1.0,0.0,0.0,0.0
hle_1457,opencode,HLE,2,RR|RR,RR,1.0,0.0,0.0,0.0,0.0,0.0,1.0,0.0
hle_1458,opencode,HLE,2,UN|UN,UN,1.0,0.0,0.0,0.0,0.0,1.0,0.0,0.0
hle_1459,opencode,HLE,31,UN|UN|reason|UN|reason|UN|UN|UN|reason|reason|reason|reason|UN|UN|reason|UN|UN|reason|UN|reason|reason|reason|UN|reason|reason|reason|reason|reason|reason|UN|UN,reason,0.5484,0.6885,0.0,0.0,0.0,0.4516,0.0,0.5484
hle_1460,opencode,HLE,2,RR|RR,RR,1.0,0.0,0.0,0.0,0.0,0.0,1.0,0.0
hle_1462,opencode,HLE,2,UN|UN,UN,1.0,0.0,0.0,0.0,0.0,1.0,0.0,0.0
hle_1463,opencode,HLE,2,IC|IC,IC,1.0,0.0,0.0,0.0,1.0,0.0,0.0,0.0
hle_1467,opencode,HLE,1,RR,RR,1.0,0.0,0.0,0.0,0.0,0.0,1.0,0.0
hle_1476,opencode,HLE,2,reason|reason,reason,1.0,0.0,0.0,0.0,0.0,0.0,0.0,1.0
hle_1481,opencode,HLE,50,reason|reason|reason|reason|reason|reason|reason|reason|reason|reason|reason|reason|reason|reason|reason|reason|reason|reason|reason|reason|reason|reason|reason|reason|reason|reason|reason|reason|reason|reason|reason|reason|reason|reason|reason|reason|reason|reason|reason|reason|reason|reason|reason|reason|reason|reason|reason|reason|reason|reason,reason,1.0,0.0,0.0,0.0,0.0,0.0,0.0,1.0
hle_1487,opencode,HLE,2,UN|UN,UN,1.0,0.0,0.0,0.0,0.0,1.0,0.0,0.0
hle_1488,opencode,HLE,1,PD,PD,1.0,0.0,0.0,1.0,0.0,0.0,0.0,0.0
hle_1489,opencode,HLE,2,IC|IC,IC,1.0,0.0,0.0,0.0,1.0,0.0,0.0,0.0
hle_1494,opencode,HLE,2,UN|UN,UN,1.0,0.0,0.0,0.0,0.0,1.0,0.0,0.0
hle_1502,opencode,HLE,2,RR|RR,RR,1.0,0.0,0.0,0.0,0.0,0.0,1.0,0.0
hle_1504,opencode,HLE,2,RR|RR,RR,1.0,0.0,0.0,0.0,0.0,0.0,1.0,0.0
hle_1505,opencode,HLE,2,UN|UN,UN,1.0,0.0,0.0,0.0,0.0,1.0,0.0,0.0
hle_1509,opencode,HLE,94,reason|UN|UN|UN|UN|UN|UN|UN|UN|UN|UN|UN|UN|UN|UN|UN|UN|UN|UN|UN|UN|UN|UN|UN|UN|UN|UN|UN|UN|UN|UN|UN|UN|UN|UN|UN|UN|UN|UN|UN|UN|UN|UN|UN|UN|UN|UN|UN|UN|UN|UN|UN|UN|UN|UN|UN|UN|UN|UN|UN|UN|UN|UN|UN|UN|UN|UN|UN|UN|UN|UN|UN|UN|UN|UN|UN|UN|UN|UN|UN|UN|UN|UN|UN|UN|UN|UN|UN|UN|UN|UN|UN|UN|UN,UN,0.9894,0.0589,0.0,0.0,0.0,0.9894,0.0,0.0106
hle_1511,opencode,HLE,2,reason|reason,reason,1.0,0.0,0.0,0.0,0.0,0.0,0.0,1.0
hle_1512,opencode,HLE,13,reason|reason|reason|reason|reason|reason|reason|reason|reason|reason|reason|reason|reason,reason,1.0,0.0,0.0,0.0,0.0,0.0,0.0,1.0
hle_1513,opencode,HLE,2,UN|UN,UN,1.0,0.0,0.0,0.0,0.0,1.0,0.0,0.0
hle_1517,opencode,HLE,2,IC|IC,IC,1.0,0.0,0.0,0.0,1.0,0.0,0.0,0.0
hle_1518,opencode,HLE,2,RR|RR,RR,1.0,0.0,0.0,0.0,0.0,0.0,1.0,0.0
hle_1519,opencode,HLE,2,RR|RR,RR,1.0,0.0,0.0,0.0,0.0,0.0,1.0,0.0
hle_1520,opencode,HLE,1,RR,RR,1.0,0.0,0.0,0.0,0.0,0.0,1.0,0.0
hle_1522,opencode,HLE,3,UN|IC|UN,UN,0.6667,0.6365,0.0,0.0,0.3333,0.6667,0.0,0.0
hle_1524,opencode,HLE,2,reason|reason,reason,1.0,0.0,0.0,0.0,0.0,0.0,0.0,1.0
hle_1528,opencode,HLE,1,RR,RR,1.0,0.0,0.0,0.0,0.0,0.0,1.0,0.0
hle_1530,opencode,HLE,2,UN|UN,UN,1.0,0.0,0.0,0.0,0.0,1.0,0.0,0.0
hle_1534,opencode,HLE,2,RR|RR,RR,1.0,0.0,0.0,0.0,0.0,0.0,1.0,0.0
hle_1536,opencode,HLE,2,RR|RR,RR,1.0,0.0,0.0,0.0,0.0,0.0,1.0,0.0
hle_1545,opencode,HLE,1,RR,RR,1.0,0.0,0.0,0.0,0.0,0.0,1.0,0.0
hle_1546,opencode,HLE,2,RR|RR,RR,1.0,0.0,0.0,0.0,0.0,0.0,1.0,0.0
hle_1547,opencode,HLE,2,RR|RR,RR,1.0,0.0,0.0,0.0,0.0,0.0,1.0,0.0
hle_155,opencode,HLE,1,RR,RR,1.0,0.0,0.0,0.0,0.0,0.0,1.0,0.0
hle_1553,opencode,HLE,2,IC|IC,IC,1.0,0.0,0.0,0.0,1.0,0.0,0.0,0.0
hle_1563,opencode,HLE,1,RR,RR,1.0,0.0,0.0,0.0,0.0,0.0,1.0,0.0
hle_1565,opencode,HLE,2,IC|IC,IC,1.0,0.0,0.0,0.0,1.0,0.0,0.0,0.0
hle_1567,opencode,HLE,3,PD|PD|UN,PD,0.6667,0.6365,0.0,0.6667,0.0,0.3333,0.0,0.0
hle_1568,opencode,HLE,2,RR|RR,RR,1.0,0.0,0.0,0.0,0.0,0.0,1.0,0.0
hle_1569,opencode,HLE,2,UN|UN,UN,1.0,0.0,0.0,0.0,0.0,1.0,0.0,0.0
hle_1572,opencode,HLE,2,UN|UN,UN,1.0,0.0,0.0,0.0,0.0,1.0,0.0,0.0
hle_1577,opencode,HLE,2,PD|PD,PD,1.0,0.0,0.0,1.0,0.0,0.0,0.0,0.0
hle_158,opencode,HLE,4,RR|RR|IC|RR,RR,0.75,0.5623,0.0,0.0,0.25,0.0,0.75,0.0
hle_1586,opencode,HLE,8,UN|UN|UN|UN|reason|UN|UN|UN,UN,0.875,0.3768,0.0,0.0,0.0,0.875,0.0,0.125
hle_1590,opencode,HLE,1,RR,RR,1.0,0.0,0.0,0.0,0.0,0.0,1.0,0.0
hle_1596,opencode,HLE,4,UN|PD|PD|PD,PD,0.75,0.5623,0.0,0.75,0.0,0.25,0.0,0.0
hle_1598,opencode,HLE,2,RR|RR,RR,1.0,0.0,0.0,0.0,0.0,0.0,1.0,0.0
hle_16,opencode,HLE,2,RR|RR,RR,1.0,0.0,0.0,0.0,0.0,0.0,1.0,0.0
hle_1601,opencode,HLE,2,UN|UN,UN,1.0,0.0,0.0,0.0,0.0,1.0,0.0,0.0
hle_1606,opencode,HLE,1,IC,IC,1.0,0.0,0.0,0.0,1.0,0.0,0.0,0.0
hle_1613,opencode,HLE,4,RR|reason|IC|RR,RR,0.5,1.0397,0.0,0.0,0.25,0.0,0.5,0.25
hle_1630,opencode,HLE,2,RR|RR,RR,1.0,0.0,0.0,0.0,0.0,0.0,1.0,0.0
hle_1651,opencode,HLE,2,UN|UN,UN,1.0,0.0,0.0,0.0,0.0,1.0,0.0,0.0
hle_1666,opencode,HLE,2,reason|reason,reason,1.0,0.0,0.0,0.0,0.0,0.0,0.0,1.0
hle_167,opencode,HLE,2,UN|UN,UN,1.0,0.0,0.0,0.0,0.0,1.0,0.0,0.0
hle_1672,opencode,HLE,1,reason,reason,1.0,0.0,0.0,0.0,0.0,0.0,0.0,1.0
hle_1676,opencode,HLE,2,UN|UN,UN,1.0,0.0,0.0,0.0,0.0,1.0,0.0,0.0
hle_1679,opencode,HLE,1,RR,RR,1.0,0.0,0.0,0.0,0.0,0.0,1.0,0.0
hle_1680,opencode,HLE,3,RR|RR|RR,RR,1.0,0.0,0.0,0.0,0.0,0.0,1.0,0.0
hle_1682,opencode,HLE,2,UN|UN,UN,1.0,0.0,0.0,0.0,0.0,1.0,0.0,0.0
hle_1683,opencode,HLE,3,reason|IC|IC,IC,0.6667,0.6365,0.0,0.0,0.6667,0.0,0.0,0.3333
hle_1685,opencode,HLE,4,PD|RR|reason|RR,RR,0.5,1.0397,0.0,0.25,0.0,0.0,0.5,0.25
hle_1686,opencode,HLE,2,IC|IC,IC,1.0,0.0,0.0,0.0,1.0,0.0,0.0,0.0
hle_169,opencode,HLE,1,UN,UN,1.0,0.0,0.0,0.0,0.0,1.0,0.0,0.0
hle_1690,opencode,HLE,3,PD|reason|PD,PD,0.6667,0.6365,0.0,0.6667,0.0,0.0,0.0,0.3333
hle_1694,opencode,HLE,5,reason|UN|RR|RR|RR,RR,0.6,0.9503,0.0,0.0,0.0,0.2,0.6,0.2
hle_1696,opencode,HLE,1,RR,RR,1.0,0.0,0.0,0.0,0.0,0.0,1.0,0.0
hle_1697,opencode,HLE,2,IC|IC,IC,1.0,0.0,0.0,0.0,1.0,0.0,0.0,0.0
hle_1699,opencode,HLE,3,UN|IC|UN,UN,0.6667,0.6365,0.0,0.0,0.3333,0.6667,0.0,0.0
hle_1705,opencode,HLE,1,reason,reason,1.0,0.0,0.0,0.0,0.0,0.0,0.0,1.0
hle_1716,opencode,HLE,2,UN|UN,UN,1.0,0.0,0.0,0.0,0.0,1.0,0.0,0.0
hle_1719,opencode,HLE,4,PD|reason|UN|PD,PD,0.5,1.0397,0.0,0.5,0.0,0.25,0.0,0.25
hle_1740,opencode,HLE,2,PD|PD,PD,1.0,0.0,0.0,1.0,0.0,0.0,0.0,0.0
hle_1743,opencode,HLE,2,IC|IC,IC,1.0,0.0,0.0,0.0,1.0,0.0,0.0,0.0
hle_1745,opencode,HLE,2,PD|PD,PD,1.0,0.0,0.0,1.0,0.0,0.0,0.0,0.0
hle_1749,opencode,HLE,2,IC|IC,IC,1.0,0.0,0.0,0.0,1.0,0.0,0.0,0.0
hle_1750,opencode,HLE,2,UN|UN,UN,1.0,0.0,0.0,0.0,0.0,1.0,0.0,0.0
hle_1755,opencode,HLE,2,reason|reason,reason,1.0,0.0,0.0,0.0,0.0,0.0,0.0,1.0
hle_1756,opencode,HLE,2,UN|UN,UN,1.0,0.0,0.0,0.0,0.0,1.0,0.0,0.0
hle_176,opencode,HLE,2,PD|PD,PD,1.0,0.0,0.0,1.0,0.0,0.0,0.0,0.0
hle_1761,opencode,HLE,2,reason|reason,reason,1.0,0.0,0.0,0.0,0.0,0.0,0.0,1.0
hle_1762,opencode,HLE,1,UN,UN,1.0,0.0,0.0,0.0,0.0,1.0,0.0,0.0
hle_1766,opencode,HLE,2,IC|IC,IC,1.0,0.0,0.0,0.0,1.0,0.0,0.0,0.0
hle_178,opencode,HLE,1,UN,UN,1.0,0.0,0.0,0.0,0.0,1.0,0.0,0.0
hle_1787,opencode,HLE,1,RR,RR,1.0,0.0,0.0,0.0,0.0,0.0,1.0,0.0
hle_179,opencode,HLE,2,PD|PD,PD,1.0,0.0,0.0,1.0,0.0,0.0,0.0,0.0
hle_1792,opencode,HLE,5,PD|UN|IC|IC|PD,PD,0.4,1.0549,0.0,0.4,0.4,0.2,0.0,0.0
hle_1799,opencode,HLE,2,UN|UN,UN,1.0,0.0,0.0,0.0,0.0,1.0,0.0,0.0
hle_1800,opencode,HLE,14,PD|reason|reason|PD|PD|UN|IC|PD|reason|UN|RR|RR|PD|UN,PD,0.3571,1.4944,0.0,0.3571,0.0714,0.2143,0.1429,0.2143
hle_1803,opencode,HLE,1,RR,RR,1.0,0.0,0.0,0.0,0.0,0.0,1.0,0.0
hle_1804,opencode,HLE,8,RR|reason|reason|RR|RR|RR|RR|RR,RR,0.75,0.5623,0.0,0.0,0.0,0.0,0.75,0.25
hle_1808,opencode,HLE,2,RR|RR,RR,1.0,0.0,0.0,0.0,0.0,0.0,1.0,0.0
hle_1809,opencode,HLE,2,RR|RR,RR,1.0,0.0,0.0,0.0,0.0,0.0,1.0,0.0
hle_1810,opencode,HLE,2,UN|UN,UN,1.0,0.0,0.0,0.0,0.0,1.0,0.0,0.0
hle_1817,opencode,HLE,2,reason|reason,reason,1.0,0.0,0.0,0.0,0.0,0.0,0.0,1.0
hle_1827,opencode,HLE,4,reason|reason|UN|UN,reason,0.5,0.6931,0.0,0.0,0.0,0.5,0.0,0.5
hle_1836,opencode,HLE,8,RR|reason|reason|reason|RR|reason|IC|RR,reason,0.5,0.9743,0.0,0.0,0.125,0.0,0.375,0.5
hle_1837,opencode,HLE,47,reason|UN|reason|UN|UN|UN|UN|UN|UN|UN|UN|UN|UN|UN|UN|UN|UN|UN|UN|UN|UN|UN|UN|UN|UN|UN|UN|UN|UN|UN|UN|UN|UN|UN|UN|UN|UN|UN|UN|UN|UN|UN|UN|UN|UN|UN|UN,UN,0.9574,0.176,0.0,0.0,0.0,0.9574,0.0,0.0426
hle_184,opencode,HLE,5,RR|reason|RR|RR|RR,RR,0.8,0.5004,0.0,0.0,0.0,0.0,0.8,0.2
hle_1843,opencode,HLE,1,RR,RR,1.0,0.0,0.0,0.0,0.0,0.0,1.0,0.0
hle_1847,opencode,HLE,2,RR|RR,RR,1.0,0.0,0.0,0.0,0.0,0.0,1.0,0.0
hle_185,opencode,HLE,2,PD|PD,PD,1.0,0.0,0.0,1.0,0.0,0.0,0.0,0.0
hle_1853,opencode,HLE,8,PD|RR|UN|UN|RR|RR|IC|RR,RR,0.5,1.213,0.0,0.125,0.125,0.25,0.5,0.0
hle_1855,opencode,HLE,2,UN|UN,UN,1.0,0.0,0.0,0.0,0.0,1.0,0.0,0.0
hle_1856,opencode,HLE,2,IC|IC,IC,1.0,0.0,0.0,0.0,1.0,0.0,0.0,0.0
hle_1861,opencode,HLE,2,RR|RR,RR,1.0,0.0,0.0,0.0,0.0,0.0,1.0,0.0
hle_1862,opencode,HLE,3,reason|IC|IC,IC,0.6667,0.6365,0.0,0.0,0.6667,0.0,0.0,0.3333
hle_1863,opencode,HLE,3,PD|PD|PD,PD,1.0,0.0,0.0,1.0,0.0,0.0,0.0,0.0
hle_1864,opencode,HLE,2,reason|reason,reason,1.0,0.0,0.0,0.0,0.0,0.0,0.0,1.0
hle_1865,opencode,HLE,1,PD,PD,1.0,0.0,0.0,1.0,0.0,0.0,0.0,0.0
hle_1869,opencode,HLE,2,IC|IC,IC,1.0,0.0,0.0,0.0,1.0,0.0,0.0,0.0
hle_187,opencode,HLE,2,RR|RR,RR,1.0,0.0,0.0,0.0,0.0,0.0,1.0,0.0
hle_1871,opencode,HLE,4,reason|reason|IC|IC,reason,0.5,0.6931,0.0,0.0,0.5,0.0,0.0,0.5
hle_1877,opencode,HLE,2,IC|IC,IC,1.0,0.0,0.0,0.0,1.0,0.0,0.0,0.0
hle_1880,opencode,HLE,2,UN|UN,UN,1.0,0.0,0.0,0.0,0.0,1.0,0.0,0.0
hle_1884,opencode,HLE,2,RR|RR,RR,1.0,0.0,0.0,0.0,0.0,0.0,1.0,0.0
hle_1889,opencode,HLE,1,RR,RR,1.0,0.0,0.0,0.0,0.0,0.0,1.0,0.0
hle_189,opencode,HLE,2,IC|IC,IC,1.0,0.0,0.0,0.0,1.0,0.0,0.0,0.0
hle_1890,opencode,HLE,4,RR|reason|reason|RR,RR,0.5,0.6931,0.0,0.0,0.0,0.0,0.5,0.5
hle_1909,opencode,HLE,2,UN|UN,UN,1.0,0.0,0.0,0.0,0.0,1.0,0.0,0.0
hle_191,opencode,HLE,2,UN|UN,UN,1.0,0.0,0.0,0.0,0.0,1.0,0.0,0.0
hle_1917,opencode,HLE,3,RR|IC|RR,RR,0.6667,0.6365,0.0,0.0,0.3333,0.0,0.6667,0.0
hle_1919,opencode,HLE,2,IC|IC,IC,1.0,0.0,0.0,0.0,1.0,0.0,0.0,0.0
hle_1920,opencode,HLE,2,reason|reason,reason,1.0,0.0,0.0,0.0,0.0,0.0,0.0,1.0
hle_1922,opencode,HLE,2,IC|IC,IC,1.0,0.0,0.0,0.0,1.0,0.0,0.0,0.0
hle_1926,opencode,HLE,4,PD|UN|reason|UN,UN,0.5,1.0397,0.0,0.25,0.0,0.5,0.0,0.25
hle_1927,opencode,HLE,2,PD|PD,PD,1.0,0.0,0.0,1.0,0.0,0.0,0.0,0.0
hle_1928,opencode,HLE,2,IC|IC,IC,1.0,0.0,0.0,0.0,1.0,0.0,0.0,0.0
hle_193,opencode,HLE,2,UN|UN,UN,1.0,0.0,0.0,0.0,0.0,1.0,0.0,0.0
hle_1938,opencode,HLE,2,RR|RR,RR,1.0,0.0,0.0,0.0,0.0,0.0,1.0,0.0
hle_1940,opencode,HLE,3,UN|UN|UN,UN,1.0,0.0,0.0,0.0,0.0,1.0,0.0,0.0
hle_1945,opencode,HLE,2,reason|reason,reason,1.0,0.0,0.0,0.0,0.0,0.0,0.0,1.0
hle_1946,opencode,HLE,2,PD|PD,PD,1.0,0.0,0.0,1.0,0.0,0.0,0.0,0.0
hle_1947,opencode,HLE,2,RR|RR,RR,1.0,0.0,0.0,0.0,0.0,0.0,1.0,0.0
hle_1958,opencode,HLE,1,RR,RR,1.0,0.0,0.0,0.0,0.0,0.0,1.0,0.0
hle_1965,opencode,HLE,1,RR,RR,1.0,0.0,0.0,0.0,0.0,0.0,1.0,0.0
hle_1972,opencode,HLE,1,RR,RR,1.0,0.0,0.0,0.0,0.0,0.0,1.0,0.0
hle_1980,opencode,HLE,2,IC|IC,IC,1.0,0.0,0.0,0.0,1.0,0.0,0.0,0.0
hle_2003,opencode,HLE,2,reason|reason,reason,1.0,0.0,0.0,0.0,0.0,0.0,0.0,1.0
hle_2005,opencode,HLE,1,RR,RR,1.0,0.0,0.0,0.0,0.0,0.0,1.0,0.0
hle_2010,opencode,HLE,2,UN|UN,UN,1.0,0.0,0.0,0.0,0.0,1.0,0.0,0.0
hle_2016,opencode,HLE,1,UN,UN,1.0,0.0,0.0,0.0,0.0,1.0,0.0,0.0
hle_2022,opencode,HLE,4,RR|reason|RR|UN,RR,0.5,1.0397,0.0,0.0,0.0,0.25,0.5,0.25
hle_2024,opencode,HLE,2,UN|UN,UN,1.0,0.0,0.0,0.0,0.0,1.0,0.0,0.0
hle_2037,opencode,HLE,2,PD|PD,PD,1.0,0.0,0.0,1.0,0.0,0.0,0.0,0.0
hle_2038,opencode,HLE,2,reason|reason,reason,1.0,0.0,0.0,0.0,0.0,0.0,0.0,1.0
hle_2043,opencode,HLE,5,PD|UN|RR|IC|UN,UN,0.4,1.3322,0.0,0.2,0.2,0.4,0.2,0.0
hle_2046,opencode,HLE,4,UN|reason|IC|UN,UN,0.5,1.0397,0.0,0.0,0.25,0.5,0.0,0.25
hle_2060,opencode,HLE,1,PD,PD,1.0,0.0,0.0,1.0,0.0,0.0,0.0,0.0
hle_2062,opencode,HLE,2,IC|IC,IC,1.0,0.0,0.0,0.0,1.0,0.0,0.0,0.0
hle_2073,opencode,HLE,2,IC|IC,IC,1.0,0.0,0.0,0.0,1.0,0.0,0.0,0.0
hle_2074,opencode,HLE,2,RR|RR,RR,1.0,0.0,0.0,0.0,0.0,0.0,1.0,0.0
hle_2084,opencode,HLE,1,UN,UN,1.0,0.0,0.0,0.0,0.0,1.0,0.0,0.0
hle_2087,opencode,HLE,2,PD|PD,PD,1.0,0.0,0.0,1.0,0.0,0.0,0.0,0.0
hle_2088,opencode,HLE,2,UN|UN,UN,1.0,0.0,0.0,0.0,0.0,1.0,0.0,0.0
hle_2091,opencode,HLE,2,RR|RR,RR,1.0,0.0,0.0,0.0,0.0,0.0,1.0,0.0
hle_2093,opencode,HLE,4,PD|reason|IC|IC,IC,0.5,1.0397,0.0,0.25,0.5,0.0,0.0,0.25
hle_2097,opencode,HLE,2,RR|RR,RR,1.0,0.0,0.0,0.0,0.0,0.0,1.0,0.0
hle_210,opencode,HLE,1,reason,reason,1.0,0.0,0.0,0.0,0.0,0.0,0.0,1.0
hle_2111,opencode,HLE,2,PD|PD,PD,1.0,0.0,0.0,1.0,0.0,0.0,0.0,0.0
hle_2116,opencode,HLE,8,UN|UN|UN|reason|reason|UN|RR|UN,UN,0.625,0.9003,0.0,0.0,0.0,0.625,0.125,0.25
hle_2117,opencode,HLE,2,RR|RR,RR,1.0,0.0,0.0,0.0,0.0,0.0,1.0,0.0
hle_212,opencode,HLE,2,UN|UN,UN,1.0,0.0,0.0,0.0,0.0,1.0,0.0,0.0
hle_2120,opencode,HLE,1,RR,RR,1.0,0.0,0.0,0.0,0.0,0.0,1.0,0.0
hle_2132,opencode,HLE,1,UN,UN,1.0,0.0,0.0,0.0,0.0,1.0,0.0,0.0
hle_2140,opencode,HLE,3,RR|reason|RR,RR,0.6667,0.6365,0.0,0.0,0.0,0.0,0.6667,0.3333
hle_2153,opencode,HLE,14,UN|reason|reason|reason|UN|reason|reason|UN|reason|reason|reason|reason|IC|UN,reason,0.6429,0.8305,0.0,0.0,0.0714,0.2857,0.0,0.6429
hle_2154,opencode,HLE,2,IC|IC,IC,1.0,0.0,0.0,0.0,1.0,0.0,0.0,0.0
hle_2158,opencode,HLE,2,RR|RR,RR,1.0,0.0,0.0,0.0,0.0,0.0,1.0,0.0
hle_2163,opencode,HLE,2,PD|PD,PD,1.0,0.0,0.0,1.0,0.0,0.0,0.0,0.0
hle_2168,opencode,HLE,6,PD|reason|reason|reason|reason|PD,reason,0.6667,0.6365,0.0,0.3333,0.0,0.0,0.0,0.6667
hle_2174,opencode,HLE,2,IC|IC,IC,1.0,0.0,0.0,0.0,1.0,0.0,0.0,0.0
hle_2177,opencode,HLE,2,RR|RR,RR,1.0,0.0,0.0,0.0,0.0,0.0,1.0,0.0
hle_2179,opencode,HLE,3,RR|reason|RR,RR,0.6667,0.6365,0.0,0.0,0.0,0.0,0.6667,0.3333
hle_218,opencode,HLE,2,UN|UN,UN,1.0,0.0,0.0,0.0,0.0,1.0,0.0,0.0
hle_2181,opencode,HLE,2,PD|PD,PD,1.0,0.0,0.0,1.0,0.0,0.0,0.0,0.0
hle_2182,opencode,HLE,2,IC|IC,IC,1.0,0.0,0.0,0.0,1.0,0.0,0.0,0.0
hle_2187,opencode,HLE,1,RR,RR,1.0,0.0,0.0,0.0,0.0,0.0,1.0,0.0
hle_2191,opencode,HLE,2,UN|UN,UN,1.0,0.0,0.0,0.0,0.0,1.0,0.0,0.0
hle_2197,opencode,HLE,2,RR|RR,RR,1.0,0.0,0.0,0.0,0.0,0.0,1.0,0.0
hle_2199,opencode,HLE,2,RR|RR,RR,1.0,0.0,0.0,0.0,0.0,0.0,1.0,0.0
hle_2200,opencode,HLE,2,RR|RR,RR,1.0,0.0,0.0,0.0,0.0,0.0,1.0,0.0
hle_2202,opencode,HLE,2,PD|PD,PD,1.0,0.0,0.0,1.0,0.0,0.0,0.0,0.0
hle_2203,opencode,HLE,2,IC|IC,IC,1.0,0.0,0.0,0.0,1.0,0.0,0.0,0.0
hle_2212,opencode,HLE,1,RR,RR,1.0,0.0,0.0,0.0,0.0,0.0,1.0,0.0
hle_2214,opencode,HLE,50,UN|reason|reason|reason|reason|UN|UN|UN|UN|UN|UN|UN|UN|UN|UN|UN|UN|UN|UN|UN|UN|UN|UN|UN|UN|UN|UN|UN|UN|UN|UN|UN|UN|UN|UN|UN|UN|UN|UN|UN|UN|UN|UN|UN|UN|UN|UN|UN|UN|UN,UN,0.92,0.2788,0.0,0.0,0.0,0.92,0.0,0.08
hle_2220,opencode,HLE,1,UN,UN,1.0,0.0,0.0,0.0,0.0,1.0,0.0,0.0
hle_2225,opencode,HLE,6,reason|reason|reason|reason|reason|reason,reason,1.0,0.0,0.0,0.0,0.0,0.0,0.0,1.0
hle_2248,opencode,HLE,6,IC|reason|reason|IC|UN|IC,IC,0.5,1.0114,0.0,0.0,0.5,0.1667,0.0,0.3333
hle_2250,opencode,HLE,2,PD|PD,PD,1.0,0.0,0.0,1.0,0.0,0.0,0.0,0.0
hle_2252,opencode,HLE,2,RR|RR,RR,1.0,0.0,0.0,0.0,0.0,0.0,1.0,0.0
hle_2257,opencode,HLE,1,RR,RR,1.0,0.0,0.0,0.0,0.0,0.0,1.0,0.0
hle_2261,opencode,HLE,1,RR,RR,1.0,0.0,0.0,0.0,0.0,0.0,1.0,0.0
hle_2263,opencode,HLE,9,reason|reason|reason|reason|reason|reason|reason|reason|reason,reason,1.0,0.0,0.0,0.0,0.0,0.0,0.0,1.0
hle_2285,opencode,HLE,2,UN|UN,UN,1.0,0.0,0.0,0.0,0.0,1.0,0.0,0.0
hle_2305,opencode,HLE,57,reason|reason|UN|reason|UN|UN|UN|UN|UN|UN|UN|UN|UN|UN|UN|UN|UN|UN|UN|UN|UN|UN|UN|UN|UN|UN|UN|UN|UN|UN|UN|UN|UN|UN|UN|UN|UN|UN|UN|UN|UN|UN|UN|UN|UN|UN|UN|UN|UN|UN|UN|UN|UN|UN|UN|UN|UN,UN,0.9474,0.2062,0.0,0.0,0.0,0.9474,0.0,0.0526
hle_2308,opencode,HLE,2,UN|UN,UN,1.0,0.0,0.0,0.0,0.0,1.0,0.0,0.0
hle_2318,opencode,HLE,2,PD|PD,PD,1.0,0.0,0.0,1.0,0.0,0.0,0.0,0.0
hle_2324,opencode,HLE,2,IC|IC,IC,1.0,0.0,0.0,0.0,1.0,0.0,0.0,0.0
hle_2326,opencode,HLE,9,PD|RR|UN|RR|RR|UN|RR|RR|RR,RR,0.6667,0.8487,0.0,0.1111,0.0,0.2222,0.6667,0.0
hle_2332,opencode,HLE,2,PD|PD,PD,1.0,0.0,0.0,1.0,0.0,0.0,0.0,0.0
hle_2333,opencode,HLE,2,reason|reason,reason,1.0,0.0,0.0,0.0,0.0,0.0,0.0,1.0
hle_2334,opencode,HLE,2,PD|PD,PD,1.0,0.0,0.0,1.0,0.0,0.0,0.0,0.0
hle_2335,opencode,HLE,2,reason|reason,reason,1.0,0.0,0.0,0.0,0.0,0.0,0.0,1.0
hle_2337,opencode,HLE,2,RR|RR,RR,1.0,0.0,0.0,0.0,0.0,0.0,1.0,0.0
hle_2354,opencode,HLE,2,UN|UN,UN,1.0,0.0,0.0,0.0,0.0,1.0,0.0,0.0
hle_236,opencode,HLE,2,RR|RR,RR,1.0,0.0,0.0,0.0,0.0,0.0,1.0,0.0
hle_2360,opencode,HLE,4,reason|reason|IC|IC,reason,0.5,0.6931,0.0,0.0,0.5,0.0,0.0,0.5
hle_2364,opencode,HLE,2,IC|IC,IC,1.0,0.0,0.0,0.0,1.0,0.0,0.0,0.0
hle_2367,opencode,HLE,20,reason|reason|reason|reason|reason|reason|reason|reason|reason|reason|reason|reason|reason|reason|reason|reason|reason|reason|reason|reason,reason,1.0,0.0,0.0,0.0,0.0,0.0,0.0,1.0
hle_2371,opencode,HLE,3,reason|IC|IC,IC,0.6667,0.6365,0.0,0.0,0.6667,0.0,0.0,0.3333
hle_2373,opencode,HLE,2,IC|IC,IC,1.0,0.0,0.0,0.0,1.0,0.0,0.0,0.0
hle_2379,opencode,HLE,2,RR|RR,RR,1.0,0.0,0.0,0.0,0.0,0.0,1.0,0.0
hle_2389,opencode,HLE,1,RR,RR,1.0,0.0,0.0,0.0,0.0,0.0,1.0,0.0
hle_241,opencode,HLE,2,RR|RR,RR,1.0,0.0,0.0,0.0,0.0,0.0,1.0,0.0
hle_242,opencode,HLE,2,PD|PD,PD,1.0,0.0,0.0,1.0,0.0,0.0,0.0,0.0
hle_243,opencode,HLE,3,reason|UN|UN,UN,0.6667,0.6365,0.0,0.0,0.0,0.6667,0.0,0.3333
hle_2470,opencode,HLE,4,PD|UN|RR|RR,RR,0.5,1.0397,0.0,0.25,0.0,0.25,0.5,0.0
hle_2486,opencode,HLE,2,UN|UN,UN,1.0,0.0,0.0,0.0,0.0,1.0,0.0,0.0
hle_251,opencode,HLE,2,PD|PD,PD,1.0,0.0,0.0,1.0,0.0,0.0,0.0,0.0
hle_262,opencode,HLE,6,reason|UN|UN|reason|reason|UN,reason,0.5,0.6931,0.0,0.0,0.0,0.5,0.0,0.5
hle_267,opencode,HLE,3,PD|UN|PD,PD,0.6667,0.6365,0.0,0.6667,0.0,0.3333,0.0,0.0
hle_27,opencode,HLE,14,IC|reason|reason|reason|reason|reason|reason|reason|reason|reason|reason|reason|IC|IC,reason,0.7857,0.5196,0.0,0.0,0.2143,0.0,0.0,0.7857
hle_272,opencode,HLE,1,UN,UN,1.0,0.0,0.0,0.0,0.0,1.0,0.0,0.0
hle_278,opencode,HLE,5,RR|reason|RR|RR|RR,RR,0.8,0.5004,0.0,0.0,0.0,0.0,0.8,0.2
hle_280,opencode,HLE,3,UN|IC|IC,IC,0.6667,0.6365,0.0,0.0,0.6667,0.3333,0.0,0.0
hle_283,opencode,HLE,2,RR|RR,RR,1.0,0.0,0.0,0.0,0.0,0.0,1.0,0.0
hle_288,opencode,HLE,9,reason|reason|UN|reason|UN|UN|UN|UN|UN,UN,0.6667,0.6365,0.0,0.0,0.0,0.6667,0.0,0.3333
hle_293,opencode,HLE,2,RR|RR,RR,1.0,0.0,0.0,0.0,0.0,0.0,1.0,0.0
hle_294,opencode,HLE,2,UN|UN,UN,1.0,0.0,0.0,0.0,0.0,1.0,0.0,0.0
hle_302,opencode,HLE,3,reason|UN|UN,UN,0.6667,0.6365,0.0,0.0,0.0,0.6667,0.0,0.3333
hle_309,opencode,HLE,1,UN,UN,1.0,0.0,0.0,0.0,0.0,1.0,0.0,0.0
hle_32,opencode,HLE,2,RR|RR,RR,1.0,0.0,0.0,0.0,0.0,0.0,1.0,0.0
hle_328,opencode,HLE,2,IC|IC,IC,1.0,0.0,0.0,0.0,1.0,0.0,0.0,0.0
hle_329,opencode,HLE,2,PD|PD,PD,1.0,0.0,0.0,1.0,0.0,0.0,0.0,0.0
hle_330,opencode,HLE,1,RR,RR,1.0,0.0,0.0,0.0,0.0,0.0,1.0,0.0
hle_331,opencode,HLE,2,RR|RR,RR,1.0,0.0,0.0,0.0,0.0,0.0,1.0,0.0
hle_335,opencode,HLE,1,reason,reason,1.0,0.0,0.0,0.0,0.0,0.0,0.0,1.0
hle_337,opencode,HLE,2,PD|PD,PD,1.0,0.0,0.0,1.0,0.0,0.0,0.0,0.0
hle_338,opencode,HLE,6,UN|reason|reason|reason|reason|UN,reason,0.6667,0.6365,0.0,0.0,0.0,0.3333,0.0,0.6667
hle_341,opencode,HLE,5,UN|UN|UN|UN|UN,UN,1.0,0.0,0.0,0.0,0.0,1.0,0.0,0.0
hle_344,opencode,HLE,1,UN,UN,1.0,0.0,0.0,0.0,0.0,1.0,0.0,0.0
hle_346,opencode,HLE,3,reason|reason|reason,reason,1.0,0.0,0.0,0.0,0.0,0.0,0.0,1.0
hle_35,opencode,HLE,2,reason|reason,reason,1.0,0.0,0.0,0.0,0.0,0.0,0.0,1.0
hle_350,opencode,HLE,4,reason|reason|UN|UN,reason,0.5,0.6931,0.0,0.0,0.0,0.5,0.0,0.5
hle_351,opencode,HLE,2,PD|PD,PD,1.0,0.0,0.0,1.0,0.0,0.0,0.0,0.0
hle_354,opencode,HLE,2,RR|RR,RR,1.0,0.0,0.0,0.0,0.0,0.0,1.0,0.0
hle_358,opencode,HLE,5,reason|reason|UN|UN|UN,UN,0.6,0.673,0.0,0.0,0.0,0.6,0.0,0.4
hle_366,opencode,HLE,1,PD,PD,1.0,0.0,0.0,1.0,0.0,0.0,0.0,0.0
hle_368,opencode,HLE,2,UN|UN,UN,1.0,0.0,0.0,0.0,0.0,1.0,0.0,0.0
hle_37,opencode,HLE,2,UN|UN,UN,1.0,0.0,0.0,0.0,0.0,1.0,0.0,0.0
hle_370,opencode,HLE,1,RR,RR,1.0,0.0,0.0,0.0,0.0,0.0,1.0,0.0
hle_371,opencode,HLE,1,RR,RR,1.0,0.0,0.0,0.0,0.0,0.0,1.0,0.0
hle_376,opencode,HLE,1,RR,RR,1.0,0.0,0.0,0.0,0.0,0.0,1.0,0.0
hle_380,opencode,HLE,7,reason|reason|reason|reason|reason|reason|reason,reason,1.0,0.0,0.0,0.0,0.0,0.0,0.0,1.0
hle_382,opencode,HLE,2,UN|UN,UN,1.0,0.0,0.0,0.0,0.0,1.0,0.0,0.0
hle_383,opencode,HLE,7,reason|reason|UN|reason|UN|UN|UN,UN,0.5714,0.6829,0.0,0.0,0.0,0.5714,0.0,0.4286
hle_385,opencode,HLE,2,reason|reason,reason,1.0,0.0,0.0,0.0,0.0,0.0,0.0,1.0
hle_388,opencode,HLE,4,reason|reason|RR|RR,reason,0.5,0.6931,0.0,0.0,0.0,0.0,0.5,0.5
hle_389,opencode,HLE,2,IC|IC,IC,1.0,0.0,0.0,0.0,1.0,0.0,0.0,0.0
hle_39,opencode,HLE,2,PD|PD,PD,1.0,0.0,0.0,1.0,0.0,0.0,0.0,0.0
hle_392,opencode,HLE,2,IC|IC,IC,1.0,0.0,0.0,0.0,1.0,0.0,0.0,0.0
hle_402,opencode,HLE,2,IC|IC,IC,1.0,0.0,0.0,0.0,1.0,0.0,0.0,0.0
hle_403,opencode,HLE,11,reason|reason|reason|reason|UN|reason|reason|reason|reason|UN|UN,reason,0.7273,0.586,0.0,0.0,0.0,0.2727,0.0,0.7273
hle_41,opencode,HLE,2,PD|PD,PD,1.0,0.0,0.0,1.0,0.0,0.0,0.0,0.0
hle_410,opencode,HLE,2,RR|RR,RR,1.0,0.0,0.0,0.0,0.0,0.0,1.0,0.0
hle_417,opencode,HLE,2,PD|PD,PD,1.0,0.0,0.0,1.0,0.0,0.0,0.0,0.0
hle_420,opencode,HLE,3,UN|UN|UN,UN,1.0,0.0,0.0,0.0,0.0,1.0,0.0,0.0
hle_426,opencode,HLE,2,PD|PD,PD,1.0,0.0,0.0,1.0,0.0,0.0,0.0,0.0
hle_427,opencode,HLE,2,UN|UN,UN,1.0,0.0,0.0,0.0,0.0,1.0,0.0,0.0
hle_429,opencode,HLE,2,IC|IC,IC,1.0,0.0,0.0,0.0,1.0,0.0,0.0,0.0
hle_432,opencode,HLE,2,RR|RR,RR,1.0,0.0,0.0,0.0,0.0,0.0,1.0,0.0
hle_433,opencode,HLE,2,IC|IC,IC,1.0,0.0,0.0,0.0,1.0,0.0,0.0,0.0
hle_434,opencode,HLE,2,reason|reason,reason,1.0,0.0,0.0,0.0,0.0,0.0,0.0,1.0
hle_435,opencode,HLE,2,RR|RR,RR,1.0,0.0,0.0,0.0,0.0,0.0,1.0,0.0
hle_44,opencode,HLE,1,RR,RR,1.0,0.0,0.0,0.0,0.0,0.0,1.0,0.0
hle_441,opencode,HLE,2,RR|RR,RR,1.0,0.0,0.0,0.0,0.0,0.0,1.0,0.0
hle_450,opencode,HLE,2,PD|PD,PD,1.0,0.0,0.0,1.0,0.0,0.0,0.0,0.0
hle_451,opencode,HLE,2,PD|PD,PD,1.0,0.0,0.0,1.0,0.0,0.0,0.0,0.0
hle_452,opencode,HLE,2,reason|reason,reason,1.0,0.0,0.0,0.0,0.0,0.0,0.0,1.0
hle_454,opencode,HLE,2,UN|UN,UN,1.0,0.0,0.0,0.0,0.0,1.0,0.0,0.0
hle_456,opencode,HLE,2,RR|RR,RR,1.0,0.0,0.0,0.0,0.0,0.0,1.0,0.0
hle_46,opencode,HLE,4,reason|reason|reason|reason,reason,1.0,0.0,0.0,0.0,0.0,0.0,0.0,1.0
hle_460,opencode,HLE,2,UN|UN,UN,1.0,0.0,0.0,0.0,0.0,1.0,0.0,0.0
hle_461,opencode,HLE,1,RR,RR,1.0,0.0,0.0,0.0,0.0,0.0,1.0,0.0
hle_463,opencode,HLE,2,IC|IC,IC,1.0,0.0,0.0,0.0,1.0,0.0,0.0,0.0
hle_467,opencode,HLE,2,IC|IC,IC,1.0,0.0,0.0,0.0,1.0,0.0,0.0,0.0
hle_470,opencode,HLE,1,reason,reason,1.0,0.0,0.0,0.0,0.0,0.0,0.0,1.0
hle_473,opencode,HLE,2,IC|IC,IC,1.0,0.0,0.0,0.0,1.0,0.0,0.0,0.0
hle_476,opencode,HLE,2,RR|RR,RR,1.0,0.0,0.0,0.0,0.0,0.0,1.0,0.0
hle_48,opencode,HLE,2,reason|reason,reason,1.0,0.0,0.0,0.0,0.0,0.0,0.0,1.0
hle_486,opencode,HLE,1,RR,RR,1.0,0.0,0.0,0.0,0.0,0.0,1.0,0.0
hle_496,opencode,HLE,2,RR|RR,RR,1.0,0.0,0.0,0.0,0.0,0.0,1.0,0.0
hle_497,opencode,HLE,2,RR|RR,RR,1.0,0.0,0.0,0.0,0.0,0.0,1.0,0.0
hle_498,opencode,HLE,6,RR|reason|reason|reason|IC|RR,reason,0.5,1.0114,0.0,0.0,0.1667,0.0,0.3333,0.5
hle_499,opencode,HLE,2,RR|RR,RR,1.0,0.0,0.0,0.0,0.0,0.0,1.0,0.0
hle_50,opencode,HLE,2,RR|RR,RR,1.0,0.0,0.0,0.0,0.0,0.0,1.0,0.0
hle_508,opencode,HLE,2,UN|UN,UN,1.0,0.0,0.0,0.0,0.0,1.0,0.0,0.0
hle_52,opencode,HLE,1,UN,UN,1.0,0.0,0.0,0.0,0.0,1.0,0.0,0.0
hle_522,opencode,HLE,4,PD|reason|PD|PD,PD,0.75,0.5623,0.0,0.75,0.0,0.0,0.0,0.25
hle_526,opencode,HLE,2,reason|reason,reason,1.0,0.0,0.0,0.0,0.0,0.0,0.0,1.0
hle_53,opencode,HLE,2,RR|RR,RR,1.0,0.0,0.0,0.0,0.0,0.0,1.0,0.0
hle_531,opencode,HLE,8,reason|reason|reason|reason|reason|reason|reason|reason,reason,1.0,0.0,0.0,0.0,0.0,0.0,0.0,1.0
hle_532,opencode,HLE,3,PD|PD|PD,PD,1.0,0.0,0.0,1.0,0.0,0.0,0.0,0.0
hle_533,opencode,HLE,2,IC|IC,IC,1.0,0.0,0.0,0.0,1.0,0.0,0.0,0.0
hle_539,opencode,HLE,4,RR|reason|RR|RR,RR,0.75,0.5623,0.0,0.0,0.0,0.0,0.75,0.25
hle_54,opencode,HLE,2,RR|RR,RR,1.0,0.0,0.0,0.0,0.0,0.0,1.0,0.0
hle_543,opencode,HLE,4,RR|reason|RR|RR,RR,0.75,0.5623,0.0,0.0,0.0,0.0,0.75,0.25
hle_547,opencode,HLE,7,reason|reason|reason|reason|reason|reason|reason,reason,1.0,0.0,0.0,0.0,0.0,0.0,0.0,1.0
hle_548,opencode,HLE,3,RR|PD|RR,RR,0.6667,0.6365,0.0,0.3333,0.0,0.0,0.6667,0.0
hle_556,opencode,HLE,2,IC|IC,IC,1.0,0.0,0.0,0.0,1.0,0.0,0.0,0.0
hle_568,opencode,HLE,2,IC|IC,IC,1.0,0.0,0.0,0.0,1.0,0.0,0.0,0.0
hle_582,opencode,HLE,3,PD|reason|PD,PD,0.6667,0.6365,0.0,0.6667,0.0,0.0,0.0,0.3333
hle_583,opencode,HLE,3,UN|RR|UN,UN,0.6667,0.6365,0.0,0.0,0.0,0.6667,0.3333,0.0
hle_59,opencode,HLE,2,PD|PD,PD,1.0,0.0,0.0,1.0,0.0,0.0,0.0,0.0
hle_591,opencode,HLE,2,UN|UN,UN,1.0,0.0,0.0,0.0,0.0,1.0,0.0,0.0
hle_592,opencode,HLE,2,RR|RR,RR,1.0,0.0,0.0,0.0,0.0,0.0,1.0,0.0
hle_593,opencode,HLE,2,PD|PD,PD,1.0,0.0,0.0,1.0,0.0,0.0,0.0,0.0
hle_598,opencode,HLE,1,UN,UN,1.0,0.0,0.0,0.0,0.0,1.0,0.0,0.0
hle_60,opencode,HLE,2,UN|UN,UN,1.0,0.0,0.0,0.0,0.0,1.0,0.0,0.0
hle_603,opencode,HLE,2,RR|RR,RR,1.0,0.0,0.0,0.0,0.0,0.0,1.0,0.0
hle_604,opencode,HLE,2,RR|RR,RR,1.0,0.0,0.0,0.0,0.0,0.0,1.0,0.0
hle_607,opencode,HLE,2,IC|IC,IC,1.0,0.0,0.0,0.0,1.0,0.0,0.0,0.0
hle_614,opencode,HLE,2,PD|PD,PD,1.0,0.0,0.0,1.0,0.0,0.0,0.0,0.0
hle_625,opencode,HLE,10,UN|reason|reason|reason|reason|reason|reason|reason|reason|UN,reason,0.8,0.5004,0.0,0.0,0.0,0.2,0.0,0.8
hle_633,opencode,HLE,2,RR|RR,RR,1.0,0.0,0.0,0.0,0.0,0.0,1.0,0.0
hle_636,opencode,HLE,2,UN|UN,UN,1.0,0.0,0.0,0.0,0.0,1.0,0.0,0.0
hle_643,opencode,HLE,1,UN,UN,1.0,0.0,0.0,0.0,0.0,1.0,0.0,0.0
hle_647,opencode,HLE,2,UN|UN,UN,1.0,0.0,0.0,0.0,0.0,1.0,0.0,0.0
hle_653,opencode,HLE,2,IC|IC,IC,1.0,0.0,0.0,0.0,1.0,0.0,0.0,0.0
hle_654,opencode,HLE,1,UN,UN,1.0,0.0,0.0,0.0,0.0,1.0,0.0,0.0
hle_655,opencode,HLE,7,RR|reason|RR|RR|reason|reason|RR,RR,0.5714,0.6829,0.0,0.0,0.0,0.0,0.5714,0.4286
hle_660,opencode,HLE,1,UN,UN,1.0,0.0,0.0,0.0,0.0,1.0,0.0,0.0
hle_661,opencode,HLE,2,RR|RR,RR,1.0,0.0,0.0,0.0,0.0,0.0,1.0,0.0
hle_668,opencode,HLE,2,UN|UN,UN,1.0,0.0,0.0,0.0,0.0,1.0,0.0,0.0
hle_677,opencode,HLE,2,RR|RR,RR,1.0,0.0,0.0,0.0,0.0,0.0,1.0,0.0
hle_678,opencode,HLE,2,IC|IC,IC,1.0,0.0,0.0,0.0,1.0,0.0,0.0,0.0
hle_68,opencode,HLE,2,RR|RR,RR,1.0,0.0,0.0,0.0,0.0,0.0,1.0,0.0
hle_681,opencode,HLE,1,UN,UN,1.0,0.0,0.0,0.0,0.0,1.0,0.0,0.0
hle_687,opencode,HLE,4,UN|reason|reason|UN,UN,0.5,0.6931,0.0,0.0,0.0,0.5,0.0,0.5
hle_688,opencode,HLE,3,reason|reason|reason,reason,1.0,0.0,0.0,0.0,0.0,0.0,0.0,1.0
hle_690,opencode,HLE,6,PD|PD|reason|UN|IC|UN,PD,0.3333,1.3297,0.0,0.3333,0.1667,0.3333,0.0,0.1667
hle_692,opencode,HLE,1,IC,IC,1.0,0.0,0.0,0.0,1.0,0.0,0.0,0.0
hle_694,opencode,HLE,2,RR|RR,RR,1.0,0.0,0.0,0.0,0.0,0.0,1.0,0.0
hle_696,opencode,HLE,1,PD,PD,1.0,0.0,0.0,1.0,0.0,0.0,0.0,0.0
hle_697,opencode,HLE,2,UN|UN,UN,1.0,0.0,0.0,0.0,0.0,1.0,0.0,0.0
hle_698,opencode,HLE,2,UN|UN,UN,1.0,0.0,0.0,0.0,0.0,1.0,0.0,0.0
hle_699,opencode,HLE,2,RR|RR,RR,1.0,0.0,0.0,0.0,0.0,0.0,1.0,0.0
hle_70,opencode,HLE,2,UN|UN,UN,1.0,0.0,0.0,0.0,0.0,1.0,0.0,0.0
hle_700,opencode,HLE,2,RR|RR,RR,1.0,0.0,0.0,0.0,0.0,0.0,1.0,0.0
hle_705,opencode,HLE,4,RR|RR|PD|RR,RR,0.75,0.5623,0.0,0.25,0.0,0.0,0.75,0.0
hle_707,opencode,HLE,2,RR|RR,RR,1.0,0.0,0.0,0.0,0.0,0.0,1.0,0.0
hle_708,opencode,HLE,2,IC|IC,IC,1.0,0.0,0.0,0.0,1.0,0.0,0.0,0.0
hle_711,opencode,HLE,3,PD|UN|PD,PD,0.6667,0.6365,0.0,0.6667,0.0,0.3333,0.0,0.0
hle_72,opencode,HLE,2,RR|RR,RR,1.0,0.0,0.0,0.0,0.0,0.0,1.0,0.0
hle_724,opencode,HLE,2,IC|IC,IC,1.0,0.0,0.0,0.0,1.0,0.0,0.0,0.0
hle_728,opencode,HLE,2,IC|IC,IC,1.0,0.0,0.0,0.0,1.0,0.0,0.0,0.0
hle_747,opencode,HLE,4,PD|reason|reason|PD,PD,0.5,0.6931,0.0,0.5,0.0,0.0,0.0,0.5
hle_75,opencode,HLE,2,RR|RR,RR,1.0,0.0,0.0,0.0,0.0,0.0,1.0,0.0
hle_752,opencode,HLE,2,UN|UN,UN,1.0,0.0,0.0,0.0,0.0,1.0,0.0,0.0
hle_773,opencode,HLE,2,PD|PD,PD,1.0,0.0,0.0,1.0,0.0,0.0,0.0,0.0
hle_779,opencode,HLE,3,PD|PD|PD,PD,1.0,0.0,0.0,1.0,0.0,0.0,0.0,0.0
hle_787,opencode,HLE,4,RR|RR|PD|PD,RR,0.5,0.6931,0.0,0.5,0.0,0.0,0.5,0.0
hle_790,opencode,HLE,2,IC|IC,IC,1.0,0.0,0.0,0.0,1.0,0.0,0.0,0.0
hle_791,opencode,HLE,2,PD|PD,PD,1.0,0.0,0.0,1.0,0.0,0.0,0.0,0.0
hle_792,opencode,HLE,2,RR|RR,RR,1.0,0.0,0.0,0.0,0.0,0.0,1.0,0.0
hle_800,opencode,HLE,3,UN|IC|UN,UN,0.6667,0.6365,0.0,0.0,0.3333,0.6667,0.0,0.0
hle_801,opencode,HLE,2,RR|RR,RR,1.0,0.0,0.0,0.0,0.0,0.0,1.0,0.0
hle_805,opencode,HLE,2,IC|IC,IC,1.0,0.0,0.0,0.0,1.0,0.0,0.0,0.0
hle_807,opencode,HLE,1,RR,RR,1.0,0.0,0.0,0.0,0.0,0.0,1.0,0.0
hle_808,opencode,HLE,2,UN|UN,UN,1.0,0.0,0.0,0.0,0.0,1.0,0.0,0.0
hle_810,opencode,HLE,1,RR,RR,1.0,0.0,0.0,0.0,0.0,0.0,1.0,0.0
hle_812,opencode,HLE,2,UN|UN,UN,1.0,0.0,0.0,0.0,0.0,1.0,0.0,0.0
hle_814,opencode,HLE,2,reason|UN,reason,0.5,0.6931,0.0,0.0,0.0,0.5,0.0,0.5
hle_819,opencode,HLE,2,PD|PD,PD,1.0,0.0,0.0,1.0,0.0,0.0,0.0,0.0
hle_822,opencode,HLE,2,reason|reason,reason,1.0,0.0,0.0,0.0,0.0,0.0,0.0,1.0
hle_825,opencode,HLE,2,reason|reason,reason,1.0,0.0,0.0,0.0,0.0,0.0,0.0,1.0
hle_827,opencode,HLE,2,reason|reason,reason,1.0,0.0,0.0,0.0,0.0,0.0,0.0,1.0
hle_829,opencode,HLE,1,UN,UN,1.0,0.0,0.0,0.0,0.0,1.0,0.0,0.0
hle_830,opencode,HLE,1,RR,RR,1.0,0.0,0.0,0.0,0.0,0.0,1.0,0.0
hle_831,opencode,HLE,1,RR,RR,1.0,0.0,0.0,0.0,0.0,0.0,1.0,0.0
hle_834,opencode,HLE,3,reason|reason|reason,reason,1.0,0.0,0.0,0.0,0.0,0.0,0.0,1.0
hle_835,opencode,HLE,4,UN|reason|reason|UN,UN,0.5,0.6931,0.0,0.0,0.0,0.5,0.0,0.5
hle_84,opencode,HLE,2,PD|PD,PD,1.0,0.0,0.0,1.0,0.0,0.0,0.0,0.0
hle_85,opencode,HLE,2,IC|IC,IC,1.0,0.0,0.0,0.0,1.0,0.0,0.0,0.0
hle_855,opencode,HLE,1,RR,RR,1.0,0.0,0.0,0.0,0.0,0.0,1.0,0.0
hle_867,opencode,HLE,3,RR|PD|PD,PD,0.6667,0.6365,0.0,0.6667,0.0,0.0,0.3333,0.0
hle_87,opencode,HLE,2,IC|IC,IC,1.0,0.0,0.0,0.0,1.0,0.0,0.0,0.0
hle_875,opencode,HLE,2,RR|RR,RR,1.0,0.0,0.0,0.0,0.0,0.0,1.0,0.0
hle_876,opencode,HLE,1,reason,reason,1.0,0.0,0.0,0.0,0.0,0.0,0.0,1.0
hle_877,opencode,HLE,2,IC|IC,IC,1.0,0.0,0.0,0.0,1.0,0.0,0.0,0.0
hle_88,opencode,HLE,2,RR|RR,RR,1.0,0.0,0.0,0.0,0.0,0.0,1.0,0.0
hle_880,opencode,HLE,3,PD|PD|PD,PD,1.0,0.0,0.0,1.0,0.0,0.0,0.0,0.0
hle_883,opencode,HLE,70,reason|reason|reason|reason|reason|reason|reason|reason|reason|reason|reason|reason|reason|reason|reason|reason|reason|reason|reason|reason|reason|reason|reason|reason|reason|reason|reason|reason|reason|reason|reason|reason|reason|reason|reason|reason|reason|reason|reason|reason|reason|reason|reason|reason|reason|reason|reason|reason|reason|reason|reason|reason|reason|reason|reason|reason|reason|reason|reason|reason|reason|reason|reason|reason|reason|reason|reason|reason|reason|reason,reason,1.0,0.0,0.0,0.0,0.0,0.0,0.0,1.0
hle_885,opencode,HLE,2,UN|UN,UN,1.0,0.0,0.0,0.0,0.0,1.0,0.0,0.0
hle_892,opencode,HLE,2,PD|PD,PD,1.0,0.0,0.0,1.0,0.0,0.0,0.0,0.0
hle_893,opencode,HLE,2,PD|PD,PD,1.0,0.0,0.0,1.0,0.0,0.0,0.0,0.0
hle_894,opencode,HLE,2,RR|RR,RR,1.0,0.0,0.0,0.0,0.0,0.0,1.0,0.0
hle_897,opencode,HLE,1,UN,UN,1.0,0.0,0.0,0.0,0.0,1.0,0.0,0.0
hle_905,opencode,HLE,3,RR|IC|RR,RR,0.6667,0.6365,0.0,0.0,0.3333,0.0,0.6667,0.0
hle_911,opencode,HLE,1,RR,RR,1.0,0.0,0.0,0.0,0.0,0.0,1.0,0.0
hle_917,opencode,HLE,2,RR|RR,RR,1.0,0.0,0.0,0.0,0.0,0.0,1.0,0.0
hle_921,opencode,HLE,22,reason|reason|reason|reason|reason|UN|reason|UN|UN|UN|UN|UN|UN|UN|UN|UN|UN|UN|UN|UN|UN|UN,UN,0.7273,0.586,0.0,0.0,0.0,0.7273,0.0,0.2727
hle_923,opencode,HLE,2,RR|RR,RR,1.0,0.0,0.0,0.0,0.0,0.0,1.0,0.0
hle_926,opencode,HLE,6,reason|reason|reason|reason|reason|reason,reason,1.0,0.0,0.0,0.0,0.0,0.0,0.0,1.0
hle_930,opencode,HLE,4,PD|RR|SE|PD,PD,0.5,1.0397,0.25,0.5,0.0,0.0,0.25,0.0
hle_931,opencode,HLE,2,IC|IC,IC,1.0,0.0,0.0,0.0,1.0,0.0,0.0,0.0
hle_934,opencode,HLE,2,IC|IC,IC,1.0,0.0,0.0,0.0,1.0,0.0,0.0,0.0
hle_935,opencode,HLE,2,reason|reason,reason,1.0,0.0,0.0,0.0,0.0,0.0,0.0,1.0
hle_936,opencode,HLE,14,PD|reason|reason|UN|RR|PD|PD|reason|RR|PD|reason|PD|RR|PD,PD,0.4286,1.2397,0.0,0.4286,0.0,0.0714,0.2143,0.2857
hle_937,opencode,HLE,2,reason|reason,reason,1.0,0.0,0.0,0.0,0.0,0.0,0.0,1.0
hle_938,opencode,HLE,11,reason|reason|reason|reason|reason|reason|UN|reason|reason|reason|UN,reason,0.8182,0.4741,0.0,0.0,0.0,0.1818,0.0,0.8182
hle_942,opencode,HLE,1,RR,RR,1.0,0.0,0.0,0.0,0.0,0.0,1.0,0.0
hle_945,opencode,HLE,2,PD|PD,PD,1.0,0.0,0.0,1.0,0.0,0.0,0.0,0.0
hle_948,opencode,HLE,2,IC|IC,IC,1.0,0.0,0.0,0.0,1.0,0.0,0.0,0.0
hle_95,opencode,HLE,2,RR|RR,RR,1.0,0.0,0.0,0.0,0.0,0.0,1.0,0.0
hle_966,opencode,HLE,5,reason|reason|reason|IC|IC,reason,0.6,0.673,0.0,0.0,0.4,0.0,0.0,0.6
hle_967,opencode,HLE,2,IC|IC,IC,1.0,0.0,0.0,0.0,1.0,0.0,0.0,0.0
hle_969,opencode,HLE,1,RR,RR,1.0,0.0,0.0,0.0,0.0,0.0,1.0,0.0
hle_970,opencode,HLE,2,IC|IC,IC,1.0,0.0,0.0,0.0,1.0,0.0,0.0,0.0
hle_971,opencode,HLE,2,reason|reason,reason,1.0,0.0,0.0,0.0,0.0,0.0,0.0,1.0
hle_978,opencode,HLE,2,RR|RR,RR,1.0,0.0,0.0,0.0,0.0,0.0,1.0,0.0
hle_98,opencode,HLE,2,RR|RR,RR,1.0,0.0,0.0,0.0,0.0,0.0,1.0,0.0
hle_980,opencode,HLE,2,reason|reason,reason,1.0,0.0,0.0,0.0,0.0,0.0,0.0,1.0
hle_981,opencode,HLE,2,UN|UN,UN,1.0,0.0,0.0,0.0,0.0,1.0,0.0,0.0
hle_988,opencode,HLE,2,IC|IC,IC,1.0,0.0,0.0,0.0,1.0,0.0,0.0,0.0
hle_997,opencode,HLE,1,RR,RR,1.0,0.0,0.0,0.0,0.0,0.0,1.0,0.0
hle_999,opencode,HLE,2,PD|PD,PD,1.0,0.0,0.0,1.0,0.0,0.0,0.0,0.0
