model,harness,benchmark,task_id,sample,correct,mean_entropy,n_tokens
Gemma4-31B,directllm,AIME,aime_1,0,1,0.10170904353682564,1671
Gemma4-31B,directllm,AIME,aime_1,1,1,0.07881094575044251,1967
Gemma4-31B,directllm,AIME,aime_1,2,1,0.0858597116345408,2056
Gemma4-31B,directllm,AIME,aime_1,3,1,0.11530051157607461,2197
Gemma4-31B,directllm,AIME,aime_10,0,1,0.1395730279521512,10912
Gemma4-31B,directllm,AIME,aime_10,1,0,0.11298110880176963,11215
Gemma4-31B,directllm,AIME,aime_10,2,1,0.1335248086394446,11609
Gemma4-31B,directllm,AIME,aime_10,3,1,0.1226901627121214,12551
Gemma4-31B,directllm,AIME,aime_11,0,1,0.14621534648906545,7420
Gemma4-31B,directllm,AIME,aime_11,1,1,0.1434018903617168,9396
Gemma4-31B,directllm,AIME,aime_11,2,1,0.15198704474514974,10115
Gemma4-31B,directllm,AIME,aime_11,3,1,0.14249629360228536,11175
Gemma4-31B,directllm,AIME,aime_12,0,1,0.10899740102539386,6782
Gemma4-31B,directllm,AIME,aime_12,1,1,0.13224836648258956,7769
Gemma4-31B,directllm,AIME,aime_12,2,1,0.1484024419794898,8314
Gemma4-31B,directllm,AIME,aime_12,3,1,0.13663365467374627,9421
Gemma4-31B,directllm,AIME,aime_13,0,1,0.14287094029021769,8986
Gemma4-31B,directllm,AIME,aime_13,1,1,0.15021504131890198,10070
Gemma4-31B,directllm,AIME,aime_13,2,1,0.13080448868694436,11433
Gemma4-31B,directllm,AIME,aime_13,3,1,0.14076209165850218,10664
Gemma4-31B,directllm,AIME,aime_14,0,1,0.09218041138484884,9002
Gemma4-31B,directllm,AIME,aime_14,1,1,0.08648151771603933,10206
Gemma4-31B,directllm,AIME,aime_14,2,1,0.10021938278226952,15387
Gemma4-31B,directllm,AIME,aime_14,3,1,0.10609872346188057,15099
Gemma4-31B,directllm,AIME,aime_15,0,0,0.1536963428408416,14765
Gemma4-31B,directllm,AIME,aime_15,1,0,0.1582707902542591,14980
Gemma4-31B,directllm,AIME,aime_15,2,0,0.15425785667957848,16941
Gemma4-31B,directllm,AIME,aime_15,3,0,0.1946230899798611,15224
Gemma4-31B,directllm,AIME,aime_16,0,1,0.1565048825423409,3270
Gemma4-31B,directllm,AIME,aime_16,1,1,0.1876716922198734,4915
Gemma4-31B,directllm,AIME,aime_16,2,1,0.15570218969461475,3932
Gemma4-31B,directllm,AIME,aime_16,3,1,0.1583696801371743,3406
Gemma4-31B,directllm,AIME,aime_17,0,1,0.13619090598993186,10107
Gemma4-31B,directllm,AIME,aime_17,1,1,0.143718975356831,9111
Gemma4-31B,directllm,AIME,aime_17,2,1,0.1517343233152334,11704
Gemma4-31B,directllm,AIME,aime_17,3,0,0.13821612323124483,19347
Gemma4-31B,directllm,AIME,aime_18,0,1,0.14908060196438191,9453
Gemma4-31B,directllm,AIME,aime_18,1,1,0.13470548532887935,11251
Gemma4-31B,directllm,AIME,aime_18,2,1,0.13437264553585834,12991
Gemma4-31B,directllm,AIME,aime_18,3,1,0.1581587743394536,11726
Gemma4-31B,directllm,AIME,aime_19,0,1,0.12714359958214433,5673
Gemma4-31B,directllm,AIME,aime_19,1,1,0.14797538309101516,7955
Gemma4-31B,directllm,AIME,aime_19,2,1,0.13405221571925197,8231
Gemma4-31B,directllm,AIME,aime_19,3,1,0.13407411507361236,8034
Gemma4-31B,directllm,AIME,aime_2,0,1,0.11938600805729586,6180
Gemma4-31B,directllm,AIME,aime_2,1,1,0.11241745132342651,6214
Gemma4-31B,directllm,AIME,aime_2,2,1,0.10971626686651384,7360
Gemma4-31B,directllm,AIME,aime_2,3,1,0.0989384455960872,7955
Gemma4-31B,directllm,AIME,aime_20,0,1,0.122815139473295,4802
Gemma4-31B,directllm,AIME,aime_20,1,1,0.10317145804798042,3638
Gemma4-31B,directllm,AIME,aime_20,2,1,0.10714455846466177,3701
Gemma4-31B,directllm,AIME,aime_20,3,1,0.11698635832199089,5332
Gemma4-31B,directllm,AIME,aime_21,0,1,0.14988483888379392,5263
Gemma4-31B,directllm,AIME,aime_21,1,1,0.18473164511687878,6666
Gemma4-31B,directllm,AIME,aime_21,2,1,0.15810106563095425,6016
Gemma4-31B,directllm,AIME,aime_21,3,1,0.16816869076541835,8488
Gemma4-31B,directllm,AIME,aime_22,0,1,0.13457134242819957,7562
Gemma4-31B,directllm,AIME,aime_22,1,1,0.13034083209239336,8560
Gemma4-31B,directllm,AIME,aime_22,2,1,0.13250163514319666,8273
Gemma4-31B,directllm,AIME,aime_22,3,1,0.12300286762923499,9321
Gemma4-31B,directllm,AIME,aime_23,0,1,0.12622587464202795,5873
Gemma4-31B,directllm,AIME,aime_23,1,1,0.1123524538161953,7987
Gemma4-31B,directllm,AIME,aime_23,2,1,0.12719472331844536,10080
Gemma4-31B,directllm,AIME,aime_23,3,1,0.11858233543852059,8352
Gemma4-31B,directllm,AIME,aime_24,0,1,0.09790678149921059,6501
Gemma4-31B,directllm,AIME,aime_24,1,1,0.10448547839747094,7651
Gemma4-31B,directllm,AIME,aime_24,2,1,0.10769492567628557,8187
Gemma4-31B,directllm,AIME,aime_24,3,1,0.10520116201805864,9574
Gemma4-31B,directllm,AIME,aime_25,0,1,0.1529276111882142,7107
Gemma4-31B,directllm,AIME,aime_25,1,1,0.16370512992993203,7044
Gemma4-31B,directllm,AIME,aime_25,2,1,0.14296091751954973,6758
Gemma4-31B,directllm,AIME,aime_25,3,1,0.15231727740121612,6385
Gemma4-31B,directllm,AIME,aime_26,0,1,0.12447799558888319,9611
Gemma4-31B,directllm,AIME,aime_26,1,1,0.1340049450616351,10632
Gemma4-31B,directllm,AIME,aime_26,2,1,0.1194482716694724,11370
Gemma4-31B,directllm,AIME,aime_26,3,1,0.11855789028650197,9616
Gemma4-31B,directllm,AIME,aime_27,0,1,0.1072852933700747,8524
Gemma4-31B,directllm,AIME,aime_27,1,1,0.10273535713574711,8335
Gemma4-31B,directllm,AIME,aime_27,2,1,0.1225563521613797,8913
Gemma4-31B,directllm,AIME,aime_27,3,1,0.10721989056194371,7979
Gemma4-31B,directllm,AIME,aime_28,0,1,0.16744065841292557,12788
Gemma4-31B,directllm,AIME,aime_28,1,0,0.18338836528290345,15202
Gemma4-31B,directllm,AIME,aime_28,2,1,0.17268186524796353,12747
Gemma4-31B,directllm,AIME,aime_28,3,1,0.16997585119153272,18352
Gemma4-31B,directllm,AIME,aime_29,0,1,0.1138340974616706,10467
Gemma4-31B,directllm,AIME,aime_29,1,1,0.12066216868858158,10837
Gemma4-31B,directllm,AIME,aime_29,2,1,0.11265093821526499,11143
Gemma4-31B,directllm,AIME,aime_29,3,1,0.12078571909512878,12430
Gemma4-31B,directllm,AIME,aime_3,0,1,0.15321965332253223,3234
Gemma4-31B,directllm,AIME,aime_3,1,1,0.1431461947558837,3870
Gemma4-31B,directllm,AIME,aime_3,2,1,0.16999963808526053,3783
Gemma4-31B,directllm,AIME,aime_3,3,1,0.1988236113031084,6574
Gemma4-31B,directllm,AIME,aime_30,0,0,0.14827557667417773,14265
Gemma4-31B,directllm,AIME,aime_30,1,0,0.11917056557242159,14040
Gemma4-31B,directllm,AIME,aime_30,2,1,0.10936933437878724,13684
Gemma4-31B,directllm,AIME,aime_30,3,1,0.12465390471197473,11905
Gemma4-31B,directllm,AIME,aime_4,0,1,0.1587462989924879,7458
Gemma4-31B,directllm,AIME,aime_4,1,1,0.15787305973690413,6796
Gemma4-31B,directllm,AIME,aime_4,2,1,0.16219959574074425,8255
Gemma4-31B,directllm,AIME,aime_4,3,1,0.17097635088025945,8405
Gemma4-31B,directllm,AIME,aime_5,0,1,0.13538437742475234,3694
Gemma4-31B,directllm,AIME,aime_5,1,1,0.13041331689898528,3270
Gemma4-31B,directllm,AIME,aime_5,2,1,0.12201789030822201,3635
Gemma4-31B,directllm,AIME,aime_5,3,1,0.11642834006841386,3131
Gemma4-31B,directllm,AIME,aime_6,0,1,0.11706935516943383,4361
Gemma4-31B,directllm,AIME,aime_6,1,1,0.12531173514824934,4844
Gemma4-31B,directllm,AIME,aime_6,2,1,0.11836013015897542,5361
Gemma4-31B,directllm,AIME,aime_6,3,1,0.14244268056776466,6367
Gemma4-31B,directllm,AIME,aime_7,0,1,0.11036038079974664,5685
Gemma4-31B,directllm,AIME,aime_7,1,1,0.10569911232553121,6918
Gemma4-31B,directllm,AIME,aime_7,2,1,0.12420057759627588,7362
Gemma4-31B,directllm,AIME,aime_7,3,1,0.11036469410200224,7755
Gemma4-31B,directllm,AIME,aime_8,0,1,0.10997502620138003,5177
Gemma4-31B,directllm,AIME,aime_8,1,1,0.10101007851648541,7088
Gemma4-31B,directllm,AIME,aime_8,2,1,0.10526696345920239,5817
Gemma4-31B,directllm,AIME,aime_8,3,1,0.10479753275486955,6362
Gemma4-31B,directllm,AIME,aime_9,0,1,0.11891226883096791,10027
Gemma4-31B,directllm,AIME,aime_9,1,1,0.12342076268402001,11391
Gemma4-31B,directllm,AIME,aime_9,2,1,0.14482101901964586,11044
Gemma4-31B,directllm,AIME,aime_9,3,1,0.09588588349938731,12229
Gemma4-31B,directllm,GPQA,gpqa_0,0,1,0.24605812138089878,1970
Gemma4-31B,directllm,GPQA,gpqa_1,0,1,0.2259209968190394,3770
Gemma4-31B,directllm,GPQA,gpqa_10,0,1,0.18797546635246062,11701
Gemma4-31B,directllm,GPQA,gpqa_100,0,0,0.27145827685842316,7780
Gemma4-31B,directllm,GPQA,gpqa_101,0,1,0.2156425904193477,10764
Gemma4-31B,directllm,GPQA,gpqa_102,0,0,0.28295556400468297,9868
Gemma4-31B,directllm,GPQA,gpqa_103,0,0,0.21785085305788324,9797
Gemma4-31B,directllm,GPQA,gpqa_104,0,1,0.23076513022694978,6094
Gemma4-31B,directllm,GPQA,gpqa_105,0,1,0.2854884186508692,6848
Gemma4-31B,directllm,GPQA,gpqa_106,0,0,0.006086179720848704,83763
Gemma4-31B,directllm,GPQA,gpqa_107,0,1,0.16665764433760763,10607
Gemma4-31B,directllm,GPQA,gpqa_108,0,0,0.2435640987496034,12523
Gemma4-31B,directllm,GPQA,gpqa_109,0,0,0.2081126653593142,8662
Gemma4-31B,directllm,GPQA,gpqa_11,0,1,0.21088462641516023,4351
Gemma4-31B,directllm,GPQA,gpqa_110,0,0,0.2684403138844344,7685
Gemma4-31B,directllm,GPQA,gpqa_111,0,1,0.19798516205612252,10641
Gemma4-31B,directllm,GPQA,gpqa_112,0,0,0.19590353950245126,8750
Gemma4-31B,directllm,GPQA,gpqa_113,0,1,0.234867532278668,5064
Gemma4-31B,directllm,GPQA,gpqa_114,0,1,0.2581124962128095,7122
Gemma4-31B,directllm,GPQA,gpqa_115,0,1,0.30744157811152023,6137
Gemma4-31B,directllm,GPQA,gpqa_116,0,0,0.19633847683228223,12022
Gemma4-31B,directllm,GPQA,gpqa_117,0,1,0.3255457562918351,5977
Gemma4-31B,directllm,GPQA,gpqa_118,0,1,0.21156432632434408,6096
Gemma4-31B,directllm,GPQA,gpqa_119,0,1,0.3037629686713873,6328
Gemma4-31B,directllm,GPQA,gpqa_12,0,1,0.17022291369168535,9067
Gemma4-31B,directllm,GPQA,gpqa_120,0,0,0.19632913121443596,9816
Gemma4-31B,directllm,GPQA,gpqa_121,0,1,0.21807371103839868,2022
Gemma4-31B,directllm,GPQA,gpqa_122,0,1,0.2641634714250826,8171
Gemma4-31B,directllm,GPQA,gpqa_123,0,1,0.22070780493778314,7043
Gemma4-31B,directllm,GPQA,gpqa_124,0,1,0.21931577087737414,8957
Gemma4-31B,directllm,GPQA,gpqa_125,0,1,0.2235653078371911,9412
Gemma4-31B,directllm,GPQA,gpqa_126,0,1,0.16986740441160558,9413
Gemma4-31B,directllm,GPQA,gpqa_127,0,1,0.18374829278266558,13236
Gemma4-31B,directllm,GPQA,gpqa_128,0,1,0.15135551562193633,12950
Gemma4-31B,directllm,GPQA,gpqa_129,0,0,0.2336968262582702,9150
Gemma4-31B,directllm,GPQA,gpqa_13,0,1,0.15388518467228798,1898
Gemma4-31B,directllm,GPQA,gpqa_130,0,1,0.2603162144821051,3929
Gemma4-31B,directllm,GPQA,gpqa_131,0,1,0.234410460804221,8454
Gemma4-31B,directllm,GPQA,gpqa_132,0,1,0.2688548177263109,9086
Gemma4-31B,directllm,GPQA,gpqa_133,0,1,0.21713502644838747,6070
Gemma4-31B,directllm,GPQA,gpqa_134,0,1,0.20573224138494392,8725
Gemma4-31B,directllm,GPQA,gpqa_135,0,0,0.21142315524420963,13121
Gemma4-31B,directllm,GPQA,gpqa_136,0,1,0.21759001884231308,7845
Gemma4-31B,directllm,GPQA,gpqa_137,0,1,0.17348265706818014,7563
Gemma4-31B,directllm,GPQA,gpqa_138,0,1,0.25617324228037164,2141
Gemma4-31B,directllm,GPQA,gpqa_139,0,1,0.1878942945227177,6115
Gemma4-31B,directllm,GPQA,gpqa_14,0,1,0.3325996803847018,4561
Gemma4-31B,directllm,GPQA,gpqa_140,0,1,0.2222542348952118,8153
Gemma4-31B,directllm,GPQA,gpqa_141,0,1,0.3007696212496236,5387
Gemma4-31B,directllm,GPQA,gpqa_142,0,1,0.15199057976792418,16772
Gemma4-31B,directllm,GPQA,gpqa_143,0,0,0.17710988116625526,14026
Gemma4-31B,directllm,GPQA,gpqa_144,0,1,0.2540948870619334,3988
Gemma4-31B,directllm,GPQA,gpqa_145,0,1,0.2827258250799505,4999
Gemma4-31B,directllm,GPQA,gpqa_146,0,1,0.2494648298886697,4285
Gemma4-31B,directllm,GPQA,gpqa_147,0,1,0.1537917420809768,2621
Gemma4-31B,directllm,GPQA,gpqa_148,0,1,0.13786815774971126,4337
Gemma4-31B,directllm,GPQA,gpqa_149,0,0,0.12987413096841013,12031
Gemma4-31B,directllm,GPQA,gpqa_15,0,1,0.2534162176838659,3393
Gemma4-31B,directllm,GPQA,gpqa_150,0,1,0.13404263802356559,4551
Gemma4-31B,directllm,GPQA,gpqa_151,0,1,0.15361822160825434,3032
Gemma4-31B,directllm,GPQA,gpqa_152,0,1,0.1745179487680534,3556
Gemma4-31B,directllm,GPQA,gpqa_153,0,1,0.3352856758496467,2193
Gemma4-31B,directllm,GPQA,gpqa_154,0,1,0.11083163266744374,9864
Gemma4-31B,directllm,GPQA,gpqa_155,0,1,0.14782658424084918,4458
Gemma4-31B,directllm,GPQA,gpqa_156,0,1,0.13124593885970173,3347
Gemma4-31B,directllm,GPQA,gpqa_157,0,1,0.2001407054572444,2000
Gemma4-31B,directllm,GPQA,gpqa_158,0,1,0.2643379855211754,6340
Gemma4-31B,directllm,GPQA,gpqa_159,0,1,0.1372300811548115,3763
Gemma4-31B,directllm,GPQA,gpqa_16,0,1,0.20304610143017762,2065
Gemma4-31B,directllm,GPQA,gpqa_160,0,1,0.07764752045570253,8811
Gemma4-31B,directllm,GPQA,gpqa_161,0,1,0.16579367091255567,10186
Gemma4-31B,directllm,GPQA,gpqa_162,0,1,0.11393233097750802,6427
Gemma4-31B,directllm,GPQA,gpqa_163,0,1,0.1401975494916945,7799
Gemma4-31B,directllm,GPQA,gpqa_164,0,1,0.10378789200812322,3738
Gemma4-31B,directllm,GPQA,gpqa_165,0,1,0.17429467935959422,4961
Gemma4-31B,directllm,GPQA,gpqa_166,0,1,0.06913172776813793,3318
Gemma4-31B,directllm,GPQA,gpqa_167,0,1,0.14586403641348472,4044
Gemma4-31B,directllm,GPQA,gpqa_168,0,1,0.1254481681272291,9076
Gemma4-31B,directllm,GPQA,gpqa_169,0,1,0.3586415746694019,1864
Gemma4-31B,directllm,GPQA,gpqa_17,0,1,0.14554287626145707,3478
Gemma4-31B,directllm,GPQA,gpqa_170,0,1,0.15393534348311388,5222
Gemma4-31B,directllm,GPQA,gpqa_171,0,1,0.1399503450835235,3624
Gemma4-31B,directllm,GPQA,gpqa_172,0,1,0.1329360246504356,8227
Gemma4-31B,directllm,GPQA,gpqa_173,0,1,0.12024348931590792,13374
Gemma4-31B,directllm,GPQA,gpqa_174,0,1,0.1466344782441557,9903
Gemma4-31B,directllm,GPQA,gpqa_175,0,1,0.15039355226453896,2400
Gemma4-31B,directllm,GPQA,gpqa_176,0,1,0.14556977522944078,6478
Gemma4-31B,directllm,GPQA,gpqa_177,0,1,0.14144363428623877,2843
Gemma4-31B,directllm,GPQA,gpqa_178,0,1,0.16911706305420435,9012
Gemma4-31B,directllm,GPQA,gpqa_179,0,1,0.08547315500930477,3491
Gemma4-31B,directllm,GPQA,gpqa_18,0,0,0.024528333491101263,95862
Gemma4-31B,directllm,GPQA,gpqa_180,0,1,0.08356741672737987,1768
Gemma4-31B,directllm,GPQA,gpqa_181,0,1,0.07633083308148816,2400
Gemma4-31B,directllm,GPQA,gpqa_182,0,1,0.0863243000987063,4364
Gemma4-31B,directllm,GPQA,gpqa_183,0,1,0.06700251111739935,5161
Gemma4-31B,directllm,GPQA,gpqa_184,0,1,0.08842756072831408,14437
Gemma4-31B,directllm,GPQA,gpqa_185,0,1,0.3004666702945762,4500
Gemma4-31B,directllm,GPQA,gpqa_186,0,1,0.09748129402700646,3852
Gemma4-31B,directllm,GPQA,gpqa_187,0,1,0.1318080741206107,4510
Gemma4-31B,directllm,GPQA,gpqa_188,0,1,0.09549146954593367,5083
Gemma4-31B,directllm,GPQA,gpqa_189,0,1,0.11961287043875808,7149
Gemma4-31B,directllm,GPQA,gpqa_19,0,1,0.07746306861320172,3377
Gemma4-31B,directllm,GPQA,gpqa_190,0,1,0.1333519932062502,3299
Gemma4-31B,directllm,GPQA,gpqa_191,0,1,0.2277913018079934,1867
Gemma4-31B,directllm,GPQA,gpqa_192,0,1,0.19379503141585572,6868
Gemma4-31B,directllm,GPQA,gpqa_193,0,1,0.06485583453323923,1969
Gemma4-31B,directllm,GPQA,gpqa_194,0,1,0.17056794195368769,5297
Gemma4-31B,directllm,GPQA,gpqa_195,0,1,0.16809399076528225,4416
Gemma4-31B,directllm,GPQA,gpqa_196,0,0,0.20800006594172885,6961
Gemma4-31B,directllm,GPQA,gpqa_197,0,1,0.1487416975080847,9481
Gemma4-31B,directllm,GPQA,gpqa_2,0,1,0.16657232550055748,7994
Gemma4-31B,directllm,GPQA,gpqa_20,0,1,0.2559248979360105,2811
Gemma4-31B,directllm,GPQA,gpqa_21,0,1,0.1535689349579467,10335
Gemma4-31B,directllm,GPQA,gpqa_22,0,0,0.02134097695266533,96244
Gemma4-31B,directllm,GPQA,gpqa_23,0,1,0.22940904322221825,4003
Gemma4-31B,directllm,GPQA,gpqa_24,0,1,0.1707684897337404,8177
Gemma4-31B,directllm,GPQA,gpqa_25,0,1,0.1099631044116945,7902
Gemma4-31B,directllm,GPQA,gpqa_26,0,1,0.18161936506110687,9084
Gemma4-31B,directllm,GPQA,gpqa_27,0,1,0.3138548975463119,2887
Gemma4-31B,directllm,GPQA,gpqa_28,0,0,0.012719457832904872,97098
Gemma4-31B,directllm,GPQA,gpqa_29,0,1,0.35407718929956905,2524
Gemma4-31B,directllm,GPQA,gpqa_3,0,1,0.15163384727654367,8147
Gemma4-31B,directllm,GPQA,gpqa_30,0,0,0.1094391312490261,12374
Gemma4-31B,directllm,GPQA,gpqa_31,0,0,0.3830904322176396,5845
Gemma4-31B,directllm,GPQA,gpqa_32,0,1,0.15053868065268547,7569
Gemma4-31B,directllm,GPQA,gpqa_33,0,1,0.28185616703616284,2541
Gemma4-31B,directllm,GPQA,gpqa_34,0,1,0.19449851247876304,3934
Gemma4-31B,directllm,GPQA,gpqa_35,0,1,0.18220625007561947,3537
Gemma4-31B,directllm,GPQA,gpqa_36,0,1,0.14360602045191648,5402
Gemma4-31B,directllm,GPQA,gpqa_37,0,1,0.14188372808540906,2523
Gemma4-31B,directllm,GPQA,gpqa_38,0,0,0.23840683289600215,2308
Gemma4-31B,directllm,GPQA,gpqa_39,0,1,0.24979488293791785,4560
Gemma4-31B,directllm,GPQA,gpqa_4,0,1,0.16308429406430372,10603
Gemma4-31B,directllm,GPQA,gpqa_40,0,1,0.2605081284496694,7261
Gemma4-31B,directllm,GPQA,gpqa_41,0,1,0.15323034278044598,8517
Gemma4-31B,directllm,GPQA,gpqa_42,0,1,0.3228197771662371,5821
Gemma4-31B,directllm,GPQA,gpqa_43,0,0,0.3375998840050919,1645
Gemma4-31B,directllm,GPQA,gpqa_44,0,1,0.15536648139810916,9058
Gemma4-31B,directllm,GPQA,gpqa_45,0,1,0.1453558405398127,3764
Gemma4-31B,directllm,GPQA,gpqa_46,0,1,0.1417836675487949,12502
Gemma4-31B,directllm,GPQA,gpqa_47,0,1,0.30052174085505856,3025
Gemma4-31B,directllm,GPQA,gpqa_48,0,1,0.31694124824946157,1573
Gemma4-31B,directllm,GPQA,gpqa_49,0,1,0.32921030112563365,2326
Gemma4-31B,directllm,GPQA,gpqa_5,0,1,0.20053826474159764,9817
Gemma4-31B,directllm,GPQA,gpqa_50,0,1,0.16013487729111167,11769
Gemma4-31B,directllm,GPQA,gpqa_51,0,1,0.11786430072859075,3374
Gemma4-31B,directllm,GPQA,gpqa_52,0,1,0.2034282798805589,5223
Gemma4-31B,directllm,GPQA,gpqa_53,0,1,0.12736147889690141,9612
Gemma4-31B,directllm,GPQA,gpqa_54,0,1,0.15047776153697476,5030
Gemma4-31B,directllm,GPQA,gpqa_55,0,1,0.18433951089532877,5078
Gemma4-31B,directllm,GPQA,gpqa_56,0,1,0.1457557646600267,1913
Gemma4-31B,directllm,GPQA,gpqa_57,0,1,0.35152324830847953,5152
Gemma4-31B,directllm,GPQA,gpqa_58,0,1,0.19282515225215133,6827
Gemma4-31B,directllm,GPQA,gpqa_59,0,1,0.3493892504129515,6232
Gemma4-31B,directllm,GPQA,gpqa_6,0,1,0.11900942415163775,7289
Gemma4-31B,directllm,GPQA,gpqa_60,0,1,0.4444721041743321,3209
Gemma4-31B,directllm,GPQA,gpqa_61,0,1,0.340981108936291,4536
Gemma4-31B,directllm,GPQA,gpqa_62,0,1,0.31175514961260953,1945
Gemma4-31B,directllm,GPQA,gpqa_63,0,1,0.20451569638415007,6849
Gemma4-31B,directllm,GPQA,gpqa_64,0,0,0.3242618347526889,7197
Gemma4-31B,directllm,GPQA,gpqa_65,0,0,0.08357638154783889,21925
Gemma4-31B,directllm,GPQA,gpqa_66,0,1,0.3265968171538501,1252
Gemma4-31B,directllm,GPQA,gpqa_67,0,1,0.2293841859700982,5375
Gemma4-31B,directllm,GPQA,gpqa_68,0,1,0.27787406590771574,1653
Gemma4-31B,directllm,GPQA,gpqa_69,0,1,0.3017986017178107,6594
Gemma4-31B,directllm,GPQA,gpqa_7,0,1,0.12674882021892792,8619
Gemma4-31B,directllm,GPQA,gpqa_70,0,0,0.40854630222004695,4419
Gemma4-31B,directllm,GPQA,gpqa_71,0,0,0.011139000852718232,81833
Gemma4-31B,directllm,GPQA,gpqa_72,0,1,0.40135764275601643,3965
Gemma4-31B,directllm,GPQA,gpqa_73,0,1,0.3372541193756694,1413
Gemma4-31B,directllm,GPQA,gpqa_74,0,1,0.1763652606725668,4702
Gemma4-31B,directllm,GPQA,gpqa_75,0,1,0.19412108577996823,4456
Gemma4-31B,directllm,GPQA,gpqa_76,0,0,0.23127450852313305,8858
Gemma4-31B,directllm,GPQA,gpqa_77,0,1,0.21787990187607512,10076
Gemma4-31B,directllm,GPQA,gpqa_78,0,0,0.2542911648148287,12239
Gemma4-31B,directllm,GPQA,gpqa_79,0,0,0.24337422370930725,6970
Gemma4-31B,directllm,GPQA,gpqa_8,0,1,0.16647795967327797,10892
Gemma4-31B,directllm,GPQA,gpqa_80,0,1,0.2831545586927764,6034
Gemma4-31B,directllm,GPQA,gpqa_81,0,1,0.20581730254163302,8029
Gemma4-31B,directllm,GPQA,gpqa_82,0,1,0.1786221896888001,7985
Gemma4-31B,directllm,GPQA,gpqa_83,0,1,0.20965067538107066,7297
Gemma4-31B,directllm,GPQA,gpqa_84,0,1,0.21778477592060608,3602
Gemma4-31B,directllm,GPQA,gpqa_85,0,1,0.22164906015851024,9823
Gemma4-31B,directllm,GPQA,gpqa_86,0,0,0.2593483216083382,7479
Gemma4-31B,directllm,GPQA,gpqa_87,0,0,0.3037553170979812,7151
Gemma4-31B,directllm,GPQA,gpqa_88,0,0,0.20685657470610502,11558
Gemma4-31B,directllm,GPQA,gpqa_89,0,1,0.16767141393374388,5146
Gemma4-31B,directllm,GPQA,gpqa_9,0,1,0.18725083877591095,10058
Gemma4-31B,directllm,GPQA,gpqa_90,0,1,0.189626389841216,9137
Gemma4-31B,directllm,GPQA,gpqa_91,0,1,0.224858861578145,6192
Gemma4-31B,directllm,GPQA,gpqa_92,0,1,0.33458845876587395,1148
Gemma4-31B,directllm,GPQA,gpqa_93,0,1,0.16591673136497037,7924
Gemma4-31B,directllm,GPQA,gpqa_94,0,1,0.2313715562930844,8571
Gemma4-31B,directllm,GPQA,gpqa_95,0,1,0.203753308155682,3590
Gemma4-31B,directllm,GPQA,gpqa_96,0,1,0.23829952671055732,9216
Gemma4-31B,directllm,GPQA,gpqa_97,0,0,0.2267516307661107,12361
Gemma4-31B,directllm,GPQA,gpqa_98,0,1,0.1868850254855138,11249
Gemma4-31B,directllm,GPQA,gpqa_99,0,1,0.2575247157579407,3502
Gemma4-31B,directllm,HLE,hle_1,0,0,0.29515995647919807,1699
Gemma4-31B,directllm,HLE,hle_1008,0,0,0.2822956387742963,9882
Gemma4-31B,directllm,HLE,hle_1009,0,1,0.4674068597845354,3380
Gemma4-31B,directllm,HLE,hle_1012,0,0,0.2987623106987024,8157
Gemma4-31B,directllm,HLE,hle_1019,0,0,0.3317984923007778,3008
Gemma4-31B,directllm,HLE,hle_1021,0,1,0.21430635204992876,3127
Gemma4-31B,directllm,HLE,hle_1022,0,0,0.3591522957232148,3311
Gemma4-31B,directllm,HLE,hle_1023,0,0,0.11369485378309467,23023
Gemma4-31B,directllm,HLE,hle_1024,0,0,0.024478638525663555,71798
Gemma4-31B,directllm,HLE,hle_1031,0,0,0.17898199955945723,5690
Gemma4-31B,directllm,HLE,hle_1038,0,0,0.24002287375818043,2997
Gemma4-31B,directllm,HLE,hle_1045,0,0,0.10448103313703812,16544
Gemma4-31B,directllm,HLE,hle_1046,0,0,0.2389075039386895,5508
Gemma4-31B,directllm,HLE,hle_1047,0,0,0.11283462951867403,3949
Gemma4-31B,directllm,HLE,hle_1048,0,0,0.12657641879148396,11831
Gemma4-31B,directllm,HLE,hle_1049,0,0,0.1307850601070956,14151
Gemma4-31B,directllm,HLE,hle_1050,0,0,0.1322770778162212,6282
Gemma4-31B,directllm,HLE,hle_1051,0,1,0.07890260744209214,9160
Gemma4-31B,directllm,HLE,hle_1052,0,0,0.15523990493971124,10843
Gemma4-31B,directllm,HLE,hle_1054,0,0,0.20831816970736464,8177
Gemma4-31B,directllm,HLE,hle_1055,0,0,0.3461500679453958,6426
Gemma4-31B,directllm,HLE,hle_1056,0,0,0.19802968863846374,7903
Gemma4-31B,directllm,HLE,hle_1057,0,0,0.11383792574291307,8010
Gemma4-31B,directllm,HLE,hle_1058,0,0,0.005341039455883904,68370
Gemma4-31B,directllm,HLE,hle_1066,0,0,0.3670548215128305,1301
Gemma4-31B,directllm,HLE,hle_1067,0,1,0.21417549114570827,8667
Gemma4-31B,directllm,HLE,hle_1070,0,0,0.26304617679981557,8521
Gemma4-31B,directllm,HLE,hle_1071,0,0,0.30985068868331717,3362
Gemma4-31B,directllm,HLE,hle_1073,0,0,0.005303603166991376,68691
Gemma4-31B,directllm,HLE,hle_1074,0,1,0.5053903152562406,1023
Gemma4-31B,directllm,HLE,hle_1077,0,0,0.24645148907854617,9429
Gemma4-31B,directllm,HLE,hle_1079,0,0,0.2713593453483182,8271
Gemma4-31B,directllm,HLE,hle_108,0,1,0.0991909850448418,10711
Gemma4-31B,directllm,HLE,hle_1080,0,1,0.3609254115842166,6965
Gemma4-31B,directllm,HLE,hle_1081,0,0,0.20228851009161758,7587
Gemma4-31B,directllm,HLE,hle_1083,0,0,0.018422016030464554,68618
Gemma4-31B,directllm,HLE,hle_1084,0,0,0.37249817385328227,7183
Gemma4-31B,directllm,HLE,hle_1088,0,1,0.3445426834618889,6578
Gemma4-31B,directllm,HLE,hle_1089,0,1,0.4569967459843345,1885
Gemma4-31B,directllm,HLE,hle_109,0,0,0.43332812107906016,3981
Gemma4-31B,directllm,HLE,hle_1098,0,0,0.27845889315302796,9140
Gemma4-31B,directllm,HLE,hle_11,0,0,0.1769668058901677,12539
Gemma4-31B,directllm,HLE,hle_1108,0,0,0.12041306494351035,12786
Gemma4-31B,directllm,HLE,hle_1109,0,0,0.085192975561795,19310
Gemma4-31B,directllm,HLE,hle_111,0,0,0.24398981016610607,7127
Gemma4-31B,directllm,HLE,hle_1116,0,1,0.12922642496821712,11008
Gemma4-31B,directllm,HLE,hle_1119,0,0,0.22454063189604717,1921
Gemma4-31B,directllm,HLE,hle_112,0,1,0.16234175504867332,5857
Gemma4-31B,directllm,HLE,hle_1120,0,0,0.15108711276094014,11558
Gemma4-31B,directllm,HLE,hle_1126,0,0,0.09852377545402095,7337
Gemma4-31B,directllm,HLE,hle_1127,0,0,0.08901201481979588,8265
Gemma4-31B,directllm,HLE,hle_1128,0,0,0.0861741068616686,5851
Gemma4-31B,directllm,HLE,hle_1129,0,0,0.32488210231486986,2617
Gemma4-31B,directllm,HLE,hle_1130,0,0,0.08003311445552705,5236
Gemma4-31B,directllm,HLE,hle_1133,0,0,0.4597738420492394,1510
Gemma4-31B,directllm,HLE,hle_1135,0,0,0.35403001346186036,7367
Gemma4-31B,directllm,HLE,hle_1137,0,1,0.31659096273625437,2181
Gemma4-31B,directllm,HLE,hle_1138,0,0,0.16648082520831398,5429
Gemma4-31B,directllm,HLE,hle_1139,0,0,0.2440439738411951,4871
Gemma4-31B,directllm,HLE,hle_114,0,0,0.14764323711969637,9359
Gemma4-31B,directllm,HLE,hle_115,0,1,0.12573487015296358,11154
Gemma4-31B,directllm,HLE,hle_1150,0,0,0.41130178452768495,2126
Gemma4-31B,directllm,HLE,hle_1153,0,0,0.2365968938439377,8392
Gemma4-31B,directllm,HLE,hle_1159,0,0,0.29311496118965064,2836
Gemma4-31B,directllm,HLE,hle_1166,0,0,0.04235619729666029,75052
Gemma4-31B,directllm,HLE,hle_117,0,0,0.11473146218118475,20346
Gemma4-31B,directllm,HLE,hle_1174,0,0,0.31214428907450087,6944
Gemma4-31B,directllm,HLE,hle_1177,0,1,0.27848867629917695,7422
Gemma4-31B,directllm,HLE,hle_1179,0,0,0.2874356454939308,1385
Gemma4-31B,directllm,HLE,hle_118,0,0,0.32065596783968553,5547
Gemma4-31B,directllm,HLE,hle_1182,0,0,0.47114198073790364,1573
Gemma4-31B,directllm,HLE,hle_1188,0,1,0.36544288343257303,2172
Gemma4-31B,directllm,HLE,hle_119,0,0,0.15576066688826956,19040
Gemma4-31B,directllm,HLE,hle_1192,0,1,0.22911578592098222,3672
Gemma4-31B,directllm,HLE,hle_1196,0,0,0.3031941347907906,8026
Gemma4-31B,directllm,HLE,hle_1198,0,0,0.17529392656512685,12044
Gemma4-31B,directllm,HLE,hle_120,0,1,0.4235508015649583,2214
Gemma4-31B,directllm,HLE,hle_1207,0,1,0.37295157524483186,4829
Gemma4-31B,directllm,HLE,hle_1215,0,0,0.12688927640336076,10151
Gemma4-31B,directllm,HLE,hle_1219,0,0,0.3471790737656866,4541
Gemma4-31B,directllm,HLE,hle_1220,0,0,0.33629743781683163,4908
Gemma4-31B,directllm,HLE,hle_123,0,0,0.30040138203252853,7735
Gemma4-31B,directllm,HLE,hle_1231,0,1,0.2956389003080393,7356
Gemma4-31B,directllm,HLE,hle_1234,0,0,0.3276528697458827,5564
Gemma4-31B,directllm,HLE,hle_1235,0,1,0.42863129493678187,1228
Gemma4-31B,directllm,HLE,hle_1236,0,0,0.015701322839063198,76422
Gemma4-31B,directllm,HLE,hle_1240,0,0,0.24245437917744977,6084
Gemma4-31B,directllm,HLE,hle_1241,0,0,0.2223884216120224,11026
Gemma4-31B,directllm,HLE,hle_1246,0,1,0.2043551514737676,8770
Gemma4-31B,directllm,HLE,hle_1249,0,1,0.3221548805458295,7124
Gemma4-31B,directllm,HLE,hle_126,0,0,0.009838421020919839,88914
Gemma4-31B,directllm,HLE,hle_1260,0,0,0.22178286496636226,9283
Gemma4-31B,directllm,HLE,hle_1263,0,0,0.43733234393145004,3206
Gemma4-31B,directllm,HLE,hle_1269,0,1,0.23411986151715677,6291
Gemma4-31B,directllm,HLE,hle_1272,0,0,0.42207883582282674,1629
Gemma4-31B,directllm,HLE,hle_1276,0,0,0.2703458607789372,4870
Gemma4-31B,directllm,HLE,hle_1285,0,0,0.363181895032776,6053
Gemma4-31B,directllm,HLE,hle_1290,0,0,0.20068722101157752,3802
Gemma4-31B,directllm,HLE,hle_1292,0,0,0.4089749443427031,2537
Gemma4-31B,directllm,HLE,hle_1298,0,0,0.30484652647694255,3999
Gemma4-31B,directllm,HLE,hle_13,0,1,0.1562884262533501,9550
Gemma4-31B,directllm,HLE,hle_1301,0,0,0.24789168635509232,8368
Gemma4-31B,directllm,HLE,hle_1308,0,0,0.07019228313507848,19165
Gemma4-31B,directllm,HLE,hle_1309,0,1,0.25112119794704735,7502
Gemma4-31B,directllm,HLE,hle_131,0,0,0.3553645281449777,3130
Gemma4-31B,directllm,HLE,hle_1312,0,0,0.1327933193996247,14823
Gemma4-31B,directllm,HLE,hle_1315,0,0,0.38907358441481316,7054
Gemma4-31B,directllm,HLE,hle_1316,0,0,0.34051848167723686,1140
Gemma4-31B,directllm,HLE,hle_1317,0,0,0.25125160853608375,9062
Gemma4-31B,directllm,HLE,hle_1325,0,0,0.009115624082540076,70006
Gemma4-31B,directllm,HLE,hle_1330,0,0,0.001521443157825014,70265
Gemma4-31B,directllm,HLE,hle_1332,0,0,0.201184959089672,10810
Gemma4-31B,directllm,HLE,hle_1333,0,0,0.034042362403715304,68889
Gemma4-31B,directllm,HLE,hle_1334,0,0,0.20945021217099294,10871
Gemma4-31B,directllm,HLE,hle_1339,0,0,0.4285870910246027,3054
Gemma4-31B,directllm,HLE,hle_1340,0,0,0.23597738194764226,11316
Gemma4-31B,directllm,HLE,hle_1341,0,0,0.2107517341093978,11679
Gemma4-31B,directllm,HLE,hle_1342,0,0,0.2792952689670744,9882
Gemma4-31B,directllm,HLE,hle_1344,0,0,0.23537947591100464,16200
Gemma4-31B,directllm,HLE,hle_1347,0,0,0.36744234325890857,1764
Gemma4-31B,directllm,HLE,hle_136,0,0,0.11333033329846742,16523
Gemma4-31B,directllm,HLE,hle_1365,0,1,0.30023152093368055,5486
Gemma4-31B,directllm,HLE,hle_1370,0,0,0.5112340864087113,1163
Gemma4-31B,directllm,HLE,hle_1376,0,0,0.3102077905097842,6426
Gemma4-31B,directllm,HLE,hle_1379,0,0,0.3794199003867123,3320
Gemma4-31B,directllm,HLE,hle_138,0,1,0.0778460580681973,18428
Gemma4-31B,directllm,HLE,hle_1380,0,0,0.430120904179411,3756
Gemma4-31B,directllm,HLE,hle_1381,0,0,0.42780077814838124,3861
Gemma4-31B,directllm,HLE,hle_1382,0,0,0.36565638930422906,4301
Gemma4-31B,directllm,HLE,hle_1383,0,0,0.04250931195252018,73565
Gemma4-31B,directllm,HLE,hle_1384,0,0,0.14539610021163704,6822
Gemma4-31B,directllm,HLE,hle_1385,0,0,0.3837559936759626,6321
Gemma4-31B,directllm,HLE,hle_1386,0,1,0.36346533432750605,6216
Gemma4-31B,directllm,HLE,hle_1388,0,0,0.28423079841333926,6554
Gemma4-31B,directllm,HLE,hle_1389,0,0,0.36578049782046335,4972
Gemma4-31B,directllm,HLE,hle_1390,0,0,0.2156081189771086,14115
Gemma4-31B,directllm,HLE,hle_1391,0,1,0.38806994603473016,7997
Gemma4-31B,directllm,HLE,hle_1392,0,0,0.12966716382164037,18774
Gemma4-31B,directllm,HLE,hle_1393,0,0,0.32447124824778995,6167
Gemma4-31B,directllm,HLE,hle_1394,0,0,0.28149923076413075,8678
Gemma4-31B,directllm,HLE,hle_1395,0,0,0.3422847807650046,3927
Gemma4-31B,directllm,HLE,hle_1396,0,0,0.3821832869305386,7345
Gemma4-31B,directllm,HLE,hle_1397,0,0,0.3400365609510026,7723
Gemma4-31B,directllm,HLE,hle_1399,0,0,0.12538286342297358,8383
Gemma4-31B,directllm,HLE,hle_14,0,1,0.1400204206281512,15099
Gemma4-31B,directllm,HLE,hle_1401,0,0,0.2637509454712904,6791
Gemma4-31B,directllm,HLE,hle_1407,0,0,0.21803637687229774,10346
Gemma4-31B,directllm,HLE,hle_141,0,0,0.32297418990634624,1868
Gemma4-31B,directllm,HLE,hle_1415,0,0,0.29898939693066606,4113
Gemma4-31B,directllm,HLE,hle_1419,0,0,0.2761433699435443,4294
Gemma4-31B,directllm,HLE,hle_142,0,0,0.26664115207331995,1524
Gemma4-31B,directllm,HLE,hle_1420,0,0,0.32703798306240167,7785
Gemma4-31B,directllm,HLE,hle_1423,0,0,0.02178865447699187,74290
Gemma4-31B,directllm,HLE,hle_1424,0,0,0.3539946430264604,8927
Gemma4-31B,directllm,HLE,hle_1433,0,0,0.34966077470368856,2686
Gemma4-31B,directllm,HLE,hle_1436,0,1,0.2882178965566257,5755
Gemma4-31B,directllm,HLE,hle_144,0,1,0.12240974040451992,17732
Gemma4-31B,directllm,HLE,hle_1444,0,1,0.18343135286301027,10965
Gemma4-31B,directllm,HLE,hle_1446,0,1,0.22644409699627738,9134
Gemma4-31B,directllm,HLE,hle_145,0,0,0.3662927597632022,5924
Gemma4-31B,directllm,HLE,hle_1450,0,0,0.14117357727366736,12875
Gemma4-31B,directllm,HLE,hle_1452,0,0,0.18964368454050243,8282
Gemma4-31B,directllm,HLE,hle_1454,0,0,0.19495578046258435,13524
Gemma4-31B,directllm,HLE,hle_1457,0,0,0.2733334331631935,12805
Gemma4-31B,directllm,HLE,hle_1458,0,0,0.3472170101823719,6298
Gemma4-31B,directllm,HLE,hle_1459,0,0,0.35575731102861774,3199
Gemma4-31B,directllm,HLE,hle_1460,0,0,0.2637219435991467,6036
Gemma4-31B,directllm,HLE,hle_1462,0,0,0.004781847537251178,70968
Gemma4-31B,directllm,HLE,hle_1463,0,1,0.2758370181627664,6460
Gemma4-31B,directllm,HLE,hle_1467,0,0,0.1273230170501972,15043
Gemma4-31B,directllm,HLE,hle_1476,0,0,0.3066672194043702,6307
Gemma4-31B,directllm,HLE,hle_1481,0,0,0.4029535905514834,3103
Gemma4-31B,directllm,HLE,hle_1487,0,0,0.1594104573896109,8506
Gemma4-31B,directllm,HLE,hle_1488,0,1,0.08964819229850746,19636
Gemma4-31B,directllm,HLE,hle_1489,0,0,0.32793623594369503,10418
Gemma4-31B,directllm,HLE,hle_1494,0,1,0.374266672753919,6058
Gemma4-31B,directllm,HLE,hle_1502,0,0,0.37587035645679495,4589
Gemma4-31B,directllm,HLE,hle_1504,0,1,0.17325463587041412,8362
Gemma4-31B,directllm,HLE,hle_1505,0,0,0.39189688843543224,4742
Gemma4-31B,directllm,HLE,hle_1509,0,0,0.37256896231293013,1658
Gemma4-31B,directllm,HLE,hle_1511,0,0,0.45301156449378543,2857
Gemma4-31B,directllm,HLE,hle_1512,0,0,0.26101398584631064,1182
Gemma4-31B,directllm,HLE,hle_1513,0,1,0.5260081094242262,2682
Gemma4-31B,directllm,HLE,hle_1517,0,0,0.015820032294318193,71369
Gemma4-31B,directllm,HLE,hle_1518,0,0,0.19974906845589932,12018
Gemma4-31B,directllm,HLE,hle_1519,0,0,0.36552053267261625,5016
Gemma4-31B,directllm,HLE,hle_1520,0,1,0.2586769161191138,7502
Gemma4-31B,directllm,HLE,hle_1522,0,1,0.17917449245360378,13070
Gemma4-31B,directllm,HLE,hle_1524,0,1,0.4519615337929459,3098
Gemma4-31B,directllm,HLE,hle_1528,0,0,0.15826414384642135,13544
Gemma4-31B,directllm,HLE,hle_1530,0,0,0.20597314216848392,8837
Gemma4-31B,directllm,HLE,hle_1534,0,1,0.2922052562760867,5664
Gemma4-31B,directllm,HLE,hle_1536,0,1,0.276668370141718,7693
Gemma4-31B,directllm,HLE,hle_1545,0,0,0.23625744502413681,12078
Gemma4-31B,directllm,HLE,hle_1546,0,0,0.34109971728484006,5736
Gemma4-31B,directllm,HLE,hle_1547,0,1,0.2406813472545064,10513
Gemma4-31B,directllm,HLE,hle_155,0,1,0.14895601635263,11435
Gemma4-31B,directllm,HLE,hle_1553,0,0,0.3487394115423087,5777
Gemma4-31B,directllm,HLE,hle_1563,0,1,0.12050257904140324,8646
Gemma4-31B,directllm,HLE,hle_1565,0,0,0.3488514052058833,9527
Gemma4-31B,directllm,HLE,hle_1567,0,1,0.14789074645795366,16673
Gemma4-31B,directllm,HLE,hle_1568,0,0,0.48679400267825235,2435
Gemma4-31B,directllm,HLE,hle_1569,0,0,0.24017011063521393,5016
Gemma4-31B,directllm,HLE,hle_1572,0,0,0.2591922384428109,2183
Gemma4-31B,directllm,HLE,hle_1577,0,1,0.21012284755060923,8299
Gemma4-31B,directllm,HLE,hle_158,0,0,0.190231276442607,13199
Gemma4-31B,directllm,HLE,hle_1586,0,1,0.39793641876477565,1020
Gemma4-31B,directllm,HLE,hle_1590,0,0,0.13811510974174349,13936
Gemma4-31B,directllm,HLE,hle_1596,0,0,0.16119339392666562,13454
Gemma4-31B,directllm,HLE,hle_1598,0,1,0.2006230583470981,7787
Gemma4-31B,directllm,HLE,hle_16,0,0,0.22289718640080475,6406
Gemma4-31B,directllm,HLE,hle_1601,0,1,0.22605205456252103,13139
Gemma4-31B,directllm,HLE,hle_1606,0,0,0.03257224108611681,77583
Gemma4-31B,directllm,HLE,hle_1613,0,0,0.01755432457413516,76389
Gemma4-31B,directllm,HLE,hle_1630,0,0,0.2984411479619536,2491
Gemma4-31B,directllm,HLE,hle_1651,0,0,0.40893822436927685,849
Gemma4-31B,directllm,HLE,hle_1666,0,0,0.3338971147411561,4676
Gemma4-31B,directllm,HLE,hle_167,0,0,0.1589780830475411,8849
Gemma4-31B,directllm,HLE,hle_1672,0,0,0.1859625567873475,13320
Gemma4-31B,directllm,HLE,hle_1676,0,0,0.27754109457209686,9335
Gemma4-31B,directllm,HLE,hle_1679,0,1,0.17933590941934957,10873
Gemma4-31B,directllm,HLE,hle_1680,0,0,0.2714055338172756,5214
Gemma4-31B,directllm,HLE,hle_1682,0,0,0.33613161540078346,6486
Gemma4-31B,directllm,HLE,hle_1683,0,0,0.05762592480700179,8903
Gemma4-31B,directllm,HLE,hle_1685,0,0,0.1649427330275899,12368
Gemma4-31B,directllm,HLE,hle_1686,0,0,0.25056607696555666,5406
Gemma4-31B,directllm,HLE,hle_169,0,0,0.30934094317969785,7621
Gemma4-31B,directllm,HLE,hle_1690,0,1,0.23106380444625216,13117
Gemma4-31B,directllm,HLE,hle_1694,0,0,0.02477486215465221,81899
Gemma4-31B,directllm,HLE,hle_1696,0,0,0.19779892508571975,10203
Gemma4-31B,directllm,HLE,hle_1697,0,0,0.23202943312457067,8818
Gemma4-31B,directllm,HLE,hle_1699,0,0,0.26845838187661264,6070
Gemma4-31B,directllm,HLE,hle_1705,0,0,0.18855258836703206,10968
Gemma4-31B,directllm,HLE,hle_1716,0,0,0.3937392052579559,1603
Gemma4-31B,directllm,HLE,hle_1719,0,0,0.019939058026033903,81429
Gemma4-31B,directllm,HLE,hle_1740,0,0,0.32167389455660117,5986
Gemma4-31B,directllm,HLE,hle_1743,0,0,0.32848190190512544,7548
Gemma4-31B,directllm,HLE,hle_1745,0,0,0.2151803918734506,8046
Gemma4-31B,directllm,HLE,hle_1749,0,0,0.3027627302937997,7327
Gemma4-31B,directllm,HLE,hle_1750,0,1,0.23095081209952792,11144
Gemma4-31B,directllm,HLE,hle_1755,0,0,0.37676419087166,2292
Gemma4-31B,directllm,HLE,hle_1756,0,0,0.34167076848291744,3950
Gemma4-31B,directllm,HLE,hle_176,0,0,0.2346985325459855,9532
Gemma4-31B,directllm,HLE,hle_1761,0,0,0.36029354653057194,5298
Gemma4-31B,directllm,HLE,hle_1762,0,0,0.3372092100817775,7433
Gemma4-31B,directllm,HLE,hle_1766,0,1,0.3502360702607965,1729
Gemma4-31B,directllm,HLE,hle_178,0,0,0.31626900395756585,4363
Gemma4-31B,directllm,HLE,hle_1787,0,1,0.24449224768333605,8448
Gemma4-31B,directllm,HLE,hle_179,0,1,0.3958933947044693,3461
Gemma4-31B,directllm,HLE,hle_1792,0,1,0.08716712418734453,13454
Gemma4-31B,directllm,HLE,hle_1799,0,0,0.36340186366986216,6822
Gemma4-31B,directllm,HLE,hle_1800,0,0,0.11170112712979817,19100
Gemma4-31B,directllm,HLE,hle_1803,0,0,0.25625356271882327,8063
Gemma4-31B,directllm,HLE,hle_1804,0,1,0.3742323463897705,915
Gemma4-31B,directllm,HLE,hle_1808,0,0,0.385784680755427,6512
Gemma4-31B,directllm,HLE,hle_1809,0,1,0.18071807561273628,8887
Gemma4-31B,directllm,HLE,hle_1810,0,1,0.43517445825946616,2882
Gemma4-31B,directllm,HLE,hle_1817,0,0,0.26407515625595823,4305
Gemma4-31B,directllm,HLE,hle_1827,0,0,0.47912764282529835,2821
Gemma4-31B,directllm,HLE,hle_1836,0,1,0.15741848931803268,9099
Gemma4-31B,directllm,HLE,hle_1837,0,1,0.41900489527034507,1905
Gemma4-31B,directllm,HLE,hle_184,0,0,0.48887987251453213,2295
Gemma4-31B,directllm,HLE,hle_1843,0,1,0.19713909740871355,5594
Gemma4-31B,directllm,HLE,hle_1847,0,0,0.021104653313236528,108337
Gemma4-31B,directllm,HLE,hle_185,0,0,0.36184236438472794,3737
Gemma4-31B,directllm,HLE,hle_1853,0,0,0.14269592970044367,16819
Gemma4-31B,directllm,HLE,hle_1855,0,0,0.3905792848905934,2990
Gemma4-31B,directllm,HLE,hle_1856,0,1,0.33466373238395974,4173
Gemma4-31B,directllm,HLE,hle_1861,0,0,0.3781709701768665,5140
Gemma4-31B,directllm,HLE,hle_1862,0,0,0.41438524124960063,5223
Gemma4-31B,directllm,HLE,hle_1863,0,0,0.1477936155309493,9585
Gemma4-31B,directllm,HLE,hle_1864,0,0,0.3346222432546571,3661
Gemma4-31B,directllm,HLE,hle_1865,0,1,0.16741511837696993,11530
Gemma4-31B,directllm,HLE,hle_1869,0,1,0.22262226026852044,2853
Gemma4-31B,directllm,HLE,hle_187,0,0,0.23011993728209643,6359
Gemma4-31B,directllm,HLE,hle_1871,0,0,0.42045055646249907,4242
Gemma4-31B,directllm,HLE,hle_1877,0,1,0.23350373065016833,8422
Gemma4-31B,directllm,HLE,hle_1880,0,0,0.3630722394387984,4535
Gemma4-31B,directllm,HLE,hle_1884,0,0,0.018714201967825805,105481
Gemma4-31B,directllm,HLE,hle_1889,0,0,0.2570868769098869,9263
Gemma4-31B,directllm,HLE,hle_189,0,0,0.2755002278239188,6116
Gemma4-31B,directllm,HLE,hle_1890,0,1,0.14658941587483978,12387
Gemma4-31B,directllm,HLE,hle_1909,0,0,0.3637998158795435,1212
Gemma4-31B,directllm,HLE,hle_191,0,0,0.36913051277206865,6648
Gemma4-31B,directllm,HLE,hle_1917,0,0,0.4507095032282827,3249
Gemma4-31B,directllm,HLE,hle_1919,0,0,0.333844722025837,1059
Gemma4-31B,directllm,HLE,hle_1920,0,0,0.28652217921561385,536
Gemma4-31B,directllm,HLE,hle_1922,0,1,0.30128957869666867,5915
Gemma4-31B,directllm,HLE,hle_1926,0,0,0.06585935538576508,16432
Gemma4-31B,directllm,HLE,hle_1927,0,0,0.2751289960613094,1242
Gemma4-31B,directllm,HLE,hle_1928,0,0,0.2558335572500507,3371
Gemma4-31B,directllm,HLE,hle_193,0,0,0.3945173971526853,4778
Gemma4-31B,directllm,HLE,hle_1938,0,1,0.3755535681228544,6398
Gemma4-31B,directllm,HLE,hle_1940,0,0,0.37125305651756907,5908
Gemma4-31B,directllm,HLE,hle_1945,0,0,0.4205482768078838,3814
Gemma4-31B,directllm,HLE,hle_1946,0,0,0.3821618704568296,2101
Gemma4-31B,directllm,HLE,hle_1947,0,0,0.38867221129392815,1223
Gemma4-31B,directllm,HLE,hle_1958,0,0,0.13113054557436565,9901
Gemma4-31B,directllm,HLE,hle_1965,0,0,0.12850359208910164,12247
Gemma4-31B,directllm,HLE,hle_1972,0,1,0.17361399882903522,8699
Gemma4-31B,directllm,HLE,hle_1980,0,0,0.36964930854634886,6119
Gemma4-31B,directllm,HLE,hle_2003,0,0,0.3386983593564731,1092
Gemma4-31B,directllm,HLE,hle_2005,0,1,0.1535297367129318,8148
Gemma4-31B,directllm,HLE,hle_2010,0,1,0.427219769276575,2267
Gemma4-31B,directllm,HLE,hle_2016,0,0,0.2463236474693016,9362
Gemma4-31B,directllm,HLE,hle_2022,0,0,0.004658183860095213,101737
Gemma4-31B,directllm,HLE,hle_2024,0,0,0.3213629299775224,7157
Gemma4-31B,directllm,HLE,hle_2037,0,0,0.2915292403243858,851
Gemma4-31B,directllm,HLE,hle_2038,0,1,0.3344861300174657,2429
Gemma4-31B,directllm,HLE,hle_2043,0,0,0.0877817808328145,8673
Gemma4-31B,directllm,HLE,hle_2046,0,1,0.35891758212599445,3957
Gemma4-31B,directllm,HLE,hle_2060,0,0,0.13878373545122427,17622
Gemma4-31B,directllm,HLE,hle_2062,0,1,0.25403601825165223,995
Gemma4-31B,directllm,HLE,hle_2073,0,0,0.357742595091759,4519
Gemma4-31B,directllm,HLE,hle_2074,0,0,0.3484417806674013,5512
Gemma4-31B,directllm,HLE,hle_2084,0,0,0.0045132089649104964,100826
Gemma4-31B,directllm,HLE,hle_2087,0,0,0.34946814165295687,5338
Gemma4-31B,directllm,HLE,hle_2088,0,1,0.2899327462484327,5246
Gemma4-31B,directllm,HLE,hle_2091,0,0,0.3944378048549145,4503
Gemma4-31B,directllm,HLE,hle_2093,0,0,0.32984088954010854,5275
Gemma4-31B,directllm,HLE,hle_2097,0,0,0.20929570065761408,9494
Gemma4-31B,directllm,HLE,hle_210,0,1,0.14292391129442117,9518
Gemma4-31B,directllm,HLE,hle_2111,0,0,0.2641863298565192,8063
Gemma4-31B,directllm,HLE,hle_2116,0,0,0.2678693435949109,1020
Gemma4-31B,directllm,HLE,hle_2117,0,0,0.4493093356170666,3134
Gemma4-31B,directllm,HLE,hle_212,0,0,0.303940333646759,5923
Gemma4-31B,directllm,HLE,hle_2120,0,1,0.2805081588036154,5590
Gemma4-31B,directllm,HLE,hle_2132,0,1,0.14221412022965008,9755
Gemma4-31B,directllm,HLE,hle_2140,0,0,0.13463318782683825,6810
Gemma4-31B,directllm,HLE,hle_2153,0,0,0.07025350100178383,16641
Gemma4-31B,directllm,HLE,hle_2154,0,0,0.18176544125230706,13111
Gemma4-31B,directllm,HLE,hle_2158,0,0,0.32392459136077767,10241
Gemma4-31B,directllm,HLE,hle_2163,0,0,0.31497273465516007,1174
Gemma4-31B,directllm,HLE,hle_2168,0,1,0.38231503652483645,3812
Gemma4-31B,directllm,HLE,hle_2174,0,1,0.3605462696417461,5643
Gemma4-31B,directllm,HLE,hle_2177,0,0,0.4451570917693816,5820
Gemma4-31B,directllm,HLE,hle_2179,0,1,0.3209700067142485,7185
Gemma4-31B,directllm,HLE,hle_218,0,0,0.3684663100737153,1418
Gemma4-31B,directllm,HLE,hle_2181,0,1,0.194444577247132,10114
Gemma4-31B,directllm,HLE,hle_2182,0,0,0.27132352109553215,11478
Gemma4-31B,directllm,HLE,hle_2187,0,0,0.16892954946007938,10253
Gemma4-31B,directllm,HLE,hle_2191,0,0,0.3637208550230937,4749
Gemma4-31B,directllm,HLE,hle_2197,0,0,0.41842897275223984,4773
Gemma4-31B,directllm,HLE,hle_2199,0,0,0.32416873705463606,2898
Gemma4-31B,directllm,HLE,hle_2200,0,0,0.28253561192648097,12422
Gemma4-31B,directllm,HLE,hle_2202,0,1,0.17098355252825578,12381
Gemma4-31B,directllm,HLE,hle_2203,0,0,0.23457625784108058,10184
Gemma4-31B,directllm,HLE,hle_2212,0,0,0.17211579709080246,11736
Gemma4-31B,directllm,HLE,hle_2214,0,0,0.01245279338404251,114815
Gemma4-31B,directllm,HLE,hle_2220,0,0,0.12888708433056942,14200
Gemma4-31B,directllm,HLE,hle_2225,0,0,0.1130576746879996,17542
Gemma4-31B,directllm,HLE,hle_2248,0,0,0.014728534356976212,114789
Gemma4-31B,directllm,HLE,hle_2250,0,1,0.20920228082516576,8331
Gemma4-31B,directllm,HLE,hle_2252,0,1,0.20384619814493318,10209
Gemma4-31B,directllm,HLE,hle_2257,0,1,0.15145961644066855,9156
Gemma4-31B,directllm,HLE,hle_2261,0,0,0.15027100294800022,14748
Gemma4-31B,directllm,HLE,hle_2263,0,0,0.1543243985823964,17831
Gemma4-31B,directllm,HLE,hle_2285,0,0,0.3531914812528316,1995
Gemma4-31B,directllm,HLE,hle_2305,0,0,0.00807737590784477,116410
Gemma4-31B,directllm,HLE,hle_2308,0,1,0.23796134680849992,6526
Gemma4-31B,directllm,HLE,hle_2318,0,0,0.4065032682644684,4656
Gemma4-31B,directllm,HLE,hle_2324,0,1,0.2646535239993023,7041
Gemma4-31B,directllm,HLE,hle_2326,0,0,0.07510130193642982,23952
Gemma4-31B,directllm,HLE,hle_2332,0,0,0.4401996846205106,3081
Gemma4-31B,directllm,HLE,hle_2333,0,1,0.4150806919257378,4777
Gemma4-31B,directllm,HLE,hle_2334,0,1,0.4338436290948851,3571
Gemma4-31B,directllm,HLE,hle_2335,0,0,0.30812274780425997,2136
Gemma4-31B,directllm,HLE,hle_2337,0,0,0.3085067440347424,9490
Gemma4-31B,directllm,HLE,hle_2354,0,0,0.2418843271001159,14133
Gemma4-31B,directllm,HLE,hle_236,0,0,0.23402983634045488,8977
Gemma4-31B,directllm,HLE,hle_2360,0,0,0.4450258555916466,2245
Gemma4-31B,directllm,HLE,hle_2364,0,1,0.3200035920438912,1808
Gemma4-31B,directllm,HLE,hle_2367,0,0,0.285238098147342,7661
Gemma4-31B,directllm,HLE,hle_2371,0,0,0.4020157918212098,1797
Gemma4-31B,directllm,HLE,hle_2373,0,0,0.12545363733939258,9882
Gemma4-31B,directllm,HLE,hle_2379,0,0,0.41110373807976847,4653
Gemma4-31B,directllm,HLE,hle_2389,0,1,0.21031787193097837,10661
Gemma4-31B,directllm,HLE,hle_241,0,0,0.27549345529734026,6014
Gemma4-31B,directllm,HLE,hle_242,0,0,0.17684185308091085,10456
Gemma4-31B,directllm,HLE,hle_243,0,0,0.24259714126334314,5368
Gemma4-31B,directllm,HLE,hle_2470,0,0,0.29114525753679704,9693
Gemma4-31B,directllm,HLE,hle_2486,0,1,0.1795337311889328,10326
Gemma4-31B,directllm,HLE,hle_251,0,0,0.3508640033000101,4707
Gemma4-31B,directllm,HLE,hle_262,0,0,0.42406929825698003,2249
Gemma4-31B,directllm,HLE,hle_267,0,0,0.33329434922004536,8253
Gemma4-31B,directllm,HLE,hle_27,0,0,0.16694112818394619,12250
Gemma4-31B,directllm,HLE,hle_272,0,0,0.3051377453677777,7487
Gemma4-31B,directllm,HLE,hle_278,0,0,0.4323544939219087,3805
Gemma4-31B,directllm,HLE,hle_280,0,0,0.4041692723048736,3256
Gemma4-31B,directllm,HLE,hle_283,0,0,0.3867060869853005,4842
Gemma4-31B,directllm,HLE,hle_288,0,0,0.21069917617879555,1985
Gemma4-31B,directllm,HLE,hle_293,0,0,0.36489841887676433,4744
Gemma4-31B,directllm,HLE,hle_294,0,1,0.2240463203381594,9363
Gemma4-31B,directllm,HLE,hle_302,0,1,0.5084519909057226,2535
Gemma4-31B,directllm,HLE,hle_309,0,0,0.18264682939057697,12139
Gemma4-31B,directllm,HLE,hle_32,0,0,0.2645174858070515,9441
Gemma4-31B,directllm,HLE,hle_328,0,0,0.20449196915184567,14612
Gemma4-31B,directllm,HLE,hle_329,0,0,0.14595236321785474,5297
Gemma4-31B,directllm,HLE,hle_330,0,0,0.1831288195196809,9308
Gemma4-31B,directllm,HLE,hle_331,0,0,0.22299583222485406,13060
Gemma4-31B,directllm,HLE,hle_335,0,0,0.331816769846255,5748
Gemma4-31B,directllm,HLE,hle_337,0,1,0.29806747614552953,8253
Gemma4-31B,directllm,HLE,hle_338,0,1,0.40934705544933603,5001
Gemma4-31B,directllm,HLE,hle_341,0,0,0.006464336546503844,78761
Gemma4-31B,directllm,HLE,hle_344,0,0,0.3324055218521369,10763
Gemma4-31B,directllm,HLE,hle_346,0,0,0.4135456289056249,2213
Gemma4-31B,directllm,HLE,hle_35,0,0,0.2740600820215863,3388
Gemma4-31B,directllm,HLE,hle_350,0,0,0.3818793351083649,5703
Gemma4-31B,directllm,HLE,hle_351,0,0,0.3133451766905519,5166
Gemma4-31B,directllm,HLE,hle_354,0,0,0.3275185864863291,1369
Gemma4-31B,directllm,HLE,hle_358,0,0,0.27456293677760796,6315
Gemma4-31B,directllm,HLE,hle_366,0,0,0.30636361191779143,5794
Gemma4-31B,directllm,HLE,hle_368,0,0,0.20757739228902583,9322
Gemma4-31B,directllm,HLE,hle_37,0,1,0.3821954054422649,5302
Gemma4-31B,directllm,HLE,hle_370,0,1,0.20428832127897886,18085
Gemma4-31B,directllm,HLE,hle_371,0,0,0.11283108697952252,15130
Gemma4-31B,directllm,HLE,hle_376,0,0,0.13928586521264777,12585
Gemma4-31B,directllm,HLE,hle_380,0,0,0.4027003952476848,2572
Gemma4-31B,directllm,HLE,hle_382,0,1,0.16216636491052164,6673
Gemma4-31B,directllm,HLE,hle_383,0,1,0.3936599096942641,2957
Gemma4-31B,directllm,HLE,hle_385,0,1,0.3104032775248203,1137
Gemma4-31B,directllm,HLE,hle_388,0,1,0.3632937610878327,5828
Gemma4-31B,directllm,HLE,hle_389,0,1,0.3223234745944289,7415
Gemma4-31B,directllm,HLE,hle_39,0,0,0.3270439093196095,3901
Gemma4-31B,directllm,HLE,hle_392,0,0,0.35398873625534705,1884
Gemma4-31B,directllm,HLE,hle_402,0,0,0.3464786875817574,5109
Gemma4-31B,directllm,HLE,hle_403,0,0,0.3840571090845369,2433
Gemma4-31B,directllm,HLE,hle_41,0,0,0.2772711466410121,6650
Gemma4-31B,directllm,HLE,hle_410,0,1,0.2920798448709333,5876
Gemma4-31B,directllm,HLE,hle_417,0,1,0.1803556116600588,8176
Gemma4-31B,directllm,HLE,hle_420,0,0,0.42977411349222666,1824
Gemma4-31B,directllm,HLE,hle_426,0,0,0.38057664793275103,9108
Gemma4-31B,directllm,HLE,hle_427,0,0,0.38380913486421775,4625
Gemma4-31B,directllm,HLE,hle_429,0,0,0.3108687127431199,5714
Gemma4-31B,directllm,HLE,hle_432,0,0,0.3563675023446509,4000
Gemma4-31B,directllm,HLE,hle_433,0,1,0.14343984719701564,12225
Gemma4-31B,directllm,HLE,hle_434,0,0,0.16812550001305798,2991
Gemma4-31B,directllm,HLE,hle_435,0,0,0.20780391479613014,12049
Gemma4-31B,directllm,HLE,hle_44,0,0,0.13451147272738365,12613
Gemma4-31B,directllm,HLE,hle_441,0,1,0.1606392615922794,11823
Gemma4-31B,directllm,HLE,hle_450,0,1,0.3734756794499211,2117
Gemma4-31B,directllm,HLE,hle_451,0,0,0.3187361634354079,4444
Gemma4-31B,directllm,HLE,hle_452,0,0,0.35004630091039324,6266
Gemma4-31B,directllm,HLE,hle_454,0,1,0.27685895098908414,6377
Gemma4-31B,directllm,HLE,hle_456,0,0,0.22679350719119737,5687
Gemma4-31B,directllm,HLE,hle_46,0,0,0.3231285069234173,7478
Gemma4-31B,directllm,HLE,hle_460,0,0,0.4136315083307716,2864
Gemma4-31B,directllm,HLE,hle_461,0,0,0.2225709259377794,10706
Gemma4-31B,directllm,HLE,hle_463,0,0,0.33319102492563424,6978
Gemma4-31B,directllm,HLE,hle_467,0,0,0.004746708882774215,99553
Gemma4-31B,directllm,HLE,hle_470,0,0,0.2103990948303513,8574
Gemma4-31B,directllm,HLE,hle_473,0,1,0.18410916827188795,12091
Gemma4-31B,directllm,HLE,hle_476,0,0,0.2850452207167371,4995
Gemma4-31B,directllm,HLE,hle_48,0,0,0.39458689063694086,4704
Gemma4-31B,directllm,HLE,hle_486,0,1,0.24381766031862612,7072
Gemma4-31B,directllm,HLE,hle_496,0,1,0.24779065504928396,13028
Gemma4-31B,directllm,HLE,hle_497,0,1,0.19868597578155495,11319
Gemma4-31B,directllm,HLE,hle_498,0,0,0.3933766948471214,5746
Gemma4-31B,directllm,HLE,hle_499,0,0,0.30894574249967427,4962
Gemma4-31B,directllm,HLE,hle_50,0,0,0.18338592099900386,18921
Gemma4-31B,directllm,HLE,hle_508,0,1,0.28553839150802024,8677
Gemma4-31B,directllm,HLE,hle_52,0,1,0.24258607120167938,13784
Gemma4-31B,directllm,HLE,hle_522,0,0,0.2763779716651269,8897
Gemma4-31B,directllm,HLE,hle_526,0,0,0.2759636340772023,2337
Gemma4-31B,directllm,HLE,hle_53,0,0,0.1814299146253916,7252
Gemma4-31B,directllm,HLE,hle_531,0,0,0.49421592508733847,2139
Gemma4-31B,directllm,HLE,hle_532,0,0,0.14876711582412094,13522
Gemma4-31B,directllm,HLE,hle_533,0,1,0.26537826154001837,7628
Gemma4-31B,directllm,HLE,hle_539,0,0,0.27958778446774946,9405
Gemma4-31B,directllm,HLE,hle_54,0,0,0.2672211101090314,9283
Gemma4-31B,directllm,HLE,hle_543,0,0,0.3489184116909381,6431
Gemma4-31B,directllm,HLE,hle_547,0,0,0.3815408583080021,1812
Gemma4-31B,directllm,HLE,hle_548,0,0,0.1489551233017935,13137
Gemma4-31B,directllm,HLE,hle_556,0,0,0.36616205678155567,4483
Gemma4-31B,directllm,HLE,hle_568,0,0,0.2647028575444287,6208
Gemma4-31B,directllm,HLE,hle_582,0,0,0.09196159993839205,13307
Gemma4-31B,directllm,HLE,hle_583,0,0,0.13854712717573892,17264
Gemma4-31B,directllm,HLE,hle_59,0,1,0.3513200149491542,5092
Gemma4-31B,directllm,HLE,hle_591,0,0,0.2109329438358899,9863
Gemma4-31B,directllm,HLE,hle_592,0,1,0.19719573841503657,12284
Gemma4-31B,directllm,HLE,hle_593,0,0,0.2828545908378294,3547
Gemma4-31B,directllm,HLE,hle_598,0,0,0.22786289887917752,3778
Gemma4-31B,directllm,HLE,hle_60,0,1,0.13054466802224318,10874
Gemma4-31B,directllm,HLE,hle_603,0,1,0.1929226299422547,8489
Gemma4-31B,directllm,HLE,hle_604,0,1,0.14499162200194934,9748
Gemma4-31B,directllm,HLE,hle_607,0,0,0.2184013099532567,13198
Gemma4-31B,directllm,HLE,hle_614,0,0,0.22445126267850155,3030
Gemma4-31B,directllm,HLE,hle_625,0,1,0.27247025684606785,7876
Gemma4-31B,directllm,HLE,hle_633,0,0,0.004498138749187857,95829
Gemma4-31B,directllm,HLE,hle_636,0,0,0.34728528565984884,1588
Gemma4-31B,directllm,HLE,hle_643,0,0,0.14848004479053925,16585
Gemma4-31B,directllm,HLE,hle_647,0,0,0.2436063936175009,7704
Gemma4-31B,directllm,HLE,hle_653,0,0,0.4014070515075751,3886
Gemma4-31B,directllm,HLE,hle_654,0,0,0.35398410623867493,6771
Gemma4-31B,directllm,HLE,hle_655,0,0,0.23503672719965235,5572
Gemma4-31B,directllm,HLE,hle_660,0,0,0.11230055342311489,16347
Gemma4-31B,directllm,HLE,hle_661,0,1,0.21297506909495384,11792
Gemma4-31B,directllm,HLE,hle_668,0,0,0.3844680425492104,3104
Gemma4-31B,directllm,HLE,hle_677,0,0,0.36907143650516827,7764
Gemma4-31B,directllm,HLE,hle_678,0,0,0.2989713603964744,4173
Gemma4-31B,directllm,HLE,hle_68,0,0,0.4144911155091677,4172
Gemma4-31B,directllm,HLE,hle_681,0,0,0.14965655074171696,13136
Gemma4-31B,directllm,HLE,hle_687,0,1,0.26218576136094923,4009
Gemma4-31B,directllm,HLE,hle_688,0,1,0.37926343368049636,2199
Gemma4-31B,directllm,HLE,hle_690,0,0,0.36968967824383997,5632
Gemma4-31B,directllm,HLE,hle_692,0,0,0.10658493273863201,13676
Gemma4-31B,directllm,HLE,hle_694,0,0,0.43031010447273776,2788
Gemma4-31B,directllm,HLE,hle_696,0,1,0.1203911372563883,9883
Gemma4-31B,directllm,HLE,hle_697,0,0,0.38039908766677416,3889
Gemma4-31B,directllm,HLE,hle_698,0,1,0.201666835817554,3895
Gemma4-31B,directllm,HLE,hle_699,0,0,0.2658663090391822,11243
Gemma4-31B,directllm,HLE,hle_70,0,1,0.3517987022325074,5244
Gemma4-31B,directllm,HLE,hle_700,0,1,0.2910824004307818,3765
Gemma4-31B,directllm,HLE,hle_705,0,0,0.27508924491084946,7103
Gemma4-31B,directllm,HLE,hle_707,0,0,0.1698636915034802,14453
Gemma4-31B,directllm,HLE,hle_708,0,0,0.23795552292410538,9096
Gemma4-31B,directllm,HLE,hle_711,0,1,0.16771399604989787,22874
Gemma4-31B,directllm,HLE,hle_72,0,1,0.21661368767965855,12641
Gemma4-31B,directllm,HLE,hle_724,0,1,0.2226555395762553,8152
Gemma4-31B,directllm,HLE,hle_728,0,0,0.0071909874997670925,90939
Gemma4-31B,directllm,HLE,hle_747,0,0,0.18201181132923197,14072
Gemma4-31B,directllm,HLE,hle_75,0,1,0.28008310278814735,4750
Gemma4-31B,directllm,HLE,hle_752,0,0,0.17942935455362255,10014
Gemma4-31B,directllm,HLE,hle_773,0,0,0.35409088606181244,4687
Gemma4-31B,directllm,HLE,hle_779,0,0,0.007224415650139228,89806
Gemma4-31B,directllm,HLE,hle_787,0,0,0.25582065656654396,6700
Gemma4-31B,directllm,HLE,hle_790,0,0,0.2195819875417801,8791
Gemma4-31B,directllm,HLE,hle_791,0,1,0.2077967696235841,9932
Gemma4-31B,directllm,HLE,hle_792,0,1,0.1976979907985901,8856
Gemma4-31B,directllm,HLE,hle_800,0,1,0.3411482249875383,6776
Gemma4-31B,directllm,HLE,hle_801,0,0,0.24555431472635125,9319
Gemma4-31B,directllm,HLE,hle_805,0,0,0.005871166277606272,83979
Gemma4-31B,directllm,HLE,hle_807,0,0,0.021478644067327864,82050
Gemma4-31B,directllm,HLE,hle_808,0,1,0.19581570412381347,6814
Gemma4-31B,directllm,HLE,hle_810,0,1,0.20156052139150604,13225
Gemma4-31B,directllm,HLE,hle_812,0,0,0.23592652375798837,9565
Gemma4-31B,directllm,HLE,hle_814,0,0,0.2785130557912442,4506
Gemma4-31B,directllm,HLE,hle_819,0,0,0.09874237112539822,12465
Gemma4-31B,directllm,HLE,hle_822,0,0,0.0028623264995650734,74831
Gemma4-31B,directllm,HLE,hle_825,0,0,0.0086765684827085,74283
Gemma4-31B,directllm,HLE,hle_827,0,1,0.12886633274623968,10679
Gemma4-31B,directllm,HLE,hle_829,0,1,0.19215045674758938,13495
Gemma4-31B,directllm,HLE,hle_830,0,0,0.24206945082080022,10725
Gemma4-31B,directllm,HLE,hle_831,0,1,0.21740840773382913,7699
Gemma4-31B,directllm,HLE,hle_834,0,1,0.08567737241178992,9901
Gemma4-31B,directllm,HLE,hle_835,0,0,0.2274844134357107,9596
Gemma4-31B,directllm,HLE,hle_84,0,0,0.15941341310036528,8742
Gemma4-31B,directllm,HLE,hle_85,0,0,0.31599288462478675,6214
Gemma4-31B,directllm,HLE,hle_855,0,0,0.22188393604903417,12738
Gemma4-31B,directllm,HLE,hle_867,0,1,0.1266829970320474,13062
Gemma4-31B,directllm,HLE,hle_87,0,1,0.3207685882111916,7104
Gemma4-31B,directllm,HLE,hle_875,0,0,0.14345764453648693,15423
Gemma4-31B,directllm,HLE,hle_876,0,1,0.22878180812560958,5793
Gemma4-31B,directllm,HLE,hle_877,0,1,0.2873943219406338,4739
Gemma4-31B,directllm,HLE,hle_88,0,0,0.2335795152720126,10980
Gemma4-31B,directllm,HLE,hle_880,0,0,0.14273260713543107,19925
Gemma4-31B,directllm,HLE,hle_883,0,0,0.19026690246347033,14913
Gemma4-31B,directllm,HLE,hle_885,0,1,0.2790671582364239,6563
Gemma4-31B,directllm,HLE,hle_892,0,1,0.23097262073651326,11165
Gemma4-31B,directllm,HLE,hle_893,0,0,0.20856808175003563,10223
Gemma4-31B,directllm,HLE,hle_894,0,1,0.30181683695897316,3413
Gemma4-31B,directllm,HLE,hle_897,0,1,0.1678039079912012,8036
Gemma4-31B,directllm,HLE,hle_905,0,0,0.3299174107688098,3970
Gemma4-31B,directllm,HLE,hle_911,0,1,0.23650449514773086,9245
Gemma4-31B,directllm,HLE,hle_917,0,0,0.18708090113621148,16187
Gemma4-31B,directllm,HLE,hle_921,0,0,0.42477116095063777,4033
Gemma4-31B,directllm,HLE,hle_923,0,1,0.19664962458293103,6730
Gemma4-31B,directllm,HLE,hle_926,0,0,0.3818921299358289,4661
Gemma4-31B,directllm,HLE,hle_930,0,0,0.09716217774937293,13538
Gemma4-31B,directllm,HLE,hle_931,0,1,0.12589966562903607,8306
Gemma4-31B,directllm,HLE,hle_934,0,1,0.31077641259023453,9417
Gemma4-31B,directllm,HLE,hle_935,0,0,0.3707249435547682,2841
Gemma4-31B,directllm,HLE,hle_936,0,1,0.15079203260982288,11527
Gemma4-31B,directllm,HLE,hle_937,0,1,0.3951864072031193,5743
Gemma4-31B,directllm,HLE,hle_938,0,0,0.28746498842243473,7379
Gemma4-31B,directllm,HLE,hle_942,0,0,0.2491888457421688,6323
Gemma4-31B,directllm,HLE,hle_945,0,0,0.253580097981922,12657
Gemma4-31B,directllm,HLE,hle_948,0,0,0.21803324940016958,9993
Gemma4-31B,directllm,HLE,hle_95,0,0,0.2886797498747968,8765
Gemma4-31B,directllm,HLE,hle_966,0,0,0.388308977939237,3430
Gemma4-31B,directllm,HLE,hle_967,0,0,0.4409220543945509,2191
Gemma4-31B,directllm,HLE,hle_969,0,0,0.11337536053820076,17559
Gemma4-31B,directllm,HLE,hle_970,0,0,0.2297690324153116,15020
Gemma4-31B,directllm,HLE,hle_971,0,0,0.2727783569679274,2213
Gemma4-31B,directllm,HLE,hle_978,0,1,0.21453760288146345,11504
Gemma4-31B,directllm,HLE,hle_98,0,0,0.2715131473995798,2660
Gemma4-31B,directllm,HLE,hle_980,0,0,0.260050364577821,6044
Gemma4-31B,directllm,HLE,hle_981,0,1,0.25143487106253737,8598
Gemma4-31B,directllm,HLE,hle_988,0,0,0.4089713701321778,3317
Gemma4-31B,directllm,HLE,hle_997,0,1,0.17800333137100466,9715
Gemma4-31B,directllm,HLE,hle_999,0,1,0.21902603902966106,4706
Gemma4-31B,openclaw,AIME,aime_1,0,1,0.09959966612130247,2804
Gemma4-31B,openclaw,AIME,aime_1,1,1,0.10800721515876575,2801
Gemma4-31B,openclaw,AIME,aime_1,2,1,0.09993012452911565,2450
Gemma4-31B,openclaw,AIME,aime_1,3,1,0.10241896191611873,2677
Gemma4-31B,openclaw,AIME,aime_10,0,1,0.14593827781250016,12178
Gemma4-31B,openclaw,AIME,aime_10,1,1,0.14092115196752916,17242
Gemma4-31B,openclaw,AIME,aime_10,2,1,0.1298871935270849,12646
Gemma4-31B,openclaw,AIME,aime_10,3,1,0.10954694376263342,13879
Gemma4-31B,openclaw,AIME,aime_11,0,1,0.1491235128279119,8147
Gemma4-31B,openclaw,AIME,aime_11,1,1,0.14954487121874896,7765
Gemma4-31B,openclaw,AIME,aime_11,2,1,0.1602414463269107,8480
Gemma4-31B,openclaw,AIME,aime_11,3,1,0.14569951142919046,9468
Gemma4-31B,openclaw,AIME,aime_12,0,1,0.09499124832158862,5884
Gemma4-31B,openclaw,AIME,aime_12,1,1,0.10315931235681972,6414
Gemma4-31B,openclaw,AIME,aime_12,2,1,0.10633464377759448,8964
Gemma4-31B,openclaw,AIME,aime_12,3,1,0.09976425212881491,6979
Gemma4-31B,openclaw,AIME,aime_13,0,1,0.1610937804856902,9684
Gemma4-31B,openclaw,AIME,aime_13,1,1,0.14601507394050195,11278
Gemma4-31B,openclaw,AIME,aime_13,2,1,0.18535151077416412,7339
Gemma4-31B,openclaw,AIME,aime_13,3,1,0.15169430272896672,9787
Gemma4-31B,openclaw,AIME,aime_14,0,1,0.09250987016394324,6519
Gemma4-31B,openclaw,AIME,aime_14,1,1,0.10504571178343146,6852
Gemma4-31B,openclaw,AIME,aime_14,2,1,0.11115441691081772,6044
Gemma4-31B,openclaw,AIME,aime_14,3,1,0.10929290010018584,7444
Gemma4-31B,openclaw,AIME,aime_15,0,0,0.21787476612886114,14223
Gemma4-31B,openclaw,AIME,aime_15,1,1,0.18323910053857145,9498
Gemma4-31B,openclaw,AIME,aime_15,2,0,0.20195419815604,20585
Gemma4-31B,openclaw,AIME,aime_16,0,1,0.14624604136506145,3035
Gemma4-31B,openclaw,AIME,aime_16,1,1,0.15939091954759402,3094
Gemma4-31B,openclaw,AIME,aime_16,2,1,0.18044512228564685,3837
Gemma4-31B,openclaw,AIME,aime_16,3,1,0.1701184756803791,3852
Gemma4-31B,openclaw,AIME,aime_17,0,1,0.13823090706034855,10403
Gemma4-31B,openclaw,AIME,aime_17,1,1,0.13430933759030064,10346
Gemma4-31B,openclaw,AIME,aime_17,2,0,0.1475260044918175,7784
Gemma4-31B,openclaw,AIME,aime_17,3,1,0.16239726048827544,9474
Gemma4-31B,openclaw,AIME,aime_18,0,1,0.1368312814907656,11683
Gemma4-31B,openclaw,AIME,aime_18,1,1,0.13012673001900854,11766
Gemma4-31B,openclaw,AIME,aime_18,2,1,0.12893424947081594,12218
Gemma4-31B,openclaw,AIME,aime_18,3,1,0.1282740446940738,15348
Gemma4-31B,openclaw,AIME,aime_19,0,1,0.10924739472433084,6146
Gemma4-31B,openclaw,AIME,aime_19,1,1,0.10271162120118206,4462
Gemma4-31B,openclaw,AIME,aime_19,2,1,0.10247486490852985,5690
Gemma4-31B,openclaw,AIME,aime_19,3,1,0.10710900774031008,4127
Gemma4-31B,openclaw,AIME,aime_2,0,1,0.0998816404131087,5386
Gemma4-31B,openclaw,AIME,aime_2,1,1,0.1680804873039205,5105
Gemma4-31B,openclaw,AIME,aime_2,2,1,0.16306157032905613,4785
Gemma4-31B,openclaw,AIME,aime_2,3,1,0.10240748032679857,5637
Gemma4-31B,openclaw,AIME,aime_20,0,1,0.10507760445360048,4155
Gemma4-31B,openclaw,AIME,aime_20,1,1,0.09806797602977775,4349
Gemma4-31B,openclaw,AIME,aime_20,2,1,0.10222678018320117,4626
Gemma4-31B,openclaw,AIME,aime_20,3,1,0.11345955689146671,4390
Gemma4-31B,openclaw,AIME,aime_21,0,1,0.18853368875844026,6325
Gemma4-31B,openclaw,AIME,aime_21,1,1,0.15484085538901482,4286
Gemma4-31B,openclaw,AIME,aime_21,2,1,0.16400575346992802,3947
Gemma4-31B,openclaw,AIME,aime_21,3,1,0.1504312880819358,4695
Gemma4-31B,openclaw,AIME,aime_22,0,1,0.12937424234688105,8988
Gemma4-31B,openclaw,AIME,aime_22,1,1,0.109845670930158,7274
Gemma4-31B,openclaw,AIME,aime_22,2,1,0.11899396257033758,5032
Gemma4-31B,openclaw,AIME,aime_22,3,1,0.13204015788237922,9094
Gemma4-31B,openclaw,AIME,aime_23,0,1,0.13084461579717938,6736
Gemma4-31B,openclaw,AIME,aime_23,1,1,0.12749936645125834,6030
Gemma4-31B,openclaw,AIME,aime_23,2,1,0.10657812532562294,5164
Gemma4-31B,openclaw,AIME,aime_24,0,1,0.12362386912121431,6467
Gemma4-31B,openclaw,AIME,aime_24,1,1,0.10817746896097045,6460
Gemma4-31B,openclaw,AIME,aime_24,2,1,0.11146918576755185,11433
Gemma4-31B,openclaw,AIME,aime_24,3,1,0.12110980154500633,6538
Gemma4-31B,openclaw,AIME,aime_25,0,1,0.13833356090673046,7235
Gemma4-31B,openclaw,AIME,aime_25,1,1,0.13532399750552168,7493
Gemma4-31B,openclaw,AIME,aime_25,2,1,0.1460400129459102,9865
Gemma4-31B,openclaw,AIME,aime_25,3,1,0.14126522892332824,7193
Gemma4-31B,openclaw,AIME,aime_26,0,1,0.1426516864039756,8126
Gemma4-31B,openclaw,AIME,aime_26,1,1,0.14714430703993492,8082
Gemma4-31B,openclaw,AIME,aime_26,2,1,0.12397407296193398,9219
Gemma4-31B,openclaw,AIME,aime_26,3,1,0.11816037990342843,8296
Gemma4-31B,openclaw,AIME,aime_27,0,1,0.08301719893892302,7657
Gemma4-31B,openclaw,AIME,aime_27,1,1,0.09923644118286963,10179
Gemma4-31B,openclaw,AIME,aime_27,2,1,0.10329561330216683,8745
Gemma4-31B,openclaw,AIME,aime_27,3,1,0.09678297336899579,10350
Gemma4-31B,openclaw,AIME,aime_28,0,1,0.1814446825056045,12466
Gemma4-31B,openclaw,AIME,aime_28,1,1,0.1834025457865316,15555
Gemma4-31B,openclaw,AIME,aime_28,2,1,0.18637284360747844,16774
Gemma4-31B,openclaw,AIME,aime_28,3,1,0.20221098578091737,12362
Gemma4-31B,openclaw,AIME,aime_29,0,1,0.17086050792835494,3083
Gemma4-31B,openclaw,AIME,aime_29,1,1,0.1668206879847985,3093
Gemma4-31B,openclaw,AIME,aime_29,2,1,0.175350809816364,5289
Gemma4-31B,openclaw,AIME,aime_3,0,1,0.1517613689783178,4721
Gemma4-31B,openclaw,AIME,aime_3,1,1,0.18303172516121372,6098
Gemma4-31B,openclaw,AIME,aime_3,2,1,0.20528453814848915,5756
Gemma4-31B,openclaw,AIME,aime_3,3,1,0.14584291496978857,4356
Gemma4-31B,openclaw,AIME,aime_30,0,1,0.15786529226510396,3646
Gemma4-31B,openclaw,AIME,aime_30,1,1,0.13423214913582443,3258
Gemma4-31B,openclaw,AIME,aime_30,2,1,0.16873085773476634,4119
Gemma4-31B,openclaw,AIME,aime_30,3,1,0.15089334171478974,3752
Gemma4-31B,openclaw,AIME,aime_4,0,1,0.14621050581784473,4544
Gemma4-31B,openclaw,AIME,aime_4,1,1,0.1660202055958476,5157
Gemma4-31B,openclaw,AIME,aime_4,2,1,0.16211163320580177,4856
Gemma4-31B,openclaw,AIME,aime_4,3,1,0.16352238506917002,4470
Gemma4-31B,openclaw,AIME,aime_5,0,1,0.08962341093518128,2547
Gemma4-31B,openclaw,AIME,aime_5,1,1,0.10324851583122423,2981
Gemma4-31B,openclaw,AIME,aime_5,2,1,0.09037130132421406,2527
Gemma4-31B,openclaw,AIME,aime_5,3,1,0.09038925523308311,2527
Gemma4-31B,openclaw,AIME,aime_6,0,1,0.12355017368792984,4740
Gemma4-31B,openclaw,AIME,aime_6,1,1,0.161845024749443,7310
Gemma4-31B,openclaw,AIME,aime_6,2,1,0.14263304667205362,5556
Gemma4-31B,openclaw,AIME,aime_6,3,1,0.1451296117033434,6074
Gemma4-31B,openclaw,AIME,aime_7,0,1,0.10998370330555401,5779
Gemma4-31B,openclaw,AIME,aime_7,1,1,0.09743542106687485,5158
Gemma4-31B,openclaw,AIME,aime_7,2,1,0.08884313482620672,4251
Gemma4-31B,openclaw,AIME,aime_7,3,1,0.10524080205045123,5717
Gemma4-31B,openclaw,AIME,aime_8,0,1,0.11422769968223846,6110
Gemma4-31B,openclaw,AIME,aime_8,1,1,0.11049349589859643,6168
Gemma4-31B,openclaw,AIME,aime_8,2,1,0.11170462929159057,5142
Gemma4-31B,openclaw,AIME,aime_8,3,1,0.11215350388487601,6355
Gemma4-31B,openclaw,AIME,aime_9,0,1,0.18498272730909437,3576
Gemma4-31B,openclaw,AIME,aime_9,1,1,0.16201620523684665,4111
Gemma4-31B,openclaw,AIME,aime_9,2,1,0.17652130631471663,6014
Gemma4-31B,openclaw,AIME,aime_9,3,1,0.17445656145362812,4167
Gemma4-31B,openclaw,GPQA,gpqa_0,0,1,0.20277357223059492,1300
Gemma4-31B,openclaw,GPQA,gpqa_1,0,1,0.22437936162411196,2830
Gemma4-31B,openclaw,GPQA,gpqa_10,0,0,0.21716382268191664,5229
Gemma4-31B,openclaw,GPQA,gpqa_100,0,1,0.25894415082499556,7784
Gemma4-31B,openclaw,GPQA,gpqa_101,0,1,0.26756440530271614,12027
Gemma4-31B,openclaw,GPQA,gpqa_102,0,0,0.30594484642924585,14685
Gemma4-31B,openclaw,GPQA,gpqa_103,0,0,0.23165388515112476,13382
Gemma4-31B,openclaw,GPQA,gpqa_104,0,1,0.21911409162860032,4829
Gemma4-31B,openclaw,GPQA,gpqa_105,0,1,0.26616077026002966,5196
Gemma4-31B,openclaw,GPQA,gpqa_106,0,0,0.23754333396343022,8319
Gemma4-31B,openclaw,GPQA,gpqa_107,0,1,0.17556342220400772,7898
Gemma4-31B,openclaw,GPQA,gpqa_108,0,0,0.3029436434439777,14217
Gemma4-31B,openclaw,GPQA,gpqa_109,0,0,0.23295838474127506,10617
Gemma4-31B,openclaw,GPQA,gpqa_11,0,1,0.18652466556301017,2246
Gemma4-31B,openclaw,GPQA,gpqa_110,0,1,0.3269911555960153,5545
Gemma4-31B,openclaw,GPQA,gpqa_111,0,1,0.23058716639594967,7602
Gemma4-31B,openclaw,GPQA,gpqa_112,0,1,0.22773989791807153,13402
Gemma4-31B,openclaw,GPQA,gpqa_113,0,1,0.2344754818524137,5053
Gemma4-31B,openclaw,GPQA,gpqa_114,0,1,0.27189961758034836,4606
Gemma4-31B,openclaw,GPQA,gpqa_115,0,1,0.3300243572262916,3764
Gemma4-31B,openclaw,GPQA,gpqa_116,0,0,0.2411043022349871,5342
Gemma4-31B,openclaw,GPQA,gpqa_117,0,1,0.340060518674622,7644
Gemma4-31B,openclaw,GPQA,gpqa_118,0,1,0.19768039761776643,5723
Gemma4-31B,openclaw,GPQA,gpqa_119,0,1,0.30462449723800034,5693
Gemma4-31B,openclaw,GPQA,gpqa_12,0,1,0.1642940167477272,5819
Gemma4-31B,openclaw,GPQA,gpqa_120,0,1,0.19097079782862406,8113
Gemma4-31B,openclaw,GPQA,gpqa_121,0,1,0.22780691507367148,2088
Gemma4-31B,openclaw,GPQA,gpqa_122,0,1,0.2551040863065403,2364
Gemma4-31B,openclaw,GPQA,gpqa_123,0,1,0.2681637400615126,6465
Gemma4-31B,openclaw,GPQA,gpqa_124,0,1,0.20854925123675574,9439
Gemma4-31B,openclaw,GPQA,gpqa_125,0,1,0.2147599219633037,9369
Gemma4-31B,openclaw,GPQA,gpqa_126,0,1,0.23089504618119613,5238
Gemma4-31B,openclaw,GPQA,gpqa_127,0,0,0.2436587127047876,4233
Gemma4-31B,openclaw,GPQA,gpqa_128,0,1,0.1973899676074268,6538
Gemma4-31B,openclaw,GPQA,gpqa_129,0,1,0.22588226072099785,9627
Gemma4-31B,openclaw,GPQA,gpqa_13,0,1,0.15079671292078153,1825
Gemma4-31B,openclaw,GPQA,gpqa_130,0,1,0.2121235134814732,2483
Gemma4-31B,openclaw,GPQA,gpqa_131,0,1,0.20333925266732245,6440
Gemma4-31B,openclaw,GPQA,gpqa_132,0,1,0.23975406964905127,3781
Gemma4-31B,openclaw,GPQA,gpqa_134,0,1,0.19058200772905434,4901
Gemma4-31B,openclaw,GPQA,gpqa_135,0,0,0.27780098516563473,7559
Gemma4-31B,openclaw,GPQA,gpqa_136,0,1,0.23674299708570154,4532
Gemma4-31B,openclaw,GPQA,gpqa_137,0,1,0.18352744386735523,5030
Gemma4-31B,openclaw,GPQA,gpqa_138,0,1,0.20429795577340457,2105
Gemma4-31B,openclaw,GPQA,gpqa_139,0,1,0.1981387441248931,3040
Gemma4-31B,openclaw,GPQA,gpqa_14,0,1,0.3555468412931122,4067
Gemma4-31B,openclaw,GPQA,gpqa_140,0,1,0.253056385752716,5647
Gemma4-31B,openclaw,GPQA,gpqa_141,0,1,0.2854680219943348,8178
Gemma4-31B,openclaw,GPQA,gpqa_142,0,1,0.155164059352709,14823
Gemma4-31B,openclaw,GPQA,gpqa_143,0,0,0.2434112449972905,14376
Gemma4-31B,openclaw,GPQA,gpqa_144,0,1,0.25683761935074056,4083
Gemma4-31B,openclaw,GPQA,gpqa_145,0,1,0.30697556632335465,6785
Gemma4-31B,openclaw,GPQA,gpqa_146,0,1,0.1884566211559086,2120
Gemma4-31B,openclaw,GPQA,gpqa_147,0,1,0.17507668272984322,2294
Gemma4-31B,openclaw,GPQA,gpqa_148,0,1,0.11917622480896208,3003
Gemma4-31B,openclaw,GPQA,gpqa_149,0,0,0.18259354441765127,7174
Gemma4-31B,openclaw,GPQA,gpqa_15,0,1,0.22879573050518937,5054
Gemma4-31B,openclaw,GPQA,gpqa_150,0,1,0.15123874409460017,4190
Gemma4-31B,openclaw,GPQA,gpqa_151,0,1,0.14428112782115027,863
Gemma4-31B,openclaw,GPQA,gpqa_152,0,1,0.15395614861485218,2894
Gemma4-31B,openclaw,GPQA,gpqa_153,0,1,0.30307903850695145,2162
Gemma4-31B,openclaw,GPQA,gpqa_154,0,1,0.15427885773515648,4839
Gemma4-31B,openclaw,GPQA,gpqa_155,0,1,0.17098014139574305,4154
Gemma4-31B,openclaw,GPQA,gpqa_156,0,1,0.1085200695474908,2525
Gemma4-31B,openclaw,GPQA,gpqa_157,0,1,0.19708962979340236,2135
Gemma4-31B,openclaw,GPQA,gpqa_158,0,1,0.27598339434468133,8047
Gemma4-31B,openclaw,GPQA,gpqa_159,0,1,0.1343991863169183,3092
Gemma4-31B,openclaw,GPQA,gpqa_16,0,1,0.2216324455217127,2127
Gemma4-31B,openclaw,GPQA,gpqa_160,0,1,0.10321423401203604,4661
Gemma4-31B,openclaw,GPQA,gpqa_161,0,1,0.1601126084512324,5449
Gemma4-31B,openclaw,GPQA,gpqa_162,0,1,0.14878232374640094,4546
Gemma4-31B,openclaw,GPQA,gpqa_163,0,1,0.14218714257778534,6658
Gemma4-31B,openclaw,GPQA,gpqa_164,0,1,0.07366900506030093,1835
Gemma4-31B,openclaw,GPQA,gpqa_165,0,1,0.09738609386385914,2089
Gemma4-31B,openclaw,GPQA,gpqa_166,0,1,0.06965176397295411,1749
Gemma4-31B,openclaw,GPQA,gpqa_167,0,1,0.13489858034573732,3264
Gemma4-31B,openclaw,GPQA,gpqa_168,0,1,0.06210530405567786,2211
Gemma4-31B,openclaw,GPQA,gpqa_169,0,1,0.4045536948753974,1787
Gemma4-31B,openclaw,GPQA,gpqa_17,0,1,0.14112380706892586,1636
Gemma4-31B,openclaw,GPQA,gpqa_170,0,1,0.13498036736950147,2134
Gemma4-31B,openclaw,GPQA,gpqa_171,0,1,0.11970972463964193,2303
Gemma4-31B,openclaw,GPQA,gpqa_172,0,1,0.1518555704692338,13229
Gemma4-31B,openclaw,GPQA,gpqa_173,0,1,0.17210502423776608,11149
Gemma4-31B,openclaw,GPQA,gpqa_174,0,1,0.18383131711420625,5558
Gemma4-31B,openclaw,GPQA,gpqa_175,0,1,0.1883979790173032,3157
Gemma4-31B,openclaw,GPQA,gpqa_176,0,1,0.14254717067938713,3493
Gemma4-31B,openclaw,GPQA,gpqa_177,0,1,0.16842499235527342,2358
Gemma4-31B,openclaw,GPQA,gpqa_178,0,1,0.18634088205677177,8295
Gemma4-31B,openclaw,GPQA,gpqa_179,0,1,0.0818330730190164,2748
Gemma4-31B,openclaw,GPQA,gpqa_18,0,1,0.1543461324400773,24543
Gemma4-31B,openclaw,GPQA,gpqa_180,0,1,0.0856820354485624,1855
Gemma4-31B,openclaw,GPQA,gpqa_181,0,1,0.09183280646417423,904
Gemma4-31B,openclaw,GPQA,gpqa_182,0,1,0.108552858522964,3375
Gemma4-31B,openclaw,GPQA,gpqa_183,0,1,0.048041273052993355,2908
Gemma4-31B,openclaw,GPQA,gpqa_184,0,1,0.1451002987391254,11258
Gemma4-31B,openclaw,GPQA,gpqa_185,0,1,0.2476218174475157,5476
Gemma4-31B,openclaw,GPQA,gpqa_186,0,1,0.0906211663801818,2028
Gemma4-31B,openclaw,GPQA,gpqa_187,0,1,0.16165285212027983,3185
Gemma4-31B,openclaw,GPQA,gpqa_188,0,1,0.09467764537815873,4157
Gemma4-31B,openclaw,GPQA,gpqa_189,0,1,0.1463098768074253,4676
Gemma4-31B,openclaw,GPQA,gpqa_19,0,1,0.0885735842010141,2504
Gemma4-31B,openclaw,GPQA,gpqa_190,0,1,0.10819505791669966,2257
Gemma4-31B,openclaw,GPQA,gpqa_191,0,1,0.13295476330742217,962
Gemma4-31B,openclaw,GPQA,gpqa_192,0,1,0.2301806629025974,6965
Gemma4-31B,openclaw,GPQA,gpqa_193,0,1,0.08449146930276859,1741
Gemma4-31B,openclaw,GPQA,gpqa_194,0,1,0.14812175992198823,2998
Gemma4-31B,openclaw,GPQA,gpqa_195,0,1,0.12406980412036325,2126
Gemma4-31B,openclaw,GPQA,gpqa_196,0,0,0.26489991067825447,7214
Gemma4-31B,openclaw,GPQA,gpqa_197,0,1,0.20996920403770625,8688
Gemma4-31B,openclaw,GPQA,gpqa_2,0,1,0.15563622467379465,2315
Gemma4-31B,openclaw,GPQA,gpqa_20,0,1,0.24554778324358298,6448
Gemma4-31B,openclaw,GPQA,gpqa_21,0,1,0.131718286031052,5438
Gemma4-31B,openclaw,GPQA,gpqa_22,0,0,0.1313935668812292,24214
Gemma4-31B,openclaw,GPQA,gpqa_23,0,1,0.1466920851602352,1832
Gemma4-31B,openclaw,GPQA,gpqa_24,0,1,0.1523544397060716,3451
Gemma4-31B,openclaw,GPQA,gpqa_25,0,1,0.06732411547882063,3150
Gemma4-31B,openclaw,GPQA,gpqa_26,0,0,0.18755653420747972,6861
Gemma4-31B,openclaw,GPQA,gpqa_27,0,1,0.30066753274942953,1669
Gemma4-31B,openclaw,GPQA,gpqa_28,0,0,0.15441756927055414,22315
Gemma4-31B,openclaw,GPQA,gpqa_29,0,1,0.2935851662644757,1693
Gemma4-31B,openclaw,GPQA,gpqa_3,0,1,0.19175081237879238,4178
Gemma4-31B,openclaw,GPQA,gpqa_30,0,1,0.136634140593161,7653
Gemma4-31B,openclaw,GPQA,gpqa_31,0,0,0.37257499810755984,7738
Gemma4-31B,openclaw,GPQA,gpqa_32,0,1,0.1627243474541958,4050
Gemma4-31B,openclaw,GPQA,gpqa_33,0,1,0.3224442773151674,1601
Gemma4-31B,openclaw,GPQA,gpqa_34,0,1,0.18081959101261572,2537
Gemma4-31B,openclaw,GPQA,gpqa_35,0,1,0.165142490749454,2673
Gemma4-31B,openclaw,GPQA,gpqa_36,0,1,0.11949339962421286,2846
Gemma4-31B,openclaw,GPQA,gpqa_37,0,1,0.11414674246259843,1671
Gemma4-31B,openclaw,GPQA,gpqa_38,0,0,0.23067522034207646,1866
Gemma4-31B,openclaw,GPQA,gpqa_39,0,1,0.2655714416682081,3109
Gemma4-31B,openclaw,GPQA,gpqa_4,0,1,0.16718812664829943,7389
Gemma4-31B,openclaw,GPQA,gpqa_40,0,1,0.276057922112362,3360
Gemma4-31B,openclaw,GPQA,gpqa_41,0,1,0.1539584112250013,6378
Gemma4-31B,openclaw,GPQA,gpqa_42,0,1,0.33859662396347096,3512
Gemma4-31B,openclaw,GPQA,gpqa_43,0,0,0.36679143718157264,5048
Gemma4-31B,openclaw,GPQA,gpqa_44,0,1,0.15542093814297578,3515
Gemma4-31B,openclaw,GPQA,gpqa_45,0,1,0.09992822370482982,926
Gemma4-31B,openclaw,GPQA,gpqa_46,0,1,0.19291762464368467,5679
Gemma4-31B,openclaw,GPQA,gpqa_47,0,1,0.2524450332574448,2553
Gemma4-31B,openclaw,GPQA,gpqa_48,0,1,0.3712193113043227,1748
Gemma4-31B,openclaw,GPQA,gpqa_49,0,1,0.301910051004159,1519
Gemma4-31B,openclaw,GPQA,gpqa_5,0,1,0.19000556768972038,3210
Gemma4-31B,openclaw,GPQA,gpqa_50,0,1,0.19304219962313374,9863
Gemma4-31B,openclaw,GPQA,gpqa_51,0,1,0.10365153817131095,3067
Gemma4-31B,openclaw,GPQA,gpqa_52,0,1,0.22410587505707633,3879
Gemma4-31B,openclaw,GPQA,gpqa_53,0,1,0.17245520856921168,8081
Gemma4-31B,openclaw,GPQA,gpqa_54,0,1,0.1717060319282029,1312
Gemma4-31B,openclaw,GPQA,gpqa_55,0,1,0.24306201482637066,5524
Gemma4-31B,openclaw,GPQA,gpqa_56,0,1,0.1234449581233953,1682
Gemma4-31B,openclaw,GPQA,gpqa_57,0,1,0.3143811083370959,1571
Gemma4-31B,openclaw,GPQA,gpqa_58,0,1,0.16239586274805914,10858
Gemma4-31B,openclaw,GPQA,gpqa_59,0,1,0.3566956021992047,4245
Gemma4-31B,openclaw,GPQA,gpqa_6,0,1,0.12830211542631217,4023
Gemma4-31B,openclaw,GPQA,gpqa_60,0,0,0.46701944686373975,5268
Gemma4-31B,openclaw,GPQA,gpqa_61,0,1,0.29663573783097436,2294
Gemma4-31B,openclaw,GPQA,gpqa_62,0,1,0.3391141782672694,3610
Gemma4-31B,openclaw,GPQA,gpqa_63,0,1,0.14230323325826744,5450
Gemma4-31B,openclaw,GPQA,gpqa_64,0,0,0.36146751742641076,8603
Gemma4-31B,openclaw,GPQA,gpqa_65,0,0,0.1371884108508773,18588
Gemma4-31B,openclaw,GPQA,gpqa_66,0,1,0.2921334932490273,933
Gemma4-31B,openclaw,GPQA,gpqa_67,0,1,0.20462209027670944,2844
Gemma4-31B,openclaw,GPQA,gpqa_68,0,1,0.31274067991669396,1949
Gemma4-31B,openclaw,GPQA,gpqa_69,0,1,0.3020015297939483,5466
Gemma4-31B,openclaw,GPQA,gpqa_7,0,1,0.17959290880895068,2096
Gemma4-31B,openclaw,GPQA,gpqa_70,0,0,0.3879261354960199,1961
Gemma4-31B,openclaw,GPQA,gpqa_71,0,1,0.04206690971526995,29900
Gemma4-31B,openclaw,GPQA,gpqa_72,0,1,0.3727765618767173,1786
Gemma4-31B,openclaw,GPQA,gpqa_73,0,1,0.29938370931628305,1259
Gemma4-31B,openclaw,GPQA,gpqa_74,0,1,0.1999050161514977,5977
Gemma4-31B,openclaw,GPQA,gpqa_75,0,1,0.2693426449823557,6214
Gemma4-31B,openclaw,GPQA,gpqa_76,0,0,0.2616068877305237,20810
Gemma4-31B,openclaw,GPQA,gpqa_77,0,1,0.2327490484786486,10972
Gemma4-31B,openclaw,GPQA,gpqa_78,0,0,0.23601338723485296,10461
Gemma4-31B,openclaw,GPQA,gpqa_79,0,1,0.2647169477653743,7772
Gemma4-31B,openclaw,GPQA,gpqa_8,0,1,0.16566107096193802,3815
Gemma4-31B,openclaw,GPQA,gpqa_80,0,1,0.30150575125361573,4247
Gemma4-31B,openclaw,GPQA,gpqa_81,0,1,0.22670257898528165,7335
Gemma4-31B,openclaw,GPQA,gpqa_82,0,1,0.22647823913059442,8288
Gemma4-31B,openclaw,GPQA,gpqa_83,0,1,0.26030620634170537,8167
Gemma4-31B,openclaw,GPQA,gpqa_84,0,1,0.23550984249246196,4484
Gemma4-31B,openclaw,GPQA,gpqa_85,0,1,0.24346431967446547,5786
Gemma4-31B,openclaw,GPQA,gpqa_86,0,0,0.32734461167715034,6223
Gemma4-31B,openclaw,GPQA,gpqa_87,0,0,0.2735710812240102,12875
Gemma4-31B,openclaw,GPQA,gpqa_89,0,1,0.16406968803027783,11366
Gemma4-31B,openclaw,GPQA,gpqa_9,0,1,0.20995755134538988,8516
Gemma4-31B,openclaw,GPQA,gpqa_90,0,1,0.2290634006469134,12540
Gemma4-31B,openclaw,GPQA,gpqa_91,0,1,0.26809527145985784,7233
Gemma4-31B,openclaw,GPQA,gpqa_92,0,1,0.2938395753212659,636
Gemma4-31B,openclaw,GPQA,gpqa_93,0,1,0.204804969941021,6944
Gemma4-31B,openclaw,GPQA,gpqa_94,0,1,0.26135701067276756,6838
Gemma4-31B,openclaw,GPQA,gpqa_95,0,1,0.1766208215041198,3241
Gemma4-31B,openclaw,GPQA,gpqa_96,0,1,0.27780607303787946,7406
Gemma4-31B,openclaw,GPQA,gpqa_97,0,0,0.24301049513053993,8194
Gemma4-31B,openclaw,GPQA,gpqa_98,0,1,0.19224317817607312,8935
Gemma4-31B,openclaw,GPQA,gpqa_99,0,1,0.24508835508121227,4073
Gemma4-31B,openclaw,HLE,hle_1,0,0,0.3381495519136487,8687
Gemma4-31B,openclaw,HLE,hle_1008,0,0,0.024562681967205263,137720
Gemma4-31B,openclaw,HLE,hle_1009,0,0,0.4342607575073731,4438
Gemma4-31B,openclaw,HLE,hle_1012,0,0,0.18683106031019456,2573
Gemma4-31B,openclaw,HLE,hle_1019,0,0,0.292825355471261,1400
Gemma4-31B,openclaw,HLE,hle_1021,0,1,0.18906938551414976,2077
Gemma4-31B,openclaw,HLE,hle_1022,0,0,0.27637548259043365,6629
Gemma4-31B,openclaw,HLE,hle_1023,0,0,0.15197654733614724,5617
Gemma4-31B,openclaw,HLE,hle_1024,0,0,0.39142569420314777,3038
Gemma4-31B,openclaw,HLE,hle_1031,0,0,0.19569545701192442,5935
Gemma4-31B,openclaw,HLE,hle_1038,0,0,0.3155082939457059,7175
Gemma4-31B,openclaw,HLE,hle_1045,0,0,0.09748202013711918,17670
Gemma4-31B,openclaw,HLE,hle_1046,0,0,0.3139262113002968,10849
Gemma4-31B,openclaw,HLE,hle_1047,0,0,0.08546138874193354,4098
Gemma4-31B,openclaw,HLE,hle_1048,0,0,0.15192871905490485,13117
Gemma4-31B,openclaw,HLE,hle_1049,0,0,0.18593232072765875,12481
Gemma4-31B,openclaw,HLE,hle_1050,0,0,0.09857407401962863,5760
Gemma4-31B,openclaw,HLE,hle_1051,0,1,0.08040095292077017,6232
Gemma4-31B,openclaw,HLE,hle_1052,0,0,0.1461175625675018,14444
Gemma4-31B,openclaw,HLE,hle_1054,0,0,0.20123047847821482,8643
Gemma4-31B,openclaw,HLE,hle_1055,0,0,0.33739296131659946,1703
Gemma4-31B,openclaw,HLE,hle_1056,0,0,0.20781223961064904,8533
Gemma4-31B,openclaw,HLE,hle_1057,0,0,0.12853562554057946,6346
Gemma4-31B,openclaw,HLE,hle_1058,0,0,0.02475779110230729,88446
Gemma4-31B,openclaw,HLE,hle_1066,0,0,0.3441677671857782,1816
Gemma4-31B,openclaw,HLE,hle_1067,0,1,0.2600284655251619,8864
Gemma4-31B,openclaw,HLE,hle_1070,0,1,0.3325477586313677,4827
Gemma4-31B,openclaw,HLE,hle_1071,0,0,0.34518931516733503,3830
Gemma4-31B,openclaw,HLE,hle_1073,0,0,0.39314983077071275,5154
Gemma4-31B,openclaw,HLE,hle_1074,0,1,0.44466360699506663,4670
Gemma4-31B,openclaw,HLE,hle_1077,0,1,0.34885379978698494,2068
Gemma4-31B,openclaw,HLE,hle_1079,0,0,0.2753925211749872,6784
Gemma4-31B,openclaw,HLE,hle_108,0,1,0.1152634546117986,11573
Gemma4-31B,openclaw,HLE,hle_1080,0,1,0.37754507814367627,7293
Gemma4-31B,openclaw,HLE,hle_1081,0,1,0.12002939257838653,15953
Gemma4-31B,openclaw,HLE,hle_1083,0,0,0.0152072935618851,84989
Gemma4-31B,openclaw,HLE,hle_1084,0,1,0.39815676840655745,3286
Gemma4-31B,openclaw,HLE,hle_1088,0,0,0.040499772179238266,82501
Gemma4-31B,openclaw,HLE,hle_1089,0,0,0.47851891563824017,2851
Gemma4-31B,openclaw,HLE,hle_109,0,0,0.38304906953622414,3647
Gemma4-31B,openclaw,HLE,hle_1098,0,0,0.2858784392994094,12754
Gemma4-31B,openclaw,HLE,hle_11,0,0,0.183915753159574,12221
Gemma4-31B,openclaw,HLE,hle_1108,0,0,0.13918883959201658,13035
Gemma4-31B,openclaw,HLE,hle_1109,0,0,0.08689692322664641,14544
Gemma4-31B,openclaw,HLE,hle_111,0,1,0.27607657312675576,6413
Gemma4-31B,openclaw,HLE,hle_1116,0,1,0.2172021338522233,7319
Gemma4-31B,openclaw,HLE,hle_1119,0,0,0.31107690150247963,3972
Gemma4-31B,openclaw,HLE,hle_112,0,1,0.15976748294580506,6366
Gemma4-31B,openclaw,HLE,hle_1120,0,0,0.18183565281630798,7728
Gemma4-31B,openclaw,HLE,hle_1126,0,0,0.09105864458450977,6877
Gemma4-31B,openclaw,HLE,hle_1127,0,0,0.0641943623431211,8617
Gemma4-31B,openclaw,HLE,hle_1128,0,0,0.11266559340817274,6668
Gemma4-31B,openclaw,HLE,hle_1129,0,0,0.27381854888835927,1876
Gemma4-31B,openclaw,HLE,hle_1130,0,0,0.09025796151325759,5800
Gemma4-31B,openclaw,HLE,hle_1133,0,0,0.39728654866647,1607
Gemma4-31B,openclaw,HLE,hle_1135,0,0,0.38031907774645307,4400
Gemma4-31B,openclaw,HLE,hle_1137,0,1,0.2546172584918255,1402
Gemma4-31B,openclaw,HLE,hle_1138,0,0,0.21468983179295262,5981
Gemma4-31B,openclaw,HLE,hle_1139,0,0,0.24569314730840552,3384
Gemma4-31B,openclaw,HLE,hle_114,0,1,0.1711559317582264,8051
Gemma4-31B,openclaw,HLE,hle_115,0,0,0.1635337092456786,5981
Gemma4-31B,openclaw,HLE,hle_1150,0,0,0.012256957630318293,88376
Gemma4-31B,openclaw,HLE,hle_1153,0,0,0.23809789067718917,2844
Gemma4-31B,openclaw,HLE,hle_1159,0,0,0.3117743755384096,2541
Gemma4-31B,openclaw,HLE,hle_1166,0,0,0.03399904286191266,90044
Gemma4-31B,openclaw,HLE,hle_117,0,0,0.17757425106732483,19290
Gemma4-31B,openclaw,HLE,hle_1174,0,0,0.35236716585714883,8708
Gemma4-31B,openclaw,HLE,hle_1177,0,0,0.30430785757650547,2724
Gemma4-31B,openclaw,HLE,hle_1179,0,0,0.3354841980901692,1964
Gemma4-31B,openclaw,HLE,hle_118,0,0,0.36822982288257816,7885
Gemma4-31B,openclaw,HLE,hle_1182,0,0,0.481347871741093,3796
Gemma4-31B,openclaw,HLE,hle_1188,0,1,0.35211420301443414,2813
Gemma4-31B,openclaw,HLE,hle_119,0,0,0.16526246730065416,28022
Gemma4-31B,openclaw,HLE,hle_1192,0,0,0.2988417627113486,2754
Gemma4-31B,openclaw,HLE,hle_1196,0,0,0.05785378409823692,85566
Gemma4-31B,openclaw,HLE,hle_1198,0,0,0.18885152523518178,14959
Gemma4-31B,openclaw,HLE,hle_120,0,0,0.02048692043329502,37405
Gemma4-31B,openclaw,HLE,hle_1207,0,1,0.35730121061106734,4731
Gemma4-31B,openclaw,HLE,hle_1215,0,0,0.11533052544468891,14296
Gemma4-31B,openclaw,HLE,hle_1219,0,0,0.3717096732651758,3652
Gemma4-31B,openclaw,HLE,hle_1220,0,0,0.3107285770303531,2708
Gemma4-31B,openclaw,HLE,hle_123,0,0,0.3996098755475619,4550
Gemma4-31B,openclaw,HLE,hle_1231,0,0,0.25307772986124755,3772
Gemma4-31B,openclaw,HLE,hle_1234,0,0,0.3488708911644452,5568
Gemma4-31B,openclaw,HLE,hle_1235,0,0,0.4377910429544925,2582
Gemma4-31B,openclaw,HLE,hle_1236,0,0,0.01319157827709779,88891
Gemma4-31B,openclaw,HLE,hle_1240,0,0,0.20317501293712137,6731
Gemma4-31B,openclaw,HLE,hle_1241,0,0,0.2830581942711454,1693
Gemma4-31B,openclaw,HLE,hle_1246,0,1,0.22983934075123427,7524
Gemma4-31B,openclaw,HLE,hle_1249,0,0,0.038717815771689194,89035
Gemma4-31B,openclaw,HLE,hle_126,0,0,0.2633430020846543,7633
Gemma4-31B,openclaw,HLE,hle_1260,0,0,0.23222035672877606,5341
Gemma4-31B,openclaw,HLE,hle_1263,0,0,0.3971180975003386,2418
Gemma4-31B,openclaw,HLE,hle_1269,0,1,0.24004024910796226,5330
Gemma4-31B,openclaw,HLE,hle_1272,0,0,0.33853151008605187,1305
Gemma4-31B,openclaw,HLE,hle_1276,0,0,0.27830079674729824,4464
Gemma4-31B,openclaw,HLE,hle_1285,0,0,0.3525005712709091,8008
Gemma4-31B,openclaw,HLE,hle_1290,0,0,0.2406040302570715,4729
Gemma4-31B,openclaw,HLE,hle_1292,0,0,0.3704753632941628,6597
Gemma4-31B,openclaw,HLE,hle_1298,0,0,0.3430597451172935,5947
Gemma4-31B,openclaw,HLE,hle_13,0,1,0.152079374261119,6416
Gemma4-31B,openclaw,HLE,hle_1301,0,0,0.24825613568193083,7939
Gemma4-31B,openclaw,HLE,hle_1308,0,1,0.113865414952001,9941
Gemma4-31B,openclaw,HLE,hle_1309,0,1,0.2228195308905072,4938
Gemma4-31B,openclaw,HLE,hle_131,0,0,0.33440636804890167,4993
Gemma4-31B,openclaw,HLE,hle_1312,0,0,0.023379495754632117,86329
Gemma4-31B,openclaw,HLE,hle_1315,0,0,0.2886065646770124,2287
Gemma4-31B,openclaw,HLE,hle_1316,0,0,0.28624827078007353,1275
Gemma4-31B,openclaw,HLE,hle_1317,0,1,0.25620353281011965,10499
Gemma4-31B,openclaw,HLE,hle_1325,0,0,0.025104288582652817,85718
Gemma4-31B,openclaw,HLE,hle_1330,0,0,0.0065896926400980825,85780
Gemma4-31B,openclaw,HLE,hle_1332,0,0,0.18470255092696913,6889
Gemma4-31B,openclaw,HLE,hle_1333,0,0,0.3004012370657011,2753
Gemma4-31B,openclaw,HLE,hle_1334,0,0,0.2702186058499862,6945
Gemma4-31B,openclaw,HLE,hle_1339,0,0,0.361917498878001,1799
Gemma4-31B,openclaw,HLE,hle_1340,0,1,0.3064801386676389,5529
Gemma4-31B,openclaw,HLE,hle_1341,0,0,0.213401929718275,7853
Gemma4-31B,openclaw,HLE,hle_1342,0,0,0.25591091787931997,10192
Gemma4-31B,openclaw,HLE,hle_1344,0,0,0.25900332102042417,10215
Gemma4-31B,openclaw,HLE,hle_1347,0,0,0.25144043891199724,895
Gemma4-31B,openclaw,HLE,hle_136,0,0,0.10332888507430474,18014
Gemma4-31B,openclaw,HLE,hle_1365,0,1,0.3035659256105594,3777
Gemma4-31B,openclaw,HLE,hle_1370,0,0,0.4392005808150021,2641
Gemma4-31B,openclaw,HLE,hle_1376,0,0,0.26262172402935446,1757
Gemma4-31B,openclaw,HLE,hle_1379,0,0,0.4032526154316581,5842
Gemma4-31B,openclaw,HLE,hle_138,0,1,0.08379566500754186,28181
Gemma4-31B,openclaw,HLE,hle_1380,0,0,0.39041813602818354,8959
Gemma4-31B,openclaw,HLE,hle_1381,0,0,0.4032653233053589,2924
Gemma4-31B,openclaw,HLE,hle_1382,0,0,0.3799650792061811,2764
Gemma4-31B,openclaw,HLE,hle_1383,0,0,0.045627194214820053,88222
Gemma4-31B,openclaw,HLE,hle_1384,0,0,0.15246817496215548,4388
Gemma4-31B,openclaw,HLE,hle_1385,0,0,0.37964583458452217,2957
Gemma4-31B,openclaw,HLE,hle_1386,0,1,0.3769830478604475,6748
Gemma4-31B,openclaw,HLE,hle_1388,0,0,0.03736684594514911,86775
Gemma4-31B,openclaw,HLE,hle_1389,0,0,0.39201465084991693,3329
Gemma4-31B,openclaw,HLE,hle_1390,0,0,0.23186250887636414,4354
Gemma4-31B,openclaw,HLE,hle_1391,0,0,0.36673516546717266,3774
Gemma4-31B,openclaw,HLE,hle_1392,0,0,0.16793827797365757,15903
Gemma4-31B,openclaw,HLE,hle_1393,0,1,0.2899324007880068,4181
Gemma4-31B,openclaw,HLE,hle_1394,0,0,0.3166775014464127,7159
Gemma4-31B,openclaw,HLE,hle_1395,0,0,0.31458748616611326,1333
Gemma4-31B,openclaw,HLE,hle_1396,0,0,0.035522935634291125,82939
Gemma4-31B,openclaw,HLE,hle_1397,0,0,0.3716587438549499,2214
Gemma4-31B,openclaw,HLE,hle_1399,0,0,0.12186168404166349,20822
Gemma4-31B,openclaw,HLE,hle_14,0,0,0.19878063212605293,10763
Gemma4-31B,openclaw,HLE,hle_1401,0,0,0.03652822807273798,83578
Gemma4-31B,openclaw,HLE,hle_1407,0,0,0.21961919434497038,7978
Gemma4-31B,openclaw,HLE,hle_141,0,0,0.3012810451903993,2132
Gemma4-31B,openclaw,HLE,hle_1415,0,0,0.34210018190769453,3881
Gemma4-31B,openclaw,HLE,hle_1419,0,0,0.3263000269651664,1665
Gemma4-31B,openclaw,HLE,hle_142,0,0,0.351028861707885,2801
Gemma4-31B,openclaw,HLE,hle_1420,0,0,0.36785282519474066,3474
Gemma4-31B,openclaw,HLE,hle_1423,0,0,0.17118377658056794,17983
Gemma4-31B,openclaw,HLE,hle_1424,0,0,0.3719611031735139,6785
Gemma4-31B,openclaw,HLE,hle_1433,0,0,0.30556063084679813,4609
Gemma4-31B,openclaw,HLE,hle_1436,0,0,0.04818653701212554,88447
Gemma4-31B,openclaw,HLE,hle_144,0,0,0.15992521298713103,7919
Gemma4-31B,openclaw,HLE,hle_1444,0,1,0.20384265660988724,8189
Gemma4-31B,openclaw,HLE,hle_1446,0,0,0.23183658166695137,1997
Gemma4-31B,openclaw,HLE,hle_145,0,0,0.42886723499946716,2541
Gemma4-31B,openclaw,HLE,hle_1450,0,1,0.17374207375868225,10404
Gemma4-31B,openclaw,HLE,hle_1452,0,0,0.19590234265381354,4016
Gemma4-31B,openclaw,HLE,hle_1454,0,0,0.23194746405374225,13114
Gemma4-31B,openclaw,HLE,hle_1457,0,0,0.2955492497332403,14158
Gemma4-31B,openclaw,HLE,hle_1458,0,0,0.3671343823242816,5818
Gemma4-31B,openclaw,HLE,hle_1459,0,0,0.018209365696922362,86269
Gemma4-31B,openclaw,HLE,hle_1460,0,0,0.2827915606798329,4425
Gemma4-31B,openclaw,HLE,hle_1462,0,1,0.2257121644992554,6454
Gemma4-31B,openclaw,HLE,hle_1463,0,1,0.3124169111487444,6783
Gemma4-31B,openclaw,HLE,hle_1467,0,1,0.14800381978058033,21693
Gemma4-31B,openclaw,HLE,hle_1476,0,0,0.34579737176976505,4953
Gemma4-31B,openclaw,HLE,hle_1481,0,0,0.3348101849558538,1525
Gemma4-31B,openclaw,HLE,hle_1487,0,0,0.21686638499535943,8975
Gemma4-31B,openclaw,HLE,hle_1488,0,0,0.12446922554556683,10346
Gemma4-31B,openclaw,HLE,hle_1489,0,1,0.31603411703338524,3492
Gemma4-31B,openclaw,HLE,hle_1494,0,0,0.365159754483867,1614
Gemma4-31B,openclaw,HLE,hle_1502,0,0,0.33286094141524897,2725
Gemma4-31B,openclaw,HLE,hle_1504,0,0,0.20922746031843903,5504
Gemma4-31B,openclaw,HLE,hle_1505,0,0,0.3183433845069023,1960
Gemma4-31B,openclaw,HLE,hle_1509,0,0,0.01210092642023262,86380
Gemma4-31B,openclaw,HLE,hle_1511,0,0,0.4082861045004162,2401
Gemma4-31B,openclaw,HLE,hle_1512,0,0,0.039565465500238955,80887
Gemma4-31B,openclaw,HLE,hle_1513,0,1,0.35379592777662666,910
Gemma4-31B,openclaw,HLE,hle_1517,0,0,0.21099764733962442,3171
Gemma4-31B,openclaw,HLE,hle_1518,0,0,0.31404058860503936,4911
Gemma4-31B,openclaw,HLE,hle_1519,0,0,0.3903945394683424,5255
Gemma4-31B,openclaw,HLE,hle_1520,0,1,0.22169272114012406,3193
Gemma4-31B,openclaw,HLE,hle_1522,0,1,0.22500397516387083,14260
Gemma4-31B,openclaw,HLE,hle_1524,0,1,0.3754105336559563,5256
Gemma4-31B,openclaw,HLE,hle_1528,0,1,0.1907864364397128,12087
Gemma4-31B,openclaw,HLE,hle_1530,0,0,0.2267426183142494,3470
Gemma4-31B,openclaw,HLE,hle_1534,0,1,0.3496300067126585,5040
Gemma4-31B,openclaw,HLE,hle_1536,0,0,0.04680413757202382,86949
Gemma4-31B,openclaw,HLE,hle_1545,0,0,0.2253633447710593,18309
Gemma4-31B,openclaw,HLE,hle_1546,0,0,0.3099487931019675,6453
Gemma4-31B,openclaw,HLE,hle_1547,0,0,0.24432191246522678,4169
Gemma4-31B,openclaw,HLE,hle_155,0,0,0.17598801174657117,16768
Gemma4-31B,openclaw,HLE,hle_1553,0,1,0.3450032131933253,5287
Gemma4-31B,openclaw,HLE,hle_1563,0,1,0.12036156321779726,11939
Gemma4-31B,openclaw,HLE,hle_1565,0,0,0.35138224911124144,8336
Gemma4-31B,openclaw,HLE,hle_1567,0,1,0.15188468332902286,20815
Gemma4-31B,openclaw,HLE,hle_1568,0,0,0.4219553350197902,4358
Gemma4-31B,openclaw,HLE,hle_1569,0,0,0.22700024124043333,8243
Gemma4-31B,openclaw,HLE,hle_1572,0,0,0.2723005933220001,2341
Gemma4-31B,openclaw,HLE,hle_1577,0,0,0.06192635605142477,85268
Gemma4-31B,openclaw,HLE,hle_158,0,0,0.2857585453091827,1032
Gemma4-31B,openclaw,HLE,hle_1586,0,0,0.3977671008059718,3223
Gemma4-31B,openclaw,HLE,hle_1590,0,0,0.14336623612109262,21090
Gemma4-31B,openclaw,HLE,hle_1596,0,0,0.21547167836293818,14701
Gemma4-31B,openclaw,HLE,hle_1598,0,1,0.2641006732925526,8932
Gemma4-31B,openclaw,HLE,hle_16,0,0,0.21078690956347082,6453
Gemma4-31B,openclaw,HLE,hle_1601,0,0,0.038753991149692774,85591
Gemma4-31B,openclaw,HLE,hle_1606,0,0,0.18891947019768396,10149
Gemma4-31B,openclaw,HLE,hle_1613,0,0,0.3000936726451687,5499
Gemma4-31B,openclaw,HLE,hle_1630,0,0,0.35553887169306087,3867
Gemma4-31B,openclaw,HLE,hle_1651,0,0,0.36511429246179433,744
Gemma4-31B,openclaw,HLE,hle_1666,0,1,0.30768567178129896,6934
Gemma4-31B,openclaw,HLE,hle_167,0,1,0.19162554257092107,11087
Gemma4-31B,openclaw,HLE,hle_1672,0,0,0.22654662449545657,9114
Gemma4-31B,openclaw,HLE,hle_1676,0,0,0.3051496049459152,7804
Gemma4-31B,openclaw,HLE,hle_1679,0,0,0.018651439925638898,85139
Gemma4-31B,openclaw,HLE,hle_1680,0,0,0.18094311983748926,16473
Gemma4-31B,openclaw,HLE,hle_1682,0,0,0.33634364984942494,7088
Gemma4-31B,openclaw,HLE,hle_1683,0,0,0.06829310001880717,3640
Gemma4-31B,openclaw,HLE,hle_1685,0,0,0.2109672103250336,3016
Gemma4-31B,openclaw,HLE,hle_1686,0,0,0.25402862318706126,4209
Gemma4-31B,openclaw,HLE,hle_169,0,0,0.3218216936394989,7013
Gemma4-31B,openclaw,HLE,hle_1690,0,0,0.2064742051125538,4766
Gemma4-31B,openclaw,HLE,hle_1694,0,0,0.38439225464887106,2011
Gemma4-31B,openclaw,HLE,hle_1696,0,0,0.1950498642931611,7573
Gemma4-31B,openclaw,HLE,hle_1697,0,0,0.20081453935258675,10936
Gemma4-31B,openclaw,HLE,hle_1699,0,0,0.04176942304995802,80928
Gemma4-31B,openclaw,HLE,hle_1705,0,0,0.19187794845788222,11708
Gemma4-31B,openclaw,HLE,hle_1716,0,0,0.37380363272040074,2211
Gemma4-31B,openclaw,HLE,hle_1719,0,0,0.011046933664149642,82855
Gemma4-31B,openclaw,HLE,hle_1740,0,0,0.3174029435344118,3581
Gemma4-31B,openclaw,HLE,hle_1743,0,0,0.33618191728946967,4942
Gemma4-31B,openclaw,HLE,hle_1745,0,0,0.23418553630341193,3580
Gemma4-31B,openclaw,HLE,hle_1749,0,0,0.2592309805207273,1749
Gemma4-31B,openclaw,HLE,hle_1750,0,0,0.22870262832916743,9059
Gemma4-31B,openclaw,HLE,hle_1755,0,0,0.3454221200749295,2653
Gemma4-31B,openclaw,HLE,hle_1756,0,0,0.31485716724520324,3685
Gemma4-31B,openclaw,HLE,hle_176,0,0,0.30559997844523956,8513
Gemma4-31B,openclaw,HLE,hle_1761,0,0,0.36341002590473276,5879
Gemma4-31B,openclaw,HLE,hle_1762,0,0,0.3418313314218861,4692
Gemma4-31B,openclaw,HLE,hle_1766,0,0,0.3854672825199253,2915
Gemma4-31B,openclaw,HLE,hle_178,0,0,0.3210538319789104,4594
Gemma4-31B,openclaw,HLE,hle_1787,0,1,0.24450707823086051,7542
Gemma4-31B,openclaw,HLE,hle_179,0,1,0.3856234693207791,6329
Gemma4-31B,openclaw,HLE,hle_1792,0,0,0.1689746816416502,9736
Gemma4-31B,openclaw,HLE,hle_1799,0,0,0.39010051654993055,4934
Gemma4-31B,openclaw,HLE,hle_1800,0,1,0.16729209290540234,8814
Gemma4-31B,openclaw,HLE,hle_1803,0,0,0.2956887284268349,3334
Gemma4-31B,openclaw,HLE,hle_1804,0,1,0.3573992014024495,2750
Gemma4-31B,openclaw,HLE,hle_1808,0,1,0.38188734801195434,8687
Gemma4-31B,openclaw,HLE,hle_1809,0,1,0.16752333335224595,12626
Gemma4-31B,openclaw,HLE,hle_1810,0,1,0.4165453120685931,3434
Gemma4-31B,openclaw,HLE,hle_1817,0,0,0.22826176424390307,2292
Gemma4-31B,openclaw,HLE,hle_1827,0,0,0.0111895488410273,90726
Gemma4-31B,openclaw,HLE,hle_1836,0,1,0.17731329951563718,9821
Gemma4-31B,openclaw,HLE,hle_1837,0,0,0.010728421618102139,91627
Gemma4-31B,openclaw,HLE,hle_184,0,0,0.4730413862614524,2192
Gemma4-31B,openclaw,HLE,hle_1843,0,1,0.2099937648406542,7098
Gemma4-31B,openclaw,HLE,hle_1847,0,0,0.23754723969945607,2361
Gemma4-31B,openclaw,HLE,hle_185,0,0,0.35592080799139025,2712
Gemma4-31B,openclaw,HLE,hle_1853,0,0,0.17718178978117313,16221
Gemma4-31B,openclaw,HLE,hle_1855,0,0,0.4233457407913229,2335
Gemma4-31B,openclaw,HLE,hle_1856,0,1,0.3634528999886384,2853
Gemma4-31B,openclaw,HLE,hle_1861,0,0,0.3785598004152517,3700
Gemma4-31B,openclaw,HLE,hle_1862,0,0,0.3930949039435386,4613
Gemma4-31B,openclaw,HLE,hle_1863,0,0,0.1772891258821185,8139
Gemma4-31B,openclaw,HLE,hle_1864,0,0,0.34368875351376604,3681
Gemma4-31B,openclaw,HLE,hle_1865,0,0,0.17947474609386374,7062
Gemma4-31B,openclaw,HLE,hle_1869,0,0,0.2495781915852478,1981
Gemma4-31B,openclaw,HLE,hle_187,0,1,0.2542619890661431,5855
Gemma4-31B,openclaw,HLE,hle_1871,0,0,0.40281870126136554,4129
Gemma4-31B,openclaw,HLE,hle_1877,0,0,0.22172181840368785,16867
Gemma4-31B,openclaw,HLE,hle_1880,0,0,0.368577202350517,1831
Gemma4-31B,openclaw,HLE,hle_1884,0,1,0.3743574801354146,1952
Gemma4-31B,openclaw,HLE,hle_1889,0,0,0.31260851583615634,8925
Gemma4-31B,openclaw,HLE,hle_189,0,0,0.2843523809714372,2771
Gemma4-31B,openclaw,HLE,hle_1890,0,1,0.09549560196870904,8590
Gemma4-31B,openclaw,HLE,hle_1909,0,0,0.27237568314158805,1054
Gemma4-31B,openclaw,HLE,hle_191,0,0,0.4021591570292353,4413
Gemma4-31B,openclaw,HLE,hle_1917,0,0,0.4020728085607941,3968
Gemma4-31B,openclaw,HLE,hle_1919,0,0,0.3398757774677349,1080
Gemma4-31B,openclaw,HLE,hle_1920,0,0,0.350670448140826,792
Gemma4-31B,openclaw,HLE,hle_1922,0,1,0.2748386320299107,3238
Gemma4-31B,openclaw,HLE,hle_1926,0,0,0.09886708012815841,25901
Gemma4-31B,openclaw,HLE,hle_1927,0,0,0.2628689606851146,2144
Gemma4-31B,openclaw,HLE,hle_1928,0,0,0.2654032256841571,2656
Gemma4-31B,openclaw,HLE,hle_193,0,0,0.019698579446415208,131781
Gemma4-31B,openclaw,HLE,hle_1938,0,1,0.3490284562540316,1523
Gemma4-31B,openclaw,HLE,hle_1940,0,0,0.3397730296021996,5686
Gemma4-31B,openclaw,HLE,hle_1945,0,0,0.30622952142802884,1741
Gemma4-31B,openclaw,HLE,hle_1946,0,0,0.34068884690764756,1673
Gemma4-31B,openclaw,HLE,hle_1947,0,0,0.3423356030645649,1141
Gemma4-31B,openclaw,HLE,hle_1958,0,0,0.14628689904687975,8654
Gemma4-31B,openclaw,HLE,hle_1965,0,0,0.1394695118019316,9001
Gemma4-31B,openclaw,HLE,hle_1972,0,1,0.18120147592366984,6498
Gemma4-31B,openclaw,HLE,hle_1980,0,0,0.3674227712204222,3564
Gemma4-31B,openclaw,HLE,hle_2003,0,0,0.3470944800788587,1719
Gemma4-31B,openclaw,HLE,hle_2005,0,1,0.13810510589548874,5376
Gemma4-31B,openclaw,HLE,hle_2010,0,1,0.4009378293815842,3076
Gemma4-31B,openclaw,HLE,hle_2016,0,0,0.2522572015735214,4845
Gemma4-31B,openclaw,HLE,hle_2022,0,0,0.2173641230408204,14660
Gemma4-31B,openclaw,HLE,hle_2024,0,0,0.34694819689206635,5502
Gemma4-31B,openclaw,HLE,hle_2037,0,0,0.26197332342877894,996
Gemma4-31B,openclaw,HLE,hle_2038,0,1,0.3038220344159145,1906
Gemma4-31B,openclaw,HLE,hle_2043,0,0,0.09138813660383698,6120
Gemma4-31B,openclaw,HLE,hle_2046,0,1,0.33009867322616804,2815
Gemma4-31B,openclaw,HLE,hle_2060,0,0,0.23046448665522443,12631
Gemma4-31B,openclaw,HLE,hle_2062,0,1,0.26177591080948825,1191
Gemma4-31B,openclaw,HLE,hle_2073,0,0,0.32331261021184765,1399
Gemma4-31B,openclaw,HLE,hle_2074,0,0,0.31927637339789827,1931
Gemma4-31B,openclaw,HLE,hle_2084,0,1,0.21071018264717556,19836
Gemma4-31B,openclaw,HLE,hle_2087,0,0,0.3446411955801241,5477
Gemma4-31B,openclaw,HLE,hle_2088,0,1,0.2689897526579757,5315
Gemma4-31B,openclaw,HLE,hle_2091,0,0,0.3897077210927332,2318
Gemma4-31B,openclaw,HLE,hle_2093,0,0,0.3371930906043089,2101
Gemma4-31B,openclaw,HLE,hle_2097,0,0,0.242899141034046,5584
Gemma4-31B,openclaw,HLE,hle_210,0,1,0.14021591389794516,5110
Gemma4-31B,openclaw,HLE,hle_2111,0,0,0.2407992843310652,3298
Gemma4-31B,openclaw,HLE,hle_2116,0,0,0.3795446577787135,3033
Gemma4-31B,openclaw,HLE,hle_2117,0,0,0.3807903557775474,1269
Gemma4-31B,openclaw,HLE,hle_212,0,0,0.3464024952561902,2823
Gemma4-31B,openclaw,HLE,hle_2120,0,1,0.3459454922986473,6294
Gemma4-31B,openclaw,HLE,hle_2132,0,1,0.20237565800840254,10783
Gemma4-31B,openclaw,HLE,hle_2140,0,1,0.14060552256476777,4575
Gemma4-31B,openclaw,HLE,hle_2153,0,0,0.0011367237379754974,98456
Gemma4-31B,openclaw,HLE,hle_2154,0,0,0.17107038758448218,12945
Gemma4-31B,openclaw,HLE,hle_2158,0,0,0.0441645027017455,93661
Gemma4-31B,openclaw,HLE,hle_2163,0,0,0.3322103042422933,1861
Gemma4-31B,openclaw,HLE,hle_2168,0,0,0.372974727975775,7036
Gemma4-31B,openclaw,HLE,hle_2174,0,1,0.3094644068839294,1193
Gemma4-31B,openclaw,HLE,hle_2177,0,0,0.03803272328501544,93449
Gemma4-31B,openclaw,HLE,hle_2179,0,1,0.34161322081129913,5112
Gemma4-31B,openclaw,HLE,hle_218,0,0,0.2718702594867945,963
Gemma4-31B,openclaw,HLE,hle_2181,0,1,0.24238491417669963,12032
Gemma4-31B,openclaw,HLE,hle_2182,0,1,0.24660904327089353,3280
Gemma4-31B,openclaw,HLE,hle_2187,0,0,0.21456389674518386,8461
Gemma4-31B,openclaw,HLE,hle_2191,0,0,0.3284382928853701,2237
Gemma4-31B,openclaw,HLE,hle_2197,0,0,0.3815143706611496,2290
Gemma4-31B,openclaw,HLE,hle_2199,0,0,0.3515465676135055,4062
Gemma4-31B,openclaw,HLE,hle_2200,0,0,0.054955456762429536,90534
Gemma4-31B,openclaw,HLE,hle_2202,0,1,0.1838221578544404,9825
Gemma4-31B,openclaw,HLE,hle_2203,0,1,0.2180383462724114,11098
Gemma4-31B,openclaw,HLE,hle_2212,0,0,0.047757691465179185,92575
Gemma4-31B,openclaw,HLE,hle_2214,0,0,0.3457318400732199,1926
Gemma4-31B,openclaw,HLE,hle_2220,0,1,0.11009527838327894,10922
Gemma4-31B,openclaw,HLE,hle_2225,0,0,0.043995184113381734,42300
Gemma4-31B,openclaw,HLE,hle_2248,0,0,0.021922323548389924,90000
Gemma4-31B,openclaw,HLE,hle_2250,0,1,0.2804411025968925,4795
Gemma4-31B,openclaw,HLE,hle_2252,0,1,0.24476982604686043,8132
Gemma4-31B,openclaw,HLE,hle_2257,0,1,0.16956248235136537,7391
Gemma4-31B,openclaw,HLE,hle_2261,0,0,0.1593154179878069,21095
Gemma4-31B,openclaw,HLE,hle_2263,0,1,0.13113902122985596,5141
Gemma4-31B,openclaw,HLE,hle_2285,0,0,0.3465192742437473,2007
Gemma4-31B,openclaw,HLE,hle_2305,0,0,0.014178339618830844,82781
Gemma4-31B,openclaw,HLE,hle_2308,0,1,0.2237132318613045,7200
Gemma4-31B,openclaw,HLE,hle_2318,0,0,0.40511171471881385,2665
Gemma4-31B,openclaw,HLE,hle_2324,0,1,0.2608178094366812,5559
Gemma4-31B,openclaw,HLE,hle_2326,0,0,0.11614535144789431,23343
Gemma4-31B,openclaw,HLE,hle_2332,0,0,0.3940768671554645,6045
Gemma4-31B,openclaw,HLE,hle_2333,0,1,0.3469046640510593,2464
Gemma4-31B,openclaw,HLE,hle_2334,0,0,0.026634281465414224,82560
Gemma4-31B,openclaw,HLE,hle_2335,0,0,0.28542275490801383,1832
Gemma4-31B,openclaw,HLE,hle_2337,0,0,0.38251861947384264,5224
Gemma4-31B,openclaw,HLE,hle_2354,0,0,0.28688758552302646,9950
Gemma4-31B,openclaw,HLE,hle_236,0,0,0.21528487258199094,4241
Gemma4-31B,openclaw,HLE,hle_2360,0,1,0.3219686103302537,3040
Gemma4-31B,openclaw,HLE,hle_2364,0,0,0.31252941844990867,1646
Gemma4-31B,openclaw,HLE,hle_2367,0,0,0.328134756964288,5101
Gemma4-31B,openclaw,HLE,hle_2371,0,0,0.41431367658957036,6697
Gemma4-31B,openclaw,HLE,hle_2373,0,0,0.1280782141758883,19349
Gemma4-31B,openclaw,HLE,hle_2379,0,1,0.39626624636137103,4580
Gemma4-31B,openclaw,HLE,hle_2389,0,1,0.206812265151072,10025
Gemma4-31B,openclaw,HLE,hle_241,0,0,0.33028529265714557,4482
Gemma4-31B,openclaw,HLE,hle_242,0,0,0.2698278730814622,6197
Gemma4-31B,openclaw,HLE,hle_243,0,0,0.227397494137653,5779
Gemma4-31B,openclaw,HLE,hle_2470,0,0,0.01616453493891092,101672
Gemma4-31B,openclaw,HLE,hle_2486,0,1,0.18595983945244074,8434
Gemma4-31B,openclaw,HLE,hle_251,0,0,0.3524719232423301,5642
Gemma4-31B,openclaw,HLE,hle_262,0,0,0.3337640678537901,4564
Gemma4-31B,openclaw,HLE,hle_267,0,0,0.36249328668250536,6099
Gemma4-31B,openclaw,HLE,hle_27,0,0,0.025618190898995023,59323
Gemma4-31B,openclaw,HLE,hle_272,0,0,0.36320471384825787,2318
Gemma4-31B,openclaw,HLE,hle_278,0,0,0.41268128828554684,3242
Gemma4-31B,openclaw,HLE,hle_280,0,0,0.41065689007615874,2089
Gemma4-31B,openclaw,HLE,hle_283,0,0,0.3689587528158753,2569
Gemma4-31B,openclaw,HLE,hle_288,0,0,0.011123587338374877,135020
Gemma4-31B,openclaw,HLE,hle_293,0,0,0.31756775471573184,2057
Gemma4-31B,openclaw,HLE,hle_294,0,1,0.258389321261798,8899
Gemma4-31B,openclaw,HLE,hle_302,0,0,0.4446930326887378,3646
Gemma4-31B,openclaw,HLE,hle_309,0,0,0.20178636081913456,13588
Gemma4-31B,openclaw,HLE,hle_32,0,0,0.29028068058526024,8090
Gemma4-31B,openclaw,HLE,hle_328,0,0,0.024937042911007023,146388
Gemma4-31B,openclaw,HLE,hle_329,0,0,0.15552314764349137,4201
Gemma4-31B,openclaw,HLE,hle_330,0,0,0.1876087449728752,10157
Gemma4-31B,openclaw,HLE,hle_331,0,0,0.2675136640623171,10792
Gemma4-31B,openclaw,HLE,hle_335,0,0,0.3503199100557931,7549
Gemma4-31B,openclaw,HLE,hle_337,0,1,0.27021356153779036,4320
Gemma4-31B,openclaw,HLE,hle_338,0,1,0.39816037030255114,5343
Gemma4-31B,openclaw,HLE,hle_341,0,0,0.009560304626296388,133660
Gemma4-31B,openclaw,HLE,hle_344,0,0,0.3826160184087848,2357
Gemma4-31B,openclaw,HLE,hle_346,0,0,0.39265311506383294,3612
Gemma4-31B,openclaw,HLE,hle_35,0,0,0.24433599329440064,2207
Gemma4-31B,openclaw,HLE,hle_350,0,0,0.35539327460728276,4078
Gemma4-31B,openclaw,HLE,hle_351,0,0,0.3221940946729217,3361
Gemma4-31B,openclaw,HLE,hle_354,0,0,0.31977401258980304,1474
Gemma4-31B,openclaw,HLE,hle_358,0,0,0.3119047939674574,5136
Gemma4-31B,openclaw,HLE,hle_366,0,0,0.25082240403914347,3502
Gemma4-31B,openclaw,HLE,hle_368,0,0,0.21091134935013575,2563
Gemma4-31B,openclaw,HLE,hle_37,0,0,0.37026581653562096,3733
Gemma4-31B,openclaw,HLE,hle_370,0,0,0.22271870657385298,24200
Gemma4-31B,openclaw,HLE,hle_371,0,1,0.1619670180930093,18210
Gemma4-31B,openclaw,HLE,hle_376,0,0,0.13236429855031012,11810
Gemma4-31B,openclaw,HLE,hle_380,0,0,0.3939235399754614,2495
Gemma4-31B,openclaw,HLE,hle_382,0,0,0.19905673957051237,15836
Gemma4-31B,openclaw,HLE,hle_383,0,0,0.36731406170903297,6197
Gemma4-31B,openclaw,HLE,hle_385,0,0,0.3524489617375102,2701
Gemma4-31B,openclaw,HLE,hle_388,0,0,0.35175582435261077,2570
Gemma4-31B,openclaw,HLE,hle_389,0,1,0.38223429455966185,5478
Gemma4-31B,openclaw,HLE,hle_39,0,0,0.31656277171118613,2745
Gemma4-31B,openclaw,HLE,hle_392,0,1,0.3561178307636241,3920
Gemma4-31B,openclaw,HLE,hle_402,0,0,0.3264631195003873,5433
Gemma4-31B,openclaw,HLE,hle_403,0,0,0.23195898664400427,251
Gemma4-31B,openclaw,HLE,hle_41,0,0,0.2671568855667391,2475
Gemma4-31B,openclaw,HLE,hle_410,0,0,0.005064201113647154,107333
Gemma4-31B,openclaw,HLE,hle_417,0,1,0.16941639092933305,4478
Gemma4-31B,openclaw,HLE,hle_420,0,0,0.04433245649295654,31804
Gemma4-31B,openclaw,HLE,hle_426,0,0,0.4112207089127702,5130
Gemma4-31B,openclaw,HLE,hle_427,0,0,0.4264888378378599,1788
Gemma4-31B,openclaw,HLE,hle_429,0,0,0.3379207703319026,4779
Gemma4-31B,openclaw,HLE,hle_432,0,0,0.33104064955543167,4359
Gemma4-31B,openclaw,HLE,hle_433,0,0,0.16132823621656775,15877
Gemma4-31B,openclaw,HLE,hle_434,0,0,0.1279060261880454,1345
Gemma4-31B,openclaw,HLE,hle_435,0,0,0.03902069015692746,67631
Gemma4-31B,openclaw,HLE,hle_44,0,0,0.13259359569289245,10960
Gemma4-31B,openclaw,HLE,hle_441,0,1,0.21423291497403682,13201
Gemma4-31B,openclaw,HLE,hle_450,0,1,0.37896549215099606,1668
Gemma4-31B,openclaw,HLE,hle_451,0,0,0.31828178758327563,3496
Gemma4-31B,openclaw,HLE,hle_452,0,0,0.3878092370330349,4443
Gemma4-31B,openclaw,HLE,hle_454,0,1,0.2919703405955205,7321
Gemma4-31B,openclaw,HLE,hle_456,0,0,0.22644408887375286,8100
Gemma4-31B,openclaw,HLE,hle_46,0,0,0.3689123236860993,2231
Gemma4-31B,openclaw,HLE,hle_460,0,0,0.37131322666719774,2089
Gemma4-31B,openclaw,HLE,hle_461,0,0,0.2537402467955018,10800
Gemma4-31B,openclaw,HLE,hle_463,0,1,0.310831893671091,8636
Gemma4-31B,openclaw,HLE,hle_467,0,0,0.2886139969465616,7288
Gemma4-31B,openclaw,HLE,hle_470,0,0,0.014928559776871178,121467
Gemma4-31B,openclaw,HLE,hle_473,0,0,0.18820224746399686,18255
Gemma4-31B,openclaw,HLE,hle_476,0,1,0.29846919846433084,3491
Gemma4-31B,openclaw,HLE,hle_48,0,0,0.3881963398485384,2439
Gemma4-31B,openclaw,HLE,hle_486,0,0,0.29613554024162914,7942
Gemma4-31B,openclaw,HLE,hle_496,0,0,0.24749934110927108,16939
Gemma4-31B,openclaw,HLE,hle_497,0,1,0.2208788596370143,10533
Gemma4-31B,openclaw,HLE,hle_498,0,0,0.38090992812098873,2346
Gemma4-31B,openclaw,HLE,hle_499,0,0,0.3111054103563393,4796
Gemma4-31B,openclaw,HLE,hle_50,0,0,0.1173198596829911,12939
Gemma4-31B,openclaw,HLE,hle_508,0,0,0.35559911213357887,6177
Gemma4-31B,openclaw,HLE,hle_52,0,0,0.03215965846768723,101449
Gemma4-31B,openclaw,HLE,hle_522,0,1,0.2751730895111352,9074
Gemma4-31B,openclaw,HLE,hle_526,0,0,0.29561591574979446,2068
Gemma4-31B,openclaw,HLE,hle_53,0,0,0.11866953463040703,1898
Gemma4-31B,openclaw,HLE,hle_531,0,1,0.37469248554940693,4598
Gemma4-31B,openclaw,HLE,hle_532,0,0,0.15145910579711935,17839
Gemma4-31B,openclaw,HLE,hle_533,0,1,0.3009507077481512,6495
Gemma4-31B,openclaw,HLE,hle_539,0,0,0.29933119971373573,10566
Gemma4-31B,openclaw,HLE,hle_54,0,0,0.3454116815297659,6674
Gemma4-31B,openclaw,HLE,hle_543,0,0,0.39557645182372086,5999
Gemma4-31B,openclaw,HLE,hle_547,0,0,0.4371608220488152,4613
Gemma4-31B,openclaw,HLE,hle_548,0,0,0.12401150169837612,17024
Gemma4-31B,openclaw,HLE,hle_556,0,0,0.3644774335611609,3606
Gemma4-31B,openclaw,HLE,hle_568,0,0,0.2574875353077555,10063
Gemma4-31B,openclaw,HLE,hle_582,0,0,0.14100509292531407,9751
Gemma4-31B,openclaw,HLE,hle_583,0,0,0.18490130289997278,14772
Gemma4-31B,openclaw,HLE,hle_59,0,1,0.35797113782798845,1324
Gemma4-31B,openclaw,HLE,hle_591,0,0,0.028563471251294593,59377
Gemma4-31B,openclaw,HLE,hle_592,0,1,0.2606277318740917,9950
Gemma4-31B,openclaw,HLE,hle_593,0,0,0.28018773626206056,2881
Gemma4-31B,openclaw,HLE,hle_598,0,0,0.015991993494695458,131070
Gemma4-31B,openclaw,HLE,hle_60,0,1,0.15792904781843417,5302
Gemma4-31B,openclaw,HLE,hle_603,0,1,0.2568166963529617,8148
Gemma4-31B,openclaw,HLE,hle_604,0,1,0.11793661284394792,9461
Gemma4-31B,openclaw,HLE,hle_607,0,0,0.23787255752565736,5217
Gemma4-31B,openclaw,HLE,hle_614,0,0,0.2665429121536922,3973
Gemma4-31B,openclaw,HLE,hle_625,0,0,0.029025627575049107,138221
Gemma4-31B,openclaw,HLE,hle_633,0,0,0.016987303426135126,44740
Gemma4-31B,openclaw,HLE,hle_636,0,1,0.3079501713450934,6064
Gemma4-31B,openclaw,HLE,hle_643,0,0,0.024708277764366415,115042
Gemma4-31B,openclaw,HLE,hle_647,0,0,0.27178413517336414,4529
Gemma4-31B,openclaw,HLE,hle_653,0,0,0.3175749447701479,1572
Gemma4-31B,openclaw,HLE,hle_654,0,0,0.3737314361596473,1325
Gemma4-31B,openclaw,HLE,hle_655,0,1,0.31097841745140076,2332
Gemma4-31B,openclaw,HLE,hle_660,0,1,0.10857046760542682,15549
Gemma4-31B,openclaw,HLE,hle_661,0,1,0.2699055558354629,7274
Gemma4-31B,openclaw,HLE,hle_668,0,0,0.3318409357526851,10319
Gemma4-31B,openclaw,HLE,hle_677,0,1,0.29451410254969157,1553
Gemma4-31B,openclaw,HLE,hle_678,0,0,0.27496211196893905,2722
Gemma4-31B,openclaw,HLE,hle_68,0,0,0.3712457234951113,5801
Gemma4-31B,openclaw,HLE,hle_681,0,0,0.21465440686029627,12023
Gemma4-31B,openclaw,HLE,hle_687,0,0,0.28616739525537366,8602
Gemma4-31B,openclaw,HLE,hle_688,0,0,0.008883641785607898,134274
Gemma4-31B,openclaw,HLE,hle_690,0,0,0.33906894264544457,6277
Gemma4-31B,openclaw,HLE,hle_692,0,0,0.16540820880488064,10057
Gemma4-31B,openclaw,HLE,hle_694,0,0,0.41647004960159634,3264
Gemma4-31B,openclaw,HLE,hle_696,0,1,0.1415007554705854,19176
Gemma4-31B,openclaw,HLE,hle_697,0,0,0.366175417051169,1690
Gemma4-31B,openclaw,HLE,hle_698,0,1,0.22835056304603063,4708
Gemma4-31B,openclaw,HLE,hle_699,0,0,0.30473725636392,2786
Gemma4-31B,openclaw,HLE,hle_70,0,1,0.2907327014146609,1302
Gemma4-31B,openclaw,HLE,hle_700,0,0,0.29500090363710324,6607
Gemma4-31B,openclaw,HLE,hle_705,0,0,0.32430736276459543,6833
Gemma4-31B,openclaw,HLE,hle_707,0,0,0.03351795778704818,150741
Gemma4-31B,openclaw,HLE,hle_708,0,0,0.19985374867320777,1373
Gemma4-31B,openclaw,HLE,hle_711,0,0,0.08227952568731378,12636
Gemma4-31B,openclaw,HLE,hle_72,0,0,0.20185691406494297,13178
Gemma4-31B,openclaw,HLE,hle_724,0,0,0.02949279447148214,140059
Gemma4-31B,openclaw,HLE,hle_728,0,0,0.3053424329337581,11922
Gemma4-31B,openclaw,HLE,hle_747,0,0,0.21395877554325066,14254
Gemma4-31B,openclaw,HLE,hle_75,0,1,0.29693982213845577,5064
Gemma4-31B,openclaw,HLE,hle_752,0,0,0.2193272380805893,11876
Gemma4-31B,openclaw,HLE,hle_773,0,0,0.34035509890364457,3805
Gemma4-31B,openclaw,HLE,hle_779,0,1,0.2337574776456307,6631
Gemma4-31B,openclaw,HLE,hle_787,0,0,0.3261002193880442,5735
Gemma4-31B,openclaw,HLE,hle_790,0,0,0.20357259467198188,4213
Gemma4-31B,openclaw,HLE,hle_791,0,1,0.24064412713616803,8673
Gemma4-31B,openclaw,HLE,hle_792,0,1,0.1943391729275429,7873
Gemma4-31B,openclaw,HLE,hle_800,0,0,0.38125817846967025,4836
Gemma4-31B,openclaw,HLE,hle_801,0,0,0.22410696472659225,6859
Gemma4-31B,openclaw,HLE,hle_805,0,0,0.016167129311651166,131070
Gemma4-31B,openclaw,HLE,hle_807,0,0,0.21600363970875097,10093
Gemma4-31B,openclaw,HLE,hle_808,0,0,0.001350114596986469,131070
Gemma4-31B,openclaw,HLE,hle_810,0,0,0.17737341056024608,10978
Gemma4-31B,openclaw,HLE,hle_812,0,0,0.2647188066995423,6510
Gemma4-31B,openclaw,HLE,hle_814,0,0,0.27179647906872983,4483
Gemma4-31B,openclaw,HLE,hle_819,0,0,0.13969848677041263,16736
Gemma4-31B,openclaw,HLE,hle_822,0,0,0.3484733825166664,4634
Gemma4-31B,openclaw,HLE,hle_825,0,0,0.37252012524803396,3882
Gemma4-31B,openclaw,HLE,hle_827,0,1,0.1709417654766171,8727
Gemma4-31B,openclaw,HLE,hle_829,0,1,0.1631710020738319,14525
Gemma4-31B,openclaw,HLE,hle_830,0,0,0.21449297900001776,7252
Gemma4-31B,openclaw,HLE,hle_831,0,1,0.2239078786693927,9094
Gemma4-31B,openclaw,HLE,hle_834,0,0,0.01612010696065174,73525
Gemma4-31B,openclaw,HLE,hle_835,0,0,0.3167405823137517,4143
Gemma4-31B,openclaw,HLE,hle_84,0,0,0.16243989557586525,11839
Gemma4-31B,openclaw,HLE,hle_85,0,0,0.3303634602549664,9038
Gemma4-31B,openclaw,HLE,hle_855,0,0,0.20660202643526016,9845
Gemma4-31B,openclaw,HLE,hle_867,0,1,0.1591760474712464,11743
Gemma4-31B,openclaw,HLE,hle_87,0,1,0.24735471329254155,1929
Gemma4-31B,openclaw,HLE,hle_875,0,0,0.17239961173908222,13880
Gemma4-31B,openclaw,HLE,hle_876,0,0,0.21283144941968132,9065
Gemma4-31B,openclaw,HLE,hle_877,0,1,0.2493485440788052,2798
Gemma4-31B,openclaw,HLE,hle_88,0,0,0.2558493136723211,3811
Gemma4-31B,openclaw,HLE,hle_880,0,0,0.09570648981712233,10328
Gemma4-31B,openclaw,HLE,hle_883,0,0,0.2763218908716038,10029
Gemma4-31B,openclaw,HLE,hle_885,0,1,0.24966190223485416,2412
Gemma4-31B,openclaw,HLE,hle_892,0,0,0.30606640939151414,4118
Gemma4-31B,openclaw,HLE,hle_893,0,0,0.031458514501031286,136838
Gemma4-31B,openclaw,HLE,hle_894,0,1,0.3063421842986302,5978
Gemma4-31B,openclaw,HLE,hle_897,0,1,0.18457484388307982,6620
Gemma4-31B,openclaw,HLE,hle_905,0,0,0.3414594924659078,4787
Gemma4-31B,openclaw,HLE,hle_911,0,1,0.25944425222972095,9337
Gemma4-31B,openclaw,HLE,hle_917,0,0,0.03568903092449329,142407
Gemma4-31B,openclaw,HLE,hle_921,0,0,0.009918121080754296,133800
Gemma4-31B,openclaw,HLE,hle_923,0,1,0.20818106714862625,3788
Gemma4-31B,openclaw,HLE,hle_926,0,0,0.3564038658033213,7483
Gemma4-31B,openclaw,HLE,hle_930,0,0,0.1529125007045343,16744
Gemma4-31B,openclaw,HLE,hle_931,0,1,0.13130694968335704,11282
Gemma4-31B,openclaw,HLE,hle_934,0,0,0.03116431055094,133888
Gemma4-31B,openclaw,HLE,hle_935,0,0,0.3653840740131604,5241
Gemma4-31B,openclaw,HLE,hle_936,0,0,0.18554282213487577,22189
Gemma4-31B,openclaw,HLE,hle_937,0,1,0.3855581316396619,6451
Gemma4-31B,openclaw,HLE,hle_938,0,0,0.014924130807727273,135596
Gemma4-31B,openclaw,HLE,hle_942,0,0,0.24861713916335365,5121
Gemma4-31B,openclaw,HLE,hle_945,0,1,0.2716661716521155,11072
Gemma4-31B,openclaw,HLE,hle_948,0,1,0.2569753433211886,7604
Gemma4-31B,openclaw,HLE,hle_95,0,0,0.28090818136599494,7791
Gemma4-31B,openclaw,HLE,hle_966,0,0,0.45201547969125677,1669
Gemma4-31B,openclaw,HLE,hle_967,0,0,0.43153606225063934,2211
Gemma4-31B,openclaw,HLE,hle_969,0,0,0.02049854393037274,148088
Gemma4-31B,openclaw,HLE,hle_970,0,0,0.2707613057441015,8064
Gemma4-31B,openclaw,HLE,hle_971,0,0,0.32766295143890517,3318
Gemma4-31B,openclaw,HLE,hle_978,0,1,0.23218491626618795,6558
Gemma4-31B,openclaw,HLE,hle_98,0,0,0.2736506823954079,1805
Gemma4-31B,openclaw,HLE,hle_980,0,0,0.23280992426356095,3111
Gemma4-31B,openclaw,HLE,hle_981,0,1,0.26974924928339555,5344
Gemma4-31B,openclaw,HLE,hle_988,0,0,0.3069252200066874,1762
Gemma4-31B,openclaw,HLE,hle_997,0,1,0.16024800912805526,8154
Gemma4-31B,openclaw,HLE,hle_999,0,1,0.18896825737390152,3728
Gemma4-31B,opencode,AIME,aime_1,0,1,0.07276676969402976,1486
Gemma4-31B,opencode,AIME,aime_1,1,1,0.07757460228691143,1501
Gemma4-31B,opencode,AIME,aime_1,2,1,0.07124439728509596,1524
Gemma4-31B,opencode,AIME,aime_1,3,1,0.07263941884632605,1558
Gemma4-31B,opencode,AIME,aime_10,0,1,0.10334139356808997,9611
Gemma4-31B,opencode,AIME,aime_10,1,1,0.13088388684563088,11417
Gemma4-31B,opencode,AIME,aime_10,2,1,0.17014427035113408,14854
Gemma4-31B,opencode,AIME,aime_10,3,1,0.15519953218953025,20516
Gemma4-31B,opencode,AIME,aime_11,0,1,0.13348415714591788,8335
Gemma4-31B,opencode,AIME,aime_11,1,1,0.12292491099594369,8961
Gemma4-31B,opencode,AIME,aime_11,2,1,0.12408713437568003,7892
Gemma4-31B,opencode,AIME,aime_11,3,1,0.14879025405000576,10352
Gemma4-31B,opencode,AIME,aime_12,0,1,0.10353896051168397,7367
Gemma4-31B,opencode,AIME,aime_12,1,1,0.09533549914017135,7607
Gemma4-31B,opencode,AIME,aime_12,2,1,0.08000900377999083,5426
Gemma4-31B,opencode,AIME,aime_12,3,1,0.1068951030560801,7507
Gemma4-31B,opencode,AIME,aime_13,0,1,0.13572205424702644,8056
Gemma4-31B,opencode,AIME,aime_13,1,1,0.1539863559048428,6007
Gemma4-31B,opencode,AIME,aime_13,2,1,0.12428388067234991,6762
Gemma4-31B,opencode,AIME,aime_13,3,1,0.1828513508055424,6422
Gemma4-31B,opencode,AIME,aime_14,0,1,0.08181406968538919,4242
Gemma4-31B,opencode,AIME,aime_14,1,1,0.09202382869287885,6306
Gemma4-31B,opencode,AIME,aime_14,2,1,0.0982224901437558,6699
Gemma4-31B,opencode,AIME,aime_14,3,1,0.10019232792622726,7526
Gemma4-31B,opencode,AIME,aime_15,0,0,0.17669931319996837,35429
Gemma4-31B,opencode,AIME,aime_15,1,1,0.1781576758616429,26355
Gemma4-31B,opencode,AIME,aime_15,2,0,0.001421689498467541,131070
Gemma4-31B,opencode,AIME,aime_15,3,0,0.016728773259775235,142077
Gemma4-31B,opencode,AIME,aime_16,0,1,0.15143520715205097,2794
Gemma4-31B,opencode,AIME,aime_16,1,1,0.12867139924216237,2038
Gemma4-31B,opencode,AIME,aime_16,2,1,0.13543397807492602,2683
Gemma4-31B,opencode,AIME,aime_16,3,1,0.14251702164014599,2775
Gemma4-31B,opencode,AIME,aime_17,0,1,0.15142859845319792,2976
Gemma4-31B,opencode,AIME,aime_17,1,1,0.18924810446864565,3877
Gemma4-31B,opencode,AIME,aime_17,2,1,0.13199056238286072,8620
Gemma4-31B,opencode,AIME,aime_17,3,1,0.16066188756599445,2558
Gemma4-31B,opencode,AIME,aime_18,0,1,0.12839898677492084,10292
Gemma4-31B,opencode,AIME,aime_18,1,1,0.13177371100969748,10123
Gemma4-31B,opencode,AIME,aime_18,2,1,0.12632391672632015,10321
Gemma4-31B,opencode,AIME,aime_18,3,1,0.13052881334211594,9855
Gemma4-31B,opencode,AIME,aime_19,0,1,0.0853008566413497,1626
Gemma4-31B,opencode,AIME,aime_19,1,1,0.11884193648892151,2106
Gemma4-31B,opencode,AIME,aime_19,2,1,0.12933792135541972,2200
Gemma4-31B,opencode,AIME,aime_19,3,1,0.1225521166359225,2157
Gemma4-31B,opencode,AIME,aime_2,0,1,0.12291808421984736,4101
Gemma4-31B,opencode,AIME,aime_2,1,1,0.10168501619733157,4843
Gemma4-31B,opencode,AIME,aime_2,2,1,0.14333686041880359,5850
Gemma4-31B,opencode,AIME,aime_2,3,1,0.11808525632655434,8071
Gemma4-31B,opencode,AIME,aime_20,0,1,0.11174381476291817,4636
Gemma4-31B,opencode,AIME,aime_20,1,1,0.07795575313822106,3356
Gemma4-31B,opencode,AIME,aime_20,2,1,0.0949017303283974,3295
Gemma4-31B,opencode,AIME,aime_20,3,1,0.1137319771142825,4601
Gemma4-31B,opencode,AIME,aime_21,0,1,0.1746498228555193,3773
Gemma4-31B,opencode,AIME,aime_21,1,1,0.11888748900569024,3735
Gemma4-31B,opencode,AIME,aime_21,2,1,0.14109299855177942,3614
Gemma4-31B,opencode,AIME,aime_21,3,1,0.1512326468463493,3635
Gemma4-31B,opencode,AIME,aime_22,0,1,0.0981267505423954,4695
Gemma4-31B,opencode,AIME,aime_22,1,1,0.08503588479326106,4740
Gemma4-31B,opencode,AIME,aime_22,2,1,0.11615685453579172,6337
Gemma4-31B,opencode,AIME,aime_22,3,1,0.11277807426612811,5039
Gemma4-31B,opencode,AIME,aime_23,0,1,0.0873025169907491,3800
Gemma4-31B,opencode,AIME,aime_23,1,1,0.09150616445918251,4956
Gemma4-31B,opencode,AIME,aime_23,2,1,0.11388182465015459,5758
Gemma4-31B,opencode,AIME,aime_23,3,1,0.10784265802823705,7502
Gemma4-31B,opencode,AIME,aime_24,0,1,0.10415004609778025,7915
Gemma4-31B,opencode,AIME,aime_24,1,1,0.10051286616726075,9339
Gemma4-31B,opencode,AIME,aime_24,2,1,0.0971509626688609,5594
Gemma4-31B,opencode,AIME,aime_24,3,1,0.09978040993392882,6849
Gemma4-31B,opencode,AIME,aime_25,0,1,0.12295290256895505,8003
Gemma4-31B,opencode,AIME,aime_25,1,1,0.14149254199963385,6780
Gemma4-31B,opencode,AIME,aime_25,2,1,0.15131490497307262,8728
Gemma4-31B,opencode,AIME,aime_25,3,1,0.1348166264377728,9894
Gemma4-31B,opencode,AIME,aime_26,0,1,0.1284351280653552,7483
Gemma4-31B,opencode,AIME,aime_26,1,1,0.10046963347376668,7176
Gemma4-31B,opencode,AIME,aime_26,2,1,0.13896774442175505,9000
Gemma4-31B,opencode,AIME,aime_26,3,1,0.1018969741966326,12751
Gemma4-31B,opencode,AIME,aime_27,0,1,0.08269508516449822,6972
Gemma4-31B,opencode,AIME,aime_27,1,1,0.09456798075236339,9999
Gemma4-31B,opencode,AIME,aime_27,2,1,0.09268400979688159,9578
Gemma4-31B,opencode,AIME,aime_27,3,1,0.10108845973484407,7860
Gemma4-31B,opencode,AIME,aime_28,0,1,0.15351286385840685,24026
Gemma4-31B,opencode,AIME,aime_28,1,1,0.1553427045898922,20330
Gemma4-31B,opencode,AIME,aime_28,2,1,0.1405147556559307,21700
Gemma4-31B,opencode,AIME,aime_29,0,1,0.10384810477638118,684
Gemma4-31B,opencode,AIME,aime_29,1,1,0.10496827153745526,691
Gemma4-31B,opencode,AIME,aime_29,2,1,0.10504555568883407,695
Gemma4-31B,opencode,AIME,aime_29,3,1,0.10441026874148177,684
Gemma4-31B,opencode,AIME,aime_3,0,1,0.11829748904438592,3283
Gemma4-31B,opencode,AIME,aime_3,1,1,0.13381145462669605,3356
Gemma4-31B,opencode,AIME,aime_3,2,1,0.10766454969527993,2306
Gemma4-31B,opencode,AIME,aime_3,3,1,0.1339591533595757,3347
Gemma4-31B,opencode,AIME,aime_30,0,1,0.1386422416980191,3958
Gemma4-31B,opencode,AIME,aime_30,1,1,0.14692010236759875,3910
Gemma4-31B,opencode,AIME,aime_30,2,1,0.13991872065825298,3002
Gemma4-31B,opencode,AIME,aime_30,3,1,0.12838011753029374,3135
Gemma4-31B,opencode,AIME,aime_4,0,1,0.15882773672840758,1756
Gemma4-31B,opencode,AIME,aime_4,1,1,0.15981773206018332,1118
Gemma4-31B,opencode,AIME,aime_4,2,1,0.1273984740318894,2061
Gemma4-31B,opencode,AIME,aime_4,3,1,0.12465878073402731,1986
Gemma4-31B,opencode,AIME,aime_5,0,1,0.07999109533147455,2291
Gemma4-31B,opencode,AIME,aime_5,1,1,0.08651650659347701,2335
Gemma4-31B,opencode,AIME,aime_5,2,1,0.0813155707430128,2410
Gemma4-31B,opencode,AIME,aime_5,3,1,0.08644569983478224,2336
Gemma4-31B,opencode,AIME,aime_6,0,1,0.08543275231443827,3548
Gemma4-31B,opencode,AIME,aime_6,1,1,0.11260075460074428,4250
Gemma4-31B,opencode,AIME,aime_6,2,1,0.07320331227856552,3144
Gemma4-31B,opencode,AIME,aime_6,3,1,0.14884406510639578,6229
Gemma4-31B,opencode,AIME,aime_7,0,1,0.09523191472537469,3062
Gemma4-31B,opencode,AIME,aime_7,1,1,0.09759939563754523,3680
Gemma4-31B,opencode,AIME,aime_7,2,1,0.1014489782416569,4173
Gemma4-31B,opencode,AIME,aime_7,3,1,0.0925284134807963,4707
Gemma4-31B,opencode,AIME,aime_8,0,1,0.10995283051965536,4869
Gemma4-31B,opencode,AIME,aime_8,1,1,0.1050283477038413,5380
Gemma4-31B,opencode,AIME,aime_8,2,1,0.11985443661277363,5619
Gemma4-31B,opencode,AIME,aime_8,3,1,0.09977663068159844,5025
Gemma4-31B,opencode,AIME,aime_9,0,1,0.1643914336156601,2785
Gemma4-31B,opencode,AIME,aime_9,1,1,0.14942427734983543,1851
Gemma4-31B,opencode,AIME,aime_9,2,1,0.16178880934593606,4740
Gemma4-31B,opencode,AIME,aime_9,3,1,0.16869914686266665,5542
Gemma4-31B,opencode,GPQA,gpqa_0,0,1,0.1949311935438539,1067
Gemma4-31B,opencode,GPQA,gpqa_1,0,1,0.17345634831256798,2129
Gemma4-31B,opencode,GPQA,gpqa_10,0,1,0.18721944194688886,5837
Gemma4-31B,opencode,GPQA,gpqa_100,0,1,0.24207974069115945,5743
Gemma4-31B,opencode,GPQA,gpqa_101,0,1,0.2082565483003551,10655
Gemma4-31B,opencode,GPQA,gpqa_102,0,0,0.05131688305428691,66140
Gemma4-31B,opencode,GPQA,gpqa_103,0,0,0.2238833317886331,26776
Gemma4-31B,opencode,GPQA,gpqa_104,0,1,0.20803427803656516,5107
Gemma4-31B,opencode,GPQA,gpqa_105,0,1,0.25624948784065466,2792
Gemma4-31B,opencode,GPQA,gpqa_106,0,1,0.2590038987950932,13708
Gemma4-31B,opencode,GPQA,gpqa_107,0,1,0.17849533814246069,7833
Gemma4-31B,opencode,GPQA,gpqa_108,0,0,0.2795940314183828,33895
Gemma4-31B,opencode,GPQA,gpqa_109,0,0,0.21190645643606398,12573
Gemma4-31B,opencode,GPQA,gpqa_11,0,1,0.19061216316679333,1794
Gemma4-31B,opencode,GPQA,gpqa_110,0,1,0.2822400642150338,5183
Gemma4-31B,opencode,GPQA,gpqa_111,0,1,0.2281473223464107,8266
Gemma4-31B,opencode,GPQA,gpqa_112,0,1,0.15204595647334002,7711
Gemma4-31B,opencode,GPQA,gpqa_113,0,1,0.22285511684797704,5700
Gemma4-31B,opencode,GPQA,gpqa_114,0,1,0.27246373450131656,7115
Gemma4-31B,opencode,GPQA,gpqa_115,0,1,0.27349842481959424,4746
Gemma4-31B,opencode,GPQA,gpqa_116,0,1,0.241311359449099,8447
Gemma4-31B,opencode,GPQA,gpqa_117,0,1,0.3000607001865505,4876
Gemma4-31B,opencode,GPQA,gpqa_118,0,1,0.18489373845591794,4647
Gemma4-31B,opencode,GPQA,gpqa_119,0,1,0.2809157566235946,7895
Gemma4-31B,opencode,GPQA,gpqa_12,0,1,0.15804583880333495,3918
Gemma4-31B,opencode,GPQA,gpqa_120,0,0,0.207718905280597,9311
Gemma4-31B,opencode,GPQA,gpqa_121,0,1,0.22358840861873536,1255
Gemma4-31B,opencode,GPQA,gpqa_122,0,1,0.2821301186472089,3858
Gemma4-31B,opencode,GPQA,gpqa_123,0,1,0.2218315700498835,4574
Gemma4-31B,opencode,GPQA,gpqa_124,0,1,0.2386776486123682,4841
Gemma4-31B,opencode,GPQA,gpqa_125,0,1,0.20250628652313687,9761
Gemma4-31B,opencode,GPQA,gpqa_126,0,1,0.15160304150581247,3088
Gemma4-31B,opencode,GPQA,gpqa_127,0,1,0.18272387315935368,12478
Gemma4-31B,opencode,GPQA,gpqa_128,0,1,0.20274298858168713,8193
Gemma4-31B,opencode,GPQA,gpqa_129,0,0,0.23778472719879198,9778
Gemma4-31B,opencode,GPQA,gpqa_13,0,1,0.10891269842737604,820
Gemma4-31B,opencode,GPQA,gpqa_130,0,1,0.21580994313449,1325
Gemma4-31B,opencode,GPQA,gpqa_131,0,1,0.21569081649497385,5831
Gemma4-31B,opencode,GPQA,gpqa_132,0,1,0.26936190147160816,4885
Gemma4-31B,opencode,GPQA,gpqa_133,0,1,0.22235350658025482,9940
Gemma4-31B,opencode,GPQA,gpqa_134,0,1,0.19525186601552527,5651
Gemma4-31B,opencode,GPQA,gpqa_135,0,0,0.29674737397453815,11289
Gemma4-31B,opencode,GPQA,gpqa_136,0,1,0.18955558470293207,2319
Gemma4-31B,opencode,GPQA,gpqa_137,0,1,0.22266190763387766,4294
Gemma4-31B,opencode,GPQA,gpqa_138,0,1,0.18665720070323844,1920
Gemma4-31B,opencode,GPQA,gpqa_139,0,1,0.22730995306576077,3598
Gemma4-31B,opencode,GPQA,gpqa_14,0,1,0.27946727977404057,2001
Gemma4-31B,opencode,GPQA,gpqa_140,0,1,0.23050764771922638,4381
Gemma4-31B,opencode,GPQA,gpqa_141,0,1,0.22180528512102618,2477
Gemma4-31B,opencode,GPQA,gpqa_142,0,1,0.19207462496423894,9415
Gemma4-31B,opencode,GPQA,gpqa_143,0,0,0.010496922957345261,133336
Gemma4-31B,opencode,GPQA,gpqa_144,0,1,0.2242568211515736,2315
Gemma4-31B,opencode,GPQA,gpqa_145,0,1,0.25592924345048707,3683
Gemma4-31B,opencode,GPQA,gpqa_146,0,1,0.23110651613939087,1912
Gemma4-31B,opencode,GPQA,gpqa_147,0,1,0.1038308558764718,1403
Gemma4-31B,opencode,GPQA,gpqa_148,0,1,0.10745286755659426,2148
Gemma4-31B,opencode,GPQA,gpqa_149,0,0,0.1620568970602472,8202
Gemma4-31B,opencode,GPQA,gpqa_15,0,1,0.21727636959080002,3081
Gemma4-31B,opencode,GPQA,gpqa_150,0,1,0.14153226967056057,3495
Gemma4-31B,opencode,GPQA,gpqa_151,0,1,0.14358078826511864,1315
Gemma4-31B,opencode,GPQA,gpqa_152,0,1,0.10400922377387004,978
Gemma4-31B,opencode,GPQA,gpqa_153,0,1,0.30995046313874725,1383
Gemma4-31B,opencode,GPQA,gpqa_154,0,1,0.12273025994392707,1585
Gemma4-31B,opencode,GPQA,gpqa_155,0,1,0.1714850108360377,2087
Gemma4-31B,opencode,GPQA,gpqa_156,0,1,0.1126705523631412,1361
Gemma4-31B,opencode,GPQA,gpqa_157,0,1,0.1948117965994305,1072
Gemma4-31B,opencode,GPQA,gpqa_158,0,1,0.21589871930998775,2241
Gemma4-31B,opencode,GPQA,gpqa_159,0,1,0.11583138476344004,1862
Gemma4-31B,opencode,GPQA,gpqa_16,0,1,0.18298170202934483,1935
Gemma4-31B,opencode,GPQA,gpqa_160,0,1,0.09718948692871067,4329
Gemma4-31B,opencode,GPQA,gpqa_161,0,1,0.1428814460823198,4976
Gemma4-31B,opencode,GPQA,gpqa_162,0,1,0.11877635947018968,4928
Gemma4-31B,opencode,GPQA,gpqa_163,0,1,0.14540376414651843,6456
Gemma4-31B,opencode,GPQA,gpqa_164,0,1,0.07019853783707312,1804
Gemma4-31B,opencode,GPQA,gpqa_165,0,1,0.08233393669900951,1530
Gemma4-31B,opencode,GPQA,gpqa_166,0,1,0.055949349043851945,966
Gemma4-31B,opencode,GPQA,gpqa_167,0,1,0.09994190329469155,2359
Gemma4-31B,opencode,GPQA,gpqa_168,0,1,0.06239093993070986,1875
Gemma4-31B,opencode,GPQA,gpqa_169,0,1,0.2976231201193402,1811
Gemma4-31B,opencode,GPQA,gpqa_17,0,1,0.09361165701702362,1769
Gemma4-31B,opencode,GPQA,gpqa_170,0,1,0.08044587536290575,1080
Gemma4-31B,opencode,GPQA,gpqa_171,0,1,0.10146531280149014,1942
Gemma4-31B,opencode,GPQA,gpqa_172,0,1,0.15713900153480193,8332
Gemma4-31B,opencode,GPQA,gpqa_173,0,1,0.17098248237637917,19525
Gemma4-31B,opencode,GPQA,gpqa_174,0,1,0.15056246381605132,4305
Gemma4-31B,opencode,GPQA,gpqa_175,0,1,0.14566049762789768,1626
Gemma4-31B,opencode,GPQA,gpqa_176,0,1,0.12053365083973079,2656
Gemma4-31B,opencode,GPQA,gpqa_177,0,1,0.1231622196422156,958
Gemma4-31B,opencode,GPQA,gpqa_178,0,1,0.165296051009615,4877
Gemma4-31B,opencode,GPQA,gpqa_179,0,1,0.09675145786874421,2459
Gemma4-31B,opencode,GPQA,gpqa_18,0,1,0.20213728727648875,33442
Gemma4-31B,opencode,GPQA,gpqa_180,0,1,0.08179315989054534,1258
Gemma4-31B,opencode,GPQA,gpqa_181,0,1,0.0541186565858266,1262
Gemma4-31B,opencode,GPQA,gpqa_182,0,1,0.1321012270754775,816
Gemma4-31B,opencode,GPQA,gpqa_183,0,1,0.04760015785610235,2439
Gemma4-31B,opencode,GPQA,gpqa_184,0,1,0.1381691367144822,21341
Gemma4-31B,opencode,GPQA,gpqa_185,0,1,0.27336296793469156,6019
Gemma4-31B,opencode,GPQA,gpqa_186,0,1,0.09076040336429958,1767
Gemma4-31B,opencode,GPQA,gpqa_187,0,1,0.13088415106413986,657
Gemma4-31B,opencode,GPQA,gpqa_188,0,1,0.08780821708548668,2836
Gemma4-31B,opencode,GPQA,gpqa_189,0,1,0.11379274373585141,5307
Gemma4-31B,opencode,GPQA,gpqa_19,0,1,0.08910947136366326,1609
Gemma4-31B,opencode,GPQA,gpqa_190,0,1,0.052266343528600816,1160
Gemma4-31B,opencode,GPQA,gpqa_191,0,1,0.16854593015032446,750
Gemma4-31B,opencode,GPQA,gpqa_192,0,1,0.2219918840921836,6759
Gemma4-31B,opencode,GPQA,gpqa_193,0,1,0.07845881407381301,1007
Gemma4-31B,opencode,GPQA,gpqa_194,0,1,0.1099221498855665,1093
Gemma4-31B,opencode,GPQA,gpqa_195,0,1,0.12388325078973261,2149
Gemma4-31B,opencode,GPQA,gpqa_196,0,0,0.16618806186169785,1348
Gemma4-31B,opencode,GPQA,gpqa_197,0,1,0.18968226480374442,7107
Gemma4-31B,opencode,GPQA,gpqa_2,0,1,0.13375886159468775,2196
Gemma4-31B,opencode,GPQA,gpqa_20,0,1,0.22802212919096937,4998
Gemma4-31B,opencode,GPQA,gpqa_21,0,1,0.1347416474887001,4445
Gemma4-31B,opencode,GPQA,gpqa_22,0,0,0.12760937038276626,10268
Gemma4-31B,opencode,GPQA,gpqa_23,0,1,0.18343816680213051,1406
Gemma4-31B,opencode,GPQA,gpqa_24,0,1,0.17553495879168743,3840
Gemma4-31B,opencode,GPQA,gpqa_25,0,1,0.06562115734717672,1889
Gemma4-31B,opencode,GPQA,gpqa_26,0,1,0.15014682996094392,2977
Gemma4-31B,opencode,GPQA,gpqa_27,0,1,0.3174263412190049,695
Gemma4-31B,opencode,GPQA,gpqa_28,0,0,0.14817459029555638,27006
Gemma4-31B,opencode,GPQA,gpqa_29,0,1,0.3013936002520725,1403
Gemma4-31B,opencode,GPQA,gpqa_3,0,1,0.18042244558131731,2866
Gemma4-31B,opencode,GPQA,gpqa_30,0,1,0.11063453615690168,6231
Gemma4-31B,opencode,GPQA,gpqa_31,0,0,0.36672808356676295,5117
Gemma4-31B,opencode,GPQA,gpqa_32,0,1,0.0870158811995089,2179
Gemma4-31B,opencode,GPQA,gpqa_33,0,1,0.23802628339812193,1021
Gemma4-31B,opencode,GPQA,gpqa_34,0,1,0.18587193201262633,1945
Gemma4-31B,opencode,GPQA,gpqa_35,0,1,0.12293857479701936,2605
Gemma4-31B,opencode,GPQA,gpqa_36,0,1,0.08476007170634359,2042
Gemma4-31B,opencode,GPQA,gpqa_37,0,1,0.1391861894188125,1405
Gemma4-31B,opencode,GPQA,gpqa_38,0,0,0.25326471167474707,5265
Gemma4-31B,opencode,GPQA,gpqa_39,0,1,0.20244364106154075,2924
Gemma4-31B,opencode,GPQA,gpqa_4,0,1,0.13712103970520073,4290
Gemma4-31B,opencode,GPQA,gpqa_40,0,1,0.24355612016014963,6386
Gemma4-31B,opencode,GPQA,gpqa_41,0,1,0.13610703117809642,2647
Gemma4-31B,opencode,GPQA,gpqa_42,0,1,0.3256766823043801,5100
Gemma4-31B,opencode,GPQA,gpqa_43,0,0,0.3211334407414856,1394
Gemma4-31B,opencode,GPQA,gpqa_44,0,1,0.11364723802859034,2450
Gemma4-31B,opencode,GPQA,gpqa_45,0,1,0.10246522496623163,1028
Gemma4-31B,opencode,GPQA,gpqa_46,0,1,0.2020807500780842,6113
Gemma4-31B,opencode,GPQA,gpqa_47,0,1,0.2885228762869532,1621
Gemma4-31B,opencode,GPQA,gpqa_48,0,1,0.2873973678602379,581
Gemma4-31B,opencode,GPQA,gpqa_49,0,1,0.30049314363026763,1594
Gemma4-31B,opencode,GPQA,gpqa_5,0,1,0.15022180728526857,2535
Gemma4-31B,opencode,GPQA,gpqa_50,0,1,0.1996065892004398,8866
Gemma4-31B,opencode,GPQA,gpqa_51,0,1,0.1002118044833743,1492
Gemma4-31B,opencode,GPQA,gpqa_52,0,1,0.2280747168487983,4836
Gemma4-31B,opencode,GPQA,gpqa_53,0,1,0.17777049802868555,4457
Gemma4-31B,opencode,GPQA,gpqa_54,0,1,0.12510633167711108,1011
Gemma4-31B,opencode,GPQA,gpqa_55,0,1,0.19346806378044412,4508
Gemma4-31B,opencode,GPQA,gpqa_56,0,1,0.10101032291345276,836
Gemma4-31B,opencode,GPQA,gpqa_57,0,1,0.19333470323844817,261
Gemma4-31B,opencode,GPQA,gpqa_58,0,1,0.13010295388526982,5691
Gemma4-31B,opencode,GPQA,gpqa_59,0,1,0.21519818362958792,4306
Gemma4-31B,opencode,GPQA,gpqa_6,0,1,0.18229810307852717,5228
Gemma4-31B,opencode,GPQA,gpqa_60,0,1,0.4048088005289434,3259
Gemma4-31B,opencode,GPQA,gpqa_61,0,1,0.31770564388362516,1422
Gemma4-31B,opencode,GPQA,gpqa_62,0,1,0.3696781869260677,2822
Gemma4-31B,opencode,GPQA,gpqa_63,0,1,0.08672000401883188,5647
Gemma4-31B,opencode,GPQA,gpqa_64,0,0,0.339997240871156,21957
Gemma4-31B,opencode,GPQA,gpqa_65,0,0,0.13903390792525736,14671
Gemma4-31B,opencode,GPQA,gpqa_66,0,1,0.3022535438136458,879
Gemma4-31B,opencode,GPQA,gpqa_67,0,1,0.2025915606715667,3142
Gemma4-31B,opencode,GPQA,gpqa_68,0,1,0.28148186557371685,911
Gemma4-31B,opencode,GPQA,gpqa_69,0,1,0.31216912539291863,6090
Gemma4-31B,opencode,GPQA,gpqa_7,0,1,0.14328139478803267,965
Gemma4-31B,opencode,GPQA,gpqa_70,0,0,0.36765255606185465,1181
Gemma4-31B,opencode,GPQA,gpqa_71,0,1,0.053589070251669646,37401
Gemma4-31B,opencode,GPQA,gpqa_72,0,1,0.368926336472613,3534
Gemma4-31B,opencode,GPQA,gpqa_73,0,1,0.3063469558083656,953
Gemma4-31B,opencode,GPQA,gpqa_74,0,1,0.15503104950678204,2363
Gemma4-31B,opencode,GPQA,gpqa_75,0,1,0.21803650965135604,3020
Gemma4-31B,opencode,GPQA,gpqa_76,0,1,0.2506396916239942,31595
Gemma4-31B,opencode,GPQA,gpqa_77,0,1,0.23914183862601845,13718
Gemma4-31B,opencode,GPQA,gpqa_78,0,0,0.2550660701919804,13914
Gemma4-31B,opencode,GPQA,gpqa_79,0,0,0.24170105946805068,4625
Gemma4-31B,opencode,GPQA,gpqa_8,0,1,0.11092035154383885,1603
Gemma4-31B,opencode,GPQA,gpqa_80,0,1,0.27643161835536356,2074
Gemma4-31B,opencode,GPQA,gpqa_81,0,1,0.20349453903872408,4681
Gemma4-31B,opencode,GPQA,gpqa_82,0,1,0.20891388391563356,12393
Gemma4-31B,opencode,GPQA,gpqa_83,0,1,0.20021287645647337,5347
Gemma4-31B,opencode,GPQA,gpqa_84,0,1,0.20503126742177807,3343
Gemma4-31B,opencode,GPQA,gpqa_85,0,1,0.25438742120213603,10176
Gemma4-31B,opencode,GPQA,gpqa_86,0,0,0.3008307386308656,3225
Gemma4-31B,opencode,GPQA,gpqa_87,0,0,0.31648445006753767,7442
Gemma4-31B,opencode,GPQA,gpqa_88,0,0,0.245777182149106,9571
Gemma4-31B,opencode,GPQA,gpqa_89,0,1,0.2002092077724043,8768
Gemma4-31B,opencode,GPQA,gpqa_9,0,1,0.2363614467567445,9102
Gemma4-31B,opencode,GPQA,gpqa_90,0,1,0.1916864435467433,6401
Gemma4-31B,opencode,GPQA,gpqa_91,0,1,0.23720604480183644,4180
Gemma4-31B,opencode,GPQA,gpqa_92,0,1,0.3506311659036826,790
Gemma4-31B,opencode,GPQA,gpqa_93,0,1,0.18257224796608584,4348
Gemma4-31B,opencode,GPQA,gpqa_94,0,1,0.2531342512355252,4787
Gemma4-31B,opencode,GPQA,gpqa_95,0,1,0.14692904946446836,2453
Gemma4-31B,opencode,GPQA,gpqa_96,0,1,0.27517303859795944,10502
Gemma4-31B,opencode,GPQA,gpqa_97,0,0,0.22828900859937126,13845
Gemma4-31B,opencode,GPQA,gpqa_98,0,1,0.1760406059434626,8556
Gemma4-31B,opencode,GPQA,gpqa_99,0,1,0.19223730424246321,1835
Gemma4-31B,opencode,HLE,hle_1,0,0,0.43678590909601805,7225
Gemma4-31B,opencode,HLE,hle_1008,0,1,0.2591946256094618,3259
Gemma4-31B,opencode,HLE,hle_1009,0,0,0.3226418026408153,5562
Gemma4-31B,opencode,HLE,hle_1012,0,0,0.1736032226407171,2008
Gemma4-31B,opencode,HLE,hle_1019,0,0,0.33945423800234387,3288
Gemma4-31B,opencode,HLE,hle_1021,0,1,0.15118245045858558,1689
Gemma4-31B,opencode,HLE,hle_1022,0,0,0.09720253255164937,56507
Gemma4-31B,opencode,HLE,hle_1023,0,0,0.14484478253049732,2441
Gemma4-31B,opencode,HLE,hle_1024,0,0,0.3504616893927489,2059
Gemma4-31B,opencode,HLE,hle_1031,0,0,0.17927019732006372,4415
Gemma4-31B,opencode,HLE,hle_1038,0,0,0.261084444681097,5047
Gemma4-31B,opencode,HLE,hle_1045,0,0,0.09032177471669268,11294
Gemma4-31B,opencode,HLE,hle_1046,0,1,0.2702043403870546,7385
Gemma4-31B,opencode,HLE,hle_1047,0,0,0.06705350584759298,2634
Gemma4-31B,opencode,HLE,hle_1048,0,0,0.1447232941546524,10693
Gemma4-31B,opencode,HLE,hle_1049,0,0,0.15356917600458186,8484
Gemma4-31B,opencode,HLE,hle_1050,0,0,0.12993215085312798,7257
Gemma4-31B,opencode,HLE,hle_1051,0,1,0.09756832722952617,6870
Gemma4-31B,opencode,HLE,hle_1052,0,0,0.17146499210952287,12914
Gemma4-31B,opencode,HLE,hle_1054,0,0,0.17273270329872198,8561
Gemma4-31B,opencode,HLE,hle_1055,0,1,0.29907034787708026,3007
Gemma4-31B,opencode,HLE,hle_1056,0,0,0.1829859774663684,10729
Gemma4-31B,opencode,HLE,hle_1057,0,0,0.12572993377790598,7110
Gemma4-31B,opencode,HLE,hle_1058,0,0,0.43089023560441186,7436
Gemma4-31B,opencode,HLE,hle_1066,0,0,0.34458529709854024,2085
Gemma4-31B,opencode,HLE,hle_1067,0,1,0.2546203770444018,9988
Gemma4-31B,opencode,HLE,hle_1070,0,1,0.2882863714915912,3039
Gemma4-31B,opencode,HLE,hle_1071,0,0,0.3391892346791956,3799
Gemma4-31B,opencode,HLE,hle_1073,0,0,0.2321769910915561,7997
Gemma4-31B,opencode,HLE,hle_1074,0,1,0.38299782650194997,3267
Gemma4-31B,opencode,HLE,hle_1077,0,0,0.2536799681226275,4776
Gemma4-31B,opencode,HLE,hle_1079,0,0,0.25288562056197617,11140
Gemma4-31B,opencode,HLE,hle_108,0,1,0.09811543910231828,8553
Gemma4-31B,opencode,HLE,hle_1080,0,1,0.3558354436647881,8178
Gemma4-31B,opencode,HLE,hle_1081,0,1,0.16227240833687936,17165
Gemma4-31B,opencode,HLE,hle_1083,0,0,0.2710054060080155,11410
Gemma4-31B,opencode,HLE,hle_1084,0,1,0.337245855098008,2371
Gemma4-31B,opencode,HLE,hle_1088,0,1,0.29826036293181907,8495
Gemma4-31B,opencode,HLE,hle_1089,0,0,0.39602692699993125,4548
Gemma4-31B,opencode,HLE,hle_109,0,0,0.3508507309935307,4259
Gemma4-31B,opencode,HLE,hle_1098,0,0,0.2913323387329793,10724
Gemma4-31B,opencode,HLE,hle_11,0,1,0.16284839269908022,7652
Gemma4-31B,opencode,HLE,hle_1108,0,0,0.15060453276978938,11111
Gemma4-31B,opencode,HLE,hle_1109,0,0,0.09787954532162299,16786
Gemma4-31B,opencode,HLE,hle_111,0,0,0.2743742297899925,3616
Gemma4-31B,opencode,HLE,hle_1116,0,1,0.19627897887378207,3949
Gemma4-31B,opencode,HLE,hle_1119,0,0,0.3645360338682758,5586
Gemma4-31B,opencode,HLE,hle_112,0,1,0.14663759983939992,2971
Gemma4-31B,opencode,HLE,hle_1120,0,0,0.161416727621412,10147
Gemma4-31B,opencode,HLE,hle_1126,0,0,0.08986114797535284,6802
Gemma4-31B,opencode,HLE,hle_1127,0,0,0.06089607518909682,5303
Gemma4-31B,opencode,HLE,hle_1128,0,0,0.10306674172381071,4885
Gemma4-31B,opencode,HLE,hle_1129,0,0,0.24949726580176967,1414
Gemma4-31B,opencode,HLE,hle_1130,0,0,0.07719395159281539,4709
Gemma4-31B,opencode,HLE,hle_1133,0,0,0.33466436992633597,6728
Gemma4-31B,opencode,HLE,hle_1135,0,0,0.321398709764268,1998
Gemma4-31B,opencode,HLE,hle_1137,0,1,0.30019951103565207,817
Gemma4-31B,opencode,HLE,hle_1138,0,0,0.23442267102485584,5697
Gemma4-31B,opencode,HLE,hle_1139,0,0,0.24997687967942578,7154
Gemma4-31B,opencode,HLE,hle_114,0,1,0.23029558927986715,7269
Gemma4-31B,opencode,HLE,hle_115,0,0,0.16493657405061524,3346
Gemma4-31B,opencode,HLE,hle_1150,0,0,0.33911977620861217,5085
Gemma4-31B,opencode,HLE,hle_1153,0,0,0.2165365830883272,4589
Gemma4-31B,opencode,HLE,hle_1159,0,0,0.2740709526431038,2636
Gemma4-31B,opencode,HLE,hle_1166,0,0,0.033163232592088254,96250
Gemma4-31B,opencode,HLE,hle_117,0,0,0.16074184359879795,22094
Gemma4-31B,opencode,HLE,hle_1174,0,0,0.32548353276038955,2970
Gemma4-31B,opencode,HLE,hle_1177,0,0,0.29881144643285446,2121
Gemma4-31B,opencode,HLE,hle_1179,0,0,0.3406181692153302,563
Gemma4-31B,opencode,HLE,hle_118,0,1,0.33886696084081996,7414
Gemma4-31B,opencode,HLE,hle_1182,0,0,0.11917141764851491,4929
Gemma4-31B,opencode,HLE,hle_1188,0,1,0.3172927714208285,948
Gemma4-31B,opencode,HLE,hle_119,0,0,0.17400165663207365,29353
Gemma4-31B,opencode,HLE,hle_1192,0,0,0.24141335180593448,2642
Gemma4-31B,opencode,HLE,hle_1196,0,0,0.3197772378388172,9862
Gemma4-31B,opencode,HLE,hle_1198,0,0,0.19407419212922672,23760
Gemma4-31B,opencode,HLE,hle_120,0,0,0.15754545371780967,16343
Gemma4-31B,opencode,HLE,hle_1207,0,1,0.3765014230006732,2146
Gemma4-31B,opencode,HLE,hle_1215,0,0,0.14781563877728376,8929
Gemma4-31B,opencode,HLE,hle_1219,0,0,0.34695188050517267,4544
Gemma4-31B,opencode,HLE,hle_1220,0,0,0.34197892511687455,6949
Gemma4-31B,opencode,HLE,hle_123,0,0,0.053954536543926034,13630
Gemma4-31B,opencode,HLE,hle_1231,0,0,0.24690029281703582,4121
Gemma4-31B,opencode,HLE,hle_1234,0,0,0.341156601531373,6360
Gemma4-31B,opencode,HLE,hle_1235,0,0,0.259672972995833,2156
Gemma4-31B,opencode,HLE,hle_1236,0,1,0.2552021990402443,18716
Gemma4-31B,opencode,HLE,hle_1240,0,0,0.22049420676236803,4588
Gemma4-31B,opencode,HLE,hle_1241,0,0,0.24478518681116265,1077
Gemma4-31B,opencode,HLE,hle_1246,0,0,0.20133192576686726,12559
Gemma4-31B,opencode,HLE,hle_1249,0,1,0.3306761303232349,5942
Gemma4-31B,opencode,HLE,hle_126,0,0,0.29676452820847316,7218
Gemma4-31B,opencode,HLE,hle_1260,0,0,0.25435711863418403,8013
Gemma4-31B,opencode,HLE,hle_1263,0,0,0.3345494519958203,1981
Gemma4-31B,opencode,HLE,hle_1269,0,0,0.3774707325238495,6886
Gemma4-31B,opencode,HLE,hle_1272,0,0,0.381473012388562,1850
Gemma4-31B,opencode,HLE,hle_1276,0,0,0.09308334202067067,23705
Gemma4-31B,opencode,HLE,hle_1285,0,0,0.3196531429296129,6247
Gemma4-31B,opencode,HLE,hle_1290,0,0,0.19883079111135965,2179
Gemma4-31B,opencode,HLE,hle_1292,0,0,0.1460904691982417,9666
Gemma4-31B,opencode,HLE,hle_1298,0,0,0.30665576942521905,4044
Gemma4-31B,opencode,HLE,hle_13,0,1,0.155103606706419,12309
Gemma4-31B,opencode,HLE,hle_1301,0,0,0.2547732581114087,5103
Gemma4-31B,opencode,HLE,hle_1308,0,1,0.10940171891085207,35711
Gemma4-31B,opencode,HLE,hle_1309,0,1,0.1976588070093327,3169
Gemma4-31B,opencode,HLE,hle_131,0,0,0.339621903851629,5278
Gemma4-31B,opencode,HLE,hle_1312,0,0,0.06602653741424679,93342
Gemma4-31B,opencode,HLE,hle_1315,0,0,0.31088297795662106,1429
Gemma4-31B,opencode,HLE,hle_1316,0,0,0.2679057913611225,776
Gemma4-31B,opencode,HLE,hle_1317,0,0,0.2924625848637738,12265
Gemma4-31B,opencode,HLE,hle_1325,0,0,0.005028070988175952,94692
Gemma4-31B,opencode,HLE,hle_1330,0,0,0.002860392687825152,93727
Gemma4-31B,opencode,HLE,hle_1332,0,0,0.20630470210345528,5102
Gemma4-31B,opencode,HLE,hle_1333,0,0,0.2750542279268549,10320
Gemma4-31B,opencode,HLE,hle_1334,0,0,0.25889892025559036,17519
Gemma4-31B,opencode,HLE,hle_1339,0,0,0.3654274389090465,2834
Gemma4-31B,opencode,HLE,hle_1340,0,0,0.25259041824440054,2626
Gemma4-31B,opencode,HLE,hle_1341,0,0,0.22899857485874506,7301
Gemma4-31B,opencode,HLE,hle_1342,0,0,0.3156228315380678,6784
Gemma4-31B,opencode,HLE,hle_1344,0,0,0.24309513337829042,25173
Gemma4-31B,opencode,HLE,hle_1347,0,0,0.30596666018815205,1011
Gemma4-31B,opencode,HLE,hle_136,0,0,0.12493236918034545,27134
Gemma4-31B,opencode,HLE,hle_1365,0,1,0.26158177812696376,2168
Gemma4-31B,opencode,HLE,hle_1370,0,0,0.32553070115746824,10089
Gemma4-31B,opencode,HLE,hle_1376,0,0,0.2839787775571514,748
Gemma4-31B,opencode,HLE,hle_1379,0,0,0.25839480334869824,12116
Gemma4-31B,opencode,HLE,hle_138,0,1,0.08579461437576842,18386
Gemma4-31B,opencode,HLE,hle_1380,0,0,0.38328202177331644,10912
Gemma4-31B,opencode,HLE,hle_1381,0,0,0.34504878142276457,2115
Gemma4-31B,opencode,HLE,hle_1382,0,0,0.3587410764515718,2560
Gemma4-31B,opencode,HLE,hle_1383,0,1,0.44119785424415453,8195
Gemma4-31B,opencode,HLE,hle_1384,0,0,0.16683858486025333,2391
Gemma4-31B,opencode,HLE,hle_1385,0,0,0.3974021865159924,2810
Gemma4-31B,opencode,HLE,hle_1386,0,0,0.3220976852148533,8902
Gemma4-31B,opencode,HLE,hle_1388,0,0,0.30917824489460544,6711
Gemma4-31B,opencode,HLE,hle_1389,0,0,0.3255496182657588,2883
Gemma4-31B,opencode,HLE,hle_1390,0,0,0.24086282842169612,15179
Gemma4-31B,opencode,HLE,hle_1391,0,0,0.36724853085305437,6407
Gemma4-31B,opencode,HLE,hle_1392,0,0,0.1690959277318225,11066
Gemma4-31B,opencode,HLE,hle_1393,0,0,0.29568475677255457,2013
Gemma4-31B,opencode,HLE,hle_1394,0,1,0.291916843697369,7592
Gemma4-31B,opencode,HLE,hle_1395,0,0,0.34933714399155963,2928
Gemma4-31B,opencode,HLE,hle_1396,0,0,0.018502058394090148,84296
Gemma4-31B,opencode,HLE,hle_1397,0,0,0.3281806859742996,1118
Gemma4-31B,opencode,HLE,hle_1399,0,0,0.13505191714836615,24050
Gemma4-31B,opencode,HLE,hle_14,0,0,0.17750606858395665,12530
Gemma4-31B,opencode,HLE,hle_1401,0,0,0.22709100538971802,10326
Gemma4-31B,opencode,HLE,hle_1407,0,0,0.24427791634346627,11752
Gemma4-31B,opencode,HLE,hle_141,0,0,0.2958586574009199,3083
Gemma4-31B,opencode,HLE,hle_1415,0,0,0.31644118123530657,3261
Gemma4-31B,opencode,HLE,hle_1419,0,0,0.31675729164381594,2825
Gemma4-31B,opencode,HLE,hle_142,0,0,0.3237991791347133,1663
Gemma4-31B,opencode,HLE,hle_1420,0,0,0.3776906417987365,4308
Gemma4-31B,opencode,HLE,hle_1423,0,1,0.07808716654996775,45670
Gemma4-31B,opencode,HLE,hle_1424,0,0,0.374850227141832,5439
Gemma4-31B,opencode,HLE,hle_1433,0,0,0.2925506052459919,3157
Gemma4-31B,opencode,HLE,hle_1436,0,1,0.25741763030514847,3859
Gemma4-31B,opencode,HLE,hle_144,0,0,0.20116854572011003,5929
Gemma4-31B,opencode,HLE,hle_1444,0,1,0.22571057712519374,9162
Gemma4-31B,opencode,HLE,hle_1446,0,0,0.2634200296956264,3927
Gemma4-31B,opencode,HLE,hle_145,0,0,0.3738853329259337,4684
Gemma4-31B,opencode,HLE,hle_1450,0,1,0.15501670717402652,10583
Gemma4-31B,opencode,HLE,hle_1452,0,0,0.24763555914565077,9507
Gemma4-31B,opencode,HLE,hle_1454,0,0,0.25384121132525184,43474
Gemma4-31B,opencode,HLE,hle_1457,0,0,0.08217451740275844,66730
Gemma4-31B,opencode,HLE,hle_1458,0,0,0.31636596889006335,4623
Gemma4-31B,opencode,HLE,hle_1459,0,0,0.29097533601324654,31529
Gemma4-31B,opencode,HLE,hle_1460,0,0,0.22979955106124808,4902
Gemma4-31B,opencode,HLE,hle_1462,0,1,0.19997032797672112,10455
Gemma4-31B,opencode,HLE,hle_1463,0,0,0.02083985386081598,83888
Gemma4-31B,opencode,HLE,hle_1467,0,1,0.16331682437617306,25994
Gemma4-31B,opencode,HLE,hle_1476,0,0,0.3381620365597925,12106
Gemma4-31B,opencode,HLE,hle_1481,0,0,0.2137597843751001,20985
Gemma4-31B,opencode,HLE,hle_1487,0,0,0.2172942789748619,8538
Gemma4-31B,opencode,HLE,hle_1488,0,1,0.13412680329638071,27005
Gemma4-31B,opencode,HLE,hle_1489,0,1,0.3465747867627479,10740
Gemma4-31B,opencode,HLE,hle_1494,0,0,0.3700847575402542,3704
Gemma4-31B,opencode,HLE,hle_1502,0,0,0.2930186325143042,2062
Gemma4-31B,opencode,HLE,hle_1504,0,0,0.14514969476664955,3389
Gemma4-31B,opencode,HLE,hle_1505,0,0,0.27963865610815436,1167
Gemma4-31B,opencode,HLE,hle_1509,0,0,0.2918625095076103,18999
Gemma4-31B,opencode,HLE,hle_1511,0,0,0.3698760137449408,1748
Gemma4-31B,opencode,HLE,hle_1512,0,0,0.36509070642261293,2682
Gemma4-31B,opencode,HLE,hle_1513,0,1,0.3613518794389329,640
Gemma4-31B,opencode,HLE,hle_1517,0,0,0.1802936706245823,1387
Gemma4-31B,opencode,HLE,hle_1518,0,0,0.2927653003538899,10255
Gemma4-31B,opencode,HLE,hle_1519,0,0,0.3513156072059907,4048
Gemma4-31B,opencode,HLE,hle_1520,0,1,0.19599211546554318,2702
Gemma4-31B,opencode,HLE,hle_1522,0,0,0.25588761721055353,12849
Gemma4-31B,opencode,HLE,hle_1524,0,1,0.36748828738150485,14315
Gemma4-31B,opencode,HLE,hle_1528,0,0,0.18325604108090138,10252
Gemma4-31B,opencode,HLE,hle_1530,0,0,0.22127769791149135,10648
Gemma4-31B,opencode,HLE,hle_1534,0,1,0.29293424113169225,3313
Gemma4-31B,opencode,HLE,hle_1536,0,0,0.26004790755013524,9921
Gemma4-31B,opencode,HLE,hle_1545,0,0,0.210273029099757,12108
Gemma4-31B,opencode,HLE,hle_1546,0,0,0.32731071144599255,3146
Gemma4-31B,opencode,HLE,hle_1547,0,0,0.2478275716832382,4133
Gemma4-31B,opencode,HLE,hle_155,0,0,0.16654419334204285,23257
Gemma4-31B,opencode,HLE,hle_1553,0,0,0.3676322885262789,4519
Gemma4-31B,opencode,HLE,hle_1563,0,1,0.15261862916029917,11489
Gemma4-31B,opencode,HLE,hle_1565,0,0,0.31437507271396137,7612
Gemma4-31B,opencode,HLE,hle_1567,0,1,0.17619147854430017,17513
Gemma4-31B,opencode,HLE,hle_1568,0,0,0.381787385843972,8219
Gemma4-31B,opencode,HLE,hle_1569,0,0,0.18740563776226665,9152
Gemma4-31B,opencode,HLE,hle_1572,0,0,0.21854151727343488,1283
Gemma4-31B,opencode,HLE,hle_1577,0,0,0.24874056490241206,13804
Gemma4-31B,opencode,HLE,hle_158,0,0,0.23839043968844736,6351
Gemma4-31B,opencode,HLE,hle_1586,0,1,0.14230652751719167,11475
Gemma4-31B,opencode,HLE,hle_1590,0,0,0.1583277096509587,18789
Gemma4-31B,opencode,HLE,hle_1596,0,0,0.20486602310221128,11415
Gemma4-31B,opencode,HLE,hle_1598,0,1,0.18555143074998498,2785
Gemma4-31B,opencode,HLE,hle_16,0,0,0.17696499495584908,13362
Gemma4-31B,opencode,HLE,hle_1601,0,0,0.2831546344232007,12231
Gemma4-31B,opencode,HLE,hle_1606,0,1,0.15297696413601122,13417
Gemma4-31B,opencode,HLE,hle_1613,0,0,0.3203401227985303,10087
Gemma4-31B,opencode,HLE,hle_1630,0,0,0.3101090247278988,4156
Gemma4-31B,opencode,HLE,hle_1651,0,0,0.3402857532438311,1097
Gemma4-31B,opencode,HLE,hle_1666,0,0,0.344767012533028,10920
Gemma4-31B,opencode,HLE,hle_167,0,0,0.1479306939357602,2055
Gemma4-31B,opencode,HLE,hle_1672,0,0,0.17943656716907921,19609
Gemma4-31B,opencode,HLE,hle_1676,0,0,0.3098623515967005,10941
Gemma4-31B,opencode,HLE,hle_1679,0,1,0.19691129887084008,11261
Gemma4-31B,opencode,HLE,hle_1680,0,0,0.3061672127269244,4684
Gemma4-31B,opencode,HLE,hle_1682,0,1,0.3047874736125271,8619
Gemma4-31B,opencode,HLE,hle_1683,0,0,0.06343214197540907,2734
Gemma4-31B,opencode,HLE,hle_1685,0,0,0.16317109185152381,12827
Gemma4-31B,opencode,HLE,hle_1686,0,0,0.2715129482248451,3453
Gemma4-31B,opencode,HLE,hle_169,0,0,0.3104974405417354,20228
Gemma4-31B,opencode,HLE,hle_1690,0,1,0.1849214765106218,5212
Gemma4-31B,opencode,HLE,hle_1694,0,0,0.33839908281177006,8365
Gemma4-31B,opencode,HLE,hle_1696,0,0,0.2178481446167749,6699
Gemma4-31B,opencode,HLE,hle_1697,0,0,0.18436916403823528,9953
Gemma4-31B,opencode,HLE,hle_1699,0,0,0.3142670724794095,4821
Gemma4-31B,opencode,HLE,hle_1705,0,0,0.13154846232409453,15372
Gemma4-31B,opencode,HLE,hle_1716,0,0,0.3485284038740165,1734
Gemma4-31B,opencode,HLE,hle_1719,0,0,0.0285709104394355,82477
Gemma4-31B,opencode,HLE,hle_1740,0,0,0.3191754412925686,9961
Gemma4-31B,opencode,HLE,hle_1743,0,0,0.32846019700323104,4084
Gemma4-31B,opencode,HLE,hle_1745,0,0,0.21661914451143244,1972
Gemma4-31B,opencode,HLE,hle_1749,0,0,0.2638042789926557,1257
Gemma4-31B,opencode,HLE,hle_1750,0,0,0.2221260013594686,6736
Gemma4-31B,opencode,HLE,hle_1755,0,0,0.3092937498404919,713
Gemma4-31B,opencode,HLE,hle_1756,0,0,0.2990941979036091,7270
Gemma4-31B,opencode,HLE,hle_176,0,0,0.2035815647658094,2533
Gemma4-31B,opencode,HLE,hle_1761,0,0,0.28701098551800724,5256
Gemma4-31B,opencode,HLE,hle_1762,0,0,0.3538325719727495,11420
Gemma4-31B,opencode,HLE,hle_1766,0,1,0.24613961374265714,1530
Gemma4-31B,opencode,HLE,hle_178,0,0,0.3453768238424237,7713
Gemma4-31B,opencode,HLE,hle_1787,0,1,0.24378550195782225,9151
Gemma4-31B,opencode,HLE,hle_179,0,1,0.2840535947551906,6261
Gemma4-31B,opencode,HLE,hle_1792,0,1,0.16990274353849377,5281
Gemma4-31B,opencode,HLE,hle_1799,0,0,0.3823131965373347,4815
Gemma4-31B,opencode,HLE,hle_1800,0,1,0.08692827441880667,20432
Gemma4-31B,opencode,HLE,hle_1803,0,0,0.3015254986677191,16015
Gemma4-31B,opencode,HLE,hle_1804,0,0,0.1529320831252312,8080
Gemma4-31B,opencode,HLE,hle_1808,0,0,0.37621338617503214,2654
Gemma4-31B,opencode,HLE,hle_1809,0,1,0.21568299649367587,6686
Gemma4-31B,opencode,HLE,hle_1810,0,1,0.386470082598286,7214
Gemma4-31B,opencode,HLE,hle_1817,0,0,0.22402478396762404,1672
Gemma4-31B,opencode,HLE,hle_1827,0,0,0.41854292325969494,9522
Gemma4-31B,opencode,HLE,hle_1836,0,1,0.15611108970868934,6696
Gemma4-31B,opencode,HLE,hle_1837,0,0,0.26424689135152774,5321
Gemma4-31B,opencode,HLE,hle_184,0,0,0.4830456132637684,3172
Gemma4-31B,opencode,HLE,hle_1843,0,1,0.17952560883772042,8284
Gemma4-31B,opencode,HLE,hle_1847,0,0,0.255211543698922,4232
Gemma4-31B,opencode,HLE,hle_185,0,0,0.33381630863521494,1317
Gemma4-31B,opencode,HLE,hle_1853,0,1,0.13714845986047813,14370
Gemma4-31B,opencode,HLE,hle_1855,0,0,0.39464928593024,1635
Gemma4-31B,opencode,HLE,hle_1856,0,1,0.2936681413472636,6193
Gemma4-31B,opencode,HLE,hle_1861,0,0,0.3641773246689932,8958
Gemma4-31B,opencode,HLE,hle_1862,0,0,0.31931565210083546,3643
Gemma4-31B,opencode,HLE,hle_1863,0,0,0.16075220962796932,6852
Gemma4-31B,opencode,HLE,hle_1864,0,0,0.30654475226313316,3144
Gemma4-31B,opencode,HLE,hle_1865,0,1,0.15715143459497818,5060
Gemma4-31B,opencode,HLE,hle_1869,0,0,0.01130554758137817,85348
Gemma4-31B,opencode,HLE,hle_187,0,1,0.23927101103251772,11746
Gemma4-31B,opencode,HLE,hle_1871,0,0,0.38564024580353773,3094
Gemma4-31B,opencode,HLE,hle_1877,0,0,0.21471441246811993,15413
Gemma4-31B,opencode,HLE,hle_1880,0,0,0.38281869189112844,2099
Gemma4-31B,opencode,HLE,hle_1884,0,0,0.3757456781411259,5231
Gemma4-31B,opencode,HLE,hle_1889,0,0,0.285653078438326,11643
Gemma4-31B,opencode,HLE,hle_189,0,0,0.217095429054478,1481
Gemma4-31B,opencode,HLE,hle_1890,0,1,0.1990450542010548,6647
Gemma4-31B,opencode,HLE,hle_1909,0,0,0.36064893286010985,746
Gemma4-31B,opencode,HLE,hle_191,0,0,0.38180315893125466,3393
Gemma4-31B,opencode,HLE,hle_1917,0,0,0.3596114925570618,6397
Gemma4-31B,opencode,HLE,hle_1919,0,0,0.31867430726448664,629
Gemma4-31B,opencode,HLE,hle_1920,0,0,0.2306461287538815,305
Gemma4-31B,opencode,HLE,hle_1922,0,0,0.25251367650645185,4904
Gemma4-31B,opencode,HLE,hle_1926,0,0,0.09545172852228793,41970
Gemma4-31B,opencode,HLE,hle_1927,0,0,0.25202864183726864,1643
Gemma4-31B,opencode,HLE,hle_1928,0,0,0.2281966287375771,2319
Gemma4-31B,opencode,HLE,hle_193,0,0,0.32621194387016494,2721
Gemma4-31B,opencode,HLE,hle_1938,0,1,0.3561404796624351,1497
Gemma4-31B,opencode,HLE,hle_1940,0,0,0.3247453283633737,6186
Gemma4-31B,opencode,HLE,hle_1945,0,0,0.30779431616345343,1391
Gemma4-31B,opencode,HLE,hle_1946,0,0,0.306097435622083,1004
Gemma4-31B,opencode,HLE,hle_1947,0,0,0.2873587883658411,750
Gemma4-31B,opencode,HLE,hle_1958,0,0,0.1192778154349114,8495
Gemma4-31B,opencode,HLE,hle_1965,0,0,0.11316009840070566,6150
Gemma4-31B,opencode,HLE,hle_1972,0,1,0.19578008111879674,6671
Gemma4-31B,opencode,HLE,hle_1980,0,0,0.3543297610957808,3379
Gemma4-31B,opencode,HLE,hle_2003,0,0,0.31335994965864605,815
Gemma4-31B,opencode,HLE,hle_2005,0,1,0.1388252972392599,5134
Gemma4-31B,opencode,HLE,hle_2010,0,1,0.39346430129977733,7688
Gemma4-31B,opencode,HLE,hle_2016,0,0,0.2329987875483872,4603
Gemma4-31B,opencode,HLE,hle_2022,0,0,0.2922256778767302,14818
Gemma4-31B,opencode,HLE,hle_2024,0,0,0.3347303834890569,9931
Gemma4-31B,opencode,HLE,hle_2037,0,0,0.322789130488315,3429
Gemma4-31B,opencode,HLE,hle_2038,0,0,0.22008908331297647,604
Gemma4-31B,opencode,HLE,hle_2043,0,0,0.07749551222755094,7706
Gemma4-31B,opencode,HLE,hle_2046,0,1,0.33360783276643713,2188
Gemma4-31B,opencode,HLE,hle_2060,0,0,0.14322898948004653,31551
Gemma4-31B,opencode,HLE,hle_2062,0,1,0.26836015204317715,768
Gemma4-31B,opencode,HLE,hle_2073,0,0,0.28574856031636503,1042
Gemma4-31B,opencode,HLE,hle_2074,0,0,0.2974990379785737,3851
Gemma4-31B,opencode,HLE,hle_2084,0,1,0.16559834149492172,17695
Gemma4-31B,opencode,HLE,hle_2087,0,0,0.33420973030679124,4683
Gemma4-31B,opencode,HLE,hle_2088,0,1,0.2720798353116808,2080
Gemma4-31B,opencode,HLE,hle_2091,0,0,0.35572285012651744,11025
Gemma4-31B,opencode,HLE,hle_2093,0,0,0.10065310437206114,12069
Gemma4-31B,opencode,HLE,hle_2097,0,0,0.2547117547537419,2912
Gemma4-31B,opencode,HLE,hle_210,0,1,0.13829995212720234,5319
Gemma4-31B,opencode,HLE,hle_2111,0,0,0.25779019506226786,4990
Gemma4-31B,opencode,HLE,hle_2116,0,0,0.2817256365568635,1361
Gemma4-31B,opencode,HLE,hle_2117,0,0,0.3048745322142208,1095
Gemma4-31B,opencode,HLE,hle_212,0,0,0.3417950865473396,2117
Gemma4-31B,opencode,HLE,hle_2120,0,1,0.3169050440494292,10010
Gemma4-31B,opencode,HLE,hle_2132,0,1,0.1796623480920697,15287
Gemma4-31B,opencode,HLE,hle_2140,0,1,0.15431335182086123,4709
Gemma4-31B,opencode,HLE,hle_2153,0,0,0.008865865633584913,90291
Gemma4-31B,opencode,HLE,hle_2154,0,0,0.1479197313248865,9585
Gemma4-31B,opencode,HLE,hle_2158,0,0,0.3885239368154021,12371
Gemma4-31B,opencode,HLE,hle_2163,0,0,0.2423152959972977,750
Gemma4-31B,opencode,HLE,hle_2168,0,0,0.2109298721607773,9607
Gemma4-31B,opencode,HLE,hle_2174,0,1,0.32127531323890923,1038
Gemma4-31B,opencode,HLE,hle_2177,0,0,0.4088146934257154,17721
Gemma4-31B,opencode,HLE,hle_2179,0,1,0.2787219871941604,1725
Gemma4-31B,opencode,HLE,hle_218,0,0,0.3078113153347532,889
Gemma4-31B,opencode,HLE,hle_2181,0,1,0.2563109828327246,12514
Gemma4-31B,opencode,HLE,hle_2182,0,0,0.23470404056494762,52826
Gemma4-31B,opencode,HLE,hle_2187,0,0,0.22426927982929004,7221
Gemma4-31B,opencode,HLE,hle_2191,0,0,0.34616942037061027,2348
Gemma4-31B,opencode,HLE,hle_2197,0,0,0.3457230113700413,1385
Gemma4-31B,opencode,HLE,hle_2199,0,0,0.211843220793749,2633
Gemma4-31B,opencode,HLE,hle_2200,0,0,0.32291084274608045,19856
Gemma4-31B,opencode,HLE,hle_2202,0,1,0.19034268794280104,17830
Gemma4-31B,opencode,HLE,hle_2203,0,1,0.2473921978861161,12949
Gemma4-31B,opencode,HLE,hle_2212,0,0,0.17155944787127064,14267
Gemma4-31B,opencode,HLE,hle_2214,0,0,0.019368446902184443,81927
Gemma4-31B,opencode,HLE,hle_2220,0,1,0.12069146290333488,9136
Gemma4-31B,opencode,HLE,hle_2225,0,0,0.016869761563022997,54659
Gemma4-31B,opencode,HLE,hle_2248,0,0,0.2770837718019008,5940
Gemma4-31B,opencode,HLE,hle_2250,0,1,0.23327307479935766,17763
Gemma4-31B,opencode,HLE,hle_2252,0,1,0.26069243633286554,6923
Gemma4-31B,opencode,HLE,hle_2257,0,1,0.1593658591803381,8223
Gemma4-31B,opencode,HLE,hle_2261,0,0,0.015348522785080481,87112
Gemma4-31B,opencode,HLE,hle_2263,0,0,0.11889415602543543,11722
Gemma4-31B,opencode,HLE,hle_2285,0,0,0.33319984465630886,3073
Gemma4-31B,opencode,HLE,hle_2305,0,0,0.1849582879266742,6612
Gemma4-31B,opencode,HLE,hle_2308,0,0,0.23692611733945354,6537
Gemma4-31B,opencode,HLE,hle_2318,0,0,0.409359654921587,4056
Gemma4-31B,opencode,HLE,hle_2324,0,1,0.17093344012221046,2490
Gemma4-31B,opencode,HLE,hle_2326,0,0,0.03755705362984259,55323
Gemma4-31B,opencode,HLE,hle_2332,0,0,0.33523212627275306,5199
Gemma4-31B,opencode,HLE,hle_2333,0,1,0.3553798961061532,1521
Gemma4-31B,opencode,HLE,hle_2334,0,0,0.3445066839784443,3798
Gemma4-31B,opencode,HLE,hle_2335,0,0,0.2735311173111654,1042
Gemma4-31B,opencode,HLE,hle_2337,0,1,0.33641494357288215,3165
Gemma4-31B,opencode,HLE,hle_2354,0,0,0.05462831139370629,89365
Gemma4-31B,opencode,HLE,hle_236,0,0,0.21342838358066593,4195
Gemma4-31B,opencode,HLE,hle_2360,0,0,0.29823935524407424,5731
Gemma4-31B,opencode,HLE,hle_2364,0,0,0.2485466364959055,2075
Gemma4-31B,opencode,HLE,hle_2367,0,0,0.1482678443692978,12117
Gemma4-31B,opencode,HLE,hle_2371,0,0,0.10677199007457948,9755
Gemma4-31B,opencode,HLE,hle_2373,0,1,0.13199649076702225,16317
Gemma4-31B,opencode,HLE,hle_2379,0,1,0.38902049024364577,3833
Gemma4-31B,opencode,HLE,hle_2389,0,1,0.2014895339541355,3769
Gemma4-31B,opencode,HLE,hle_241,0,0,0.3010820959503574,1310
Gemma4-31B,opencode,HLE,hle_242,0,0,0.2066295006748926,28170
Gemma4-31B,opencode,HLE,hle_243,0,0,0.20431737903025748,4903
Gemma4-31B,opencode,HLE,hle_2470,0,0,0.025376067010523716,97534
Gemma4-31B,opencode,HLE,hle_2486,0,1,0.19602312675554656,10422
Gemma4-31B,opencode,HLE,hle_251,0,0,0.3362761548754313,2426
Gemma4-31B,opencode,HLE,hle_262,0,0,0.015074557204440377,140645
Gemma4-31B,opencode,HLE,hle_267,0,0,0.2701903598782321,941
Gemma4-31B,opencode,HLE,hle_27,0,0,0.19924000195193822,8320
Gemma4-31B,opencode,HLE,hle_272,0,0,0.3388496486758633,9251
Gemma4-31B,opencode,HLE,hle_278,0,0,0.4319352742050465,4557
Gemma4-31B,opencode,HLE,hle_280,0,0,0.3139236329550928,1494
Gemma4-31B,opencode,HLE,hle_283,0,0,0.3401615354132822,1471
Gemma4-31B,opencode,HLE,hle_288,0,1,0.32957881118948357,4230
Gemma4-31B,opencode,HLE,hle_293,0,0,0.2602038577723014,1349
Gemma4-31B,opencode,HLE,hle_294,0,0,0.18556242196372483,2421
Gemma4-31B,opencode,HLE,hle_302,0,0,0.3754744866874127,8474
Gemma4-31B,opencode,HLE,hle_309,0,0,0.1996178497019788,10780
Gemma4-31B,opencode,HLE,hle_32,0,0,0.22359857983768275,17819
Gemma4-31B,opencode,HLE,hle_328,0,0,0.2686408573234619,13933
Gemma4-31B,opencode,HLE,hle_329,0,0,0.14540951133123703,2690
Gemma4-31B,opencode,HLE,hle_330,0,0,0.15549278321497864,9777
Gemma4-31B,opencode,HLE,hle_331,0,1,0.18991327854923093,18436
Gemma4-31B,opencode,HLE,hle_335,0,0,0.3204431899167311,10368
Gemma4-31B,opencode,HLE,hle_337,0,1,0.29255346238788865,2158
Gemma4-31B,opencode,HLE,hle_338,0,0,0.3445589596493147,5565
Gemma4-31B,opencode,HLE,hle_341,0,0,0.005026404767920077,131070
Gemma4-31B,opencode,HLE,hle_344,0,0,0.33594656613351204,11857
Gemma4-31B,opencode,HLE,hle_346,0,0,0.38994572717050724,11503
Gemma4-31B,opencode,HLE,hle_35,0,0,0.23056127591719516,1926
Gemma4-31B,opencode,HLE,hle_350,0,0,0.28214393636093504,9977
Gemma4-31B,opencode,HLE,hle_351,0,0,0.2916878425979655,2213
Gemma4-31B,opencode,HLE,hle_354,0,0,0.31554340922816043,891
Gemma4-31B,opencode,HLE,hle_358,0,0,0.13381122438498608,36218
Gemma4-31B,opencode,HLE,hle_366,0,0,0.25481613560371635,2955
Gemma4-31B,opencode,HLE,hle_368,0,0,0.21484444002088096,9311
Gemma4-31B,opencode,HLE,hle_37,0,0,0.3568497486459685,3299
Gemma4-31B,opencode,HLE,hle_370,0,0,0.2382180155218936,20024
Gemma4-31B,opencode,HLE,hle_371,0,0,0.15307930576249068,17951
Gemma4-31B,opencode,HLE,hle_376,0,0,0.11211775879081474,13389
Gemma4-31B,opencode,HLE,hle_380,0,0,0.3014871831143058,11535
Gemma4-31B,opencode,HLE,hle_382,0,0,0.22616162085531785,5841
Gemma4-31B,opencode,HLE,hle_383,0,0,0.04525980384163944,49791
Gemma4-31B,opencode,HLE,hle_385,0,0,0.35740663214087476,3273
Gemma4-31B,opencode,HLE,hle_388,0,0,0.315713580707924,2356
Gemma4-31B,opencode,HLE,hle_389,0,0,0.03183989808168909,142295
Gemma4-31B,opencode,HLE,hle_39,0,0,0.326584125597595,2900
Gemma4-31B,opencode,HLE,hle_392,0,1,0.369459555170176,3715
Gemma4-31B,opencode,HLE,hle_402,0,0,0.18504463064406912,21451
Gemma4-31B,opencode,HLE,hle_403,0,0,0.17961636142058396,31361
Gemma4-31B,opencode,HLE,hle_41,0,0,0.2304868124760993,1827
Gemma4-31B,opencode,HLE,hle_410,0,0,0.363002235755177,994
Gemma4-31B,opencode,HLE,hle_417,0,1,0.19319296729875968,2809
Gemma4-31B,opencode,HLE,hle_420,0,0,0.34574752444646695,1691
Gemma4-31B,opencode,HLE,hle_426,0,0,0.3748886987764108,8851
Gemma4-31B,opencode,HLE,hle_427,0,0,0.355163590916967,3584
Gemma4-31B,opencode,HLE,hle_429,0,0,0.2673543121209115,2060
Gemma4-31B,opencode,HLE,hle_432,0,0,0.30744332673287783,4560
Gemma4-31B,opencode,HLE,hle_433,0,0,0.1449031387603363,11691
Gemma4-31B,opencode,HLE,hle_434,0,0,0.09270384314265193,808
Gemma4-31B,opencode,HLE,hle_435,0,0,0.22867067563959526,5628
Gemma4-31B,opencode,HLE,hle_44,0,0,0.16769140991404108,20935
Gemma4-31B,opencode,HLE,hle_441,0,1,0.2560072895563947,9306
Gemma4-31B,opencode,HLE,hle_450,0,1,0.37568915093394,6348
Gemma4-31B,opencode,HLE,hle_451,0,0,0.2916245700046154,2821
Gemma4-31B,opencode,HLE,hle_452,0,0,0.3646387791186885,6932
Gemma4-31B,opencode,HLE,hle_454,0,1,0.3233321595312733,26049
Gemma4-31B,opencode,HLE,hle_456,0,0,0.21667909117637982,3502
Gemma4-31B,opencode,HLE,hle_46,0,0,0.08616782289604437,11301
Gemma4-31B,opencode,HLE,hle_460,0,0,0.36153867888747315,3273
Gemma4-31B,opencode,HLE,hle_461,0,0,0.26348819774492627,10831
Gemma4-31B,opencode,HLE,hle_463,0,1,0.3158918303027448,5071
Gemma4-31B,opencode,HLE,hle_467,0,1,0.268716202157146,16419
Gemma4-31B,opencode,HLE,hle_470,0,0,0.009820621136573851,75232
Gemma4-31B,opencode,HLE,hle_473,0,0,0.21203322715867726,18110
Gemma4-31B,opencode,HLE,hle_476,0,1,0.20987737891039648,3343
Gemma4-31B,opencode,HLE,hle_48,0,0,0.3206007390053578,2889
Gemma4-31B,opencode,HLE,hle_486,0,1,0.2521305043597855,5527
Gemma4-31B,opencode,HLE,hle_496,0,0,0.26782280140661013,40998
Gemma4-31B,opencode,HLE,hle_497,0,1,0.1979510652622049,9405
Gemma4-31B,opencode,HLE,hle_498,0,0,0.3410401273636132,5772
Gemma4-31B,opencode,HLE,hle_499,0,0,0.297211278116829,5500
Gemma4-31B,opencode,HLE,hle_50,0,0,0.22590555545174548,12212
Gemma4-31B,opencode,HLE,hle_508,0,0,0.40893176057390546,10463
Gemma4-31B,opencode,HLE,hle_52,0,0,0.028514663239086798,131070
Gemma4-31B,opencode,HLE,hle_522,0,0,0.3121935142217654,7687
Gemma4-31B,opencode,HLE,hle_526,0,0,0.3132623832359391,7518
Gemma4-31B,opencode,HLE,hle_53,0,0,0.09602712106768209,1122
Gemma4-31B,opencode,HLE,hle_531,0,0,0.32381136794398546,3649
Gemma4-31B,opencode,HLE,hle_532,0,0,0.17294266191684787,22966
Gemma4-31B,opencode,HLE,hle_533,0,1,0.2737004533891136,4621
Gemma4-31B,opencode,HLE,hle_539,0,0,0.28735920434719586,8898
Gemma4-31B,opencode,HLE,hle_54,0,0,0.31238102909113125,4609
Gemma4-31B,opencode,HLE,hle_543,0,0,0.043530021442814926,53306
Gemma4-31B,opencode,HLE,hle_547,0,0,0.31659388194480326,6444
Gemma4-31B,opencode,HLE,hle_548,0,0,0.13665073049175694,10372
Gemma4-31B,opencode,HLE,hle_556,0,0,0.2815432234808334,7405
Gemma4-31B,opencode,HLE,hle_568,0,0,0.2875590466668705,13684
Gemma4-31B,opencode,HLE,hle_582,0,0,0.1334584517315008,6588
Gemma4-31B,opencode,HLE,hle_583,0,0,0.18860774135979466,25760
Gemma4-31B,opencode,HLE,hle_59,0,1,0.32953001048276204,3066
Gemma4-31B,opencode,HLE,hle_591,0,0,0.2516899483952627,10146
Gemma4-31B,opencode,HLE,hle_592,0,1,0.25060166165035147,8702
Gemma4-31B,opencode,HLE,hle_593,0,0,0.22267259704451614,1860
Gemma4-31B,opencode,HLE,hle_598,0,0,0.18983938004972734,4686
Gemma4-31B,opencode,HLE,hle_60,0,1,0.16281766739770684,5296
Gemma4-31B,opencode,HLE,hle_603,0,1,0.251439820608238,17202
Gemma4-31B,opencode,HLE,hle_604,0,1,0.13553857111463996,6851
Gemma4-31B,opencode,HLE,hle_607,0,0,0.24938601379127592,5678
Gemma4-31B,opencode,HLE,hle_614,0,0,0.19049062134723208,3607
Gemma4-31B,opencode,HLE,hle_625,0,0,0.3203617322028804,38204
Gemma4-31B,opencode,HLE,hle_633,0,0,0.2578274917825454,15600
Gemma4-31B,opencode,HLE,hle_636,0,1,0.27602858207467734,5760
Gemma4-31B,opencode,HLE,hle_643,0,0,0.16671986508870065,25902
Gemma4-31B,opencode,HLE,hle_647,0,0,0.24565292618921267,5762
Gemma4-31B,opencode,HLE,hle_653,0,0,0.30977551642631895,2692
Gemma4-31B,opencode,HLE,hle_654,0,0,0.36765480756628083,5784
Gemma4-31B,opencode,HLE,hle_655,0,0,0.21486216084435594,11767
Gemma4-31B,opencode,HLE,hle_660,0,0,0.109437460067885,15698
Gemma4-31B,opencode,HLE,hle_661,0,0,0.2789954051216931,12145
Gemma4-31B,opencode,HLE,hle_668,0,0,0.33573971361538063,8980
Gemma4-31B,opencode,HLE,hle_677,0,0,0.3122208347788676,5127
Gemma4-31B,opencode,HLE,hle_678,0,0,0.26655630588004436,2740
Gemma4-31B,opencode,HLE,hle_68,0,0,0.420317758828489,3039
Gemma4-31B,opencode,HLE,hle_681,0,0,0.20206110981301795,17879
Gemma4-31B,opencode,HLE,hle_687,0,0,0.25980300082957153,5551
Gemma4-31B,opencode,HLE,hle_688,0,1,0.2651308646938479,4654
Gemma4-31B,opencode,HLE,hle_690,0,0,0.17843313515052558,9964
Gemma4-31B,opencode,HLE,hle_692,0,1,0.17806261208092938,11982
Gemma4-31B,opencode,HLE,hle_694,0,0,0.3882763027597012,2201
Gemma4-31B,opencode,HLE,hle_696,0,1,0.129698356160129,7237
Gemma4-31B,opencode,HLE,hle_697,0,0,0.3266335563438979,1635
Gemma4-31B,opencode,HLE,hle_698,0,1,0.16417963371602373,3887
Gemma4-31B,opencode,HLE,hle_699,0,0,0.2878984049461698,4472
Gemma4-31B,opencode,HLE,hle_70,0,1,0.3343389435986758,1209
Gemma4-31B,opencode,HLE,hle_700,0,0,0.2856406543438777,3152
Gemma4-31B,opencode,HLE,hle_705,0,0,0.3024044641099589,17314
Gemma4-31B,opencode,HLE,hle_707,0,0,0.24344768826312893,13122
Gemma4-31B,opencode,HLE,hle_708,0,0,0.23832854290038952,8786
Gemma4-31B,opencode,HLE,hle_711,0,1,0.14574750367002282,18824
Gemma4-31B,opencode,HLE,hle_72,0,0,0.19694769294379466,8686
Gemma4-31B,opencode,HLE,hle_724,0,1,0.23811755058301157,33746
Gemma4-31B,opencode,HLE,hle_728,0,0,0.301510015704065,7572
Gemma4-31B,opencode,HLE,hle_747,0,0,0.2220816032305433,11501
Gemma4-31B,opencode,HLE,hle_75,0,0,0.27840429800970706,6796
Gemma4-31B,opencode,HLE,hle_752,0,0,0.22735337745497802,12606
Gemma4-31B,opencode,HLE,hle_773,0,0,0.3440522041260692,4197
Gemma4-31B,opencode,HLE,hle_779,0,1,0.22990090398705437,4260
Gemma4-31B,opencode,HLE,hle_787,0,0,0.1587893834153699,25180
Gemma4-31B,opencode,HLE,hle_790,0,0,0.1734785215386334,3054
Gemma4-31B,opencode,HLE,hle_791,0,1,0.22610681927658705,11872
Gemma4-31B,opencode,HLE,hle_792,0,1,0.171137521607805,12925
Gemma4-31B,opencode,HLE,hle_800,0,1,0.3423843902357353,10670
Gemma4-31B,opencode,HLE,hle_801,0,0,0.21741473955406218,1513
Gemma4-31B,opencode,HLE,hle_805,0,0,0.2599224133650022,6086
Gemma4-31B,opencode,HLE,hle_807,0,0,0.0031707884450073026,95778
Gemma4-31B,opencode,HLE,hle_808,0,1,0.21693016911632224,4841
Gemma4-31B,opencode,HLE,hle_810,0,0,0.16579486165152107,10053
Gemma4-31B,opencode,HLE,hle_812,0,0,0.244453972120706,7728
Gemma4-31B,opencode,HLE,hle_814,0,0,0.2770811405375608,13755
Gemma4-31B,opencode,HLE,hle_819,0,0,0.12283185395374217,11585
Gemma4-31B,opencode,HLE,hle_822,0,0,0.25004805917608997,14195
Gemma4-31B,opencode,HLE,hle_825,0,0,0.34785549991661613,5649
Gemma4-31B,opencode,HLE,hle_827,0,1,0.14032193092715906,7253
Gemma4-31B,opencode,HLE,hle_829,0,1,0.1570046203623702,13515
Gemma4-31B,opencode,HLE,hle_830,0,0,0.20871288096428622,8092
Gemma4-31B,opencode,HLE,hle_831,0,1,0.22305319100618498,4683
Gemma4-31B,opencode,HLE,hle_834,0,0,0.13905084512822447,12762
Gemma4-31B,opencode,HLE,hle_835,0,0,0.01435669489018941,97487
Gemma4-31B,opencode,HLE,hle_84,0,0,0.1448908429282052,9112
Gemma4-31B,opencode,HLE,hle_85,0,0,0.30673353506680856,3957
Gemma4-31B,opencode,HLE,hle_855,0,0,0.19039120029101647,12077
Gemma4-31B,opencode,HLE,hle_867,0,1,0.12081849243722066,11876
Gemma4-31B,opencode,HLE,hle_87,0,1,0.29422099918151634,5341
Gemma4-31B,opencode,HLE,hle_875,0,0,0.21557426249151806,8710
Gemma4-31B,opencode,HLE,hle_876,0,0,0.2570272847740181,9934
Gemma4-31B,opencode,HLE,hle_877,0,1,0.217751554282024,1618
Gemma4-31B,opencode,HLE,hle_88,0,0,0.2802153163203926,13365
Gemma4-31B,opencode,HLE,hle_880,0,0,0.08940997930413429,14736
Gemma4-31B,opencode,HLE,hle_883,0,0,0.2592288834532813,33251
Gemma4-31B,opencode,HLE,hle_885,0,1,0.25035915562271716,1964
Gemma4-31B,opencode,HLE,hle_892,0,1,0.257955610395779,8645
Gemma4-31B,opencode,HLE,hle_893,0,0,0.24073332405719253,10233
Gemma4-31B,opencode,HLE,hle_894,0,1,0.302541281781585,5863
Gemma4-31B,opencode,HLE,hle_897,0,1,0.15799331750832363,9712
Gemma4-31B,opencode,HLE,hle_905,0,0,0.3443924493988821,3097
Gemma4-31B,opencode,HLE,hle_911,0,0,0.2809626027774344,7858
Gemma4-31B,opencode,HLE,hle_917,0,0,0.21952576540833926,14139
Gemma4-31B,opencode,HLE,hle_921,0,0,0.17020533267803947,6773
Gemma4-31B,opencode,HLE,hle_923,0,1,0.24601644262136163,2751
Gemma4-31B,opencode,HLE,hle_926,0,0,0.3867555364971405,6516
Gemma4-31B,opencode,HLE,hle_930,0,0,0.15788715014633745,41241
Gemma4-31B,opencode,HLE,hle_931,0,1,0.13139448206026866,7315
Gemma4-31B,opencode,HLE,hle_934,0,0,0.38705866211130496,21075
Gemma4-31B,opencode,HLE,hle_935,0,0,0.29876902837045116,1759
Gemma4-31B,opencode,HLE,hle_936,0,1,0.15253289739053372,11725
Gemma4-31B,opencode,HLE,hle_937,0,0,0.3167249006561059,2516
Gemma4-31B,opencode,HLE,hle_938,0,0,0.09853195225033405,15608
Gemma4-31B,opencode,HLE,hle_942,0,0,0.2552059223019845,6748
Gemma4-31B,opencode,HLE,hle_945,0,0,0.2801768413597924,7546
Gemma4-31B,opencode,HLE,hle_948,0,1,0.2104871811299672,4921
Gemma4-31B,opencode,HLE,hle_95,0,0,0.281615948688519,10410
Gemma4-31B,opencode,HLE,hle_966,0,0,0.223979678910004,11982
Gemma4-31B,opencode,HLE,hle_967,0,0,0.3657564901936262,1618
Gemma4-31B,opencode,HLE,hle_969,0,0,0.07115858738361872,85432
Gemma4-31B,opencode,HLE,hle_970,0,0,0.24200393163253336,5579
Gemma4-31B,opencode,HLE,hle_971,0,0,0.2669030107919319,3060
Gemma4-31B,opencode,HLE,hle_978,0,1,0.2878645534524709,6616
Gemma4-31B,opencode,HLE,hle_98,0,0,0.22764575092789407,1268
Gemma4-31B,opencode,HLE,hle_980,0,0,0.22745415120921963,5532
Gemma4-31B,opencode,HLE,hle_981,0,1,0.24984478692283457,6175
Gemma4-31B,opencode,HLE,hle_988,0,0,0.3375149027426299,1293
Gemma4-31B,opencode,HLE,hle_997,0,1,0.1705112659667614,8398
Gemma4-31B,opencode,HLE,hle_999,0,1,0.19744569637778095,3811
Gemma4-31B,zeroclaw,AIME,aime_1,0,1,0.07763262760904464,1823
Gemma4-31B,zeroclaw,AIME,aime_1,1,1,0.08312151023204542,2284
Gemma4-31B,zeroclaw,AIME,aime_1,2,1,0.09303534051189455,2250
Gemma4-31B,zeroclaw,AIME,aime_1,3,1,0.09295272074254095,2231
Gemma4-31B,zeroclaw,AIME,aime_10,0,1,0.18506106627183813,10615
Gemma4-31B,zeroclaw,AIME,aime_10,1,1,0.13276870823391998,17841
Gemma4-31B,zeroclaw,AIME,aime_10,2,1,0.15792372053930037,21433
Gemma4-31B,zeroclaw,AIME,aime_10,3,1,0.1304305282219002,24487
Gemma4-31B,zeroclaw,AIME,aime_11,0,1,0.1415560043856142,10996
Gemma4-31B,zeroclaw,AIME,aime_11,1,1,0.15104039869083027,8641
Gemma4-31B,zeroclaw,AIME,aime_11,2,1,0.1554513131692334,9601
Gemma4-31B,zeroclaw,AIME,aime_11,3,1,0.13937569587284934,9737
Gemma4-31B,zeroclaw,AIME,aime_12,0,1,0.1024645512250106,7336
Gemma4-31B,zeroclaw,AIME,aime_12,1,1,0.1088300628122071,7185
Gemma4-31B,zeroclaw,AIME,aime_12,2,1,0.09224628440788082,6194
Gemma4-31B,zeroclaw,AIME,aime_12,3,1,0.11354837149451412,8856
Gemma4-31B,zeroclaw,AIME,aime_13,0,1,0.1631422504567631,10501
Gemma4-31B,zeroclaw,AIME,aime_13,1,1,0.15773997902763098,6296
Gemma4-31B,zeroclaw,AIME,aime_13,2,1,0.16835199864808267,11839
Gemma4-31B,zeroclaw,AIME,aime_13,3,1,0.1589713350877082,9322
Gemma4-31B,zeroclaw,AIME,aime_14,0,1,0.09344455992055684,6274
Gemma4-31B,zeroclaw,AIME,aime_14,1,1,0.09615998950474386,8344
Gemma4-31B,zeroclaw,AIME,aime_14,2,1,0.10888984879735264,13946
Gemma4-31B,zeroclaw,AIME,aime_14,3,1,0.11898526133580131,8306
Gemma4-31B,zeroclaw,AIME,aime_15,0,0,0.20186915292157825,20883
Gemma4-31B,zeroclaw,AIME,aime_15,1,1,0.18551666233970143,64352
Gemma4-31B,zeroclaw,AIME,aime_15,2,0,0.19511375010654336,58883
Gemma4-31B,zeroclaw,AIME,aime_15,3,0,0.1794618931428919,76678
Gemma4-31B,zeroclaw,AIME,aime_16,0,1,0.1505041897437277,3921
Gemma4-31B,zeroclaw,AIME,aime_16,1,1,0.15178952274371077,3177
Gemma4-31B,zeroclaw,AIME,aime_16,2,1,0.15748993183874588,3545
Gemma4-31B,zeroclaw,AIME,aime_16,3,1,0.1691310904770033,3959
Gemma4-31B,zeroclaw,AIME,aime_17,0,1,0.1533549228380341,11278
Gemma4-31B,zeroclaw,AIME,aime_17,1,1,0.13099590665216962,12017
Gemma4-31B,zeroclaw,AIME,aime_17,2,1,0.1393363995800993,9912
Gemma4-31B,zeroclaw,AIME,aime_17,3,1,0.12762005248326808,10348
Gemma4-31B,zeroclaw,AIME,aime_18,0,1,0.13073358534421323,11959
Gemma4-31B,zeroclaw,AIME,aime_18,1,1,0.13785770761682217,11813
Gemma4-31B,zeroclaw,AIME,aime_18,2,1,0.1199263315634474,12080
Gemma4-31B,zeroclaw,AIME,aime_18,3,1,0.1564043780872105,12210
Gemma4-31B,zeroclaw,AIME,aime_19,0,1,0.11548727484130197,6047
Gemma4-31B,zeroclaw,AIME,aime_19,1,1,0.1172366438937665,5720
Gemma4-31B,zeroclaw,AIME,aime_19,2,1,0.11476907492389332,6498
Gemma4-31B,zeroclaw,AIME,aime_19,3,1,0.10535116056729073,6526
Gemma4-31B,zeroclaw,AIME,aime_2,0,1,0.1475930346002607,5344
Gemma4-31B,zeroclaw,AIME,aime_2,1,1,0.1323639431635668,5523
Gemma4-31B,zeroclaw,AIME,aime_2,2,1,0.13707608827374218,6154
Gemma4-31B,zeroclaw,AIME,aime_2,3,1,0.17169578713704195,7736
Gemma4-31B,zeroclaw,AIME,aime_20,0,1,0.07239167980683198,3532
Gemma4-31B,zeroclaw,AIME,aime_20,1,1,0.1148598169972434,5705
Gemma4-31B,zeroclaw,AIME,aime_20,2,1,0.10869815724029488,5694
Gemma4-31B,zeroclaw,AIME,aime_20,3,1,0.11565888353844551,5614
Gemma4-31B,zeroclaw,AIME,aime_21,0,1,0.1672106586902905,6613
Gemma4-31B,zeroclaw,AIME,aime_21,1,1,0.17798905093440237,6562
Gemma4-31B,zeroclaw,AIME,aime_21,2,1,0.1653358633257887,3567
Gemma4-31B,zeroclaw,AIME,aime_21,3,1,0.1820047285444291,5365
Gemma4-31B,zeroclaw,AIME,aime_22,0,1,0.11576850032698613,7384
Gemma4-31B,zeroclaw,AIME,aime_22,1,1,0.11656637304600628,6968
Gemma4-31B,zeroclaw,AIME,aime_22,2,1,0.12910328872388235,9333
Gemma4-31B,zeroclaw,AIME,aime_22,3,1,0.12485703189402998,8682
Gemma4-31B,zeroclaw,AIME,aime_23,0,1,0.15769001722833176,8222
Gemma4-31B,zeroclaw,AIME,aime_23,1,1,0.13112898544978233,7806
Gemma4-31B,zeroclaw,AIME,aime_23,2,1,0.108963898607985,11332
Gemma4-31B,zeroclaw,AIME,aime_23,3,1,0.11051406008808946,11774
Gemma4-31B,zeroclaw,AIME,aime_24,0,1,0.10738951367277672,8389
Gemma4-31B,zeroclaw,AIME,aime_24,1,1,0.12726213451101545,6252
Gemma4-31B,zeroclaw,AIME,aime_24,2,1,0.11846528435715922,8415
Gemma4-31B,zeroclaw,AIME,aime_24,3,1,0.1188918372953659,13769
Gemma4-31B,zeroclaw,AIME,aime_25,0,1,0.1555569774814144,7326
Gemma4-31B,zeroclaw,AIME,aime_25,1,1,0.1394755308223687,7643
Gemma4-31B,zeroclaw,AIME,aime_25,2,1,0.15252121517843548,7981
Gemma4-31B,zeroclaw,AIME,aime_25,3,1,0.15197401860581963,7715
Gemma4-31B,zeroclaw,AIME,aime_26,0,1,0.1359158364262381,8688
Gemma4-31B,zeroclaw,AIME,aime_26,1,1,0.11684542200445645,9699
Gemma4-31B,zeroclaw,AIME,aime_26,2,1,0.12011123528614563,9053
Gemma4-31B,zeroclaw,AIME,aime_26,3,1,0.13337586031824486,9643
Gemma4-31B,zeroclaw,AIME,aime_27,0,1,0.08756595678847498,8473
Gemma4-31B,zeroclaw,AIME,aime_27,1,1,0.1224432864482136,10025
Gemma4-31B,zeroclaw,AIME,aime_27,2,1,0.11419704630157664,9393
Gemma4-31B,zeroclaw,AIME,aime_27,3,1,0.09473704229412401,10474
Gemma4-31B,zeroclaw,AIME,aime_28,0,1,0.17246995699897086,22053
Gemma4-31B,zeroclaw,AIME,aime_28,1,1,0.14086114716864656,20993
Gemma4-31B,zeroclaw,AIME,aime_28,2,1,0.15657757628868493,26110
Gemma4-31B,zeroclaw,AIME,aime_28,3,0,0.13402638499892558,37895
Gemma4-31B,zeroclaw,AIME,aime_29,0,1,0.17004635109201074,9544
Gemma4-31B,zeroclaw,AIME,aime_29,1,1,0.14415741778404365,2245
Gemma4-31B,zeroclaw,AIME,aime_29,2,1,0.16098515672549782,6578
Gemma4-31B,zeroclaw,AIME,aime_29,3,1,0.1573525499971397,6754
Gemma4-31B,zeroclaw,AIME,aime_3,0,1,0.17067598761202124,3793
Gemma4-31B,zeroclaw,AIME,aime_3,1,1,0.16938367161182755,3909
Gemma4-31B,zeroclaw,AIME,aime_3,2,1,0.167448200645186,3818
Gemma4-31B,zeroclaw,AIME,aime_3,3,1,0.18164237777972966,6475
Gemma4-31B,zeroclaw,AIME,aime_30,0,1,0.1631669935579756,7040
Gemma4-31B,zeroclaw,AIME,aime_30,1,1,0.15798580515000718,6302
Gemma4-31B,zeroclaw,AIME,aime_30,2,1,0.14460532793120706,6054
Gemma4-31B,zeroclaw,AIME,aime_30,3,1,0.15308226161446178,6354
Gemma4-31B,zeroclaw,AIME,aime_4,0,1,0.13151298461079464,3904
Gemma4-31B,zeroclaw,AIME,aime_4,1,1,0.1379649547465415,3627
Gemma4-31B,zeroclaw,AIME,aime_4,2,1,0.12730307344863415,4145
Gemma4-31B,zeroclaw,AIME,aime_4,3,1,0.145907557730669,3734
Gemma4-31B,zeroclaw,AIME,aime_5,0,1,0.09573423006788348,2469
Gemma4-31B,zeroclaw,AIME,aime_5,1,1,0.09360263842489275,2380
Gemma4-31B,zeroclaw,AIME,aime_5,2,1,0.10203955458975134,2344
Gemma4-31B,zeroclaw,AIME,aime_5,3,1,0.09366529899531792,2374
Gemma4-31B,zeroclaw,AIME,aime_6,0,1,0.14685222036265166,8139
Gemma4-31B,zeroclaw,AIME,aime_6,1,1,0.13364434301986033,6077
Gemma4-31B,zeroclaw,AIME,aime_6,2,1,0.16234410598776977,6308
Gemma4-31B,zeroclaw,AIME,aime_6,3,1,0.1419649415878761,9050
Gemma4-31B,zeroclaw,AIME,aime_7,0,1,0.11036526888790706,4934
Gemma4-31B,zeroclaw,AIME,aime_7,1,1,0.10478122725786966,8153
Gemma4-31B,zeroclaw,AIME,aime_7,2,1,0.11990101245496984,9067
Gemma4-31B,zeroclaw,AIME,aime_7,3,1,0.11166724893036986,9203
Gemma4-31B,zeroclaw,AIME,aime_8,0,1,0.12118837249333321,5015
Gemma4-31B,zeroclaw,AIME,aime_8,1,1,0.11007358909971002,5479
Gemma4-31B,zeroclaw,AIME,aime_8,2,1,0.11658257450976785,4535
Gemma4-31B,zeroclaw,AIME,aime_8,3,1,0.11492781532576439,5332
Gemma4-31B,zeroclaw,AIME,aime_9,0,1,0.16886091485000038,7743
Gemma4-31B,zeroclaw,AIME,aime_9,1,1,0.15912920069724792,5159
Gemma4-31B,zeroclaw,AIME,aime_9,2,1,0.16967743036752195,4963
Gemma4-31B,zeroclaw,AIME,aime_9,3,1,0.16683233944495016,6016
Gemma4-31B,zeroclaw,GPQA,gpqa_0,0,1,0.22297394696885006,1133
Gemma4-31B,zeroclaw,GPQA,gpqa_1,0,1,0.2524289132144231,2645
Gemma4-31B,zeroclaw,GPQA,gpqa_10,0,1,0.20171237308315895,7112
Gemma4-31B,zeroclaw,GPQA,gpqa_100,0,1,0.23780880576256483,4107
Gemma4-31B,zeroclaw,GPQA,gpqa_101,0,1,0.20586855859128123,12051
Gemma4-31B,zeroclaw,GPQA,gpqa_102,0,1,0.29653416333878246,44320
Gemma4-31B,zeroclaw,GPQA,gpqa_103,0,0,0.20176333763302542,11980
Gemma4-31B,zeroclaw,GPQA,gpqa_104,0,1,0.20846015674335053,5068
Gemma4-31B,zeroclaw,GPQA,gpqa_105,0,1,0.25263998273247856,3725
Gemma4-31B,zeroclaw,GPQA,gpqa_106,0,0,0.23844623001573817,16538
Gemma4-31B,zeroclaw,GPQA,gpqa_107,0,1,0.1496700123593541,9039
Gemma4-31B,zeroclaw,GPQA,gpqa_108,0,0,0.2756224964916743,19659
Gemma4-31B,zeroclaw,GPQA,gpqa_109,0,0,0.24360546827388385,7557
Gemma4-31B,zeroclaw,GPQA,gpqa_11,0,1,0.15477994853601856,2093
Gemma4-31B,zeroclaw,GPQA,gpqa_110,0,1,0.3025672257175908,8537
Gemma4-31B,zeroclaw,GPQA,gpqa_111,0,0,0.25239785566463857,15650
Gemma4-31B,zeroclaw,GPQA,gpqa_112,0,1,0.2096286859932618,7993
Gemma4-31B,zeroclaw,GPQA,gpqa_113,0,1,0.23385151314567135,10694
Gemma4-31B,zeroclaw,GPQA,gpqa_114,0,1,0.28633766657601767,10477
Gemma4-31B,zeroclaw,GPQA,gpqa_115,0,1,0.30745751116916475,1515
Gemma4-31B,zeroclaw,GPQA,gpqa_116,0,1,0.2412789658865322,5613
Gemma4-31B,zeroclaw,GPQA,gpqa_117,0,1,0.29573009443421844,6843
Gemma4-31B,zeroclaw,GPQA,gpqa_118,0,1,0.20154599860791844,5492
Gemma4-31B,zeroclaw,GPQA,gpqa_119,0,1,0.27797674824167723,5001
Gemma4-31B,zeroclaw,GPQA,gpqa_12,0,1,0.16299681129117807,6612
Gemma4-31B,zeroclaw,GPQA,gpqa_120,0,1,0.20922198004448336,21652
Gemma4-31B,zeroclaw,GPQA,gpqa_121,0,1,0.244190961179751,1769
Gemma4-31B,zeroclaw,GPQA,gpqa_122,0,1,0.268456503933973,2007
Gemma4-31B,zeroclaw,GPQA,gpqa_123,0,1,0.23146173566502246,5695
Gemma4-31B,zeroclaw,GPQA,gpqa_124,0,1,0.21851110554286007,10118
Gemma4-31B,zeroclaw,GPQA,gpqa_125,0,1,0.22226888215553478,10057
Gemma4-31B,zeroclaw,GPQA,gpqa_126,0,1,0.15925172986825392,3564
Gemma4-31B,zeroclaw,GPQA,gpqa_127,0,1,0.18012853034636064,6953
Gemma4-31B,zeroclaw,GPQA,gpqa_128,0,1,0.15796716692335255,16511
Gemma4-31B,zeroclaw,GPQA,gpqa_129,0,1,0.21725062037684692,10176
Gemma4-31B,zeroclaw,GPQA,gpqa_13,0,1,0.11499632188931522,2010
Gemma4-31B,zeroclaw,GPQA,gpqa_130,0,1,0.24357927572669955,3420
Gemma4-31B,zeroclaw,GPQA,gpqa_131,0,1,0.2330457583222487,7437
Gemma4-31B,zeroclaw,GPQA,gpqa_132,0,1,0.2413537372353046,5142
Gemma4-31B,zeroclaw,GPQA,gpqa_133,0,1,0.21880203660852504,12591
Gemma4-31B,zeroclaw,GPQA,gpqa_134,0,1,0.1972461018509804,4218
Gemma4-31B,zeroclaw,GPQA,gpqa_135,0,0,0.2662580196765927,11895
Gemma4-31B,zeroclaw,GPQA,gpqa_136,0,1,0.21649126901756868,5618
Gemma4-31B,zeroclaw,GPQA,gpqa_137,0,1,0.19506882150770388,6573
Gemma4-31B,zeroclaw,GPQA,gpqa_138,0,1,0.20892938327646532,1906
Gemma4-31B,zeroclaw,GPQA,gpqa_139,0,1,0.21365557765608692,4271
Gemma4-31B,zeroclaw,GPQA,gpqa_14,0,0,0.3331475234926662,6176
Gemma4-31B,zeroclaw,GPQA,gpqa_140,0,1,0.2564688255720291,5256
Gemma4-31B,zeroclaw,GPQA,gpqa_141,0,1,0.27963116408422906,9611
Gemma4-31B,zeroclaw,GPQA,gpqa_142,0,1,0.1967648973452244,25028
Gemma4-31B,zeroclaw,GPQA,gpqa_143,0,0,0.03034883702012112,146338
Gemma4-31B,zeroclaw,GPQA,gpqa_144,0,1,0.23159847455213314,3748
Gemma4-31B,zeroclaw,GPQA,gpqa_145,0,1,0.2219863628609099,2852
Gemma4-31B,zeroclaw,GPQA,gpqa_146,0,1,0.21349058082255182,2550
Gemma4-31B,zeroclaw,GPQA,gpqa_147,0,1,0.13760346143410201,2041
Gemma4-31B,zeroclaw,GPQA,gpqa_148,0,1,0.11644204385552968,2092
Gemma4-31B,zeroclaw,GPQA,gpqa_149,0,0,0.1707592910970591,9178
Gemma4-31B,zeroclaw,GPQA,gpqa_15,0,1,0.20374806044650962,2776
Gemma4-31B,zeroclaw,GPQA,gpqa_150,0,1,0.16294980760786498,3949
Gemma4-31B,zeroclaw,GPQA,gpqa_151,0,1,0.10605577194634282,2000
Gemma4-31B,zeroclaw,GPQA,gpqa_152,0,1,0.12038284609211126,2245
Gemma4-31B,zeroclaw,GPQA,gpqa_153,0,1,0.2858901905729384,1293
Gemma4-31B,zeroclaw,GPQA,gpqa_154,0,1,0.09581054661678376,2562
Gemma4-31B,zeroclaw,GPQA,gpqa_155,0,1,0.13992066850038443,3069
Gemma4-31B,zeroclaw,GPQA,gpqa_156,0,1,0.1236576659477678,2733
Gemma4-31B,zeroclaw,GPQA,gpqa_157,0,1,0.19208767499804189,1798
Gemma4-31B,zeroclaw,GPQA,gpqa_158,0,1,0.2791944453040019,9479
Gemma4-31B,zeroclaw,GPQA,gpqa_159,0,1,0.12301166403257795,3033
Gemma4-31B,zeroclaw,GPQA,gpqa_16,0,1,0.211598658542443,2118
Gemma4-31B,zeroclaw,GPQA,gpqa_160,0,1,0.09921131278752385,3747
Gemma4-31B,zeroclaw,GPQA,gpqa_161,0,1,0.16855154112975934,6434
Gemma4-31B,zeroclaw,GPQA,gpqa_162,0,1,0.13046899695828437,6652
Gemma4-31B,zeroclaw,GPQA,gpqa_163,0,1,0.10613196743991292,3516
Gemma4-31B,zeroclaw,GPQA,gpqa_164,0,1,0.06586438612722094,2181
Gemma4-31B,zeroclaw,GPQA,gpqa_165,0,1,0.11446531287548421,2074
Gemma4-31B,zeroclaw,GPQA,gpqa_166,0,1,0.06174805835916992,1993
Gemma4-31B,zeroclaw,GPQA,gpqa_167,0,1,0.1447756705815205,3165
Gemma4-31B,zeroclaw,GPQA,gpqa_168,0,1,0.08263080786700618,2929
Gemma4-31B,zeroclaw,GPQA,gpqa_169,0,1,0.3330351488498997,1342
Gemma4-31B,zeroclaw,GPQA,gpqa_17,0,1,0.07637677971323314,3500
Gemma4-31B,zeroclaw,GPQA,gpqa_170,0,1,0.11135701655644638,3043
Gemma4-31B,zeroclaw,GPQA,gpqa_171,0,1,0.10654902950275424,2256
Gemma4-31B,zeroclaw,GPQA,gpqa_172,0,1,0.1424061416642454,7606
Gemma4-31B,zeroclaw,GPQA,gpqa_173,0,0,0.16722764275360483,31726
Gemma4-31B,zeroclaw,GPQA,gpqa_174,0,1,0.15837385911535054,6212
Gemma4-31B,zeroclaw,GPQA,gpqa_175,0,1,0.15928465593733848,3046
Gemma4-31B,zeroclaw,GPQA,gpqa_176,0,1,0.1135203609913567,2778
Gemma4-31B,zeroclaw,GPQA,gpqa_177,0,1,0.11726845833103344,2240
Gemma4-31B,zeroclaw,GPQA,gpqa_178,0,1,0.16082294958104712,6037
Gemma4-31B,zeroclaw,GPQA,gpqa_179,0,1,0.07012429384829924,4122
Gemma4-31B,zeroclaw,GPQA,gpqa_18,0,0,0.030472179058900973,140106
Gemma4-31B,zeroclaw,GPQA,gpqa_180,0,1,0.10735010726664149,1579
Gemma4-31B,zeroclaw,GPQA,gpqa_181,0,1,0.056144625478690396,1651
Gemma4-31B,zeroclaw,GPQA,gpqa_182,0,1,0.08849250233190346,3579
Gemma4-31B,zeroclaw,GPQA,gpqa_183,0,1,0.049312856436938966,3459
Gemma4-31B,zeroclaw,GPQA,gpqa_184,0,1,0.10689857892458064,11745
Gemma4-31B,zeroclaw,GPQA,gpqa_185,0,1,0.27914336383993155,12274
Gemma4-31B,zeroclaw,GPQA,gpqa_186,0,1,0.09461932287659001,2277
Gemma4-31B,zeroclaw,GPQA,gpqa_187,0,1,0.10836003717602909,2400
Gemma4-31B,zeroclaw,GPQA,gpqa_188,0,1,0.08469672698572757,5598
Gemma4-31B,zeroclaw,GPQA,gpqa_189,0,1,0.12133243366572648,6997
Gemma4-31B,zeroclaw,GPQA,gpqa_19,0,1,0.06926845343205733,3192
Gemma4-31B,zeroclaw,GPQA,gpqa_190,0,1,0.09840075829941207,2197
Gemma4-31B,zeroclaw,GPQA,gpqa_191,0,1,0.1580577630312613,1144
Gemma4-31B,zeroclaw,GPQA,gpqa_192,0,1,0.18732037141826297,2125
Gemma4-31B,zeroclaw,GPQA,gpqa_193,0,1,0.07670395811244904,2032
Gemma4-31B,zeroclaw,GPQA,gpqa_194,0,1,0.1561612430514909,4451
Gemma4-31B,zeroclaw,GPQA,gpqa_195,0,1,0.14065929793984322,3072
Gemma4-31B,zeroclaw,GPQA,gpqa_196,0,0,0.2645448156618083,16756
Gemma4-31B,zeroclaw,GPQA,gpqa_197,0,1,0.18686328054464427,12716
Gemma4-31B,zeroclaw,GPQA,gpqa_2,0,1,0.15728634834671526,2925
Gemma4-31B,zeroclaw,GPQA,gpqa_20,0,0,0.24879676908319176,10529
Gemma4-31B,zeroclaw,GPQA,gpqa_21,0,1,0.13732493432828663,7549
Gemma4-31B,zeroclaw,GPQA,gpqa_22,0,1,0.1421539658204116,6843
Gemma4-31B,zeroclaw,GPQA,gpqa_23,0,1,0.15782895343096406,1729
Gemma4-31B,zeroclaw,GPQA,gpqa_24,0,1,0.1415720626176374,3953
Gemma4-31B,zeroclaw,GPQA,gpqa_25,0,1,0.0507598245565297,3933
Gemma4-31B,zeroclaw,GPQA,gpqa_26,0,1,0.1728627311715529,10806
Gemma4-31B,zeroclaw,GPQA,gpqa_27,0,1,0.31228082816825115,1746
Gemma4-31B,zeroclaw,GPQA,gpqa_28,0,0,0.15766055426312328,89638
Gemma4-31B,zeroclaw,GPQA,gpqa_29,0,1,0.3085404018235457,2301
Gemma4-31B,zeroclaw,GPQA,gpqa_3,0,1,0.15180463797612218,3596
Gemma4-31B,zeroclaw,GPQA,gpqa_30,0,1,0.11498247127484804,7222
Gemma4-31B,zeroclaw,GPQA,gpqa_31,0,0,0.37131911702597264,16374
Gemma4-31B,zeroclaw,GPQA,gpqa_32,0,1,0.14183319290699367,5168
Gemma4-31B,zeroclaw,GPQA,gpqa_33,0,1,0.2841728535505005,1496
Gemma4-31B,zeroclaw,GPQA,gpqa_34,0,1,0.15422042977195471,1945
Gemma4-31B,zeroclaw,GPQA,gpqa_35,0,1,0.14647825902013342,2412
Gemma4-31B,zeroclaw,GPQA,gpqa_36,0,1,0.10658745517615477,2916
Gemma4-31B,zeroclaw,GPQA,gpqa_37,0,1,0.1357590547745719,1954
Gemma4-31B,zeroclaw,GPQA,gpqa_38,0,0,0.2683004230801478,1772
Gemma4-31B,zeroclaw,GPQA,gpqa_39,0,1,0.22517179848846922,4686
Gemma4-31B,zeroclaw,GPQA,gpqa_4,0,1,0.14280820434923622,6292
Gemma4-31B,zeroclaw,GPQA,gpqa_40,0,1,0.273669296059775,3293
Gemma4-31B,zeroclaw,GPQA,gpqa_41,0,1,0.1376303171875043,3140
Gemma4-31B,zeroclaw,GPQA,gpqa_42,0,0,0.339792303053851,8596
Gemma4-31B,zeroclaw,GPQA,gpqa_43,0,0,0.37742253993281727,1568
Gemma4-31B,zeroclaw,GPQA,gpqa_44,0,1,0.11626755028204605,3236
Gemma4-31B,zeroclaw,GPQA,gpqa_45,0,1,0.0833784526347732,1984
Gemma4-31B,zeroclaw,GPQA,gpqa_46,0,1,0.1807645980623554,9203
Gemma4-31B,zeroclaw,GPQA,gpqa_47,0,1,0.29062529143488025,2267
Gemma4-31B,zeroclaw,GPQA,gpqa_48,0,1,0.308325295599337,1111
Gemma4-31B,zeroclaw,GPQA,gpqa_49,0,1,0.23028304316946488,822
Gemma4-31B,zeroclaw,GPQA,gpqa_5,0,1,0.185954995303731,4625
Gemma4-31B,zeroclaw,GPQA,gpqa_50,0,1,0.17413633381852067,15677
Gemma4-31B,zeroclaw,GPQA,gpqa_51,0,1,0.11735772027540163,4092
Gemma4-31B,zeroclaw,GPQA,gpqa_52,0,1,0.2150028456642386,4838
Gemma4-31B,zeroclaw,GPQA,gpqa_53,0,1,0.1751456111386508,6939
Gemma4-31B,zeroclaw,GPQA,gpqa_54,0,1,0.13392498936038458,2327
Gemma4-31B,zeroclaw,GPQA,gpqa_55,0,1,0.23585233647661935,7201
Gemma4-31B,zeroclaw,GPQA,gpqa_56,0,1,0.1291987756436469,1658
Gemma4-31B,zeroclaw,GPQA,gpqa_57,0,1,0.25997379879583005,1020
Gemma4-31B,zeroclaw,GPQA,gpqa_58,0,1,0.16935216339592338,18128
Gemma4-31B,zeroclaw,GPQA,gpqa_59,0,1,0.305269177000807,4903
Gemma4-31B,zeroclaw,GPQA,gpqa_6,0,1,0.17141255580511267,4674
Gemma4-31B,zeroclaw,GPQA,gpqa_60,0,1,0.4161580003040153,4183
Gemma4-31B,zeroclaw,GPQA,gpqa_61,0,1,0.28844524688927886,1497
Gemma4-31B,zeroclaw,GPQA,gpqa_62,0,0,0.003741537275104021,132161
Gemma4-31B,zeroclaw,GPQA,gpqa_63,0,1,0.11260943336129295,4975
Gemma4-31B,zeroclaw,GPQA,gpqa_64,0,0,0.3544369818186829,11479
Gemma4-31B,zeroclaw,GPQA,gpqa_65,0,1,0.14164969409290096,21362
Gemma4-31B,zeroclaw,GPQA,gpqa_66,0,1,0.3023524281797154,1037
Gemma4-31B,zeroclaw,GPQA,gpqa_67,0,1,0.1768154209948351,2723
Gemma4-31B,zeroclaw,GPQA,gpqa_68,0,1,0.2756972222963486,1325
Gemma4-31B,zeroclaw,GPQA,gpqa_69,0,1,0.3050978054119237,23003
Gemma4-31B,zeroclaw,GPQA,gpqa_7,0,1,0.1641890818667115,2561
Gemma4-31B,zeroclaw,GPQA,gpqa_70,0,0,0.3631990534941643,3861
Gemma4-31B,zeroclaw,GPQA,gpqa_71,0,0,0.0018763017665886959,138873
Gemma4-31B,zeroclaw,GPQA,gpqa_72,0,1,0.35969235218868373,2964
Gemma4-31B,zeroclaw,GPQA,gpqa_73,0,1,0.2763262429916592,1153
Gemma4-31B,zeroclaw,GPQA,gpqa_74,0,1,0.12816620798217232,2422
Gemma4-31B,zeroclaw,GPQA,gpqa_75,0,1,0.22769579164143888,3379
Gemma4-31B,zeroclaw,GPQA,gpqa_76,0,1,0.2658704059888622,15061
Gemma4-31B,zeroclaw,GPQA,gpqa_77,0,1,0.2367189754073395,9735
Gemma4-31B,zeroclaw,GPQA,gpqa_78,0,1,0.2144592795622147,4196
Gemma4-31B,zeroclaw,GPQA,gpqa_79,0,1,0.22325036849379987,5970
Gemma4-31B,zeroclaw,GPQA,gpqa_8,0,1,0.16223121699647952,4987
Gemma4-31B,zeroclaw,GPQA,gpqa_80,0,1,0.25022043546863815,3537
Gemma4-31B,zeroclaw,GPQA,gpqa_81,0,1,0.22280717249293502,4520
Gemma4-31B,zeroclaw,GPQA,gpqa_82,0,1,0.21696249802491466,11933
Gemma4-31B,zeroclaw,GPQA,gpqa_83,0,1,0.23469886473130963,5263
Gemma4-31B,zeroclaw,GPQA,gpqa_84,0,1,0.23699801126308082,6399
Gemma4-31B,zeroclaw,GPQA,gpqa_85,0,1,0.2534929075941185,10398
Gemma4-31B,zeroclaw,GPQA,gpqa_86,0,1,0.32722321506349633,6954
Gemma4-31B,zeroclaw,GPQA,gpqa_87,0,0,0.28572510109450533,10065
Gemma4-31B,zeroclaw,GPQA,gpqa_88,0,0,0.27070378167525777,11213
Gemma4-31B,zeroclaw,GPQA,gpqa_89,0,1,0.17122200562022719,7827
Gemma4-31B,zeroclaw,GPQA,gpqa_9,0,0,0.17287737534461037,13298
Gemma4-31B,zeroclaw,GPQA,gpqa_90,0,1,0.18652938443010117,20862
Gemma4-31B,zeroclaw,GPQA,gpqa_91,0,1,0.22990038784454397,3991
Gemma4-31B,zeroclaw,GPQA,gpqa_92,0,1,0.32297416214261804,1000
Gemma4-31B,zeroclaw,GPQA,gpqa_93,0,1,0.1759282396314638,6611
Gemma4-31B,zeroclaw,GPQA,gpqa_94,0,1,0.24551545896781307,5140
Gemma4-31B,zeroclaw,GPQA,gpqa_95,0,1,0.1851217970959471,2567
Gemma4-31B,zeroclaw,GPQA,gpqa_96,0,1,0.2548038368812955,8467
Gemma4-31B,zeroclaw,GPQA,gpqa_97,0,0,0.23088746936729604,18049
Gemma4-31B,zeroclaw,GPQA,gpqa_98,0,0,0.16182378052320373,6043
Gemma4-31B,zeroclaw,GPQA,gpqa_99,0,1,0.2625069073947187,3236
Gemma4-31B,zeroclaw,HLE,hle_1,0,0,0.30316333600566897,2538
Gemma4-31B,zeroclaw,HLE,hle_1008,0,0,0.2492140966573594,3223
Gemma4-31B,zeroclaw,HLE,hle_1009,0,1,0.4103236595030344,4777
Gemma4-31B,zeroclaw,HLE,hle_1012,0,0,0.24616441149559248,3645
Gemma4-31B,zeroclaw,HLE,hle_1019,0,0,0.3264982494574212,3523
Gemma4-31B,zeroclaw,HLE,hle_1021,0,1,0.19043292765008685,1782
Gemma4-31B,zeroclaw,HLE,hle_1022,0,0,0.24915374626894896,1160
Gemma4-31B,zeroclaw,HLE,hle_1023,0,0,0.14835631133459776,4376
Gemma4-31B,zeroclaw,HLE,hle_1024,0,0,0.3795613027378941,3277
Gemma4-31B,zeroclaw,HLE,hle_1031,0,0,0.1918852699594625,3065
Gemma4-31B,zeroclaw,HLE,hle_1038,0,0,0.2621679692173652,8829
Gemma4-31B,zeroclaw,HLE,hle_1045,0,0,0.11366709656931401,33779
Gemma4-31B,zeroclaw,HLE,hle_1046,0,0,0.27988651871596815,23751
Gemma4-31B,zeroclaw,HLE,hle_1047,0,0,0.09565591483776205,4549
Gemma4-31B,zeroclaw,HLE,hle_1048,0,0,0.1350170289043597,14811
Gemma4-31B,zeroclaw,HLE,hle_1049,0,0,0.16212548349375833,34460
Gemma4-31B,zeroclaw,HLE,hle_1050,0,0,0.14657133893644098,7783
Gemma4-31B,zeroclaw,HLE,hle_1051,0,1,0.07249925177500095,5695
Gemma4-31B,zeroclaw,HLE,hle_1052,0,0,0.15190216909448864,15134
Gemma4-31B,zeroclaw,HLE,hle_1054,0,0,0.20687201788970708,6927
Gemma4-31B,zeroclaw,HLE,hle_1055,0,0,0.3364439541183336,2468
Gemma4-31B,zeroclaw,HLE,hle_1056,0,0,0.215264804178743,9637
Gemma4-31B,zeroclaw,HLE,hle_1057,0,0,0.1055311237242333,5534
Gemma4-31B,zeroclaw,HLE,hle_1058,0,0,0.37578094463676903,3684
Gemma4-31B,zeroclaw,HLE,hle_1066,0,0,0.32621749300753483,1399
Gemma4-31B,zeroclaw,HLE,hle_1067,0,1,0.24689345420349576,5346
Gemma4-31B,zeroclaw,HLE,hle_1070,0,1,0.31712529670355594,2575
Gemma4-31B,zeroclaw,HLE,hle_1071,0,0,0.34038211041566885,6966
Gemma4-31B,zeroclaw,HLE,hle_1073,0,0,0.39072951374031506,4342
Gemma4-31B,zeroclaw,HLE,hle_1074,0,1,0.42601614072850486,1708
Gemma4-31B,zeroclaw,HLE,hle_1077,0,1,0.32324853960591005,5075
Gemma4-31B,zeroclaw,HLE,hle_1079,0,1,0.29337716397398655,7962
Gemma4-31B,zeroclaw,HLE,hle_108,0,1,0.10066963352293057,13358
Gemma4-31B,zeroclaw,HLE,hle_1080,0,1,0.36453171738376366,5112
Gemma4-31B,zeroclaw,HLE,hle_1081,0,1,0.08176809443626738,29808
Gemma4-31B,zeroclaw,HLE,hle_1083,0,0,0.38315910637223566,5729
Gemma4-31B,zeroclaw,HLE,hle_1084,0,1,0.39107579126959124,4664
Gemma4-31B,zeroclaw,HLE,hle_1088,0,1,0.36825821078106225,29228
Gemma4-31B,zeroclaw,HLE,hle_1089,0,0,0.39408462484191875,3947
Gemma4-31B,zeroclaw,HLE,hle_109,0,0,0.40204937773599986,4939
Gemma4-31B,zeroclaw,HLE,hle_1098,0,0,0.3195799549999546,36124
Gemma4-31B,zeroclaw,HLE,hle_11,0,0,0.17270399511932058,12269
Gemma4-31B,zeroclaw,HLE,hle_1108,0,0,0.1253586524954778,15272
Gemma4-31B,zeroclaw,HLE,hle_1109,0,0,0.08790777032342098,23992
Gemma4-31B,zeroclaw,HLE,hle_111,0,1,0.29571252439603574,5222
Gemma4-31B,zeroclaw,HLE,hle_1116,0,1,0.23592478722667817,10902
Gemma4-31B,zeroclaw,HLE,hle_1119,0,0,0.3214411074312625,17148
Gemma4-31B,zeroclaw,HLE,hle_112,0,1,0.14426212001484867,2390
Gemma4-31B,zeroclaw,HLE,hle_1120,0,0,0.1721047998388145,12616
Gemma4-31B,zeroclaw,HLE,hle_1126,0,0,0.0783778316947922,5872
Gemma4-31B,zeroclaw,HLE,hle_1127,0,0,0.07454345211941683,5957
Gemma4-31B,zeroclaw,HLE,hle_1128,0,0,0.07954469643674168,3290
Gemma4-31B,zeroclaw,HLE,hle_1129,0,0,0.2694671603918076,1661
Gemma4-31B,zeroclaw,HLE,hle_1130,0,0,0.08463588929577974,3746
Gemma4-31B,zeroclaw,HLE,hle_1133,0,0,0.40489276595834384,3381
Gemma4-31B,zeroclaw,HLE,hle_1135,0,0,0.3682930722847239,3420
Gemma4-31B,zeroclaw,HLE,hle_1137,0,1,0.2638019400040733,963
Gemma4-31B,zeroclaw,HLE,hle_1138,0,0,0.1942248695010829,5232
Gemma4-31B,zeroclaw,HLE,hle_1139,0,1,0.2599800535591166,12822
Gemma4-31B,zeroclaw,HLE,hle_114,0,0,0.15755655788338024,8742
Gemma4-31B,zeroclaw,HLE,hle_115,0,1,0.12812556536432754,24535
Gemma4-31B,zeroclaw,HLE,hle_1150,0,0,0.3064919194402427,4516
Gemma4-31B,zeroclaw,HLE,hle_1153,0,0,0.24807764418970657,4942
Gemma4-31B,zeroclaw,HLE,hle_1159,0,0,0.2869071519684692,1685
Gemma4-31B,zeroclaw,HLE,hle_1166,0,0,0.3043735479254119,5906
Gemma4-31B,zeroclaw,HLE,hle_117,0,0,0.17340923208737175,34709
Gemma4-31B,zeroclaw,HLE,hle_1174,0,0,0.30497029850491086,6645
Gemma4-31B,zeroclaw,HLE,hle_1177,0,1,0.2945951796704271,6768
Gemma4-31B,zeroclaw,HLE,hle_1179,0,0,0.280960446004281,1453
Gemma4-31B,zeroclaw,HLE,hle_118,0,1,0.3489369595533629,13318
Gemma4-31B,zeroclaw,HLE,hle_1182,0,0,0.38848183046993956,6097
Gemma4-31B,zeroclaw,HLE,hle_1188,0,1,0.3213823242672174,1990
Gemma4-31B,zeroclaw,HLE,hle_119,0,0,0.17650973143498838,18291
Gemma4-31B,zeroclaw,HLE,hle_1192,0,1,0.23107654328006416,2433
Gemma4-31B,zeroclaw,HLE,hle_1196,0,0,0.3882677255000135,2644
Gemma4-31B,zeroclaw,HLE,hle_1198,0,0,0.2142301165772714,5220
Gemma4-31B,zeroclaw,HLE,hle_120,0,1,0.34206180277523063,2134
Gemma4-31B,zeroclaw,HLE,hle_1207,0,1,0.3749534816792825,2531
Gemma4-31B,zeroclaw,HLE,hle_1215,0,1,0.13993310504397657,11956
Gemma4-31B,zeroclaw,HLE,hle_1219,0,0,0.37384349191096344,5410
Gemma4-31B,zeroclaw,HLE,hle_1220,0,0,0.3703589180219759,8565
Gemma4-31B,zeroclaw,HLE,hle_123,0,0,0.006144119558635575,132870
Gemma4-31B,zeroclaw,HLE,hle_1231,0,1,0.25804371725815595,3338
Gemma4-31B,zeroclaw,HLE,hle_1234,0,0,0.3558835351411208,7041
Gemma4-31B,zeroclaw,HLE,hle_1235,0,1,0.38622382047744996,4689
Gemma4-31B,zeroclaw,HLE,hle_1236,0,1,0.2627363436479026,8318
Gemma4-31B,zeroclaw,HLE,hle_1240,0,0,0.21507794478900083,5270
Gemma4-31B,zeroclaw,HLE,hle_1241,0,0,0.27900109136568785,2566
Gemma4-31B,zeroclaw,HLE,hle_1246,0,1,0.17773019190293665,4738
Gemma4-31B,zeroclaw,HLE,hle_1249,0,0,0.33545710757788505,11163
Gemma4-31B,zeroclaw,HLE,hle_126,0,0,0.34090854647885843,23311
Gemma4-31B,zeroclaw,HLE,hle_1260,0,0,0.2266624110065696,6106
Gemma4-31B,zeroclaw,HLE,hle_1263,0,0,0.40243860736186765,3533
Gemma4-31B,zeroclaw,HLE,hle_1269,0,1,0.24964730583147265,5177
Gemma4-31B,zeroclaw,HLE,hle_1272,0,0,0.38306285139169094,2307
Gemma4-31B,zeroclaw,HLE,hle_1276,0,0,0.28283475485275217,6706
Gemma4-31B,zeroclaw,HLE,hle_1285,0,0,0.34341562650421603,8097
Gemma4-31B,zeroclaw,HLE,hle_1290,0,0,0.2616784478702943,4476
Gemma4-31B,zeroclaw,HLE,hle_1292,0,0,0.38566229986736456,4039
Gemma4-31B,zeroclaw,HLE,hle_1298,0,0,0.3023805647467078,12532
Gemma4-31B,zeroclaw,HLE,hle_13,0,1,0.167129829120641,9015
Gemma4-31B,zeroclaw,HLE,hle_1301,0,0,0.2495132839945172,15036
Gemma4-31B,zeroclaw,HLE,hle_1308,0,1,0.09243963384222832,19834
Gemma4-31B,zeroclaw,HLE,hle_1309,0,1,0.2261736204787113,4666
Gemma4-31B,zeroclaw,HLE,hle_131,0,0,0.3101255398810045,1566
Gemma4-31B,zeroclaw,HLE,hle_1312,0,0,0.09356651071694701,12250
Gemma4-31B,zeroclaw,HLE,hle_1315,0,0,0.34038800765416954,6610
Gemma4-31B,zeroclaw,HLE,hle_1316,0,0,0.2777742343325909,1297
Gemma4-31B,zeroclaw,HLE,hle_1317,0,0,0.2764280027524198,20159
Gemma4-31B,zeroclaw,HLE,hle_1325,0,0,0.30886767813432636,8860
Gemma4-31B,zeroclaw,HLE,hle_1330,0,0,0.26376529115255115,2664
Gemma4-31B,zeroclaw,HLE,hle_1332,0,0,0.20392201203573365,5130
Gemma4-31B,zeroclaw,HLE,hle_1333,0,0,0.3060292995214283,7196
Gemma4-31B,zeroclaw,HLE,hle_1334,0,0,0.23944171803322342,2203
Gemma4-31B,zeroclaw,HLE,hle_1339,0,0,0.3850765183557638,2307
Gemma4-31B,zeroclaw,HLE,hle_1340,0,1,0.3197292475116764,1647
Gemma4-31B,zeroclaw,HLE,hle_1341,0,0,0.2368617248206991,4455
Gemma4-31B,zeroclaw,HLE,hle_1342,0,0,0.3301443824658259,42666
Gemma4-31B,zeroclaw,HLE,hle_1344,0,0,0.2897291741283577,6268
Gemma4-31B,zeroclaw,HLE,hle_1347,0,0,0.2567228366890914,999
Gemma4-31B,zeroclaw,HLE,hle_136,0,1,0.07684253510870727,44273
Gemma4-31B,zeroclaw,HLE,hle_1365,0,1,0.29018843127299904,6499
Gemma4-31B,zeroclaw,HLE,hle_1370,0,0,0.4073312670285603,2076
Gemma4-31B,zeroclaw,HLE,hle_1376,0,0,0.27261540421885333,1424
Gemma4-31B,zeroclaw,HLE,hle_1379,0,0,0.3647401168958134,11239
Gemma4-31B,zeroclaw,HLE,hle_138,0,1,0.10802202735237011,12443
Gemma4-31B,zeroclaw,HLE,hle_1380,0,0,0.4133660181980023,5664
Gemma4-31B,zeroclaw,HLE,hle_1381,0,0,0.3355953432515661,1381
Gemma4-31B,zeroclaw,HLE,hle_1382,0,0,0.3846005474199375,5929
Gemma4-31B,zeroclaw,HLE,hle_1383,0,1,0.41974976535238534,3981
Gemma4-31B,zeroclaw,HLE,hle_1384,0,0,0.17457787593524027,3741
Gemma4-31B,zeroclaw,HLE,hle_1385,0,0,0.3471977722114749,3004
Gemma4-31B,zeroclaw,HLE,hle_1386,0,1,0.36069276118833205,12675
Gemma4-31B,zeroclaw,HLE,hle_1388,0,0,0.2899918308773273,2553
Gemma4-31B,zeroclaw,HLE,hle_1389,0,0,0.3066366333903403,1153
Gemma4-31B,zeroclaw,HLE,hle_1390,0,0,0.23007559160060234,7298
Gemma4-31B,zeroclaw,HLE,hle_1391,0,0,0.3703339908004423,5147
Gemma4-31B,zeroclaw,HLE,hle_1392,0,0,0.12442337501727983,13422
Gemma4-31B,zeroclaw,HLE,hle_1393,0,0,0.31906163621139305,1982
Gemma4-31B,zeroclaw,HLE,hle_1394,0,0,0.29479365194419993,11321
Gemma4-31B,zeroclaw,HLE,hle_1395,0,0,0.35531476422225716,5919
Gemma4-31B,zeroclaw,HLE,hle_1396,0,0,0.40122346550381616,19096
Gemma4-31B,zeroclaw,HLE,hle_1397,0,0,0.3825123095938329,6235
Gemma4-31B,zeroclaw,HLE,hle_1399,0,0,0.13128304898164672,10715
Gemma4-31B,zeroclaw,HLE,hle_14,0,0,0.17711786155282935,10424
Gemma4-31B,zeroclaw,HLE,hle_1401,0,0,0.2703932700868612,7083
Gemma4-31B,zeroclaw,HLE,hle_1407,0,0,0.22172688115451278,6672
Gemma4-31B,zeroclaw,HLE,hle_141,0,0,0.30797503388685527,2116
Gemma4-31B,zeroclaw,HLE,hle_1415,0,1,0.3405717203980219,5594
Gemma4-31B,zeroclaw,HLE,hle_1419,0,0,0.33009245731809367,2415
Gemma4-31B,zeroclaw,HLE,hle_142,0,0,0.31018853439815613,959
Gemma4-31B,zeroclaw,HLE,hle_1420,0,0,0.37612020486921943,3886
Gemma4-31B,zeroclaw,HLE,hle_1423,0,0,0.1610745270199244,29484
Gemma4-31B,zeroclaw,HLE,hle_1424,0,0,0.3745506986497772,5638
Gemma4-31B,zeroclaw,HLE,hle_1433,0,0,0.26806992288070947,2467
Gemma4-31B,zeroclaw,HLE,hle_1436,0,1,0.31815617438675076,9862
Gemma4-31B,zeroclaw,HLE,hle_144,0,1,0.13579664408894737,16522
Gemma4-31B,zeroclaw,HLE,hle_1444,0,1,0.22795030546816064,8637
Gemma4-31B,zeroclaw,HLE,hle_1446,0,0,0.2353870357503378,33792
Gemma4-31B,zeroclaw,HLE,hle_145,0,0,0.3706401340414427,3545
Gemma4-31B,zeroclaw,HLE,hle_1450,0,1,0.15483025271126513,10436
Gemma4-31B,zeroclaw,HLE,hle_1452,0,0,0.19972566602513242,9676
Gemma4-31B,zeroclaw,HLE,hle_1454,0,0,0.2492945451572877,21544
Gemma4-31B,zeroclaw,HLE,hle_1457,0,1,0.3662101749980433,5856
Gemma4-31B,zeroclaw,HLE,hle_1458,0,0,0.3116948264851924,1168
Gemma4-31B,zeroclaw,HLE,hle_1459,0,1,0.3512024099863959,7819
Gemma4-31B,zeroclaw,HLE,hle_1460,0,0,0.30143074112095836,4203
Gemma4-31B,zeroclaw,HLE,hle_1462,0,1,0.2048818568588525,3198
Gemma4-31B,zeroclaw,HLE,hle_1463,0,0,0.3526398931007425,10409
Gemma4-31B,zeroclaw,HLE,hle_1467,0,0,0.16989531921574796,20639
Gemma4-31B,zeroclaw,HLE,hle_1476,0,0,0.33795688242993444,5340
Gemma4-31B,zeroclaw,HLE,hle_1481,0,0,0.3684721714221681,6238
Gemma4-31B,zeroclaw,HLE,hle_1487,0,0,0.2066303370215846,3871
Gemma4-31B,zeroclaw,HLE,hle_1488,0,0,0.1437182938893005,13038
Gemma4-31B,zeroclaw,HLE,hle_1489,0,1,0.3326905657566026,2989
Gemma4-31B,zeroclaw,HLE,hle_1494,0,0,0.3519210278875002,5130
Gemma4-31B,zeroclaw,HLE,hle_1502,0,0,0.3216948062580912,3579
Gemma4-31B,zeroclaw,HLE,hle_1504,0,1,0.18834558757700573,16512
Gemma4-31B,zeroclaw,HLE,hle_1505,0,0,0.32036034398247937,1501
Gemma4-31B,zeroclaw,HLE,hle_1509,0,0,0.28075831018186526,3865
Gemma4-31B,zeroclaw,HLE,hle_1511,0,0,0.4011371861049573,3723
Gemma4-31B,zeroclaw,HLE,hle_1512,0,0,0.3610982103007401,10426
Gemma4-31B,zeroclaw,HLE,hle_1513,0,1,0.3877305001081664,1129
Gemma4-31B,zeroclaw,HLE,hle_1517,0,0,0.20386643994183623,1688
Gemma4-31B,zeroclaw,HLE,hle_1518,0,0,0.2928475173419332,13977
Gemma4-31B,zeroclaw,HLE,hle_1519,0,0,0.3551835998107959,3612
Gemma4-31B,zeroclaw,HLE,hle_1520,0,1,0.23427802496826886,4138
Gemma4-31B,zeroclaw,HLE,hle_1522,0,1,0.16116018055195716,28847
Gemma4-31B,zeroclaw,HLE,hle_1524,0,1,0.4236585692056003,4683
Gemma4-31B,zeroclaw,HLE,hle_1528,0,0,0.17716686765974038,7332
Gemma4-31B,zeroclaw,HLE,hle_1530,0,1,0.2229579749298424,16356
Gemma4-31B,zeroclaw,HLE,hle_1534,0,1,0.30479776937755687,6593
Gemma4-31B,zeroclaw,HLE,hle_1536,0,1,0.29652756496715055,3902
Gemma4-31B,zeroclaw,HLE,hle_1545,0,1,0.21393502581552193,18159
Gemma4-31B,zeroclaw,HLE,hle_1546,0,0,0.30370616088076086,3399
Gemma4-31B,zeroclaw,HLE,hle_1547,0,0,0.2063985104144689,3724
Gemma4-31B,zeroclaw,HLE,hle_155,0,1,0.18581867684229156,15672
Gemma4-31B,zeroclaw,HLE,hle_1553,0,0,0.3368187742102163,6512
Gemma4-31B,zeroclaw,HLE,hle_1563,0,1,0.11219651367698988,9959
Gemma4-31B,zeroclaw,HLE,hle_1565,0,0,0.3393054910047496,7290
Gemma4-31B,zeroclaw,HLE,hle_1567,0,1,0.17460931658970869,18989
Gemma4-31B,zeroclaw,HLE,hle_1568,0,0,0.4064969426531983,3886
Gemma4-31B,zeroclaw,HLE,hle_1572,0,0,0.2880617426572054,2465
Gemma4-31B,zeroclaw,HLE,hle_1577,0,0,0.24215128231731456,12792
Gemma4-31B,zeroclaw,HLE,hle_158,0,0,0.23889310440838557,15525
Gemma4-31B,zeroclaw,HLE,hle_1586,0,1,0.3444758273979233,4060
Gemma4-31B,zeroclaw,HLE,hle_1590,0,1,0.15960922197469526,25915
Gemma4-31B,zeroclaw,HLE,hle_1596,0,0,0.21725521223929734,38823
Gemma4-31B,zeroclaw,HLE,hle_1598,0,1,0.24028869282954107,12497
Gemma4-31B,zeroclaw,HLE,hle_16,0,0,0.011674776672385421,131072
Gemma4-31B,zeroclaw,HLE,hle_1601,0,0,0.27972341563208536,4178
Gemma4-31B,zeroclaw,HLE,hle_1613,0,0,0.32703093840777525,2006
Gemma4-31B,zeroclaw,HLE,hle_1630,0,0,0.2679073171213372,1864
Gemma4-31B,zeroclaw,HLE,hle_1651,0,0,0.3624092832149771,1535
Gemma4-31B,zeroclaw,HLE,hle_1666,0,0,0.31837407921892774,6016
Gemma4-31B,zeroclaw,HLE,hle_167,0,0,0.20094414561617455,6390
Gemma4-31B,zeroclaw,HLE,hle_1672,0,0,0.20406780361765192,12145
Gemma4-31B,zeroclaw,HLE,hle_1676,0,0,0.2923711598465502,12843
Gemma4-31B,zeroclaw,HLE,hle_1679,0,1,0.22071473859946739,18721
Gemma4-31B,zeroclaw,HLE,hle_1680,0,0,0.24220772171809765,18870
Gemma4-31B,zeroclaw,HLE,hle_1682,0,0,0.3264207524369735,10072
Gemma4-31B,zeroclaw,HLE,hle_1683,0,0,0.03340810217846388,3814
Gemma4-31B,zeroclaw,HLE,hle_1685,0,0,0.16545098656969764,19068
Gemma4-31B,zeroclaw,HLE,hle_1686,0,0,0.2570748702352402,3683
Gemma4-31B,zeroclaw,HLE,hle_169,0,0,0.3728112084056113,35016
Gemma4-31B,zeroclaw,HLE,hle_1690,0,0,0.18120967613968614,8323
Gemma4-31B,zeroclaw,HLE,hle_1694,0,0,0.40518161337480535,35233
Gemma4-31B,zeroclaw,HLE,hle_1696,0,0,0.1973504886304132,4820
Gemma4-31B,zeroclaw,HLE,hle_1697,0,0,0.22439860399442665,6484
Gemma4-31B,zeroclaw,HLE,hle_1699,0,0,0.31489135668544704,12800
Gemma4-31B,zeroclaw,HLE,hle_1705,0,0,0.23970773323455616,8282
Gemma4-31B,zeroclaw,HLE,hle_1716,0,0,0.33673136740763804,1660
Gemma4-31B,zeroclaw,HLE,hle_1719,0,0,0.17526789898171619,1189
Gemma4-31B,zeroclaw,HLE,hle_1740,0,0,0.2961840011805963,4460
Gemma4-31B,zeroclaw,HLE,hle_1743,0,0,0.3465375783061539,5164
Gemma4-31B,zeroclaw,HLE,hle_1745,0,0,0.21767803653955345,3704
Gemma4-31B,zeroclaw,HLE,hle_1749,0,0,0.22285718085134504,1359
Gemma4-31B,zeroclaw,HLE,hle_1750,0,0,0.22570600463387996,8599
Gemma4-31B,zeroclaw,HLE,hle_1755,0,0,0.334246480108073,2672
Gemma4-31B,zeroclaw,HLE,hle_1756,0,0,0.28171631142242626,6239
Gemma4-31B,zeroclaw,HLE,hle_176,0,0,0.2845695678028445,4387
Gemma4-31B,zeroclaw,HLE,hle_1761,0,0,0.3345217436428678,5843
Gemma4-31B,zeroclaw,HLE,hle_1762,0,0,0.3369522450111425,6085
Gemma4-31B,zeroclaw,HLE,hle_1766,0,1,0.29451082943679063,3233
Gemma4-31B,zeroclaw,HLE,hle_178,0,0,0.31038883353323693,3341
Gemma4-31B,zeroclaw,HLE,hle_1787,0,1,0.23059501063095525,6182
Gemma4-31B,zeroclaw,HLE,hle_179,0,1,0.33485883740569455,9440
Gemma4-31B,zeroclaw,HLE,hle_1792,0,1,0.15548654100240875,5598
Gemma4-31B,zeroclaw,HLE,hle_1799,0,0,0.41581683259374963,8151
Gemma4-31B,zeroclaw,HLE,hle_1800,0,0,0.10990677633846067,11753
Gemma4-31B,zeroclaw,HLE,hle_1803,0,0,0.24307802747050428,4755
Gemma4-31B,zeroclaw,HLE,hle_1804,0,1,0.3661639312510085,1569
Gemma4-31B,zeroclaw,HLE,hle_1808,0,1,0.3855043522834181,4502
Gemma4-31B,zeroclaw,HLE,hle_1809,0,1,0.20146417499051442,8653
Gemma4-31B,zeroclaw,HLE,hle_1810,0,1,0.44787794575389145,4813
Gemma4-31B,zeroclaw,HLE,hle_1817,0,0,0.2163256418885682,2233
Gemma4-31B,zeroclaw,HLE,hle_1827,0,0,0.4241057525386346,3593
Gemma4-31B,zeroclaw,HLE,hle_1836,0,0,0.19021605478236872,13001
Gemma4-31B,zeroclaw,HLE,hle_1837,0,0,0.2416210698101911,14230
Gemma4-31B,zeroclaw,HLE,hle_184,0,0,0.4156189522289928,7419
Gemma4-31B,zeroclaw,HLE,hle_1843,0,1,0.19825761522456195,6478
Gemma4-31B,zeroclaw,HLE,hle_1847,0,0,0.2768427935590858,3530
Gemma4-31B,zeroclaw,HLE,hle_185,0,0,0.36426222186538965,6831
Gemma4-31B,zeroclaw,HLE,hle_1853,0,1,0.18086257482991205,15022
Gemma4-31B,zeroclaw,HLE,hle_1855,0,0,0.34943235016347163,2119
Gemma4-31B,zeroclaw,HLE,hle_1856,0,1,0.29581304174065437,1826
Gemma4-31B,zeroclaw,HLE,hle_1861,0,0,0.3713267243940107,3686
Gemma4-31B,zeroclaw,HLE,hle_1862,0,0,0.41786869102428303,5565
Gemma4-31B,zeroclaw,HLE,hle_1863,0,0,0.12487517140437175,3220
Gemma4-31B,zeroclaw,HLE,hle_1864,0,0,0.2884027290029918,1376
Gemma4-31B,zeroclaw,HLE,hle_1865,0,1,0.1733751439889832,7370
Gemma4-31B,zeroclaw,HLE,hle_1869,0,1,0.23955688027494965,2312
Gemma4-31B,zeroclaw,HLE,hle_187,0,0,0.18956923641850357,2848
Gemma4-31B,zeroclaw,HLE,hle_1871,0,0,0.4155856456167791,3221
Gemma4-31B,zeroclaw,HLE,hle_1877,0,1,0.22080008506309184,14794
Gemma4-31B,zeroclaw,HLE,hle_1880,0,0,0.37389391099425046,5411
Gemma4-31B,zeroclaw,HLE,hle_1884,0,0,0.3530268678748913,1983
Gemma4-31B,zeroclaw,HLE,hle_1889,0,0,0.2803726185328721,19488
Gemma4-31B,zeroclaw,HLE,hle_189,0,0,0.25144621529074546,3053
Gemma4-31B,zeroclaw,HLE,hle_1890,0,0,0.16986035688308687,3353
Gemma4-31B,zeroclaw,HLE,hle_1909,0,0,0.3188246107830679,1331
Gemma4-31B,zeroclaw,HLE,hle_191,0,0,0.39821126268238993,4857
Gemma4-31B,zeroclaw,HLE,hle_1917,0,0,0.3864160737140955,18576
Gemma4-31B,zeroclaw,HLE,hle_1919,0,0,0.31544428594511403,1016
Gemma4-31B,zeroclaw,HLE,hle_1920,0,0,0.3094196102754106,412
Gemma4-31B,zeroclaw,HLE,hle_1922,0,0,0.2629965072633029,4460
Gemma4-31B,zeroclaw,HLE,hle_1926,0,0,0.10558661709112402,31402
Gemma4-31B,zeroclaw,HLE,hle_1927,0,0,0.22520020962632767,1455
Gemma4-31B,zeroclaw,HLE,hle_1928,0,0,0.2324630487673597,1704
Gemma4-31B,zeroclaw,HLE,hle_193,0,1,0.37518461337942655,8145
Gemma4-31B,zeroclaw,HLE,hle_1938,0,1,0.296235388332457,1319
Gemma4-31B,zeroclaw,HLE,hle_1940,0,0,0.36027900352004255,4563
Gemma4-31B,zeroclaw,HLE,hle_1945,0,0,0.3097722163079506,1664
Gemma4-31B,zeroclaw,HLE,hle_1946,0,0,0.3206307049256906,1519
Gemma4-31B,zeroclaw,HLE,hle_1947,0,0,0.33405110330649873,1008
Gemma4-31B,zeroclaw,HLE,hle_1958,0,0,0.1296464234832185,7824
Gemma4-31B,zeroclaw,HLE,hle_1965,0,0,0.13058256250484868,8471
Gemma4-31B,zeroclaw,HLE,hle_1972,0,1,0.17602036890633208,5332
Gemma4-31B,zeroclaw,HLE,hle_1980,0,0,0.354968930456425,2516
Gemma4-31B,zeroclaw,HLE,hle_2003,0,0,0.3186792814546319,1101
Gemma4-31B,zeroclaw,HLE,hle_2005,0,0,0.1202879617236898,9458
Gemma4-31B,zeroclaw,HLE,hle_2010,0,1,0.4258467370528891,2238
Gemma4-31B,zeroclaw,HLE,hle_2016,0,0,0.2810943474404725,5296
Gemma4-31B,zeroclaw,HLE,hle_2022,0,0,0.26218759147134135,39321
Gemma4-31B,zeroclaw,HLE,hle_2024,0,0,0.3320661113459865,23711
Gemma4-31B,zeroclaw,HLE,hle_2037,0,0,0.26391405858156963,872
Gemma4-31B,zeroclaw,HLE,hle_2038,0,1,0.31415140983770506,1863
Gemma4-31B,zeroclaw,HLE,hle_2043,0,0,0.09326009682652128,11989
Gemma4-31B,zeroclaw,HLE,hle_2046,0,1,0.30661519740576526,4780
Gemma4-31B,zeroclaw,HLE,hle_2060,0,1,0.1731384156523098,22788
Gemma4-31B,zeroclaw,HLE,hle_2062,0,1,0.2368241125221059,899
Gemma4-31B,zeroclaw,HLE,hle_2073,0,0,0.34339211388041885,2686
Gemma4-31B,zeroclaw,HLE,hle_2074,0,0,0.30517498707377116,2677
Gemma4-31B,zeroclaw,HLE,hle_2084,0,1,0.2053892052196995,17661
Gemma4-31B,zeroclaw,HLE,hle_2087,0,0,0.3377616297159569,4034
Gemma4-31B,zeroclaw,HLE,hle_2088,0,1,0.23999381562661096,1953
Gemma4-31B,zeroclaw,HLE,hle_2091,0,0,0.3680171890365609,5906
Gemma4-31B,zeroclaw,HLE,hle_2093,0,0,0.33055200595657525,3830
Gemma4-31B,zeroclaw,HLE,hle_2097,0,0,0.2428105416796359,8595
Gemma4-31B,zeroclaw,HLE,hle_210,0,1,0.1392800832798981,7250
Gemma4-31B,zeroclaw,HLE,hle_2111,0,0,0.2477812050292162,4169
Gemma4-31B,zeroclaw,HLE,hle_2116,0,0,0.33052422142128507,2970
Gemma4-31B,zeroclaw,HLE,hle_2117,0,0,0.4107724922408216,1684
Gemma4-31B,zeroclaw,HLE,hle_212,0,0,0.32371259430898947,1613
Gemma4-31B,zeroclaw,HLE,hle_2120,0,1,0.23738378379897052,1672
Gemma4-31B,zeroclaw,HLE,hle_2132,0,1,0.18480621316180953,10565
Gemma4-31B,zeroclaw,HLE,hle_2140,0,1,0.19537474404325889,7982
Gemma4-31B,zeroclaw,HLE,hle_2153,0,1,0.12486519056552924,17449
Gemma4-31B,zeroclaw,HLE,hle_2154,0,0,0.18506682768305846,12870
Gemma4-31B,zeroclaw,HLE,hle_2158,0,0,0.32510838311544904,4123
Gemma4-31B,zeroclaw,HLE,hle_2163,0,0,0.29686882432990236,1031
Gemma4-31B,zeroclaw,HLE,hle_2168,0,1,0.41095901760975845,3553
Gemma4-31B,zeroclaw,HLE,hle_2174,0,1,0.33307551712791933,4892
Gemma4-31B,zeroclaw,HLE,hle_2177,0,1,0.4706228693625321,2276
Gemma4-31B,zeroclaw,HLE,hle_2179,0,1,0.3273117068520875,5479
Gemma4-31B,zeroclaw,HLE,hle_218,0,0,0.2858773816076367,911
Gemma4-31B,zeroclaw,HLE,hle_2181,0,1,0.20792842712763965,16469
Gemma4-31B,zeroclaw,HLE,hle_2182,0,1,0.24518128210497825,3196
Gemma4-31B,zeroclaw,HLE,hle_2187,0,0,0.2151391061534788,8455
Gemma4-31B,zeroclaw,HLE,hle_2191,0,0,0.35382523139320127,2066
Gemma4-31B,zeroclaw,HLE,hle_2197,0,0,0.3760993498638652,3036
Gemma4-31B,zeroclaw,HLE,hle_2199,0,0,0.31694622038117937,3370
Gemma4-31B,zeroclaw,HLE,hle_2200,0,1,0.36536229648338203,10920
Gemma4-31B,zeroclaw,HLE,hle_2202,0,1,0.18146968439813924,7992
Gemma4-31B,zeroclaw,HLE,hle_2203,0,0,0.2720907956444038,38823
Gemma4-31B,zeroclaw,HLE,hle_2212,0,1,0.17881314446094332,25156
Gemma4-31B,zeroclaw,HLE,hle_2214,0,0,0.3957436647526841,3138
Gemma4-31B,zeroclaw,HLE,hle_2220,0,1,0.14056283170615885,11107
Gemma4-31B,zeroclaw,HLE,hle_2225,0,0,0.09432441046502135,83904
Gemma4-31B,zeroclaw,HLE,hle_2248,0,0,0.28502842389990335,6842
Gemma4-31B,zeroclaw,HLE,hle_2250,0,1,0.27401433955391524,1316
Gemma4-31B,zeroclaw,HLE,hle_2252,0,1,0.28630359907886826,13177
Gemma4-31B,zeroclaw,HLE,hle_2257,0,1,0.19052185895451385,13284
Gemma4-31B,zeroclaw,HLE,hle_2263,0,1,0.14198657029867348,12242
Gemma4-31B,zeroclaw,HLE,hle_2285,0,0,0.3509589948987139,4758
Gemma4-31B,zeroclaw,HLE,hle_2305,0,0,0.35358013234269947,8448
Gemma4-31B,zeroclaw,HLE,hle_2308,0,1,0.20665988649977907,7307
Gemma4-31B,zeroclaw,HLE,hle_2318,0,0,0.4063095791210101,3176
Gemma4-31B,zeroclaw,HLE,hle_2324,0,1,0.20053998241721707,20388
Gemma4-31B,zeroclaw,HLE,hle_2326,0,0,0.1096536975114949,17559
Gemma4-31B,zeroclaw,HLE,hle_2332,0,0,0.41579186984150274,2243
Gemma4-31B,zeroclaw,HLE,hle_2333,0,1,0.36895381790106496,3444
Gemma4-31B,zeroclaw,HLE,hle_2334,0,1,0.39790166629401136,1650
Gemma4-31B,zeroclaw,HLE,hle_2335,0,0,0.28791900706956564,2061
Gemma4-31B,zeroclaw,HLE,hle_2337,0,1,0.334995338580446,3910
Gemma4-31B,zeroclaw,HLE,hle_2354,0,0,0.2847058832631752,2986
Gemma4-31B,zeroclaw,HLE,hle_236,0,0,0.1851562295340286,4693
Gemma4-31B,zeroclaw,HLE,hle_2360,0,0,0.3578725325288589,1783
Gemma4-31B,zeroclaw,HLE,hle_2364,0,1,0.2673781360684956,1602
Gemma4-31B,zeroclaw,HLE,hle_2367,0,0,0.045574138005820684,20476
Gemma4-31B,zeroclaw,HLE,hle_2371,0,0,0.3121244347263646,2632
Gemma4-31B,zeroclaw,HLE,hle_2373,0,0,0.12851640465742398,23772
Gemma4-31B,zeroclaw,HLE,hle_2379,0,1,0.3518785886495029,3006
Gemma4-31B,zeroclaw,HLE,hle_2389,0,1,0.18806300998565936,7151
Gemma4-31B,zeroclaw,HLE,hle_241,0,1,0.3179799659496055,12088
Gemma4-31B,zeroclaw,HLE,hle_242,0,0,0.25340131976456803,21989
Gemma4-31B,zeroclaw,HLE,hle_243,0,0,0.19091449653585532,4743
Gemma4-31B,zeroclaw,HLE,hle_2470,0,0,0.30104532209276075,911
Gemma4-31B,zeroclaw,HLE,hle_2486,0,0,0.2143747470478742,11597
Gemma4-31B,zeroclaw,HLE,hle_251,0,0,0.3334926462141743,3604
Gemma4-31B,zeroclaw,HLE,hle_262,0,0,0.3382129529909218,7578
Gemma4-31B,zeroclaw,HLE,hle_267,0,0,0.36603441406176856,8539
Gemma4-31B,zeroclaw,HLE,hle_27,0,0,0.2115120562370537,21940
Gemma4-31B,zeroclaw,HLE,hle_272,0,0,0.35243808889357614,3617
Gemma4-31B,zeroclaw,HLE,hle_278,0,0,0.4425556083088854,4279
Gemma4-31B,zeroclaw,HLE,hle_280,0,0,0.3021061985381419,1027
Gemma4-31B,zeroclaw,HLE,hle_283,0,0,0.38198609138341505,1990
Gemma4-31B,zeroclaw,HLE,hle_288,0,0,0.2903187124607971,3241
Gemma4-31B,zeroclaw,HLE,hle_293,0,0,0.3134731824412356,2751
Gemma4-31B,zeroclaw,HLE,hle_294,0,0,0.24585847571560754,3102
Gemma4-31B,zeroclaw,HLE,hle_302,0,1,0.3858274318561267,12087
Gemma4-31B,zeroclaw,HLE,hle_309,0,0,0.1646443217947477,12835
Gemma4-31B,zeroclaw,HLE,hle_32,0,1,0.20517020647642167,24243
Gemma4-31B,zeroclaw,HLE,hle_328,0,0,0.2687144168250009,52041
Gemma4-31B,zeroclaw,HLE,hle_329,0,0,0.1343242916946629,2461
Gemma4-31B,zeroclaw,HLE,hle_330,0,0,0.2202575725865005,10843
Gemma4-31B,zeroclaw,HLE,hle_331,0,0,0.288836813464943,15857
Gemma4-31B,zeroclaw,HLE,hle_335,0,0,0.318848445404933,7426
Gemma4-31B,zeroclaw,HLE,hle_337,0,1,0.3073032285345385,10202
Gemma4-31B,zeroclaw,HLE,hle_338,0,0,0.41966452424187445,12853
Gemma4-31B,zeroclaw,HLE,hle_341,0,0,0.4199098449718704,10787
Gemma4-31B,zeroclaw,HLE,hle_344,0,0,0.3622539153360784,14799
Gemma4-31B,zeroclaw,HLE,hle_346,0,0,0.38853225720747153,2747
Gemma4-31B,zeroclaw,HLE,hle_35,0,0,0.23776277792864992,2728
Gemma4-31B,zeroclaw,HLE,hle_350,0,0,0.3816959280155517,2981
Gemma4-31B,zeroclaw,HLE,hle_351,0,0,0.32274447340796386,1763
Gemma4-31B,zeroclaw,HLE,hle_354,0,0,0.3130952937673196,2259
Gemma4-31B,zeroclaw,HLE,hle_358,0,0,0.3109202993374402,7507
Gemma4-31B,zeroclaw,HLE,hle_366,0,0,0.25191403223203873,3415
Gemma4-31B,zeroclaw,HLE,hle_368,0,0,0.21763262116858703,8877
Gemma4-31B,zeroclaw,HLE,hle_37,0,0,0.38393104905416897,6114
Gemma4-31B,zeroclaw,HLE,hle_370,0,0,0.22436165999452853,30037
Gemma4-31B,zeroclaw,HLE,hle_371,0,0,0.15671185401701704,17095
Gemma4-31B,zeroclaw,HLE,hle_376,0,0,0.1166995898624503,13110
Gemma4-31B,zeroclaw,HLE,hle_380,0,0,0.3489444175900997,6079
Gemma4-31B,zeroclaw,HLE,hle_382,0,1,0.21454179524000358,19640
Gemma4-31B,zeroclaw,HLE,hle_383,0,0,0.31460893191845624,3278
Gemma4-31B,zeroclaw,HLE,hle_385,0,1,0.2927379506524193,1095
Gemma4-31B,zeroclaw,HLE,hle_388,0,0,0.3455461242379809,3005
Gemma4-31B,zeroclaw,HLE,hle_389,0,0,0.3293099848424771,5643
Gemma4-31B,zeroclaw,HLE,hle_39,0,0,0.2755192584118,3274
Gemma4-31B,zeroclaw,HLE,hle_392,0,0,0.3732197437395477,2559
Gemma4-31B,zeroclaw,HLE,hle_402,0,0,0.3458128765688124,4337
Gemma4-31B,zeroclaw,HLE,hle_403,0,0,0.34750165387724924,6335
Gemma4-31B,zeroclaw,HLE,hle_41,0,0,0.26470132591770573,3696
Gemma4-31B,zeroclaw,HLE,hle_410,0,0,0.39450775709680835,675
Gemma4-31B,zeroclaw,HLE,hle_417,0,1,0.1599359392446793,4168
Gemma4-31B,zeroclaw,HLE,hle_420,0,0,0.35087096378230576,7174
Gemma4-31B,zeroclaw,HLE,hle_426,0,1,0.4024837919575932,33994
Gemma4-31B,zeroclaw,HLE,hle_427,0,0,0.3896088462029369,16613
Gemma4-31B,zeroclaw,HLE,hle_429,0,0,0.28965644665696294,3016
Gemma4-31B,zeroclaw,HLE,hle_432,0,0,0.3102334759606301,2802
Gemma4-31B,zeroclaw,HLE,hle_433,0,0,0.16889937857605866,20282
Gemma4-31B,zeroclaw,HLE,hle_434,0,0,0.09935244086310174,1060
Gemma4-31B,zeroclaw,HLE,hle_435,0,0,0.2354604192765422,7133
Gemma4-31B,zeroclaw,HLE,hle_44,0,0,0.14470271313061064,7778
Gemma4-31B,zeroclaw,HLE,hle_441,0,1,0.25222022851166714,24348
Gemma4-31B,zeroclaw,HLE,hle_450,0,1,0.36691862310871975,4620
Gemma4-31B,zeroclaw,HLE,hle_451,0,0,0.28842306723533423,1229
Gemma4-31B,zeroclaw,HLE,hle_452,0,0,0.27690414914903955,4845
Gemma4-31B,zeroclaw,HLE,hle_454,0,1,0.2972548446032095,4168
Gemma4-31B,zeroclaw,HLE,hle_456,0,0,0.21301683359698828,3146
Gemma4-31B,zeroclaw,HLE,hle_46,0,0,0.31608807528885124,2981
Gemma4-31B,zeroclaw,HLE,hle_460,0,0,0.3642474698018926,1766
Gemma4-31B,zeroclaw,HLE,hle_461,0,0,0.2507949277646771,12939
Gemma4-31B,zeroclaw,HLE,hle_463,0,0,0.29802614867211064,1649
Gemma4-31B,zeroclaw,HLE,hle_467,0,0,0.24963504375779516,11773
Gemma4-31B,zeroclaw,HLE,hle_470,0,0,0.19943651402305437,17603
Gemma4-31B,zeroclaw,HLE,hle_473,0,1,0.18960216161301913,23306
Gemma4-31B,zeroclaw,HLE,hle_476,0,0,0.2414831075748224,6521
Gemma4-31B,zeroclaw,HLE,hle_48,0,0,0.35812732933119007,2230
Gemma4-31B,zeroclaw,HLE,hle_486,0,1,0.27489360756690673,26312
Gemma4-31B,zeroclaw,HLE,hle_496,0,0,0.2964584232474829,27260
Gemma4-31B,zeroclaw,HLE,hle_497,0,1,0.26213540967163584,11056
Gemma4-31B,zeroclaw,HLE,hle_498,0,0,0.01434825972512768,133845
Gemma4-31B,zeroclaw,HLE,hle_499,0,0,0.30376872802921,4434
Gemma4-31B,zeroclaw,HLE,hle_50,0,0,0.24704094229331283,10014
Gemma4-31B,zeroclaw,HLE,hle_508,0,0,0.28597258525934766,10373
Gemma4-31B,zeroclaw,HLE,hle_52,0,1,0.2210660421467077,17419
Gemma4-31B,zeroclaw,HLE,hle_522,0,1,0.2973745475881528,17470
Gemma4-31B,zeroclaw,HLE,hle_526,0,0,0.22351245217400853,2276
Gemma4-31B,zeroclaw,HLE,hle_53,0,0,0.14773120208885554,2139
Gemma4-31B,zeroclaw,HLE,hle_531,0,0,0.3891177768915746,9865
Gemma4-31B,zeroclaw,HLE,hle_532,0,0,0.16581484319143483,18045
Gemma4-31B,zeroclaw,HLE,hle_533,0,1,0.27595269901486874,16422
Gemma4-31B,zeroclaw,HLE,hle_539,0,0,0.3060792047707058,6223
Gemma4-31B,zeroclaw,HLE,hle_54,0,0,0.3421279110030945,20019
Gemma4-31B,zeroclaw,HLE,hle_543,0,0,0.42846542227487316,27823
Gemma4-31B,zeroclaw,HLE,hle_547,0,0,0.40930675921115145,2952
Gemma4-31B,zeroclaw,HLE,hle_548,0,0,0.13801774162844618,23299
Gemma4-31B,zeroclaw,HLE,hle_556,0,0,0.3797439611157351,7480
Gemma4-31B,zeroclaw,HLE,hle_568,0,0,0.2784604623723783,10495
Gemma4-31B,zeroclaw,HLE,hle_582,0,0,0.1550493330498831,8890
Gemma4-31B,zeroclaw,HLE,hle_583,0,0,0.17518523996323612,11673
Gemma4-31B,zeroclaw,HLE,hle_59,0,0,0.36259671047642084,8081
Gemma4-31B,zeroclaw,HLE,hle_591,0,0,0.2803827027727067,13978
Gemma4-31B,zeroclaw,HLE,hle_592,0,1,0.1713129435839513,3796
Gemma4-31B,zeroclaw,HLE,hle_593,0,0,0.2516724070779136,1958
Gemma4-31B,zeroclaw,HLE,hle_598,0,0,0.01094366022611267,131072
Gemma4-31B,zeroclaw,HLE,hle_60,0,0,0.1740052946951295,10135
Gemma4-31B,zeroclaw,HLE,hle_603,0,1,0.24586733321751825,8745
Gemma4-31B,zeroclaw,HLE,hle_604,0,1,0.13076825354076352,7337
Gemma4-31B,zeroclaw,HLE,hle_607,0,0,0.26716306960227093,7285
Gemma4-31B,zeroclaw,HLE,hle_614,0,0,0.22105163933519273,3822
Gemma4-31B,zeroclaw,HLE,hle_625,0,1,0.2901681057989682,10100
Gemma4-31B,zeroclaw,HLE,hle_633,0,0,0.0019744530416601624,131072
Gemma4-31B,zeroclaw,HLE,hle_636,0,1,0.28001668207661573,6511
Gemma4-31B,zeroclaw,HLE,hle_643,0,0,0.19376806171284972,24804
Gemma4-31B,zeroclaw,HLE,hle_647,0,0,0.24468497229573857,6194
Gemma4-31B,zeroclaw,HLE,hle_653,0,0,0.2564296178494727,1074
Gemma4-31B,zeroclaw,HLE,hle_654,0,0,0.4180042829612089,1494
Gemma4-31B,zeroclaw,HLE,hle_655,0,0,0.27432693016872395,12815
Gemma4-31B,zeroclaw,HLE,hle_660,0,0,0.13210827313620102,9722
Gemma4-31B,zeroclaw,HLE,hle_661,0,0,0.27105525769269073,10703
Gemma4-31B,zeroclaw,HLE,hle_668,0,0,0.35136342272901905,5977
Gemma4-31B,zeroclaw,HLE,hle_677,0,1,0.3180353272351855,2663
Gemma4-31B,zeroclaw,HLE,hle_678,0,0,0.25050617495477023,2035
Gemma4-31B,zeroclaw,HLE,hle_68,0,0,0.3184460723682527,4327
Gemma4-31B,zeroclaw,HLE,hle_681,0,1,0.20863376267145858,15144
Gemma4-31B,zeroclaw,HLE,hle_687,0,1,0.2842794318349099,3676
Gemma4-31B,zeroclaw,HLE,hle_688,0,1,0.3694133882209614,5585
Gemma4-31B,zeroclaw,HLE,hle_690,0,0,0.30260644600780645,19028
Gemma4-31B,zeroclaw,HLE,hle_692,0,0,0.15027313781794746,3261
Gemma4-31B,zeroclaw,HLE,hle_694,0,0,0.38837349593457193,2482
Gemma4-31B,zeroclaw,HLE,hle_696,0,1,0.14825113399336687,20868
Gemma4-31B,zeroclaw,HLE,hle_697,0,0,0.37650055517415804,2399
Gemma4-31B,zeroclaw,HLE,hle_698,0,1,0.1972474419405748,6306
Gemma4-31B,zeroclaw,HLE,hle_699,0,0,0.30207590772994697,2891
Gemma4-31B,zeroclaw,HLE,hle_70,0,1,0.3009588061362095,1430
Gemma4-31B,zeroclaw,HLE,hle_700,0,1,0.29142494867990426,2097
Gemma4-31B,zeroclaw,HLE,hle_705,0,0,0.29181764155885265,11542
Gemma4-31B,zeroclaw,HLE,hle_707,0,0,0.2581281330408982,15039
Gemma4-31B,zeroclaw,HLE,hle_708,0,0,0.2551807863071283,11437
Gemma4-31B,zeroclaw,HLE,hle_711,0,0,0.19390049822478458,21578
Gemma4-31B,zeroclaw,HLE,hle_72,0,1,0.21601175740218528,12634
Gemma4-31B,zeroclaw,HLE,hle_724,0,1,0.25381517643600776,18061
Gemma4-31B,zeroclaw,HLE,hle_728,0,1,0.28053720813100963,5528
Gemma4-31B,zeroclaw,HLE,hle_747,0,0,0.23260568484491087,10635
Gemma4-31B,zeroclaw,HLE,hle_75,0,1,0.2966537480236141,5390
Gemma4-31B,zeroclaw,HLE,hle_752,0,0,0.18740926006355313,6962
Gemma4-31B,zeroclaw,HLE,hle_773,0,0,0.3841431999348158,5391
Gemma4-31B,zeroclaw,HLE,hle_779,0,1,0.22461439638690814,7317
Gemma4-31B,zeroclaw,HLE,hle_787,0,0,0.20381096421985734,11716
Gemma4-31B,zeroclaw,HLE,hle_790,0,0,0.22562996013743591,4663
Gemma4-31B,zeroclaw,HLE,hle_791,0,1,0.214168947454961,11396
Gemma4-31B,zeroclaw,HLE,hle_792,0,1,0.18708657195312828,7140
Gemma4-31B,zeroclaw,HLE,hle_800,0,1,0.3320023099380892,3363
Gemma4-31B,zeroclaw,HLE,hle_801,0,0,0.017888078276053033,131072
Gemma4-31B,zeroclaw,HLE,hle_805,0,0,0.26314496263407067,7979
Gemma4-31B,zeroclaw,HLE,hle_807,0,0,0.005631257928067386,131072
Gemma4-31B,zeroclaw,HLE,hle_808,0,1,0.2249729482690558,1979
Gemma4-31B,zeroclaw,HLE,hle_810,0,0,0.19264722335021803,11671
Gemma4-31B,zeroclaw,HLE,hle_812,0,0,0.2552753493164722,6707
Gemma4-31B,zeroclaw,HLE,hle_814,0,0,0.247993139158597,3129
Gemma4-31B,zeroclaw,HLE,hle_819,0,0,0.09843860428237142,21512
Gemma4-31B,zeroclaw,HLE,hle_822,0,0,0.016017823664680478,135005
Gemma4-31B,zeroclaw,HLE,hle_825,0,0,0.3785935959145647,11896
Gemma4-31B,zeroclaw,HLE,hle_827,0,1,0.11514633077965614,16003
Gemma4-31B,zeroclaw,HLE,hle_829,0,1,0.18184749777897874,18612
Gemma4-31B,zeroclaw,HLE,hle_830,0,0,0.22695687516006963,8458
Gemma4-31B,zeroclaw,HLE,hle_831,0,1,0.18696699082811097,5520
Gemma4-31B,zeroclaw,HLE,hle_834,0,0,0.16109966031186482,31220
Gemma4-31B,zeroclaw,HLE,hle_835,0,0,0.2535636787717535,35542
Gemma4-31B,zeroclaw,HLE,hle_84,0,0,0.11275708886081454,18188
Gemma4-31B,zeroclaw,HLE,hle_85,0,0,0.24803038675617073,1830
Gemma4-31B,zeroclaw,HLE,hle_855,0,0,0.24584490795911546,11720
Gemma4-31B,zeroclaw,HLE,hle_867,0,1,0.12776678140606063,14332
Gemma4-31B,zeroclaw,HLE,hle_87,0,1,0.3386362135448462,8231
Gemma4-31B,zeroclaw,HLE,hle_875,0,0,0.17511190120796846,13559
Gemma4-31B,zeroclaw,HLE,hle_876,0,0,0.2648539197466796,25326
Gemma4-31B,zeroclaw,HLE,hle_877,0,1,0.20149977353344375,1742
Gemma4-31B,zeroclaw,HLE,hle_88,0,0,0.2766742461586348,12041
Gemma4-31B,zeroclaw,HLE,hle_880,0,0,0.09296987230774867,14884
Gemma4-31B,zeroclaw,HLE,hle_883,0,0,0.22901161095400838,27376
Gemma4-31B,zeroclaw,HLE,hle_885,0,1,0.2364589431884696,2689
Gemma4-31B,zeroclaw,HLE,hle_892,0,0,0.26381960812182453,12758
Gemma4-31B,zeroclaw,HLE,hle_893,0,0,0.2314026632569496,20359
Gemma4-31B,zeroclaw,HLE,hle_894,0,1,0.3148409138141072,6102
Gemma4-31B,zeroclaw,HLE,hle_897,0,1,0.18984112573218126,5748
Gemma4-31B,zeroclaw,HLE,hle_905,0,0,0.3095103489946393,6843
Gemma4-31B,zeroclaw,HLE,hle_911,0,1,0.2469730860700984,9907
Gemma4-31B,zeroclaw,HLE,hle_917,0,0,0.22604223796042097,13942
Gemma4-31B,zeroclaw,HLE,hle_921,0,0,0.39362951060226886,3752
Gemma4-31B,zeroclaw,HLE,hle_923,0,1,0.2562156227802927,4605
Gemma4-31B,zeroclaw,HLE,hle_926,0,0,0.3580329158168909,5783
Gemma4-31B,zeroclaw,HLE,hle_930,0,0,0.12680415744430537,14549
Gemma4-31B,zeroclaw,HLE,hle_931,0,1,0.1509783797942062,7817
Gemma4-31B,zeroclaw,HLE,hle_934,0,0,0.39507635331918234,19520
Gemma4-31B,zeroclaw,HLE,hle_935,0,0,0.34293381530855904,1401
Gemma4-31B,zeroclaw,HLE,hle_936,0,1,0.15494177932885755,9015
Gemma4-31B,zeroclaw,HLE,hle_937,0,0,0.3317888452829801,2206
Gemma4-31B,zeroclaw,HLE,hle_938,0,0,0.3985274387966535,6276
Gemma4-31B,zeroclaw,HLE,hle_942,0,0,0.2824314720484877,5823
Gemma4-31B,zeroclaw,HLE,hle_945,0,0,0.27093433638422476,1916
Gemma4-31B,zeroclaw,HLE,hle_948,0,1,0.19048970669792648,10442
Gemma4-31B,zeroclaw,HLE,hle_95,0,0,0.30360252516085406,14536
Gemma4-31B,zeroclaw,HLE,hle_966,0,0,0.38955924291313226,9713
Gemma4-31B,zeroclaw,HLE,hle_967,0,0,0.4053534929322989,2360
Gemma4-31B,zeroclaw,HLE,hle_969,0,0,0.1542794897976129,23073
Gemma4-31B,zeroclaw,HLE,hle_970,0,0,0.26150871315962715,8415
Gemma4-31B,zeroclaw,HLE,hle_971,0,0,0.24955835775657828,2685
Gemma4-31B,zeroclaw,HLE,hle_978,0,1,0.25572364078218146,13662
Gemma4-31B,zeroclaw,HLE,hle_98,0,0,0.3329547599736022,1890
Gemma4-31B,zeroclaw,HLE,hle_980,0,0,0.2991586886926406,5940
Gemma4-31B,zeroclaw,HLE,hle_981,0,1,0.2572804433875093,7408
Gemma4-31B,zeroclaw,HLE,hle_988,0,0,0.29724459547759047,1655
Gemma4-31B,zeroclaw,HLE,hle_999,0,1,0.20117290196902451,5586
Qwen3.5-27B,directllm,AIME,aime_1,0,1,0.1901143458721456,6916
Qwen3.5-27B,directllm,AIME,aime_1,1,1,0.24583450808976975,6860
Qwen3.5-27B,directllm,AIME,aime_1,2,1,0.24877250444695848,9290
Qwen3.5-27B,directllm,AIME,aime_1,3,1,0.25812201470326507,8464
Qwen3.5-27B,directllm,AIME,aime_10,0,0,0.31005147469032657,46022
Qwen3.5-27B,directllm,AIME,aime_10,1,1,0.2939349867929459,35422
Qwen3.5-27B,directllm,AIME,aime_10,2,1,0.25892998664709044,26522
Qwen3.5-27B,directllm,AIME,aime_10,3,1,0.32780305169578694,52148
Qwen3.5-27B,directllm,AIME,aime_11,0,1,0.31661752024257617,27043
Qwen3.5-27B,directllm,AIME,aime_11,1,1,0.33353118968938467,26089
Qwen3.5-27B,directllm,AIME,aime_11,2,1,0.34944782371343747,29495
Qwen3.5-27B,directllm,AIME,aime_11,3,1,0.3123581453514295,28866
Qwen3.5-27B,directllm,AIME,aime_12,0,1,0.2722021787846979,22980
Qwen3.5-27B,directllm,AIME,aime_12,1,1,0.274484874231016,22364
Qwen3.5-27B,directllm,AIME,aime_12,2,1,0.29638644731286534,19369
Qwen3.5-27B,directllm,AIME,aime_12,3,1,0.27511658263165967,19417
Qwen3.5-27B,directllm,AIME,aime_13,0,1,0.28776544592079195,21936
Qwen3.5-27B,directllm,AIME,aime_13,1,1,0.28194390914158207,24477
Qwen3.5-27B,directllm,AIME,aime_13,2,1,0.285822075936671,21662
Qwen3.5-27B,directllm,AIME,aime_13,3,1,0.29389192673885306,23763
Qwen3.5-27B,directllm,AIME,aime_14,0,1,0.25879477331984396,23195
Qwen3.5-27B,directllm,AIME,aime_14,1,1,0.26146939464219865,17676
Qwen3.5-27B,directllm,AIME,aime_14,2,1,0.2975499059376728,17884
Qwen3.5-27B,directllm,AIME,aime_14,3,1,0.29261868795891627,23520
Qwen3.5-27B,directllm,AIME,aime_15,0,0,0.37860773361108485,37966
Qwen3.5-27B,directllm,AIME,aime_15,1,0,0.2988621305784353,38614
Qwen3.5-27B,directllm,AIME,aime_15,2,0,0.393469109457466,56787
Qwen3.5-27B,directllm,AIME,aime_15,3,0,0.3727212544271677,40634
Qwen3.5-27B,directllm,AIME,aime_16,0,1,0.3037773624070024,9853
Qwen3.5-27B,directllm,AIME,aime_16,1,1,0.3240337499600316,12686
Qwen3.5-27B,directllm,AIME,aime_16,2,1,0.35021680702071034,14203
Qwen3.5-27B,directllm,AIME,aime_16,3,1,0.3399061032616215,13002
Qwen3.5-27B,directllm,AIME,aime_17,0,1,0.324213687046964,25835
Qwen3.5-27B,directllm,AIME,aime_17,1,1,0.31390133540734017,28823
Qwen3.5-27B,directllm,AIME,aime_17,2,1,0.33968088039588384,26370
Qwen3.5-27B,directllm,AIME,aime_17,3,1,0.3372660251717528,27282
Qwen3.5-27B,directllm,AIME,aime_18,0,1,0.3628889955841266,22502
Qwen3.5-27B,directllm,AIME,aime_18,1,1,0.32937888561555195,19940
Qwen3.5-27B,directllm,AIME,aime_18,2,1,0.3062112183964489,27713
Qwen3.5-27B,directllm,AIME,aime_18,3,1,0.32734621249369095,25026
Qwen3.5-27B,directllm,AIME,aime_19,0,1,0.2707572909553647,16555
Qwen3.5-27B,directllm,AIME,aime_19,1,1,0.2628763347003488,17250
Qwen3.5-27B,directllm,AIME,aime_19,2,1,0.2631402021968104,16739
Qwen3.5-27B,directllm,AIME,aime_19,3,1,0.2749681570363183,16054
Qwen3.5-27B,directllm,AIME,aime_2,0,1,0.26712007207473526,17405
Qwen3.5-27B,directllm,AIME,aime_2,1,1,0.2604471913607481,15810
Qwen3.5-27B,directllm,AIME,aime_2,2,1,0.3004079236761884,15064
Qwen3.5-27B,directllm,AIME,aime_2,3,1,0.2618526582789153,17833
Qwen3.5-27B,directllm,AIME,aime_20,0,1,0.24650901966035546,13136
Qwen3.5-27B,directllm,AIME,aime_20,1,1,0.2656288642412358,13816
Qwen3.5-27B,directllm,AIME,aime_20,2,1,0.2454026880428964,11759
Qwen3.5-27B,directllm,AIME,aime_20,3,1,0.26584670309224634,16700
Qwen3.5-27B,directllm,AIME,aime_21,0,1,0.3462199497797958,20935
Qwen3.5-27B,directllm,AIME,aime_21,1,1,0.34752774348436294,23837
Qwen3.5-27B,directllm,AIME,aime_21,2,1,0.3422432861612761,18466
Qwen3.5-27B,directllm,AIME,aime_21,3,1,0.3709756295637174,20492
Qwen3.5-27B,directllm,AIME,aime_22,0,1,0.27174038954013835,19355
Qwen3.5-27B,directllm,AIME,aime_22,1,1,0.2887381125859762,17527
Qwen3.5-27B,directllm,AIME,aime_22,2,1,0.27270381564348106,20411
Qwen3.5-27B,directllm,AIME,aime_22,3,1,0.2919480066541883,17197
Qwen3.5-27B,directllm,AIME,aime_23,0,1,0.22357974337933936,16513
Qwen3.5-27B,directllm,AIME,aime_23,1,1,0.23608711998111168,18243
Qwen3.5-27B,directllm,AIME,aime_23,2,1,0.2510731694098119,16873
Qwen3.5-27B,directllm,AIME,aime_23,3,1,0.22250875090137945,18317
Qwen3.5-27B,directllm,AIME,aime_24,0,1,0.2842709968927269,22777
Qwen3.5-27B,directllm,AIME,aime_24,1,1,0.26019530208299063,22337
Qwen3.5-27B,directllm,AIME,aime_24,2,1,0.250251591428492,23760
Qwen3.5-27B,directllm,AIME,aime_24,3,1,0.25830064734843505,21076
Qwen3.5-27B,directllm,AIME,aime_25,0,1,0.28950518009533577,17059
Qwen3.5-27B,directllm,AIME,aime_25,1,1,0.2913712906905795,20796
Qwen3.5-27B,directllm,AIME,aime_25,2,1,0.30689867760604483,20373
Qwen3.5-27B,directllm,AIME,aime_25,3,1,0.30056518440890906,24653
Qwen3.5-27B,directllm,AIME,aime_26,0,1,0.22421801667569285,21265
Qwen3.5-27B,directllm,AIME,aime_26,1,1,0.27190027144170126,22870
Qwen3.5-27B,directllm,AIME,aime_26,2,1,0.236742126740589,21985
Qwen3.5-27B,directllm,AIME,aime_26,3,1,0.29161633017698396,25208
Qwen3.5-27B,directllm,AIME,aime_27,0,1,0.271368834130964,23475
Qwen3.5-27B,directllm,AIME,aime_27,1,1,0.30287658053420524,21551
Qwen3.5-27B,directllm,AIME,aime_27,2,1,0.24539422306755257,17152
Qwen3.5-27B,directllm,AIME,aime_27,3,1,0.26990485291983246,24366
Qwen3.5-27B,directllm,AIME,aime_28,0,0,0.34861882210265405,59371
Qwen3.5-27B,directllm,AIME,aime_28,1,1,0.3798188053938727,27720
Qwen3.5-27B,directllm,AIME,aime_28,2,1,0.38213731127879536,33208
Qwen3.5-27B,directllm,AIME,aime_28,3,1,0.38502110197482725,27555
Qwen3.5-27B,directllm,AIME,aime_29,0,1,0.2288887713920805,36448
Qwen3.5-27B,directllm,AIME,aime_29,1,1,0.29986296088870223,25330
Qwen3.5-27B,directllm,AIME,aime_29,2,0,0.29729155117942135,39086
Qwen3.5-27B,directllm,AIME,aime_29,3,1,0.2708433116506904,21733
Qwen3.5-27B,directllm,AIME,aime_3,0,1,0.3463392970942547,17346
Qwen3.5-27B,directllm,AIME,aime_3,1,1,0.3980663810814241,11949
Qwen3.5-27B,directllm,AIME,aime_3,2,1,0.4221403072074333,15061
Qwen3.5-27B,directllm,AIME,aime_3,3,1,0.4190697670470092,10529
Qwen3.5-27B,directllm,AIME,aime_30,0,0,0.26344957273680236,55828
Qwen3.5-27B,directllm,AIME,aime_30,1,0,0.28409013682317186,51907
Qwen3.5-27B,directllm,AIME,aime_30,2,0,0.254946213178514,56145
Qwen3.5-27B,directllm,AIME,aime_30,3,0,0.2562241998382059,35887
Qwen3.5-27B,directllm,AIME,aime_4,0,1,0.2874137494778892,19796
Qwen3.5-27B,directllm,AIME,aime_4,1,1,0.23762727091389835,25205
Qwen3.5-27B,directllm,AIME,aime_4,2,1,0.27773964646191024,15608
Qwen3.5-27B,directllm,AIME,aime_4,3,1,0.2801188234693998,20516
Qwen3.5-27B,directllm,AIME,aime_5,0,1,0.2940369214236222,10705
Qwen3.5-27B,directllm,AIME,aime_5,1,1,0.28922176969524505,18451
Qwen3.5-27B,directllm,AIME,aime_5,2,1,0.2769138281652686,14349
Qwen3.5-27B,directllm,AIME,aime_5,3,1,0.27659209803037266,12984
Qwen3.5-27B,directllm,AIME,aime_6,0,1,0.2542316937543354,14731
Qwen3.5-27B,directllm,AIME,aime_6,1,1,0.24519167728288543,17883
Qwen3.5-27B,directllm,AIME,aime_6,2,1,0.25614477826999116,18208
Qwen3.5-27B,directllm,AIME,aime_6,3,1,0.16297630707485197,27642
Qwen3.5-27B,directllm,AIME,aime_7,0,1,0.20373351571586057,14187
Qwen3.5-27B,directllm,AIME,aime_7,1,1,0.20882156438984162,14419
Qwen3.5-27B,directllm,AIME,aime_7,2,1,0.2106187738995628,12811
Qwen3.5-27B,directllm,AIME,aime_7,3,1,0.19250533555960356,13700
Qwen3.5-27B,directllm,AIME,aime_8,0,1,0.2531110894637469,18293
Qwen3.5-27B,directllm,AIME,aime_8,1,1,0.24924951864969294,16869
Qwen3.5-27B,directllm,AIME,aime_8,2,1,0.2432760614691181,13594
Qwen3.5-27B,directllm,AIME,aime_8,3,1,0.23501501437267186,13897
Qwen3.5-27B,directllm,AIME,aime_9,0,1,0.26907774290614545,20680
Qwen3.5-27B,directllm,AIME,aime_9,1,1,0.3040260983459137,23444
Qwen3.5-27B,directllm,AIME,aime_9,2,1,0.35439113787207566,25436
Qwen3.5-27B,directllm,AIME,aime_9,3,1,0.3300191757504414,23398
Qwen3.5-27B,directllm,GPQA,gpqa_0,0,1,0.39493440798552654,7114
Qwen3.5-27B,directllm,GPQA,gpqa_1,0,1,0.31563399939417636,7430
Qwen3.5-27B,directllm,GPQA,gpqa_10,0,0,0.3551908028613801,13973
Qwen3.5-27B,directllm,GPQA,gpqa_100,0,1,0.34913010187439053,13319
Qwen3.5-27B,directllm,GPQA,gpqa_101,0,0,0.16796256866486525,32768
Qwen3.5-27B,directllm,GPQA,gpqa_102,0,0,0.17066457583865965,32768
Qwen3.5-27B,directllm,GPQA,gpqa_103,0,0,0.40551380050135016,8280
Qwen3.5-27B,directllm,GPQA,gpqa_104,0,1,0.3153384768450474,7770
Qwen3.5-27B,directllm,GPQA,gpqa_105,0,1,0.39797074947131866,9600
Qwen3.5-27B,directllm,GPQA,gpqa_106,0,0,0.3219963063859613,13554
Qwen3.5-27B,directllm,GPQA,gpqa_107,0,0,0.34451790421672646,15586
Qwen3.5-27B,directllm,GPQA,gpqa_108,0,0,0.09822639566328321,32768
Qwen3.5-27B,directllm,GPQA,gpqa_109,0,1,0.3247515782836669,20101
Qwen3.5-27B,directllm,GPQA,gpqa_11,0,1,0.3416817985680347,7196
Qwen3.5-27B,directllm,GPQA,gpqa_110,0,0,0.41612655632882306,12584
Qwen3.5-27B,directllm,GPQA,gpqa_111,0,0,0.2916918763321737,19852
Qwen3.5-27B,directllm,GPQA,gpqa_112,0,0,0.3127174066440427,16265
Qwen3.5-27B,directllm,GPQA,gpqa_113,0,1,0.36596786110358615,16118
Qwen3.5-27B,directllm,GPQA,gpqa_114,0,1,0.4472011429813015,10209
Qwen3.5-27B,directllm,GPQA,gpqa_115,0,1,0.4173669133160355,10305
Qwen3.5-27B,directllm,GPQA,gpqa_116,0,0,0.3008756115137018,19102
Qwen3.5-27B,directllm,GPQA,gpqa_117,0,1,0.4451622246683627,6962
Qwen3.5-27B,directllm,GPQA,gpqa_118,0,1,0.3187192041405696,11424
Qwen3.5-27B,directllm,GPQA,gpqa_119,0,0,0.4722476648111409,10323
Qwen3.5-27B,directllm,GPQA,gpqa_12,0,1,0.2778389701884395,10534
Qwen3.5-27B,directllm,GPQA,gpqa_120,0,0,0.3376914075857316,14069
Qwen3.5-27B,directllm,GPQA,gpqa_121,0,1,0.29482363144312923,14745
Qwen3.5-27B,directllm,GPQA,gpqa_122,0,1,0.4131425528813417,10508
Qwen3.5-27B,directllm,GPQA,gpqa_123,0,0,0.16172526360896713,32768
Qwen3.5-27B,directllm,GPQA,gpqa_124,0,1,0.30508861163514966,14602
Qwen3.5-27B,directllm,GPQA,gpqa_125,0,1,0.35013308875835925,13089
Qwen3.5-27B,directllm,GPQA,gpqa_126,0,1,0.3384971879815125,10610
Qwen3.5-27B,directllm,GPQA,gpqa_127,0,0,0.16599135704753631,32768
Qwen3.5-27B,directllm,GPQA,gpqa_128,0,1,0.31116191531709986,12750
Qwen3.5-27B,directllm,GPQA,gpqa_129,0,0,0.17108279784689723,32768
Qwen3.5-27B,directllm,GPQA,gpqa_13,0,1,0.2698828861175401,5655
Qwen3.5-27B,directllm,GPQA,gpqa_130,0,0,0.10828504228558909,32768
Qwen3.5-27B,directllm,GPQA,gpqa_131,0,1,0.32228608234094874,11104
Qwen3.5-27B,directllm,GPQA,gpqa_132,0,1,0.39682638319829655,12182
Qwen3.5-27B,directllm,GPQA,gpqa_133,0,1,0.35709668600451305,10762
Qwen3.5-27B,directllm,GPQA,gpqa_134,0,1,0.3091353031569751,9949
Qwen3.5-27B,directllm,GPQA,gpqa_135,0,0,0.2799402177373718,18658
Qwen3.5-27B,directllm,GPQA,gpqa_136,0,1,0.3950179537512884,8397
Qwen3.5-27B,directllm,GPQA,gpqa_137,0,1,0.29275623755283986,8704
Qwen3.5-27B,directllm,GPQA,gpqa_138,0,1,0.3513773223989019,6310
Qwen3.5-27B,directllm,GPQA,gpqa_139,0,1,0.3210325297811162,12792
Qwen3.5-27B,directllm,GPQA,gpqa_14,0,1,0.4823820662217254,6554
Qwen3.5-27B,directllm,GPQA,gpqa_140,0,1,0.3556846801987228,8878
Qwen3.5-27B,directllm,GPQA,gpqa_141,0,1,0.3643660475937855,8755
Qwen3.5-27B,directllm,GPQA,gpqa_142,0,1,0.31956978303378863,16672
Qwen3.5-27B,directllm,GPQA,gpqa_143,0,0,0.2988882908636061,20248
Qwen3.5-27B,directllm,GPQA,gpqa_144,0,1,0.3239056465781654,6047
Qwen3.5-27B,directllm,GPQA,gpqa_145,0,1,0.41924159691795215,7722
Qwen3.5-27B,directllm,GPQA,gpqa_146,0,1,0.34758666396264015,6204
Qwen3.5-27B,directllm,GPQA,gpqa_147,0,1,0.2940493917927667,8228
Qwen3.5-27B,directllm,GPQA,gpqa_148,0,0,0.040689834062344624,32768
Qwen3.5-27B,directllm,GPQA,gpqa_149,0,0,0.24621010840870547,8367
Qwen3.5-27B,directllm,GPQA,gpqa_15,0,1,0.34712139311178286,7410
Qwen3.5-27B,directllm,GPQA,gpqa_150,0,1,0.2762952431024116,6249
Qwen3.5-27B,directllm,GPQA,gpqa_151,0,1,0.24656420662883594,6007
Qwen3.5-27B,directllm,GPQA,gpqa_152,0,1,0.23980752831558966,6544
Qwen3.5-27B,directllm,GPQA,gpqa_153,0,1,0.5454484319830717,4434
Qwen3.5-27B,directllm,GPQA,gpqa_154,0,1,0.22970612306906613,11726
Qwen3.5-27B,directllm,GPQA,gpqa_155,0,1,0.2929210122829585,5673
Qwen3.5-27B,directllm,GPQA,gpqa_156,0,1,0.24221526226210352,10733
Qwen3.5-27B,directllm,GPQA,gpqa_157,0,1,0.4160604210386942,6389
Qwen3.5-27B,directllm,GPQA,gpqa_158,0,1,0.3759464867208896,8435
Qwen3.5-27B,directllm,GPQA,gpqa_159,0,1,0.264264557447547,6889
Qwen3.5-27B,directllm,GPQA,gpqa_16,0,1,0.30298441669481985,4305
Qwen3.5-27B,directllm,GPQA,gpqa_160,0,1,0.17104478453755326,9331
Qwen3.5-27B,directllm,GPQA,gpqa_161,0,1,0.25282375050456357,8039
Qwen3.5-27B,directllm,GPQA,gpqa_162,0,1,0.23111800371966362,17961
Qwen3.5-27B,directllm,GPQA,gpqa_163,0,1,0.1955409432555857,13951
Qwen3.5-27B,directllm,GPQA,gpqa_164,0,1,0.2094205054675838,7979
Qwen3.5-27B,directllm,GPQA,gpqa_165,0,1,0.24370729298121788,5604
Qwen3.5-27B,directllm,GPQA,gpqa_166,0,1,0.18014585712973247,10464
Qwen3.5-27B,directllm,GPQA,gpqa_167,0,1,0.21570830623438156,6755
Qwen3.5-27B,directllm,GPQA,gpqa_168,0,1,0.16557613265611282,6359
Qwen3.5-27B,directllm,GPQA,gpqa_169,0,1,0.5482659217619823,4300
Qwen3.5-27B,directllm,GPQA,gpqa_17,0,1,0.23292233057316916,9328
Qwen3.5-27B,directllm,GPQA,gpqa_170,0,1,0.17728005915178097,5275
Qwen3.5-27B,directllm,GPQA,gpqa_171,0,1,0.20723940846198452,7859
Qwen3.5-27B,directllm,GPQA,gpqa_172,0,1,0.3422477595767391,9598
Qwen3.5-27B,directllm,GPQA,gpqa_173,0,1,0.2325453225797879,12301
Qwen3.5-27B,directllm,GPQA,gpqa_174,0,0,0.0555199429389604,32768
Qwen3.5-27B,directllm,GPQA,gpqa_175,0,1,0.24308373385090948,8505
Qwen3.5-27B,directllm,GPQA,gpqa_176,0,1,0.2751504494957895,7897
Qwen3.5-27B,directllm,GPQA,gpqa_177,0,1,0.29108245526742593,6975
Qwen3.5-27B,directllm,GPQA,gpqa_178,0,1,0.2721863191833669,14852
Qwen3.5-27B,directllm,GPQA,gpqa_179,0,1,0.1591782025901726,6819
Qwen3.5-27B,directllm,GPQA,gpqa_18,0,0,0.008461563940993533,32768
Qwen3.5-27B,directllm,GPQA,gpqa_180,0,1,0.27874897742855254,7427
Qwen3.5-27B,directllm,GPQA,gpqa_181,0,1,0.23618349666387414,5051
Qwen3.5-27B,directllm,GPQA,gpqa_182,0,1,0.17552836521736576,7572
Qwen3.5-27B,directllm,GPQA,gpqa_183,0,1,0.1459348900404316,7859
Qwen3.5-27B,directllm,GPQA,gpqa_184,0,1,0.18647515913333235,15158
Qwen3.5-27B,directllm,GPQA,gpqa_185,0,1,0.4089291745766666,11573
Qwen3.5-27B,directllm,GPQA,gpqa_186,0,1,0.20938858731422416,6902
Qwen3.5-27B,directllm,GPQA,gpqa_187,0,1,0.2601736150027626,9411
Qwen3.5-27B,directllm,GPQA,gpqa_188,0,1,0.16824120427975983,10067
Qwen3.5-27B,directllm,GPQA,gpqa_189,0,1,0.1624731613250017,9996
Qwen3.5-27B,directllm,GPQA,gpqa_19,0,1,0.1977729138437863,7114
Qwen3.5-27B,directllm,GPQA,gpqa_190,0,1,0.2378424027951564,4650
Qwen3.5-27B,directllm,GPQA,gpqa_191,0,1,0.2874294897885617,3766
Qwen3.5-27B,directllm,GPQA,gpqa_192,0,1,0.2654580961025537,11020
Qwen3.5-27B,directllm,GPQA,gpqa_193,0,1,0.21612484727847878,5612
Qwen3.5-27B,directllm,GPQA,gpqa_194,0,1,0.2514063733510112,7352
Qwen3.5-27B,directllm,GPQA,gpqa_195,0,1,0.24208035007566334,6542
Qwen3.5-27B,directllm,GPQA,gpqa_196,0,0,0.38925004557910226,10824
Qwen3.5-27B,directllm,GPQA,gpqa_197,0,1,0.3106720863826847,12324
Qwen3.5-27B,directllm,GPQA,gpqa_2,0,1,0.306482911381848,8687
Qwen3.5-27B,directllm,GPQA,gpqa_20,0,1,0.35169673605331847,10105
Qwen3.5-27B,directllm,GPQA,gpqa_21,0,1,0.26379628092512886,11000
Qwen3.5-27B,directllm,GPQA,gpqa_22,0,1,0.20301972174021773,8940
Qwen3.5-27B,directllm,GPQA,gpqa_23,0,1,0.33444855226311354,4777
Qwen3.5-27B,directllm,GPQA,gpqa_24,0,1,0.2125701495859304,9806
Qwen3.5-27B,directllm,GPQA,gpqa_25,0,1,0.20116553682878852,10439
Qwen3.5-27B,directllm,GPQA,gpqa_26,0,1,0.3033706512659869,9327
Qwen3.5-27B,directllm,GPQA,gpqa_27,0,1,0.4989919030314292,5612
Qwen3.5-27B,directllm,GPQA,gpqa_28,0,0,0.024265346755470884,32768
Qwen3.5-27B,directllm,GPQA,gpqa_29,0,1,0.5161319160414476,4368
Qwen3.5-27B,directllm,GPQA,gpqa_3,0,1,0.2795417799238537,10654
Qwen3.5-27B,directllm,GPQA,gpqa_30,0,1,0.2483169524451384,16978
Qwen3.5-27B,directllm,GPQA,gpqa_31,0,0,0.1492423190273159,32768
Qwen3.5-27B,directllm,GPQA,gpqa_32,0,1,0.2624941098910999,8130
Qwen3.5-27B,directllm,GPQA,gpqa_33,0,1,0.4847738374689473,3179
Qwen3.5-27B,directllm,GPQA,gpqa_34,0,1,0.3102459623543843,6855
Qwen3.5-27B,directllm,GPQA,gpqa_35,0,1,0.25814821442460895,9667
Qwen3.5-27B,directllm,GPQA,gpqa_36,0,1,0.200260856400746,5719
Qwen3.5-27B,directllm,GPQA,gpqa_37,0,1,0.28900120712966654,5480
Qwen3.5-27B,directllm,GPQA,gpqa_38,0,1,0.3684541031507751,9174
Qwen3.5-27B,directllm,GPQA,gpqa_39,0,1,0.3943081839949408,9617
Qwen3.5-27B,directllm,GPQA,gpqa_4,0,1,0.2525519783813052,9520
Qwen3.5-27B,directllm,GPQA,gpqa_40,0,1,0.41218630104331394,9603
Qwen3.5-27B,directllm,GPQA,gpqa_41,0,1,0.29787826999420275,9006
Qwen3.5-27B,directllm,GPQA,gpqa_42,0,0,0.5219267329979151,9259
Qwen3.5-27B,directllm,GPQA,gpqa_43,0,0,0.6222575381668066,6400
Qwen3.5-27B,directllm,GPQA,gpqa_44,0,1,0.32649085389198296,11434
Qwen3.5-27B,directllm,GPQA,gpqa_45,0,1,0.20120925422157357,6199
Qwen3.5-27B,directllm,GPQA,gpqa_46,0,1,0.27842137242873605,12929
Qwen3.5-27B,directllm,GPQA,gpqa_47,0,1,0.5044561223930831,4345
Qwen3.5-27B,directllm,GPQA,gpqa_48,0,1,0.5634046453386922,5189
Qwen3.5-27B,directllm,GPQA,gpqa_49,0,1,0.46165605755780365,3307
Qwen3.5-27B,directllm,GPQA,gpqa_5,0,1,0.34966853949972615,7963
Qwen3.5-27B,directllm,GPQA,gpqa_50,0,1,0.32354301886248543,10114
Qwen3.5-27B,directllm,GPQA,gpqa_51,0,1,0.20866141376581987,5131
Qwen3.5-27B,directllm,GPQA,gpqa_52,0,1,0.3727163091409612,6800
Qwen3.5-27B,directllm,GPQA,gpqa_53,0,1,0.19671278942859755,11659
Qwen3.5-27B,directllm,GPQA,gpqa_54,0,1,0.3290437262219108,10257
Qwen3.5-27B,directllm,GPQA,gpqa_55,0,1,0.3796897754334871,6843
Qwen3.5-27B,directllm,GPQA,gpqa_56,0,1,0.3030700036515911,4951
Qwen3.5-27B,directllm,GPQA,gpqa_57,0,1,0.4780465517294842,5925
Qwen3.5-27B,directllm,GPQA,gpqa_58,0,1,0.2536963688613452,12070
Qwen3.5-27B,directllm,GPQA,gpqa_59,0,0,0.09132826466688923,32768
Qwen3.5-27B,directllm,GPQA,gpqa_6,0,1,0.2638519405201591,10268
Qwen3.5-27B,directllm,GPQA,gpqa_60,0,0,0.04979956836840445,32768
Qwen3.5-27B,directllm,GPQA,gpqa_61,0,1,0.46557507372262297,4927
Qwen3.5-27B,directllm,GPQA,gpqa_62,0,1,0.49563176962799155,4851
Qwen3.5-27B,directllm,GPQA,gpqa_63,0,1,0.248657809432328,10470
Qwen3.5-27B,directllm,GPQA,gpqa_64,0,0,0.5334734475859876,8562
Qwen3.5-27B,directllm,GPQA,gpqa_65,0,0,0.18010103357264728,25658
Qwen3.5-27B,directllm,GPQA,gpqa_66,0,1,0.531029913719928,3707
Qwen3.5-27B,directllm,GPQA,gpqa_67,0,1,0.3323052979218273,5640
Qwen3.5-27B,directllm,GPQA,gpqa_68,0,1,0.40105023102530474,4179
Qwen3.5-27B,directllm,GPQA,gpqa_69,0,1,0.5171299608401185,9925
Qwen3.5-27B,directllm,GPQA,gpqa_7,0,1,0.33444530667856404,11129
Qwen3.5-27B,directllm,GPQA,gpqa_70,0,0,0.6516087765995991,5140
Qwen3.5-27B,directllm,GPQA,gpqa_71,0,0,0.025032240021913933,32768
Qwen3.5-27B,directllm,GPQA,gpqa_72,0,1,0.5415314100687523,6783
Qwen3.5-27B,directllm,GPQA,gpqa_73,0,1,0.48843891341966916,3539
Qwen3.5-27B,directllm,GPQA,gpqa_74,0,1,0.298163320354945,7980
Qwen3.5-27B,directllm,GPQA,gpqa_75,0,1,0.4101863320483097,9291
Qwen3.5-27B,directllm,GPQA,gpqa_76,0,0,0.4028628745891849,12887
Qwen3.5-27B,directllm,GPQA,gpqa_77,0,0,0.3293421500323261,16048
Qwen3.5-27B,directllm,GPQA,gpqa_78,0,1,0.3625974452337959,12584
Qwen3.5-27B,directllm,GPQA,gpqa_79,0,1,0.33972334897964546,11139
Qwen3.5-27B,directllm,GPQA,gpqa_8,0,1,0.26647250583659954,9188
Qwen3.5-27B,directllm,GPQA,gpqa_80,0,1,0.29076235428505665,6090
Qwen3.5-27B,directllm,GPQA,gpqa_81,0,1,0.37704696599103843,9400
Qwen3.5-27B,directllm,GPQA,gpqa_82,0,1,0.2923928425871769,11635
Qwen3.5-27B,directllm,GPQA,gpqa_83,0,0,0.05123179839381702,32768
Qwen3.5-27B,directllm,GPQA,gpqa_84,0,1,0.37423881581397583,9864
Qwen3.5-27B,directllm,GPQA,gpqa_85,0,1,0.35399518999632096,12841
Qwen3.5-27B,directllm,GPQA,gpqa_86,0,1,0.39244410479610475,9050
Qwen3.5-27B,directllm,GPQA,gpqa_87,0,0,0.4463870035857101,11548
Qwen3.5-27B,directllm,GPQA,gpqa_88,0,0,0.3433559223012977,17022
Qwen3.5-27B,directllm,GPQA,gpqa_89,0,1,0.30097218883400756,10111
Qwen3.5-27B,directllm,GPQA,gpqa_9,0,1,0.36660581679050885,9997
Qwen3.5-27B,directllm,GPQA,gpqa_90,0,1,0.33758499451273016,11767
Qwen3.5-27B,directllm,GPQA,gpqa_91,0,1,0.32619109289798426,13642
Qwen3.5-27B,directllm,GPQA,gpqa_92,0,1,0.539928374509143,3219
Qwen3.5-27B,directllm,GPQA,gpqa_93,0,1,0.2647809412578013,11348
Qwen3.5-27B,directllm,GPQA,gpqa_94,0,1,0.37204658771663024,14407
Qwen3.5-27B,directllm,GPQA,gpqa_95,0,1,0.31036648698659214,7949
Qwen3.5-27B,directllm,GPQA,gpqa_96,0,1,0.34485265549158256,14849
Qwen3.5-27B,directllm,GPQA,gpqa_97,0,0,0.36154039085124184,15093
Qwen3.5-27B,directllm,GPQA,gpqa_98,0,1,0.28660649770428664,11970
Qwen3.5-27B,directllm,GPQA,gpqa_99,0,1,0.4074656391578712,10436
Qwen3.5-27B,directllm,HLE,hle_1,0,0,0.09459844074791345,32768
Qwen3.5-27B,directllm,HLE,hle_1008,0,0,0.4029806452933148,12789
Qwen3.5-27B,directllm,HLE,hle_1009,0,0,0.606697727645359,7341
Qwen3.5-27B,directllm,HLE,hle_1012,0,0,0.4081061770178632,10228
Qwen3.5-27B,directllm,HLE,hle_1019,0,0,0.5386050785577389,7261
Qwen3.5-27B,directllm,HLE,hle_1021,0,1,0.27965070736166303,7392
Qwen3.5-27B,directllm,HLE,hle_1022,0,0,0.43225852539681936,7934
Qwen3.5-27B,directllm,HLE,hle_1023,0,0,0.07624392371701795,32768
Qwen3.5-27B,directllm,HLE,hle_1024,0,0,0.48727228934926575,4956
Qwen3.5-27B,directllm,HLE,hle_1031,0,0,0.4143507046687594,8864
Qwen3.5-27B,directllm,HLE,hle_1038,0,0,0.4957168258009891,10183
Qwen3.5-27B,directllm,HLE,hle_1045,0,0,0.19269722217530064,17571
Qwen3.5-27B,directllm,HLE,hle_1046,0,0,0.23799191737736466,14632
Qwen3.5-27B,directllm,HLE,hle_1047,0,0,0.2127517927932093,5754
Qwen3.5-27B,directllm,HLE,hle_1048,0,0,0.2928489865330748,17230
Qwen3.5-27B,directllm,HLE,hle_1049,0,0,0.2674753842957824,15579
Qwen3.5-27B,directllm,HLE,hle_1050,0,0,0.2278886795582227,11161
Qwen3.5-27B,directllm,HLE,hle_1051,0,1,0.17972644562260084,10861
Qwen3.5-27B,directllm,HLE,hle_1052,0,0,0.25657828975190405,22869
Qwen3.5-27B,directllm,HLE,hle_1054,0,0,0.35973736566047404,13185
Qwen3.5-27B,directllm,HLE,hle_1055,0,0,0.5396185433051371,7500
Qwen3.5-27B,directllm,HLE,hle_1056,0,0,0.3091168190831145,8923
Qwen3.5-27B,directllm,HLE,hle_1057,0,0,0.2647909962626517,11669
Qwen3.5-27B,directllm,HLE,hle_1058,0,0,0.07619814267755536,32768
Qwen3.5-27B,directllm,HLE,hle_1066,0,0,0.5749460450956088,6630
Qwen3.5-27B,directllm,HLE,hle_1067,0,0,0.3394591207555791,19599
Qwen3.5-27B,directllm,HLE,hle_1070,0,1,0.47169439306615724,9962
Qwen3.5-27B,directllm,HLE,hle_1071,0,0,0.26884008866992415,13008
Qwen3.5-27B,directllm,HLE,hle_1073,0,0,0.027094409212383184,32768
Qwen3.5-27B,directllm,HLE,hle_1074,0,1,0.42924211194813866,2092
Qwen3.5-27B,directllm,HLE,hle_1077,0,0,0.2267034097658132,15628
Qwen3.5-27B,directllm,HLE,hle_1079,0,0,0.07437659480619334,32768
Qwen3.5-27B,directllm,HLE,hle_108,0,1,0.18483863439414136,17977
Qwen3.5-27B,directllm,HLE,hle_1080,0,1,0.5167097290035946,6532
Qwen3.5-27B,directllm,HLE,hle_1081,0,0,0.20797547341085967,20068
Qwen3.5-27B,directllm,HLE,hle_1083,0,0,0.02197522592508557,32768
Qwen3.5-27B,directllm,HLE,hle_1084,0,1,0.5520495447096956,5946
Qwen3.5-27B,directllm,HLE,hle_1088,0,0,0.13418124191172895,32768
Qwen3.5-27B,directllm,HLE,hle_1089,0,0,0.5766053556455317,3787
Qwen3.5-27B,directllm,HLE,hle_109,0,0,0.5973710245597895,2964
Qwen3.5-27B,directllm,HLE,hle_1098,0,0,0.37816131622066956,12475
Qwen3.5-27B,directllm,HLE,hle_11,0,0,0.28696826598614567,11559
Qwen3.5-27B,directllm,HLE,hle_1108,0,0,0.205265780825486,17697
Qwen3.5-27B,directllm,HLE,hle_1109,0,0,0.20128799634719152,21541
Qwen3.5-27B,directllm,HLE,hle_111,0,1,0.1782128034372609,18060
Qwen3.5-27B,directllm,HLE,hle_1116,0,1,0.30460242779592833,14167
Qwen3.5-27B,directllm,HLE,hle_1119,0,0,0.08151161324957903,32768
Qwen3.5-27B,directllm,HLE,hle_112,0,1,0.3217960038672722,8975
Qwen3.5-27B,directllm,HLE,hle_1120,0,0,0.031597705416968117,32768
Qwen3.5-27B,directllm,HLE,hle_1126,0,0,0.20445936035389548,11624
Qwen3.5-27B,directllm,HLE,hle_1127,0,0,0.1521513656604458,10262
Qwen3.5-27B,directllm,HLE,hle_1128,0,0,0.1882667593924352,8352
Qwen3.5-27B,directllm,HLE,hle_1129,0,0,0.5218635601091487,6902
Qwen3.5-27B,directllm,HLE,hle_1130,0,0,0.17838571296108183,12126
Qwen3.5-27B,directllm,HLE,hle_1133,0,0,0.5913550479366004,4769
Qwen3.5-27B,directllm,HLE,hle_1135,0,0,0.47018878416965604,10941
Qwen3.5-27B,directllm,HLE,hle_1137,0,1,0.2599028762902745,780
Qwen3.5-27B,directllm,HLE,hle_1138,0,0,0.16718412673295482,17240
Qwen3.5-27B,directllm,HLE,hle_1139,0,0,0.22814560745913826,12537
Qwen3.5-27B,directllm,HLE,hle_114,0,1,0.23376650605780072,14814
Qwen3.5-27B,directllm,HLE,hle_115,0,1,0.30996515746739883,13701
Qwen3.5-27B,directllm,HLE,hle_1150,0,1,0.4007050630507234,5488
Qwen3.5-27B,directllm,HLE,hle_1153,0,1,0.4615368160979879,10882
Qwen3.5-27B,directllm,HLE,hle_1159,0,0,0.47506695631259566,6933
Qwen3.5-27B,directllm,HLE,hle_1166,0,0,0.5644946829104445,7506
Qwen3.5-27B,directllm,HLE,hle_117,0,0,0.1121148887332073,32768
Qwen3.5-27B,directllm,HLE,hle_1174,0,0,0.5001679048422989,5071
Qwen3.5-27B,directllm,HLE,hle_1177,0,0,0.5840980584091581,9942
Qwen3.5-27B,directllm,HLE,hle_1179,0,0,0.48170580020716613,5624
Qwen3.5-27B,directllm,HLE,hle_118,0,0,0.45894841578610285,1062
Qwen3.5-27B,directllm,HLE,hle_1182,0,0,0.636642721515408,2379
Qwen3.5-27B,directllm,HLE,hle_1188,0,0,0.5736300851118518,6666
Qwen3.5-27B,directllm,HLE,hle_119,0,0,0.08441699677456967,32768
Qwen3.5-27B,directllm,HLE,hle_1192,0,1,0.4401509355600242,7370
Qwen3.5-27B,directllm,HLE,hle_120,0,0,0.036100186906643704,32768
Qwen3.5-27B,directllm,HLE,hle_1207,0,1,0.6001257897865876,6568
Qwen3.5-27B,directllm,HLE,hle_1219,0,0,0.5759747891359148,7289
Qwen3.5-27B,directllm,HLE,hle_1220,0,0,0.5003695201403981,8442
Qwen3.5-27B,directllm,HLE,hle_123,0,0,0.03844139674551458,32768
Qwen3.5-27B,directllm,HLE,hle_1231,0,0,0.40053530244196267,8578
Qwen3.5-27B,directllm,HLE,hle_1234,0,0,0.4946960687691408,6630
Qwen3.5-27B,directllm,HLE,hle_1235,0,0,0.47615136933896063,2655
Qwen3.5-27B,directllm,HLE,hle_1249,0,0,0.5239603993427231,5905
Qwen3.5-27B,directllm,HLE,hle_126,0,1,0.4804485438077777,4977
Qwen3.5-27B,directllm,HLE,hle_13,0,1,0.26109953495812516,8118
Qwen3.5-27B,directllm,HLE,hle_131,0,0,0.5349802235345352,3677
Qwen3.5-27B,directllm,HLE,hle_136,0,0,0.2666003002937933,14334
Qwen3.5-27B,directllm,HLE,hle_138,0,0,0.07797759925239549,32768
Qwen3.5-27B,directllm,HLE,hle_14,0,0,0.07337650130446559,32768
Qwen3.5-27B,directllm,HLE,hle_141,0,0,0.45752383020711423,5946
Qwen3.5-27B,directllm,HLE,hle_142,0,0,0.4997988363298826,5103
Qwen3.5-27B,directllm,HLE,hle_144,0,1,0.2767106217499549,16484
Qwen3.5-27B,directllm,HLE,hle_145,0,0,0.5555302290485941,3263
Qwen3.5-27B,directllm,HLE,hle_155,0,1,0.30471963162858584,20960
Qwen3.5-27B,directllm,HLE,hle_158,0,0,0.07583405160624546,32768
Qwen3.5-27B,directllm,HLE,hle_16,0,1,0.4997655606370385,13898
Qwen3.5-27B,directllm,HLE,hle_167,0,0,0.17932102895296154,7152
Qwen3.5-27B,directllm,HLE,hle_169,0,0,0.4457848559773521,9097
Qwen3.5-27B,directllm,HLE,hle_176,0,0,0.41184433293099937,7899
Qwen3.5-27B,directllm,HLE,hle_178,0,0,0.4014358994970289,7548
Qwen3.5-27B,directllm,HLE,hle_179,0,0,0.4733913800873846,5403
Qwen3.5-27B,directllm,HLE,hle_184,0,0,0.6295397195384332,2192
Qwen3.5-27B,directllm,HLE,hle_185,0,0,0.4671829693261647,7769
Qwen3.5-27B,directllm,HLE,hle_187,0,0,0.3216566628512764,4246
Qwen3.5-27B,directllm,HLE,hle_189,0,0,0.4009966832250935,4047
Qwen3.5-27B,directllm,HLE,hle_191,0,0,0.5232912535162061,1486
Qwen3.5-27B,directllm,HLE,hle_193,0,0,0.5290820898392833,5153
Qwen3.5-27B,directllm,HLE,hle_210,0,1,0.296076922950957,15241
Qwen3.5-27B,directllm,HLE,hle_212,0,0,0.02030383340414784,32768
Qwen3.5-27B,directllm,HLE,hle_218,0,1,0.5652184353503737,7777
Qwen3.5-27B,directllm,HLE,hle_236,0,0,0.40277350844302623,6883
Qwen3.5-27B,directllm,HLE,hle_241,0,0,0.46945057782944144,7533
Qwen3.5-27B,directllm,HLE,hle_242,0,0,0.39294575352154787,10135
Qwen3.5-27B,directllm,HLE,hle_243,0,0,0.4834252378159781,7851
Qwen3.5-27B,directllm,HLE,hle_251,0,0,0.5862343278101271,4409
Qwen3.5-27B,directllm,HLE,hle_262,0,0,0.5942080643477491,3004
Qwen3.5-27B,directllm,HLE,hle_267,0,0,0.5260873467090273,6992
Qwen3.5-27B,directllm,HLE,hle_27,0,0,0.4530077205913387,5546
Qwen3.5-27B,directllm,HLE,hle_272,0,0,0.5282407641044897,8922
Qwen3.5-27B,directllm,HLE,hle_278,0,0,0.10906145590259778,32768
Qwen3.5-27B,directllm,HLE,hle_280,0,0,0.6192276078307805,4089
Qwen3.5-27B,directllm,HLE,hle_283,0,0,0.5421474417808533,8935
Qwen3.5-27B,directllm,HLE,hle_288,0,0,0.016750673381383457,32768
Qwen3.5-27B,directllm,HLE,hle_293,0,0,0.5856738901707074,7057
Qwen3.5-27B,directllm,HLE,hle_294,0,0,0.38640969242320927,8906
Qwen3.5-27B,directllm,HLE,hle_302,0,0,0.5700649267641501,5641
Qwen3.5-27B,directllm,HLE,hle_309,0,0,0.3645711520648145,14353
Qwen3.5-27B,directllm,HLE,hle_32,0,0,0.4260184259313023,12075
Qwen3.5-27B,directllm,HLE,hle_328,0,0,0.2909739474785446,16393
Qwen3.5-27B,directllm,HLE,hle_329,0,0,0.4066585587510303,10324
Qwen3.5-27B,directllm,HLE,hle_330,0,0,0.37762480457490494,9768
Qwen3.5-27B,directllm,HLE,hle_331,0,0,0.5207607073385111,6501
Qwen3.5-27B,directllm,HLE,hle_335,0,0,0.41960057739473966,8704
Qwen3.5-27B,directllm,HLE,hle_337,0,1,0.3344239770136335,15815
Qwen3.5-27B,directllm,HLE,hle_338,0,0,0.6192203522309662,4157
Qwen3.5-27B,directllm,HLE,hle_341,0,0,0.010213115729906222,32768
Qwen3.5-27B,directllm,HLE,hle_344,0,0,0.5555025246302868,10675
Qwen3.5-27B,directllm,HLE,hle_346,0,0,0.5149027356808613,4304
Qwen3.5-27B,directllm,HLE,hle_35,0,0,0.4035924486091129,3560
Qwen3.5-27B,directllm,HLE,hle_350,0,0,0.1365462572206998,32768
Qwen3.5-27B,directllm,HLE,hle_351,0,0,0.5120334736446627,7413
Qwen3.5-27B,directllm,HLE,hle_354,0,0,0.5690166902223789,4599
Qwen3.5-27B,directllm,HLE,hle_358,0,0,0.466225050513504,5828
Qwen3.5-27B,directllm,HLE,hle_366,0,0,0.14767377701664477,32768
Qwen3.5-27B,directllm,HLE,hle_368,0,0,0.42127445878492664,5984
Qwen3.5-27B,directllm,HLE,hle_37,0,1,0.5854152277789827,9925
Qwen3.5-27B,directllm,HLE,hle_370,0,0,0.2088064276755399,29906
Qwen3.5-27B,directllm,HLE,hle_371,0,0,0.033211030920424905,32768
Qwen3.5-27B,directllm,HLE,hle_376,0,0,0.19677763099394044,20318
Qwen3.5-27B,directllm,HLE,hle_380,0,0,0.47749055998380496,2655
Qwen3.5-27B,directllm,HLE,hle_382,0,0,0.2770738766551465,12549
Qwen3.5-27B,directllm,HLE,hle_383,0,0,0.5259107607228801,6341
Qwen3.5-27B,directllm,HLE,hle_385,0,1,0.37640892802831033,1494
Qwen3.5-27B,directllm,HLE,hle_388,0,0,0.5188007636253891,3853
Qwen3.5-27B,directllm,HLE,hle_389,0,0,0.21933061780175991,9315
Qwen3.5-27B,directllm,HLE,hle_39,0,0,0.5059585249677834,5623
Qwen3.5-27B,directllm,HLE,hle_392,0,1,0.31474501180868175,5873
Qwen3.5-27B,directllm,HLE,hle_402,0,0,0.2262967588144454,10621
Qwen3.5-27B,directllm,HLE,hle_403,0,0,0.4374085588937577,5617
Qwen3.5-27B,directllm,HLE,hle_41,0,0,0.41965562931846423,6153
Qwen3.5-27B,directllm,HLE,hle_410,0,1,0.26354970595712024,8135
Qwen3.5-27B,directllm,HLE,hle_417,0,1,0.3266805543056233,6922
Qwen3.5-27B,directllm,HLE,hle_420,0,0,0.02216089610252177,32768
Qwen3.5-27B,directllm,HLE,hle_426,0,0,0.6050518706467344,7389
Qwen3.5-27B,directllm,HLE,hle_427,0,1,0.6240928874809084,7924
Qwen3.5-27B,directllm,HLE,hle_429,0,0,0.44290829405660986,4857
Qwen3.5-27B,directllm,HLE,hle_432,0,0,0.4389889314983814,7761
Qwen3.5-27B,directllm,HLE,hle_433,0,1,0.27562457135961016,13204
Qwen3.5-27B,directllm,HLE,hle_434,0,0,0.28430846303761437,2675
Qwen3.5-27B,directllm,HLE,hle_435,0,0,0.2681148193663199,14184
Qwen3.5-27B,directllm,HLE,hle_44,0,0,0.08007215657910653,32768
Qwen3.5-27B,directllm,HLE,hle_441,0,1,0.2970568760346552,19712
Qwen3.5-27B,directllm,HLE,hle_450,0,0,0.5883627589316909,4733
Qwen3.5-27B,directllm,HLE,hle_451,0,0,0.5140993682686933,4256
Qwen3.5-27B,directllm,HLE,hle_452,0,0,0.44206888109945,7248
Qwen3.5-27B,directllm,HLE,hle_454,0,0,0.07979368179506971,32768
Qwen3.5-27B,directllm,HLE,hle_456,0,0,0.3178853098502967,8665
Qwen3.5-27B,directllm,HLE,hle_46,0,0,0.5329073441367438,5586
Qwen3.5-27B,directllm,HLE,hle_460,0,0,0.63857781583298,5167
Qwen3.5-27B,directllm,HLE,hle_461,0,0,0.30473636639041957,18710
Qwen3.5-27B,directllm,HLE,hle_463,0,0,0.5527380043112854,4407
Qwen3.5-27B,directllm,HLE,hle_467,0,0,0.18408167952358997,24584
Qwen3.5-27B,directllm,HLE,hle_470,0,0,0.049422670785969104,32768
Qwen3.5-27B,directllm,HLE,hle_473,0,0,0.29586926480169623,22568
Qwen3.5-27B,directllm,HLE,hle_476,0,1,0.21824878767100492,21023
Qwen3.5-27B,directllm,HLE,hle_48,0,0,0.6285800697598194,5288
Qwen3.5-27B,directllm,HLE,hle_486,0,0,0.4057325022784273,9148
Qwen3.5-27B,directllm,HLE,hle_496,0,1,0.10731460379541742,32768
Qwen3.5-27B,directllm,HLE,hle_497,0,0,0.34832529736852125,13858
Qwen3.5-27B,directllm,HLE,hle_498,0,0,0.04474127319256976,32768
Qwen3.5-27B,directllm,HLE,hle_499,0,1,0.46688128848623534,8353
Qwen3.5-27B,directllm,HLE,hle_50,0,0,0.2235941751507177,29144
Qwen3.5-27B,directllm,HLE,hle_508,0,1,0.5765914921286287,11246
Qwen3.5-27B,directllm,HLE,hle_52,0,0,0.1341073026210789,32768
Qwen3.5-27B,directllm,HLE,hle_522,0,0,0.4202853882973011,12114
Qwen3.5-27B,directllm,HLE,hle_526,0,1,0.5004865807815359,8087
Qwen3.5-27B,directllm,HLE,hle_53,0,0,0.21172416314366832,4278
Qwen3.5-27B,directllm,HLE,hle_531,0,0,0.025122671292899964,32768
Qwen3.5-27B,directllm,HLE,hle_532,0,0,0.2588452051206249,12419
Qwen3.5-27B,directllm,HLE,hle_533,0,1,0.3154929089145225,16068
Qwen3.5-27B,directllm,HLE,hle_539,0,0,0.27790629797510835,14935
Qwen3.5-27B,directllm,HLE,hle_54,0,1,0.45691551442661765,6738
Qwen3.5-27B,directllm,HLE,hle_543,0,0,0.503455582287142,4697
Qwen3.5-27B,directllm,HLE,hle_547,0,0,0.06450454619068476,32768
Qwen3.5-27B,directllm,HLE,hle_548,0,0,0.23956840082122047,18638
Qwen3.5-27B,directllm,HLE,hle_556,0,0,0.555437441528415,5748
Qwen3.5-27B,directllm,HLE,hle_568,0,0,0.36922444658471654,12620
Qwen3.5-27B,directllm,HLE,hle_582,0,0,0.0890636192317279,21716
Qwen3.5-27B,directllm,HLE,hle_583,0,1,0.1369529015294563,23885
Qwen3.5-27B,directllm,HLE,hle_59,0,0,0.625543459888186,3905
Qwen3.5-27B,directllm,HLE,hle_591,0,0,0.1551176788322506,32768
Qwen3.5-27B,directllm,HLE,hle_592,0,1,0.3384463662564591,11142
Qwen3.5-27B,directllm,HLE,hle_593,0,0,0.2551909758801438,5853
Qwen3.5-27B,directllm,HLE,hle_598,0,1,0.2154724148851381,9376
Qwen3.5-27B,directllm,HLE,hle_60,0,1,0.36399744957003943,9589
Qwen3.5-27B,directllm,HLE,hle_603,0,1,0.11238153664905054,32768
Qwen3.5-27B,directllm,HLE,hle_604,0,1,0.24858680486053822,11076
Qwen3.5-27B,directllm,HLE,hle_607,0,1,0.33643948626538006,12328
Qwen3.5-27B,directllm,HLE,hle_614,0,0,0.4697446563581336,7929
Qwen3.5-27B,directllm,HLE,hle_625,0,1,0.4608436421166338,5860
Qwen3.5-27B,directllm,HLE,hle_633,0,0,0.45624688326863067,11369
Qwen3.5-27B,directllm,HLE,hle_636,0,1,0.4758289366088783,10054
Qwen3.5-27B,directllm,HLE,hle_643,0,0,0.036444322589386534,32768
Qwen3.5-27B,directllm,HLE,hle_647,0,0,0.41175855813747236,7258
Qwen3.5-27B,directllm,HLE,hle_653,0,0,0.49966225041100554,3801
Qwen3.5-27B,directllm,HLE,hle_654,0,1,0.4907617161149345,9492
Qwen3.5-27B,directllm,HLE,hle_655,0,0,0.013492231891099857,32768
Qwen3.5-27B,directllm,HLE,hle_660,0,0,0.01851959420563869,32768
Qwen3.5-27B,directllm,HLE,hle_661,0,0,0.23743585653534166,20581
Qwen3.5-27B,directllm,HLE,hle_668,0,0,0.5623109154827184,6141
Qwen3.5-27B,directllm,HLE,hle_677,0,0,0.553017166948082,6244
Qwen3.5-27B,directllm,HLE,hle_678,0,0,0.448359613567126,7138
Qwen3.5-27B,directllm,HLE,hle_68,0,1,0.06256565909232821,32768
Qwen3.5-27B,directllm,HLE,hle_681,0,1,0.28783296654784396,14623
Qwen3.5-27B,directllm,HLE,hle_687,0,1,0.2514416012235172,8050
Qwen3.5-27B,directllm,HLE,hle_688,0,0,0.35632328172493954,2581
Qwen3.5-27B,directllm,HLE,hle_690,0,0,0.10941094726113103,32768
Qwen3.5-27B,directllm,HLE,hle_692,0,0,0.23718023660528872,19176
Qwen3.5-27B,directllm,HLE,hle_694,0,0,0.5509685323838466,6287
Qwen3.5-27B,directllm,HLE,hle_696,0,1,0.22699001299679264,20193
Qwen3.5-27B,directllm,HLE,hle_697,0,0,0.6500336219904108,7765
Qwen3.5-27B,directllm,HLE,hle_698,0,1,0.17710691170231901,6181
Qwen3.5-27B,directllm,HLE,hle_699,0,0,0.45414075169596996,7720
Qwen3.5-27B,directllm,HLE,hle_70,0,0,0.5492745458714702,5798
Qwen3.5-27B,directllm,HLE,hle_700,0,1,0.5010697908898617,5945
Qwen3.5-27B,directllm,HLE,hle_705,0,0,0.023082018358906557,32768
Qwen3.5-27B,directllm,HLE,hle_707,0,0,0.2386076930752614,23926
Qwen3.5-27B,directllm,HLE,hle_708,0,0,0.09265308200814376,32768
Qwen3.5-27B,directllm,HLE,hle_711,0,1,0.19258053455521362,17265
Qwen3.5-27B,directllm,HLE,hle_72,0,1,0.13984073505610034,32768
Qwen3.5-27B,directllm,HLE,hle_724,0,1,0.3478749432769145,11550
Qwen3.5-27B,directllm,HLE,hle_728,0,0,0.16156400919293504,25906
Qwen3.5-27B,directllm,HLE,hle_747,0,0,0.3930015186214177,11587
Qwen3.5-27B,directllm,HLE,hle_75,0,0,0.41969701983433966,11415
Qwen3.5-27B,directllm,HLE,hle_752,0,0,0.3464569993906358,9045
Qwen3.5-27B,directllm,HLE,hle_773,0,0,0.3885206897691818,3941
Qwen3.5-27B,directllm,HLE,hle_779,0,0,0.27236946728743444,9319
Qwen3.5-27B,directllm,HLE,hle_787,0,0,0.08296765690430223,32768
Qwen3.5-27B,directllm,HLE,hle_790,0,1,0.30028435047618884,6756
Qwen3.5-27B,directllm,HLE,hle_791,0,1,0.44530873137349797,9699
Qwen3.5-27B,directllm,HLE,hle_792,0,0,0.2583206001349727,19236
Qwen3.5-27B,directllm,HLE,hle_800,0,0,0.12224867338776577,32768
Qwen3.5-27B,directllm,HLE,hle_801,0,0,0.32414572216787974,4797
Qwen3.5-27B,directllm,HLE,hle_805,0,0,0.17693178458732908,11487
Qwen3.5-27B,directllm,HLE,hle_807,0,0,0.020520749122950075,32768
Qwen3.5-27B,directllm,HLE,hle_808,0,0,0.07711404103121752,32768
Qwen3.5-27B,directllm,HLE,hle_810,0,0,0.31548721232946486,16890
Qwen3.5-27B,directllm,HLE,hle_812,0,0,0.46377852034832523,6415
Qwen3.5-27B,directllm,HLE,hle_814,0,0,0.02270700243360683,32768
Qwen3.5-27B,directllm,HLE,hle_819,0,0,0.23355701415313487,22568
Qwen3.5-27B,directllm,HLE,hle_822,0,0,0.21202529652882104,6941
Qwen3.5-27B,directllm,HLE,hle_825,0,0,0.024837147225429443,32768
Qwen3.5-27B,directllm,HLE,hle_827,0,1,0.22837412560668216,14945
Qwen3.5-27B,directllm,HLE,hle_829,0,0,0.2652439903109637,21978
Qwen3.5-27B,directllm,HLE,hle_830,0,0,0.35981952030280984,9747
Qwen3.5-27B,directllm,HLE,hle_831,0,1,0.2903879499739797,8450
Qwen3.5-27B,directllm,HLE,hle_834,0,0,0.12305322829368802,9314
Qwen3.5-27B,directllm,HLE,hle_835,0,0,0.054403992709975986,32768
Qwen3.5-27B,directllm,HLE,hle_84,0,0,0.06088397115862774,32768
Qwen3.5-27B,directllm,HLE,hle_85,0,0,0.5374170838281214,9070
Qwen3.5-27B,directllm,HLE,hle_855,0,0,0.3123833832466503,16109
Qwen3.5-27B,directllm,HLE,hle_867,0,1,0.19181074105434534,19028
Qwen3.5-27B,directllm,HLE,hle_87,0,0,0.5347626503698585,6114
Qwen3.5-27B,directllm,HLE,hle_875,0,0,0.34970923464478104,17348
Qwen3.5-27B,directllm,HLE,hle_876,0,1,0.39977815438082104,7967
Qwen3.5-27B,directllm,HLE,hle_877,0,1,0.43904405431264737,5156
Qwen3.5-27B,directllm,HLE,hle_88,0,0,0.40843628357950046,10886
Qwen3.5-27B,directllm,HLE,hle_880,0,0,0.12487945622197591,32768
Qwen3.5-27B,directllm,HLE,hle_883,0,0,0.35664252146029385,10683
Qwen3.5-27B,directllm,HLE,hle_885,0,1,0.43286430988797814,12656
Qwen3.5-27B,directllm,HLE,hle_892,0,1,0.16534657385838358,19784
Qwen3.5-27B,directllm,HLE,hle_893,0,0,0.3218124020706382,13441
Qwen3.5-27B,directllm,HLE,hle_894,0,0,0.34550351152226805,15357
Qwen3.5-27B,directllm,HLE,hle_897,0,1,0.24006674824318258,13202
Qwen3.5-27B,directllm,HLE,hle_905,0,0,0.05050621658872037,32768
Qwen3.5-27B,directllm,HLE,hle_911,0,1,0.38471832595214017,11880
Qwen3.5-27B,directllm,HLE,hle_917,0,0,0.12379472472156883,32768
Qwen3.5-27B,directllm,HLE,hle_921,0,0,0.48198868265768113,4621
Qwen3.5-27B,directllm,HLE,hle_923,0,1,0.20840351148647598,3471
Qwen3.5-27B,directllm,HLE,hle_926,0,1,0.5065139030388437,7815
Qwen3.5-27B,directllm,HLE,hle_930,0,0,0.2139482950708715,14436
Qwen3.5-27B,directllm,HLE,hle_931,0,1,0.24058222842203436,18024
Qwen3.5-27B,directllm,HLE,hle_934,0,0,0.16084573919358344,32768
Qwen3.5-27B,directllm,HLE,hle_935,0,0,0.5616947951330361,6936
Qwen3.5-27B,directllm,HLE,hle_936,0,0,0.25541901862505056,21132
Qwen3.5-27B,directllm,HLE,hle_937,0,0,0.5675966879769735,7034
Qwen3.5-27B,directllm,HLE,hle_938,0,0,0.025032538547098807,32768
Qwen3.5-27B,directllm,HLE,hle_942,0,0,0.04378556877000829,32768
Qwen3.5-27B,directllm,HLE,hle_945,0,1,0.40252885792116855,7646
Qwen3.5-27B,directllm,HLE,hle_948,0,0,0.27239078671050554,7226
Qwen3.5-27B,directllm,HLE,hle_95,0,0,0.48834618719284,6419
Qwen3.5-27B,directllm,HLE,hle_966,0,0,0.5756456658478621,4872
Qwen3.5-27B,directllm,HLE,hle_967,0,0,0.5641461125600593,5868
Qwen3.5-27B,directllm,HLE,hle_969,0,0,0.14910795889803316,32768
Qwen3.5-27B,directllm,HLE,hle_970,0,0,0.11134161489461766,32768
Qwen3.5-27B,directllm,HLE,hle_971,0,0,0.4064832433766445,1934
Qwen3.5-27B,directllm,HLE,hle_978,0,0,0.3357964331701475,6554
Qwen3.5-27B,directllm,HLE,hle_98,0,0,0.24407592488960608,2078
Qwen3.5-27B,directllm,HLE,hle_980,0,1,0.21751745416070675,19602
Qwen3.5-27B,directllm,HLE,hle_981,0,0,0.48328885105505176,7651
Qwen3.5-27B,directllm,HLE,hle_988,0,0,0.527039451993439,6066
Qwen3.5-27B,directllm,HLE,hle_997,0,1,0.28242049788513124,12013
Qwen3.5-27B,directllm,HLE,hle_999,0,0,0.020286516838047934,32768
Qwen3.5-27B,openclaw,AIME,aime_1,0,1,0.09405146456063532,1496
Qwen3.5-27B,openclaw,AIME,aime_1,1,1,0.10024033833371482,1669
Qwen3.5-27B,openclaw,AIME,aime_1,2,1,0.10234950233148869,1361
Qwen3.5-27B,openclaw,AIME,aime_1,3,1,0.10122320739824615,1693
Qwen3.5-27B,openclaw,AIME,aime_10,0,0,0.11049856425996808,22006
Qwen3.5-27B,openclaw,AIME,aime_10,1,1,0.25099613450860647,4273
Qwen3.5-27B,openclaw,AIME,aime_10,2,0,0.004992494909228017,131072
Qwen3.5-27B,openclaw,AIME,aime_10,3,0,0.0036686056697906237,131072
Qwen3.5-27B,openclaw,AIME,aime_11,0,0,0.1193837363697062,10029
Qwen3.5-27B,openclaw,AIME,aime_11,1,1,0.15936099219366237,8567
Qwen3.5-27B,openclaw,AIME,aime_11,2,1,0.10517901103928981,13856
Qwen3.5-27B,openclaw,AIME,aime_11,3,0,0.005185243435758019,131072
Qwen3.5-27B,openclaw,AIME,aime_12,0,1,0.1815100114561789,1476
Qwen3.5-27B,openclaw,AIME,aime_12,1,1,0.17939077981221874,2225
Qwen3.5-27B,openclaw,AIME,aime_12,2,1,0.18447944140848413,2128
Qwen3.5-27B,openclaw,AIME,aime_12,3,1,0.17842961465147586,2985
Qwen3.5-27B,openclaw,AIME,aime_13,0,1,0.30678712233490857,2073
Qwen3.5-27B,openclaw,AIME,aime_13,1,0,0.15733461766194817,10131
Qwen3.5-27B,openclaw,AIME,aime_13,2,0,0.008771843620098321,131072
Qwen3.5-27B,openclaw,AIME,aime_14,0,1,0.2194924460990555,1857
Qwen3.5-27B,openclaw,AIME,aime_14,1,1,0.23106032470622978,2110
Qwen3.5-27B,openclaw,AIME,aime_16,0,1,0.14501644787828483,1293
Qwen3.5-27B,openclaw,AIME,aime_16,1,1,0.1718434132761723,1371
Qwen3.5-27B,openclaw,AIME,aime_16,2,1,0.1866777621093709,1409
Qwen3.5-27B,openclaw,AIME,aime_16,3,1,0.15949703679598637,1556
Qwen3.5-27B,openclaw,AIME,aime_18,0,0,0.07237275459600001,25175
Qwen3.5-27B,openclaw,AIME,aime_18,3,0,0.1023454763611119,15575
Qwen3.5-27B,openclaw,AIME,aime_19,0,1,0.20544798719270707,3197
Qwen3.5-27B,openclaw,AIME,aime_19,1,1,0.19113880507634484,3094
Qwen3.5-27B,openclaw,AIME,aime_19,2,1,0.1112286546103782,3199
Qwen3.5-27B,openclaw,AIME,aime_19,3,1,0.1218704245930235,6488
Qwen3.5-27B,openclaw,AIME,aime_2,0,0,0.00266938385310026,131072
Qwen3.5-27B,openclaw,AIME,aime_2,1,0,0.002709625939619692,131072
Qwen3.5-27B,openclaw,AIME,aime_2,3,0,0.008972523922997858,81925
Qwen3.5-27B,openclaw,AIME,aime_20,0,1,0.15850093221321823,2251
Qwen3.5-27B,openclaw,AIME,aime_20,1,1,0.14319849065260504,2881
Qwen3.5-27B,openclaw,AIME,aime_20,2,1,0.11558456346543838,2854
Qwen3.5-27B,openclaw,AIME,aime_20,3,1,0.13823530534783748,2272
Qwen3.5-27B,openclaw,AIME,aime_21,0,1,0.26022882214788506,2226
Qwen3.5-27B,openclaw,AIME,aime_21,1,0,0.2106796403992426,3671
Qwen3.5-27B,openclaw,AIME,aime_21,2,1,0.30299529445942963,2734
Qwen3.5-27B,openclaw,AIME,aime_22,0,1,0.1598858857824887,7084
Qwen3.5-27B,openclaw,AIME,aime_22,1,1,0.09089543669984626,18926
Qwen3.5-27B,openclaw,AIME,aime_23,0,0,0.39249434087771445,4004
Qwen3.5-27B,openclaw,AIME,aime_23,1,1,0.2148513382483201,2323
Qwen3.5-27B,openclaw,AIME,aime_24,0,1,0.21901846881448828,2434
Qwen3.5-27B,openclaw,AIME,aime_24,1,1,0.1654945481299323,2271
Qwen3.5-27B,openclaw,AIME,aime_24,2,1,0.07755180077136124,11693
Qwen3.5-27B,openclaw,AIME,aime_24,3,1,0.25678745111137885,2308
Qwen3.5-27B,openclaw,AIME,aime_25,0,1,0.19080485244050033,4192
Qwen3.5-27B,openclaw,AIME,aime_25,1,1,0.1369840400516288,5592
Qwen3.5-27B,openclaw,AIME,aime_25,2,1,0.1479678741461796,3970
Qwen3.5-27B,openclaw,AIME,aime_25,3,1,0.18419615450010202,4209
Qwen3.5-27B,openclaw,AIME,aime_26,0,1,0.10128502454813151,14306
Qwen3.5-27B,openclaw,AIME,aime_26,1,1,0.06848567520842497,17889
Qwen3.5-27B,openclaw,AIME,aime_27,0,1,0.12599874887830298,4712
Qwen3.5-27B,openclaw,AIME,aime_27,1,1,0.14298644572536248,6579
Qwen3.5-27B,openclaw,AIME,aime_27,2,1,0.12563516663702878,4712
Qwen3.5-27B,openclaw,AIME,aime_28,0,0,0.43230290271983174,3588
Qwen3.5-27B,openclaw,AIME,aime_28,3,1,0.11580538064938882,16948
Qwen3.5-27B,openclaw,AIME,aime_3,0,1,0.16295706602856092,1931
Qwen3.5-27B,openclaw,AIME,aime_3,1,1,0.15641930113393954,1896
Qwen3.5-27B,openclaw,AIME,aime_3,2,1,0.17288339907771305,1390
Qwen3.5-27B,openclaw,AIME,aime_3,3,1,0.18523095195995518,1608
Qwen3.5-27B,openclaw,AIME,aime_30,0,1,0.2727316440617517,1245
Qwen3.5-27B,openclaw,AIME,aime_30,1,1,0.2112807684409974,1625
Qwen3.5-27B,openclaw,AIME,aime_30,2,1,0.25261206252827206,1273
Qwen3.5-27B,openclaw,AIME,aime_30,3,1,0.25654347937573874,1789
Qwen3.5-27B,openclaw,AIME,aime_4,0,1,0.316453231394227,5822
Qwen3.5-27B,openclaw,AIME,aime_4,1,1,0.2130304154017218,1548
Qwen3.5-27B,openclaw,AIME,aime_4,2,1,0.26242141345986253,2060
Qwen3.5-27B,openclaw,AIME,aime_4,3,1,0.17345521245928056,1831
Qwen3.5-27B,openclaw,AIME,aime_5,0,1,0.16344981455168947,1373
Qwen3.5-27B,openclaw,AIME,aime_5,1,1,0.1624577819698048,1863
Qwen3.5-27B,openclaw,AIME,aime_5,2,1,0.13803131243244612,1295
Qwen3.5-27B,openclaw,AIME,aime_5,3,1,0.1474708890820563,1366
Qwen3.5-27B,openclaw,AIME,aime_6,0,1,0.10828611700499705,2511
Qwen3.5-27B,openclaw,AIME,aime_6,1,1,0.13707436266744594,1949
Qwen3.5-27B,openclaw,AIME,aime_6,2,1,0.1085174427152168,2511
Qwen3.5-27B,openclaw,AIME,aime_6,3,1,0.11378305813975396,2409
Qwen3.5-27B,openclaw,AIME,aime_7,0,1,0.1720509822176695,1796
Qwen3.5-27B,openclaw,AIME,aime_7,1,1,0.11672348946070972,2095
Qwen3.5-27B,openclaw,AIME,aime_7,2,1,0.16794798667763028,1618
Qwen3.5-27B,openclaw,AIME,aime_7,3,1,0.12715119554057436,1820
Qwen3.5-27B,openclaw,AIME,aime_8,0,1,0.09687069582199849,2604
Qwen3.5-27B,openclaw,AIME,aime_8,1,1,0.09892617215171239,3311
Qwen3.5-27B,openclaw,AIME,aime_8,2,1,0.10176618071036009,2861
Qwen3.5-27B,openclaw,AIME,aime_8,3,1,0.15540408733159658,3555
Qwen3.5-27B,openclaw,AIME,aime_9,0,1,0.11176056481810336,11459
Qwen3.5-27B,openclaw,AIME,aime_9,1,1,0.17948516414963483,11311
Qwen3.5-27B,openclaw,AIME,aime_9,2,1,0.10114326188596703,11127
Qwen3.5-27B,openclaw,AIME,aime_9,3,1,0.13220982851903165,10256
Qwen3.5-27B,openclaw,GPQA,gpqa_0,0,1,0.3139365549458475,1051
Qwen3.5-27B,openclaw,GPQA,gpqa_1,0,1,0.3299891855972895,1882
Qwen3.5-27B,openclaw,GPQA,gpqa_10,0,1,0.2793447835890891,3458
Qwen3.5-27B,openclaw,GPQA,gpqa_100,0,0,0.026583323127489736,36994
Qwen3.5-27B,openclaw,GPQA,gpqa_101,0,0,0.026426774856147892,36997
Qwen3.5-27B,openclaw,GPQA,gpqa_102,0,0,0.014908247318511163,36997
Qwen3.5-27B,openclaw,GPQA,gpqa_103,0,0,0.2694338188423879,3870
Qwen3.5-27B,openclaw,GPQA,gpqa_104,0,1,0.4262714785931303,2766
Qwen3.5-27B,openclaw,GPQA,gpqa_105,0,1,0.33549181547581197,1469
Qwen3.5-27B,openclaw,GPQA,gpqa_106,0,0,0.019070147431416395,64777
Qwen3.5-27B,openclaw,GPQA,gpqa_107,0,0,0.4106245093774393,511
Qwen3.5-27B,openclaw,GPQA,gpqa_109,0,0,0.34027341328738053,11309
Qwen3.5-27B,openclaw,GPQA,gpqa_11,0,1,0.21506146907827645,796
Qwen3.5-27B,openclaw,GPQA,gpqa_110,0,0,0.037012256791913514,54424
Qwen3.5-27B,openclaw,GPQA,gpqa_111,0,0,0.3887905119648778,3482
Qwen3.5-27B,openclaw,GPQA,gpqa_113,0,0,0.3502490288728195,1959
Qwen3.5-27B,openclaw,GPQA,gpqa_114,0,1,0.19514877078242543,1497
Qwen3.5-27B,openclaw,GPQA,gpqa_115,0,1,0.40252927644825715,4161
Qwen3.5-27B,openclaw,GPQA,gpqa_117,0,1,0.312496458382379,3412
Qwen3.5-27B,openclaw,GPQA,gpqa_118,0,1,0.3841608817791287,2029
Qwen3.5-27B,openclaw,GPQA,gpqa_119,0,1,0.29603039092461225,4291
Qwen3.5-27B,openclaw,GPQA,gpqa_12,0,0,0.029965770926093486,24937
Qwen3.5-27B,openclaw,GPQA,gpqa_121,0,1,0.23827331724574088,1049
Qwen3.5-27B,openclaw,GPQA,gpqa_122,0,1,0.37929462353930615,1045
Qwen3.5-27B,openclaw,GPQA,gpqa_123,0,0,0.3501531737218936,4749
Qwen3.5-27B,openclaw,GPQA,gpqa_124,0,0,0.06071844252299387,13762
Qwen3.5-27B,openclaw,GPQA,gpqa_125,0,0,0.09290804208296574,66646
Qwen3.5-27B,openclaw,GPQA,gpqa_126,0,1,0.2885125391697404,1981
Qwen3.5-27B,openclaw,GPQA,gpqa_127,0,0,0.032079095820660444,13761
Qwen3.5-27B,openclaw,GPQA,gpqa_128,0,0,0.10246303236351745,17382
Qwen3.5-27B,openclaw,GPQA,gpqa_129,0,0,0.031502480925111785,62536
Qwen3.5-27B,openclaw,GPQA,gpqa_13,0,1,0.13581754307898095,1209
Qwen3.5-27B,openclaw,GPQA,gpqa_130,0,0,0.04057791925417629,17382
Qwen3.5-27B,openclaw,GPQA,gpqa_131,0,0,0.03593573610129342,84104
Qwen3.5-27B,openclaw,GPQA,gpqa_132,0,1,0.10768370066627027,5417
Qwen3.5-27B,openclaw,GPQA,gpqa_134,0,0,0.024560486071507848,52330
Qwen3.5-27B,openclaw,GPQA,gpqa_135,0,0,0.031396646112539964,85143
Qwen3.5-27B,openclaw,GPQA,gpqa_136,0,0,0.058546237258201475,59643
Qwen3.5-27B,openclaw,GPQA,gpqa_137,0,1,0.2569668850448994,5014
Qwen3.5-27B,openclaw,GPQA,gpqa_138,0,1,0.27628244634709853,5489
Qwen3.5-27B,openclaw,GPQA,gpqa_139,0,0,0.032903099374184286,52065
Qwen3.5-27B,openclaw,GPQA,gpqa_140,0,0,0.02840936774881989,79827
Qwen3.5-27B,openclaw,GPQA,gpqa_141,0,1,0.3213225498577078,4573
Qwen3.5-27B,openclaw,GPQA,gpqa_142,0,1,0.3359328634008529,10329
Qwen3.5-27B,openclaw,GPQA,gpqa_143,0,0,0.04299943807823541,53483
Qwen3.5-27B,openclaw,GPQA,gpqa_144,0,1,0.282814263493689,3634
Qwen3.5-27B,openclaw,GPQA,gpqa_145,0,1,0.37065862795328264,5026
Qwen3.5-27B,openclaw,GPQA,gpqa_146,0,1,0.23640419937602142,4008
Qwen3.5-27B,openclaw,GPQA,gpqa_147,0,1,0.14808753188645388,4244
Qwen3.5-27B,openclaw,GPQA,gpqa_148,0,1,0.20383873084746673,3396
Qwen3.5-27B,openclaw,GPQA,gpqa_149,0,0,0.18634232318619065,3795
Qwen3.5-27B,openclaw,GPQA,gpqa_15,0,1,0.37532706009790906,1343
Qwen3.5-27B,openclaw,GPQA,gpqa_150,0,1,0.06432073932177765,5793
Qwen3.5-27B,openclaw,GPQA,gpqa_151,0,1,0.1908739946274325,2867
Qwen3.5-27B,openclaw,GPQA,gpqa_152,0,1,0.17457969603347057,2755
Qwen3.5-27B,openclaw,GPQA,gpqa_153,0,1,0.35747789497971955,2633
Qwen3.5-27B,openclaw,GPQA,gpqa_154,0,1,0.21881136829054357,1553
Qwen3.5-27B,openclaw,GPQA,gpqa_155,0,1,0.23936644755204284,1739
Qwen3.5-27B,openclaw,GPQA,gpqa_156,0,1,0.21937659426371908,1237
Qwen3.5-27B,openclaw,GPQA,gpqa_157,0,1,0.27395586219132256,1012
Qwen3.5-27B,openclaw,GPQA,gpqa_158,0,1,0.25665721170759925,2334
Qwen3.5-27B,openclaw,GPQA,gpqa_159,0,1,0.10001998929683537,2165
Qwen3.5-27B,openclaw,GPQA,gpqa_16,0,1,0.35237752378565107,1260
Qwen3.5-27B,openclaw,GPQA,gpqa_160,0,0,0.01017312035906964,68389
Qwen3.5-27B,openclaw,GPQA,gpqa_161,0,1,0.2794556137110305,1551
Qwen3.5-27B,openclaw,GPQA,gpqa_162,0,0,0.028389973993731093,38972
Qwen3.5-27B,openclaw,GPQA,gpqa_163,0,1,0.16512659211903188,906
Qwen3.5-27B,openclaw,GPQA,gpqa_164,0,1,0.10877287628429647,1415
Qwen3.5-27B,openclaw,GPQA,gpqa_167,0,0,0.14240398472017385,868
Qwen3.5-27B,openclaw,GPQA,gpqa_168,0,1,0.11717474249374989,1484
Qwen3.5-27B,openclaw,GPQA,gpqa_169,0,1,0.3788855937735867,892
Qwen3.5-27B,openclaw,GPQA,gpqa_17,0,1,0.1625081724065001,1578
Qwen3.5-27B,openclaw,GPQA,gpqa_170,0,1,0.1278377672364255,980
Qwen3.5-27B,openclaw,GPQA,gpqa_172,0,0,0.11023920447728076,7542
Qwen3.5-27B,openclaw,GPQA,gpqa_173,0,0,0.0841590140264,7808
Qwen3.5-27B,openclaw,GPQA,gpqa_174,0,1,0.11240188961188567,6670
Qwen3.5-27B,openclaw,GPQA,gpqa_175,0,1,0.047686392243662015,5808
Qwen3.5-27B,openclaw,GPQA,gpqa_176,0,1,0.3563425983624981,1154
Qwen3.5-27B,openclaw,GPQA,gpqa_178,0,1,0.1714360946762902,2459
Qwen3.5-27B,openclaw,GPQA,gpqa_179,0,1,0.2394297879202122,1326
Qwen3.5-27B,openclaw,GPQA,gpqa_18,0,0,0.03721428352270997,27044
Qwen3.5-27B,openclaw,GPQA,gpqa_180,0,1,0.1265123593014251,1176
Qwen3.5-27B,openclaw,GPQA,gpqa_181,0,1,0.13666204104820473,1865
Qwen3.5-27B,openclaw,GPQA,gpqa_182,0,1,0.17052941472751235,1926
Qwen3.5-27B,openclaw,GPQA,gpqa_183,0,1,0.11419027442280509,1590
Qwen3.5-27B,openclaw,GPQA,gpqa_184,0,1,0.21556458878863133,969
Qwen3.5-27B,openclaw,GPQA,gpqa_185,0,1,0.3617763806654615,3847
Qwen3.5-27B,openclaw,GPQA,gpqa_186,0,1,0.10685700434196416,1297
Qwen3.5-27B,openclaw,GPQA,gpqa_187,0,1,0.1737775959882227,784
Qwen3.5-27B,openclaw,GPQA,gpqa_19,0,1,0.13187373484276074,1330
Qwen3.5-27B,openclaw,GPQA,gpqa_190,0,0,0.16712552422893154,589
Qwen3.5-27B,openclaw,GPQA,gpqa_191,0,1,0.21971133826560343,885
Qwen3.5-27B,openclaw,GPQA,gpqa_192,0,0,0.2525162289754785,301
Qwen3.5-27B,openclaw,GPQA,gpqa_193,0,1,0.12372018676740905,1634
Qwen3.5-27B,openclaw,GPQA,gpqa_194,0,1,0.22267480070921408,1259
Qwen3.5-27B,openclaw,GPQA,gpqa_195,0,1,0.21466260431532677,2713
Qwen3.5-27B,openclaw,GPQA,gpqa_196,0,0,0.03797717157259884,44512
Qwen3.5-27B,openclaw,GPQA,gpqa_197,0,1,0.15181979376520502,1392
Qwen3.5-27B,openclaw,GPQA,gpqa_2,0,0,0.02950367118265829,30053
Qwen3.5-27B,openclaw,GPQA,gpqa_20,0,1,0.33099718910225423,2331
Qwen3.5-27B,openclaw,GPQA,gpqa_21,0,1,0.1869822926273388,1932
Qwen3.5-27B,openclaw,GPQA,gpqa_22,0,0,0.02264138193043987,22527
Qwen3.5-27B,openclaw,GPQA,gpqa_23,0,1,0.259749757404111,1360
Qwen3.5-27B,openclaw,GPQA,gpqa_24,0,0,0.047817816627008305,19438
Qwen3.5-27B,openclaw,GPQA,gpqa_25,0,1,0.155375318684138,1044
Qwen3.5-27B,openclaw,GPQA,gpqa_26,0,1,0.3638895952173819,4404
Qwen3.5-27B,openclaw,GPQA,gpqa_27,0,1,0.32870892078862224,1353
Qwen3.5-27B,openclaw,GPQA,gpqa_28,0,0,0.04494823600057965,37677
Qwen3.5-27B,openclaw,GPQA,gpqa_29,0,1,0.3800583120298214,942
Qwen3.5-27B,openclaw,GPQA,gpqa_3,0,1,0.2569250042933508,1203
Qwen3.5-27B,openclaw,GPQA,gpqa_30,0,1,0.2828276007109793,2801
Qwen3.5-27B,openclaw,GPQA,gpqa_31,0,0,0.33940128445873036,3879
Qwen3.5-27B,openclaw,GPQA,gpqa_32,0,1,0.2508239634604101,1463
Qwen3.5-27B,openclaw,GPQA,gpqa_33,0,1,0.30459327577530104,965
Qwen3.5-27B,openclaw,GPQA,gpqa_34,0,1,0.22185628545615316,1137
Qwen3.5-27B,openclaw,GPQA,gpqa_35,0,1,0.2216196987580817,955
Qwen3.5-27B,openclaw,GPQA,gpqa_36,0,1,0.19862484793739515,1205
Qwen3.5-27B,openclaw,GPQA,gpqa_37,0,1,0.23591765074305976,1190
Qwen3.5-27B,openclaw,GPQA,gpqa_38,0,0,0.02019097343873504,31970
Qwen3.5-27B,openclaw,GPQA,gpqa_39,0,1,0.38149198897827086,959
Qwen3.5-27B,openclaw,GPQA,gpqa_4,0,1,0.17824050757929205,1597
Qwen3.5-27B,openclaw,GPQA,gpqa_40,0,1,0.4018412470408212,1985
Qwen3.5-27B,openclaw,GPQA,gpqa_41,0,1,0.173102323144569,3627
Qwen3.5-27B,openclaw,GPQA,gpqa_42,0,0,0.42144219299886615,1323
Qwen3.5-27B,openclaw,GPQA,gpqa_43,0,0,0.29965018131067434,3907
Qwen3.5-27B,openclaw,GPQA,gpqa_44,0,1,0.20701569215678314,1266
Qwen3.5-27B,openclaw,GPQA,gpqa_45,0,1,0.21176092810345112,896
Qwen3.5-27B,openclaw,GPQA,gpqa_46,0,1,0.3168090985321694,3054
Qwen3.5-27B,openclaw,GPQA,gpqa_47,0,1,0.332017141058767,895
Qwen3.5-27B,openclaw,GPQA,gpqa_48,0,1,0.37489168666218703,916
Qwen3.5-27B,openclaw,GPQA,gpqa_49,0,1,0.24510367186966012,1448
Qwen3.5-27B,openclaw,GPQA,gpqa_5,0,1,0.4281143776447704,3013
Qwen3.5-27B,openclaw,GPQA,gpqa_50,0,1,0.291306474900613,2534
Qwen3.5-27B,openclaw,GPQA,gpqa_51,0,1,0.19464826797527948,1203
Qwen3.5-27B,openclaw,GPQA,gpqa_52,0,1,0.35054746234701684,985
Qwen3.5-27B,openclaw,GPQA,gpqa_53,0,1,0.14351058738534356,1234
Qwen3.5-27B,openclaw,GPQA,gpqa_54,0,1,0.16486723277483922,1208
Qwen3.5-27B,openclaw,GPQA,gpqa_55,0,1,0.43511166443842964,1635
Qwen3.5-27B,openclaw,GPQA,gpqa_56,0,1,0.16286510828515585,1232
Qwen3.5-27B,openclaw,GPQA,gpqa_57,0,1,0.30703378503394024,973
Qwen3.5-27B,openclaw,GPQA,gpqa_58,0,1,0.2431465099245639,8415
Qwen3.5-27B,openclaw,GPQA,gpqa_59,0,0,0.10172081872095488,19166
Qwen3.5-27B,openclaw,GPQA,gpqa_6,0,1,0.21843769930279547,2368
Qwen3.5-27B,openclaw,GPQA,gpqa_60,0,1,0.49732934295006637,4004
Qwen3.5-27B,openclaw,GPQA,gpqa_61,0,1,0.31278286810924566,2407
Qwen3.5-27B,openclaw,GPQA,gpqa_62,0,1,0.330426169286069,2742
Qwen3.5-27B,openclaw,GPQA,gpqa_63,0,1,0.2706781404732278,1818
Qwen3.5-27B,openclaw,GPQA,gpqa_64,0,0,0.49895073730232165,1521
Qwen3.5-27B,openclaw,GPQA,gpqa_65,0,0,0.03490873556086615,34307
Qwen3.5-27B,openclaw,GPQA,gpqa_66,0,1,0.3316498918619055,940
Qwen3.5-27B,openclaw,GPQA,gpqa_67,0,1,0.3282653900470043,1453
Qwen3.5-27B,openclaw,GPQA,gpqa_68,0,1,0.336647300258996,961
Qwen3.5-27B,openclaw,GPQA,gpqa_69,0,0,0.011327099473669363,38718
Qwen3.5-27B,openclaw,GPQA,gpqa_7,0,1,0.28132581331022966,1282
Qwen3.5-27B,openclaw,GPQA,gpqa_70,0,0,0.42867770399410227,1166
Qwen3.5-27B,openclaw,GPQA,gpqa_71,0,1,0.31699608007138497,1954
Qwen3.5-27B,openclaw,GPQA,gpqa_72,0,1,0.3411767492583164,960
Qwen3.5-27B,openclaw,GPQA,gpqa_73,0,1,0.34227925725630637,876
Qwen3.5-27B,openclaw,GPQA,gpqa_74,0,1,0.2082823616296693,1363
Qwen3.5-27B,openclaw,GPQA,gpqa_75,0,1,0.22539280615904372,1279
Qwen3.5-27B,openclaw,GPQA,gpqa_76,0,1,0.21098935482043388,5371
Qwen3.5-27B,openclaw,GPQA,gpqa_77,0,1,0.272887888730146,5085
Qwen3.5-27B,openclaw,GPQA,gpqa_78,0,1,0.2747128381818966,3263
Qwen3.5-27B,openclaw,GPQA,gpqa_79,0,0,0.34237570782302335,1484
Qwen3.5-27B,openclaw,GPQA,gpqa_8,0,1,0.2296389191739134,1426
Qwen3.5-27B,openclaw,GPQA,gpqa_80,0,1,0.2315628900865849,1290
Qwen3.5-27B,openclaw,GPQA,gpqa_81,0,0,0.013534677036904207,65536
Qwen3.5-27B,openclaw,GPQA,gpqa_82,0,1,0.35769223996834365,2335
Qwen3.5-27B,openclaw,GPQA,gpqa_83,0,0,0.16937189887974272,15731
Qwen3.5-27B,openclaw,GPQA,gpqa_84,0,1,0.2689058029848064,1539
Qwen3.5-27B,openclaw,GPQA,gpqa_85,0,1,0.37619564811384204,1396
Qwen3.5-27B,openclaw,GPQA,gpqa_86,0,0,0.4912522621534428,2103
Qwen3.5-27B,openclaw,GPQA,gpqa_87,0,0,0.348121709328153,1256
Qwen3.5-27B,openclaw,GPQA,gpqa_88,0,1,0.2134767858369051,13718
Qwen3.5-27B,openclaw,GPQA,gpqa_89,0,0,0.28555145328958764,2105
Qwen3.5-27B,openclaw,GPQA,gpqa_9,0,0,0.0404943471064899,29636
Qwen3.5-27B,openclaw,GPQA,gpqa_90,0,0,0.09465579955752271,6984
Qwen3.5-27B,openclaw,GPQA,gpqa_91,0,1,0.17817249727875972,2627
Qwen3.5-27B,openclaw,GPQA,gpqa_92,0,1,0.21225581052445786,1662
Qwen3.5-27B,openclaw,GPQA,gpqa_93,0,1,0.1465349681999294,4123
Qwen3.5-27B,openclaw,GPQA,gpqa_94,0,0,0.010707468854967267,65536
Qwen3.5-27B,openclaw,GPQA,gpqa_95,0,1,0.11255234587347134,3896
Qwen3.5-27B,openclaw,GPQA,gpqa_96,0,0,0.016213995496511046,65536
Qwen3.5-27B,openclaw,GPQA,gpqa_97,0,1,0.1954786471236506,5348
Qwen3.5-27B,openclaw,GPQA,gpqa_98,0,1,0.349845809828673,2697
Qwen3.5-27B,openclaw,GPQA,gpqa_99,0,1,0.33635547685382405,1386
Qwen3.5-27B,openclaw,HLE,hle_1,0,0,0.2265078348654683,988
Qwen3.5-27B,openclaw,HLE,hle_1008,0,0,0.40559969158473913,1573
Qwen3.5-27B,openclaw,HLE,hle_1009,0,1,0.33852597112065336,2708
Qwen3.5-27B,openclaw,HLE,hle_1012,0,0,0.18768454091674786,2256
Qwen3.5-27B,openclaw,HLE,hle_1019,0,0,0.41961771112222485,1183
Qwen3.5-27B,openclaw,HLE,hle_1021,0,1,0.21893771391169797,913
Qwen3.5-27B,openclaw,HLE,hle_1022,0,0,0.2447040882243796,3238
Qwen3.5-27B,openclaw,HLE,hle_1023,0,0,0.05027716208310957,18163
Qwen3.5-27B,openclaw,HLE,hle_1024,0,0,0.3718758070380378,996
Qwen3.5-27B,openclaw,HLE,hle_1031,0,0,0.38940750997340695,2138
Qwen3.5-27B,openclaw,HLE,hle_1038,0,0,0.43452947424298155,1914
Qwen3.5-27B,openclaw,HLE,hle_1045,0,0,0.21480940474121055,10984
Qwen3.5-27B,openclaw,HLE,hle_1046,0,0,0.026847988281118753,17443
Qwen3.5-27B,openclaw,HLE,hle_1047,0,0,0.053088268720078095,17674
Qwen3.5-27B,openclaw,HLE,hle_1048,0,0,0.04784869738259201,17869
Qwen3.5-27B,openclaw,HLE,hle_1049,0,0,0.32644382845530223,4637
Qwen3.5-27B,openclaw,HLE,hle_1050,0,0,0.19111093076315308,8156
Qwen3.5-27B,openclaw,HLE,hle_1051,0,0,0.03991340382661897,17796
Qwen3.5-27B,openclaw,HLE,hle_1052,0,0,0.05116875168117131,17874
Qwen3.5-27B,openclaw,HLE,hle_1054,0,0,0.39301794553437147,2200
Qwen3.5-27B,openclaw,HLE,hle_1055,0,0,0.502490309631712,1451
Qwen3.5-27B,openclaw,HLE,hle_1056,0,0,0.23342156702193065,1870
Qwen3.5-27B,openclaw,HLE,hle_1057,0,0,0.16968966991970572,6321
Qwen3.5-27B,openclaw,HLE,hle_1058,0,0,0.4500350154744878,780
Qwen3.5-27B,openclaw,HLE,hle_1066,0,0,0.38843835743226146,890
Qwen3.5-27B,openclaw,HLE,hle_1067,0,0,0.41653149302031167,1107
Qwen3.5-27B,openclaw,HLE,hle_1070,0,0,0.042241227710740806,18062
Qwen3.5-27B,openclaw,HLE,hle_1071,0,1,0.492467417050065,1088
Qwen3.5-27B,openclaw,HLE,hle_1073,0,0,0.07809910631613512,3272
Qwen3.5-27B,openclaw,HLE,hle_1074,0,1,0.4947413649578185,1158
Qwen3.5-27B,openclaw,HLE,hle_1077,0,1,0.4088599494810024,947
Qwen3.5-27B,openclaw,HLE,hle_1079,0,0,0.037583872932269974,4579
Qwen3.5-27B,openclaw,HLE,hle_108,0,0,0.026287527677806257,12117
Qwen3.5-27B,openclaw,HLE,hle_1080,0,1,0.398174248795039,1582
Qwen3.5-27B,openclaw,HLE,hle_1081,0,0,0.41626628792693815,854
Qwen3.5-27B,openclaw,HLE,hle_1083,0,0,0.06446630047882512,4684
Qwen3.5-27B,openclaw,HLE,hle_1084,0,1,0.48676749715951423,1490
Qwen3.5-27B,openclaw,HLE,hle_1088,0,0,0.13201725269656098,4769
Qwen3.5-27B,openclaw,HLE,hle_1089,0,1,0.40427954416452205,1274
Qwen3.5-27B,openclaw,HLE,hle_109,0,0,0.44495245925235083,941
Qwen3.5-27B,openclaw,HLE,hle_1098,0,0,0.42558265232443593,1512
Qwen3.5-27B,openclaw,HLE,hle_11,0,0,0.09382464867081011,3698
Qwen3.5-27B,openclaw,HLE,hle_1108,0,0,0.056801947722348076,12347
Qwen3.5-27B,openclaw,HLE,hle_1109,0,0,0.05334017769005298,12729
Qwen3.5-27B,openclaw,HLE,hle_111,0,0,0.03809480814436203,12028
Qwen3.5-27B,openclaw,HLE,hle_1116,0,0,0.07018135392904096,18247
Qwen3.5-27B,openclaw,HLE,hle_1119,0,0,0.04842963942769751,18812
Qwen3.5-27B,openclaw,HLE,hle_112,0,1,0.22245673238204583,4002
Qwen3.5-27B,openclaw,HLE,hle_1120,0,0,0.26837336341099804,4404
Qwen3.5-27B,openclaw,HLE,hle_1126,0,0,0.14710006269261955,3728
Qwen3.5-27B,openclaw,HLE,hle_1127,0,0,0.24507135326226495,2596
Qwen3.5-27B,openclaw,HLE,hle_1128,0,0,0.2202787114047202,1741
Qwen3.5-27B,openclaw,HLE,hle_1129,0,1,0.4780680553662381,3082
Qwen3.5-27B,openclaw,HLE,hle_1130,0,0,0.2443619573759147,3164
Qwen3.5-27B,openclaw,HLE,hle_1133,0,0,0.04570543439475349,5111
Qwen3.5-27B,openclaw,HLE,hle_1135,0,0,0.44897116601723785,1605
Qwen3.5-27B,openclaw,HLE,hle_1137,0,1,0.3080713823149001,534
Qwen3.5-27B,openclaw,HLE,hle_1138,0,0,0.24149061696064364,1847
Qwen3.5-27B,openclaw,HLE,hle_1139,0,0,0.24579471285557417,5874
Qwen3.5-27B,openclaw,HLE,hle_114,0,0,0.07896021888368206,13263
Qwen3.5-27B,openclaw,HLE,hle_115,0,0,0.4537454345074449,1475
Qwen3.5-27B,openclaw,HLE,hle_1150,0,0,0.046494273656415994,6620
Qwen3.5-27B,openclaw,HLE,hle_1153,0,0,0.22221040019970353,6649
Qwen3.5-27B,openclaw,HLE,hle_1159,0,0,0.030583715498536383,22856
Qwen3.5-27B,openclaw,HLE,hle_1166,0,0,0.028537767639151966,22969
Qwen3.5-27B,openclaw,HLE,hle_117,0,0,0.027304471362680393,17105
Qwen3.5-27B,openclaw,HLE,hle_1174,0,0,0.40782195899110213,2274
Qwen3.5-27B,openclaw,HLE,hle_1177,0,0,0.4320173567117179,832
Qwen3.5-27B,openclaw,HLE,hle_1179,0,0,0.09011454814193717,3491
Qwen3.5-27B,openclaw,HLE,hle_118,0,0,0.39983743827632534,1103
Qwen3.5-27B,openclaw,HLE,hle_1182,0,0,0.06391814991728531,2739
Qwen3.5-27B,openclaw,HLE,hle_1188,0,0,0.43316167750970025,1123
Qwen3.5-27B,openclaw,HLE,hle_119,0,0,0.035999962744665506,18380
Qwen3.5-27B,openclaw,HLE,hle_1192,0,0,0.11427615360635526,8592
Qwen3.5-27B,openclaw,HLE,hle_1196,0,0,0.4443373986767319,1534
Qwen3.5-27B,openclaw,HLE,hle_1198,0,1,0.13985462295707807,9729
Qwen3.5-27B,openclaw,HLE,hle_120,0,1,0.2827643630621953,2403
Qwen3.5-27B,openclaw,HLE,hle_1207,0,0,0.04639434986336168,24298
Qwen3.5-27B,openclaw,HLE,hle_1215,0,0,0.1375686741434769,11233
Qwen3.5-27B,openclaw,HLE,hle_1219,0,0,0.45419861390807303,1045
Qwen3.5-27B,openclaw,HLE,hle_1220,0,0,0.4252759503916207,1407
Qwen3.5-27B,openclaw,HLE,hle_123,0,0,0.06197160382871017,7596
Qwen3.5-27B,openclaw,HLE,hle_1231,0,0,0.06516311786703528,18872
Qwen3.5-27B,openclaw,HLE,hle_1234,0,0,0.5117127345052652,2540
Qwen3.5-27B,openclaw,HLE,hle_1235,0,0,0.09382113948598227,3048
Qwen3.5-27B,openclaw,HLE,hle_1236,0,0,0.09447168842358582,9472
Qwen3.5-27B,openclaw,HLE,hle_1240,0,0,0.04485025770735299,20564
Qwen3.5-27B,openclaw,HLE,hle_1241,0,0,0.3324376958379519,653
Qwen3.5-27B,openclaw,HLE,hle_1246,0,0,0.08025779650104581,23582
Qwen3.5-27B,openclaw,HLE,hle_1249,0,1,0.5656487433053452,1538
Qwen3.5-27B,openclaw,HLE,hle_126,0,0,0.09706406103531721,3497
Qwen3.5-27B,openclaw,HLE,hle_1260,0,0,0.3931256873192415,1803
Qwen3.5-27B,openclaw,HLE,hle_1263,0,1,0.3890636399310856,1401
Qwen3.5-27B,openclaw,HLE,hle_1269,0,0,0.16095503357115243,2182
Qwen3.5-27B,openclaw,HLE,hle_1272,0,0,0.4761187509481545,923
Qwen3.5-27B,openclaw,HLE,hle_1276,0,0,0.3545209266407515,2217
Qwen3.5-27B,openclaw,HLE,hle_1285,0,0,0.4324513434042803,1405
Qwen3.5-27B,openclaw,HLE,hle_1290,0,0,0.37988581471547334,1029
Qwen3.5-27B,openclaw,HLE,hle_1292,0,0,0.07099752831534195,4360
Qwen3.5-27B,openclaw,HLE,hle_1298,0,0,0.20462072849145996,6015
Qwen3.5-27B,openclaw,HLE,hle_13,0,0,0.053347303337738634,11006
Qwen3.5-27B,openclaw,HLE,hle_1301,0,0,0.03384908573631094,23225
Qwen3.5-27B,openclaw,HLE,hle_1308,0,0,0.42967638694903415,7470
Qwen3.5-27B,openclaw,HLE,hle_1309,0,0,0.3619285651652198,951
Qwen3.5-27B,openclaw,HLE,hle_131,0,0,0.5481764698171302,1208
Qwen3.5-27B,openclaw,HLE,hle_1312,0,0,0.021524372368710375,24308
Qwen3.5-27B,openclaw,HLE,hle_1315,0,0,0.4133782144515146,768
Qwen3.5-27B,openclaw,HLE,hle_1316,0,0,0.40003025980705076,1004
Qwen3.5-27B,openclaw,HLE,hle_1317,0,0,0.30403544771089375,4075
Qwen3.5-27B,openclaw,HLE,hle_1325,0,0,0.029288036794092292,24456
Qwen3.5-27B,openclaw,HLE,hle_1330,0,1,0.5059482050154809,1306
Qwen3.5-27B,openclaw,HLE,hle_1332,0,0,0.24071195397423994,3550
Qwen3.5-27B,openclaw,HLE,hle_1333,0,0,0.4640079740013483,2322
Qwen3.5-27B,openclaw,HLE,hle_1334,0,0,0.42313798019848514,1316
Qwen3.5-27B,openclaw,HLE,hle_1339,0,0,0.4189415686071789,1405
Qwen3.5-27B,openclaw,HLE,hle_1340,0,1,0.4016544556028353,1963
Qwen3.5-27B,openclaw,HLE,hle_1341,0,0,0.39523953676125756,1621
Qwen3.5-27B,openclaw,HLE,hle_1342,0,0,0.3994729288802363,1038
Qwen3.5-27B,openclaw,HLE,hle_1344,0,0,0.3872479348442287,1113
Qwen3.5-27B,openclaw,HLE,hle_1347,0,0,0.2677790350797454,876
Qwen3.5-27B,openclaw,HLE,hle_136,0,0,0.25282210804533867,9259
Qwen3.5-27B,openclaw,HLE,hle_1365,0,0,0.03910159800277443,23165
Qwen3.5-27B,openclaw,HLE,hle_1370,0,0,0.0701842353936611,6900
Qwen3.5-27B,openclaw,HLE,hle_1376,0,0,0.33974507178830526,1078
Qwen3.5-27B,openclaw,HLE,hle_1379,0,1,0.4031142517375153,1882
Qwen3.5-27B,openclaw,HLE,hle_138,0,0,0.21374660635674622,9587
Qwen3.5-27B,openclaw,HLE,hle_1380,0,0,0.482552337519665,972
Qwen3.5-27B,openclaw,HLE,hle_1381,0,0,0.4045491463988544,818
Qwen3.5-27B,openclaw,HLE,hle_1382,0,0,0.03125419751514764,23758
Qwen3.5-27B,openclaw,HLE,hle_1383,0,0,0.271576170540056,1105
Qwen3.5-27B,openclaw,HLE,hle_1384,0,0,0.237093748737383,3174
Qwen3.5-27B,openclaw,HLE,hle_1385,0,0,0.49850003824290046,1359
Qwen3.5-27B,openclaw,HLE,hle_1388,0,0,0.017732664101475667,24590
Qwen3.5-27B,openclaw,HLE,hle_1389,0,1,0.43620992680878445,1004
Qwen3.5-27B,openclaw,HLE,hle_1390,0,0,0.2771743335947034,1554
Qwen3.5-27B,openclaw,HLE,hle_1391,0,0,0.37707311133608384,1609
Qwen3.5-27B,openclaw,HLE,hle_1392,0,0,0.2415962293551476,1704
Qwen3.5-27B,openclaw,HLE,hle_1393,0,0,0.48691138728210714,1419
Qwen3.5-27B,openclaw,HLE,hle_1394,0,0,0.021428373566622128,24364
Qwen3.5-27B,openclaw,HLE,hle_1395,0,0,0.392899950320943,1038
Qwen3.5-27B,openclaw,HLE,hle_1396,0,0,0.3863572665373126,1714
Qwen3.5-27B,openclaw,HLE,hle_1397,0,0,0.4805901165800892,1286
Qwen3.5-27B,openclaw,HLE,hle_1399,0,0,0.05388341485792646,24370
Qwen3.5-27B,openclaw,HLE,hle_14,0,0,0.11502054986421538,8326
Qwen3.5-27B,openclaw,HLE,hle_1401,0,0,0.39446954741793494,1338
Qwen3.5-27B,openclaw,HLE,hle_1407,0,0,0.4004455820640373,2380
Qwen3.5-27B,openclaw,HLE,hle_141,0,1,0.40430660655983813,1178
Qwen3.5-27B,openclaw,HLE,hle_1415,0,1,0.4551830476951374,999
Qwen3.5-27B,openclaw,HLE,hle_1419,0,0,0.36046036332516074,1014
Qwen3.5-27B,openclaw,HLE,hle_142,0,0,0.34165002292871116,1066
Qwen3.5-27B,openclaw,HLE,hle_1420,0,0,0.3291054474072266,1059
Qwen3.5-27B,openclaw,HLE,hle_1423,0,0,0.03882528502060671,12210
Qwen3.5-27B,openclaw,HLE,hle_1424,0,0,0.5135321880547563,937
Qwen3.5-27B,openclaw,HLE,hle_1433,0,0,0.15742458383094787,3436
Qwen3.5-27B,openclaw,HLE,hle_1436,0,0,0.43125977310086144,3488
Qwen3.5-27B,openclaw,HLE,hle_144,0,0,0.03054834104862539,16990
Qwen3.5-27B,openclaw,HLE,hle_1444,0,0,0.3374440200606074,2265
Qwen3.5-27B,openclaw,HLE,hle_1446,0,0,0.17124640656422982,7261
Qwen3.5-27B,openclaw,HLE,hle_145,0,0,0.22159852752757558,1115
Qwen3.5-27B,openclaw,HLE,hle_1450,0,0,0.038914381717717,23393
Qwen3.5-27B,openclaw,HLE,hle_1452,0,0,0.03178851758659148,23914
Qwen3.5-27B,openclaw,HLE,hle_1454,0,0,0.03938263982628479,23873
Qwen3.5-27B,openclaw,HLE,hle_1457,0,0,0.053669612555774196,23016
Qwen3.5-27B,openclaw,HLE,hle_1458,0,0,0.02103580923282644,23018
Qwen3.5-27B,openclaw,HLE,hle_1459,0,0,0.11414235045616908,2948
Qwen3.5-27B,openclaw,HLE,hle_1460,0,0,0.3293052787011402,1289
Qwen3.5-27B,openclaw,HLE,hle_1462,0,0,0.35000137819576055,1170
Qwen3.5-27B,openclaw,HLE,hle_1463,0,1,0.3277348029974209,1987
Qwen3.5-27B,openclaw,HLE,hle_1467,0,0,0.1849250378593279,10454
Qwen3.5-27B,openclaw,HLE,hle_1476,0,0,0.1111198408591959,2594
Qwen3.5-27B,openclaw,HLE,hle_1481,0,0,0.22928037668493226,1044
Qwen3.5-27B,openclaw,HLE,hle_1487,0,0,0.049182227815757366,21409
Qwen3.5-27B,openclaw,HLE,hle_1488,0,0,0.21716663514632406,3207
Qwen3.5-27B,openclaw,HLE,hle_1489,0,1,0.598970122305857,1989
Qwen3.5-27B,openclaw,HLE,hle_1494,0,1,0.4028541119831412,3260
Qwen3.5-27B,openclaw,HLE,hle_1502,0,1,0.39315396398605046,1470
Qwen3.5-27B,openclaw,HLE,hle_1504,0,0,0.35323283164852504,1512
Qwen3.5-27B,openclaw,HLE,hle_1505,0,1,0.340098938806896,1086
Qwen3.5-27B,openclaw,HLE,hle_1509,0,0,0.06550874984870939,8979
Qwen3.5-27B,openclaw,HLE,hle_1511,0,0,0.41474113750805364,1407
Qwen3.5-27B,openclaw,HLE,hle_1512,0,0,0.10701474449392494,1934
Qwen3.5-27B,openclaw,HLE,hle_1513,0,0,0.564438682891732,833
Qwen3.5-27B,openclaw,HLE,hle_1517,0,1,0.26532778859497586,3846
Qwen3.5-27B,openclaw,HLE,hle_1518,0,0,0.45144953198859045,1986
Qwen3.5-27B,openclaw,HLE,hle_1519,0,0,0.025197243033853334,21799
Qwen3.5-27B,openclaw,HLE,hle_1520,0,0,0.26768309254981204,2983
Qwen3.5-27B,openclaw,HLE,hle_1522,0,0,0.03849136271871577,10687
Qwen3.5-27B,openclaw,HLE,hle_1524,0,0,0.4356782019241891,1578
Qwen3.5-27B,openclaw,HLE,hle_1528,0,0,0.043716592829121645,23978
Qwen3.5-27B,openclaw,HLE,hle_1530,0,1,0.3232984704353899,1387
Qwen3.5-27B,openclaw,HLE,hle_1534,0,0,0.4985119505846629,1932
Qwen3.5-27B,openclaw,HLE,hle_1536,0,1,0.3751793780965483,1995
Qwen3.5-27B,openclaw,HLE,hle_1546,0,0,0.5785978739995876,2107
Qwen3.5-27B,openclaw,HLE,hle_1547,0,0,0.38102462371006796,1688
Qwen3.5-27B,openclaw,HLE,hle_155,0,0,0.02608674663894563,19696
Qwen3.5-27B,openclaw,HLE,hle_1553,0,0,0.35925163109342545,996
Qwen3.5-27B,openclaw,HLE,hle_1563,0,0,0.030033686917320942,24010
Qwen3.5-27B,openclaw,HLE,hle_1565,0,0,0.506148748587898,1204
Qwen3.5-27B,openclaw,HLE,hle_1567,0,0,0.03195520776824775,23675
Qwen3.5-27B,openclaw,HLE,hle_1568,0,0,0.5158020833822378,1387
Qwen3.5-27B,openclaw,HLE,hle_1569,0,1,0.22889348585910227,2131
Qwen3.5-27B,openclaw,HLE,hle_1572,0,0,0.2969637149183905,1628
Qwen3.5-27B,openclaw,HLE,hle_1577,0,0,0.3541143660086369,1051
Qwen3.5-27B,openclaw,HLE,hle_158,0,0,0.46212615495877657,1248
Qwen3.5-27B,openclaw,HLE,hle_1586,0,0,0.06730454083845216,4374
Qwen3.5-27B,openclaw,HLE,hle_1590,0,0,0.06501487158605639,10891
Qwen3.5-27B,openclaw,HLE,hle_1596,0,0,0.4845490068683304,1724
Qwen3.5-27B,openclaw,HLE,hle_1598,0,0,0.3901706434032082,1233
Qwen3.5-27B,openclaw,HLE,hle_16,0,0,0.5291934294601021,1472
Qwen3.5-27B,openclaw,HLE,hle_1601,0,0,0.05961163543169938,20448
Qwen3.5-27B,openclaw,HLE,hle_1606,0,0,0.10798533358618771,17155
Qwen3.5-27B,openclaw,HLE,hle_1613,0,1,0.28437755891984895,1660
Qwen3.5-27B,openclaw,HLE,hle_1630,0,0,0.42562894277721697,1428
Qwen3.5-27B,openclaw,HLE,hle_1651,0,1,0.44553524626382335,877
Qwen3.5-27B,openclaw,HLE,hle_1666,0,0,0.26716540250805676,2245
Qwen3.5-27B,openclaw,HLE,hle_167,0,1,0.20162537104960412,7011
Qwen3.5-27B,openclaw,HLE,hle_1672,0,0,0.4170211621837434,4248
Qwen3.5-27B,openclaw,HLE,hle_1676,0,0,0.38294232569836406,2861
Qwen3.5-27B,openclaw,HLE,hle_1679,0,0,0.05431763686475858,22302
Qwen3.5-27B,openclaw,HLE,hle_1680,0,0,0.5199262626246617,897
Qwen3.5-27B,openclaw,HLE,hle_1682,0,0,0.03123930070327904,20739
Qwen3.5-27B,openclaw,HLE,hle_1683,0,0,0.050088376457603966,1567
Qwen3.5-27B,openclaw,HLE,hle_1685,0,0,0.06661385752303152,6865
Qwen3.5-27B,openclaw,HLE,hle_1686,0,0,0.27154041018084285,3674
Qwen3.5-27B,openclaw,HLE,hle_169,0,0,0.03690967371594783,19916
Qwen3.5-27B,openclaw,HLE,hle_1690,0,1,0.1816172557641204,6504
Qwen3.5-27B,openclaw,HLE,hle_1694,0,0,0.06044851323891505,14266
Qwen3.5-27B,openclaw,HLE,hle_1696,0,0,0.1778954110733812,11211
Qwen3.5-27B,openclaw,HLE,hle_1697,0,0,0.2929713387578503,1504
Qwen3.5-27B,openclaw,HLE,hle_1699,0,1,0.3070320489926014,2054
Qwen3.5-27B,openclaw,HLE,hle_1705,0,0,0.005965165713302166,23195
Qwen3.5-27B,openclaw,HLE,hle_1716,0,1,0.5860048909668982,1194
Qwen3.5-27B,openclaw,HLE,hle_1719,0,0,0.39163759514087715,648
Qwen3.5-27B,openclaw,HLE,hle_1740,0,0,0.2964394427090713,1611
Qwen3.5-27B,openclaw,HLE,hle_1743,0,0,0.36413704880128933,1369
Qwen3.5-27B,openclaw,HLE,hle_1745,0,0,0.27465807347469473,1311
Qwen3.5-27B,openclaw,HLE,hle_1749,0,0,0.33404471228365784,1127
Qwen3.5-27B,openclaw,HLE,hle_1750,0,0,0.20883194375813321,5720
Qwen3.5-27B,openclaw,HLE,hle_1755,0,0,0.41581085169701026,993
Qwen3.5-27B,openclaw,HLE,hle_1756,0,0,0.02318747670119711,24428
Qwen3.5-27B,openclaw,HLE,hle_176,0,0,0.34928273155401957,1280
Qwen3.5-27B,openclaw,HLE,hle_1761,0,0,0.34721788980031565,1060
Qwen3.5-27B,openclaw,HLE,hle_1762,0,0,0.031718546667798664,24292
Qwen3.5-27B,openclaw,HLE,hle_1766,0,1,0.36761842761733227,1421
Qwen3.5-27B,openclaw,HLE,hle_178,0,0,0.0588702349687081,19883
Qwen3.5-27B,openclaw,HLE,hle_1787,0,0,0.3659312186178332,1926
Qwen3.5-27B,openclaw,HLE,hle_179,0,0,0.3927527711839332,1227
Qwen3.5-27B,openclaw,HLE,hle_1792,0,1,0.29382405000434253,663
Qwen3.5-27B,openclaw,HLE,hle_1799,0,0,0.025922866142843247,23452
Qwen3.5-27B,openclaw,HLE,hle_1800,0,1,0.2913285745253015,3444
Qwen3.5-27B,openclaw,HLE,hle_1803,0,0,0.46519157705246006,1292
Qwen3.5-27B,openclaw,HLE,hle_1804,0,0,0.1916792813169259,2688
Qwen3.5-27B,openclaw,HLE,hle_1808,0,0,0.46328373716621774,1253
Qwen3.5-27B,openclaw,HLE,hle_1809,0,0,0.17335431247548747,7053
Qwen3.5-27B,openclaw,HLE,hle_1810,0,0,0.6264121020222463,1304
Qwen3.5-27B,openclaw,HLE,hle_1817,0,0,0.276886548565286,2296
Qwen3.5-27B,openclaw,HLE,hle_1827,0,0,0.11596526904423318,3005
Qwen3.5-27B,openclaw,HLE,hle_1836,0,0,0.2760219657279497,5157
Qwen3.5-27B,openclaw,HLE,hle_1837,0,0,0.11855411809331452,2144
Qwen3.5-27B,openclaw,HLE,hle_184,0,0,0.43219912247409126,1019
Qwen3.5-27B,openclaw,HLE,hle_1843,0,1,0.19441391949705256,4814
Qwen3.5-27B,openclaw,HLE,hle_1847,0,0,0.2173158954394662,4539
Qwen3.5-27B,openclaw,HLE,hle_185,0,0,0.427046057125978,1838
Qwen3.5-27B,openclaw,HLE,hle_1853,0,0,0.10671130303066852,24245
Qwen3.5-27B,openclaw,HLE,hle_1855,0,0,0.5033452186724725,1509
Qwen3.5-27B,openclaw,HLE,hle_1856,0,0,0.4033878200271621,1304
Qwen3.5-27B,openclaw,HLE,hle_1861,0,0,0.07110914470793255,22901
Qwen3.5-27B,openclaw,HLE,hle_1862,0,0,0.3924292730694182,681
Qwen3.5-27B,openclaw,HLE,hle_1863,0,0,0.13569854851026486,1198
Qwen3.5-27B,openclaw,HLE,hle_1864,0,0,0.34394897149221787,1021
Qwen3.5-27B,openclaw,HLE,hle_1865,0,0,0.3472472347423938,2346
Qwen3.5-27B,openclaw,HLE,hle_1869,0,1,0.23272586056779407,3466
Qwen3.5-27B,openclaw,HLE,hle_187,0,0,0.01820409763776401,19982
Qwen3.5-27B,openclaw,HLE,hle_1871,0,0,0.3756467258412769,1491
Qwen3.5-27B,openclaw,HLE,hle_1877,0,0,0.3536302282717238,1600
Qwen3.5-27B,openclaw,HLE,hle_1880,0,0,0.49947204563040015,1294
Qwen3.5-27B,openclaw,HLE,hle_1884,0,0,0.41312787301437764,776
Qwen3.5-27B,openclaw,HLE,hle_1889,0,0,0.11439326391829854,13998
Qwen3.5-27B,openclaw,HLE,hle_189,0,0,0.341513361774459,3072
Qwen3.5-27B,openclaw,HLE,hle_1890,0,1,0.40222595612469414,663
Qwen3.5-27B,openclaw,HLE,hle_1909,0,0,0.5655848465207699,983
Qwen3.5-27B,openclaw,HLE,hle_191,0,0,0.3336189748315238,953
Qwen3.5-27B,openclaw,HLE,hle_1917,0,0,0.11667986688760541,3044
Qwen3.5-27B,openclaw,HLE,hle_1919,0,0,0.48426798448452657,1003
Qwen3.5-27B,openclaw,HLE,hle_1920,0,0,0.40736044933849225,504
Qwen3.5-27B,openclaw,HLE,hle_1922,0,1,0.3844523969049175,2993
Qwen3.5-27B,openclaw,HLE,hle_1926,0,0,0.15051861774778774,14538
Qwen3.5-27B,openclaw,HLE,hle_1927,0,0,0.2522319974058687,1302
Qwen3.5-27B,openclaw,HLE,hle_1928,0,0,0.34675696829741004,962
Qwen3.5-27B,openclaw,HLE,hle_193,0,0,0.3089196395363706,1421
Qwen3.5-27B,openclaw,HLE,hle_1938,0,1,0.4029617306663699,1021
Qwen3.5-27B,openclaw,HLE,hle_1940,0,0,0.3668306579730636,1596
Qwen3.5-27B,openclaw,HLE,hle_1945,0,0,0.36581252468827236,1166
Qwen3.5-27B,openclaw,HLE,hle_1946,0,0,0.4593531344062888,926
Qwen3.5-27B,openclaw,HLE,hle_1947,0,0,0.39803565843223504,1206
Qwen3.5-27B,openclaw,HLE,hle_1958,0,0,0.019945365363747105,24197
Qwen3.5-27B,openclaw,HLE,hle_1965,0,0,0.028994183209095477,23986
Qwen3.5-27B,openclaw,HLE,hle_1972,0,1,0.15359861555895157,6680
Qwen3.5-27B,openclaw,HLE,hle_1980,0,0,0.4175571185192201,1146
Qwen3.5-27B,openclaw,HLE,hle_2003,0,0,0.49027416489707737,1006
Qwen3.5-27B,openclaw,HLE,hle_2005,0,1,0.2176043109004322,5089
Qwen3.5-27B,openclaw,HLE,hle_2010,0,1,0.46344939919905004,1623
Qwen3.5-27B,openclaw,HLE,hle_2016,0,0,0.3051150236605604,1327
Qwen3.5-27B,openclaw,HLE,hle_2022,0,0,0.04513053104104442,10785
Qwen3.5-27B,openclaw,HLE,hle_2024,0,0,0.33999910579178744,1798
Qwen3.5-27B,openclaw,HLE,hle_2037,0,0,0.3069120135314936,1014
Qwen3.5-27B,openclaw,HLE,hle_2038,0,0,0.4029203882941417,782
Qwen3.5-27B,openclaw,HLE,hle_2043,0,0,0.3292798845940647,4165
Qwen3.5-27B,openclaw,HLE,hle_2046,0,0,0.1080504257204489,2741
Qwen3.5-27B,openclaw,HLE,hle_2060,0,0,0.0868434441990737,14480
Qwen3.5-27B,openclaw,HLE,hle_2062,0,0,0.3499482709009245,463
Qwen3.5-27B,openclaw,HLE,hle_2073,0,0,0.36060374538728707,866
Qwen3.5-27B,openclaw,HLE,hle_2074,0,0,0.3563910772004419,890
Qwen3.5-27B,openclaw,HLE,hle_2084,0,0,0.061332337563748104,11606
Qwen3.5-27B,openclaw,HLE,hle_2087,0,0,0.4413904544019717,2078
Qwen3.5-27B,openclaw,HLE,hle_2088,0,0,0.06563365798552538,8771
Qwen3.5-27B,openclaw,HLE,hle_2091,0,0,0.1589262584816481,2573
Qwen3.5-27B,openclaw,HLE,hle_2093,0,0,0.3323074836444926,1000
Qwen3.5-27B,openclaw,HLE,hle_2097,0,0,0.03727763422594402,22504
Qwen3.5-27B,openclaw,HLE,hle_210,0,0,0.02681096738940224,19716
Qwen3.5-27B,openclaw,HLE,hle_2111,0,0,0.38352364678141243,1351
Qwen3.5-27B,openclaw,HLE,hle_2116,0,0,0.3448703409401901,856
Qwen3.5-27B,openclaw,HLE,hle_2117,0,0,0.48676223888978437,1124
Qwen3.5-27B,openclaw,HLE,hle_212,0,0,0.057805094898993006,19729
Qwen3.5-27B,openclaw,HLE,hle_2120,0,0,0.04535062252558272,24072
Qwen3.5-27B,openclaw,HLE,hle_2132,0,0,0.08820749526601507,23966
Qwen3.5-27B,openclaw,HLE,hle_2140,0,1,0.22262939690750114,2477
Qwen3.5-27B,openclaw,HLE,hle_2153,0,1,0.2025187556421108,4470
Qwen3.5-27B,openclaw,HLE,hle_2154,0,0,0.04466728617154599,22641
Qwen3.5-27B,openclaw,HLE,hle_2158,0,0,0.2261166310590504,7256
Qwen3.5-27B,openclaw,HLE,hle_2163,0,0,0.4105376140302734,864
Qwen3.5-27B,openclaw,HLE,hle_2168,0,0,0.10921625529219316,3308
Qwen3.5-27B,openclaw,HLE,hle_2174,0,0,0.36612935939157315,2230
Qwen3.5-27B,openclaw,HLE,hle_2177,0,0,0.6029693848463251,1412
Qwen3.5-27B,openclaw,HLE,hle_2179,0,0,0.21133043117203407,2626
Qwen3.5-27B,openclaw,HLE,hle_218,0,1,0.491450860880512,1640
Qwen3.5-27B,openclaw,HLE,hle_2181,0,0,0.03502451477611129,21206
Qwen3.5-27B,openclaw,HLE,hle_2182,0,0,0.39817652823627764,1218
Qwen3.5-27B,openclaw,HLE,hle_2187,0,0,0.013122281696136839,23958
Qwen3.5-27B,openclaw,HLE,hle_2191,0,0,0.3964187783583328,1056
Qwen3.5-27B,openclaw,HLE,hle_2197,0,0,0.3572418514222333,3029
Qwen3.5-27B,openclaw,HLE,hle_2199,0,0,0.3790508735851779,1897
Qwen3.5-27B,openclaw,HLE,hle_2200,0,0,0.4228291238090923,1295
Qwen3.5-27B,openclaw,HLE,hle_2202,0,1,0.19923325851271356,5363
Qwen3.5-27B,openclaw,HLE,hle_2203,0,0,0.03806307126357706,24009
Qwen3.5-27B,openclaw,HLE,hle_2212,0,0,0.057445910609742024,23916
Qwen3.5-27B,openclaw,HLE,hle_2214,0,0,0.4229752895543658,563
Qwen3.5-27B,openclaw,HLE,hle_2220,0,0,0.07117935284699464,23135
Qwen3.5-27B,openclaw,HLE,hle_2225,0,0,0.4547620435036761,2458
Qwen3.5-27B,openclaw,HLE,hle_2248,0,0,0.04624533954098429,4554
Qwen3.5-27B,openclaw,HLE,hle_2250,0,0,0.03308587370484695,17256
Qwen3.5-27B,openclaw,HLE,hle_2252,0,1,0.3614358169589381,1398
Qwen3.5-27B,openclaw,HLE,hle_2257,0,0,0.028755510217709033,23739
Qwen3.5-27B,openclaw,HLE,hle_2261,0,0,0.06730464011327544,22135
Qwen3.5-27B,openclaw,HLE,hle_2263,0,1,0.10924268060390123,5891
Qwen3.5-27B,openclaw,HLE,hle_2285,0,0,0.37789686185139904,1878
Qwen3.5-27B,openclaw,HLE,hle_2305,0,0,0.06266000160793385,4293
Qwen3.5-27B,openclaw,HLE,hle_2308,0,0,0.049000666378680655,23902
Qwen3.5-27B,openclaw,HLE,hle_2318,0,0,0.5540893328287076,1064
Qwen3.5-27B,openclaw,HLE,hle_2324,0,0,0.05627671198931743,21305
Qwen3.5-27B,openclaw,HLE,hle_2326,0,0,0.3652605154764096,5738
Qwen3.5-27B,openclaw,HLE,hle_2332,0,0,0.5850967931568871,926
Qwen3.5-27B,openclaw,HLE,hle_2333,0,1,0.5958921694875619,1334
Qwen3.5-27B,openclaw,HLE,hle_2334,0,0,0.4247099024244239,1073
Qwen3.5-27B,openclaw,HLE,hle_2335,0,0,0.40393692417898724,890
Qwen3.5-27B,openclaw,HLE,hle_2337,0,0,0.445524920239957,2179
Qwen3.5-27B,openclaw,HLE,hle_2354,0,0,0.25144500636499983,5921
Qwen3.5-27B,openclaw,HLE,hle_236,0,0,0.37555657867118825,1682
Qwen3.5-27B,openclaw,HLE,hle_2360,0,0,0.3012403459275421,1009
Qwen3.5-27B,openclaw,HLE,hle_2364,0,0,0.3303679705129705,1447
Qwen3.5-27B,openclaw,HLE,hle_2367,0,0,0.07818596503219781,3387
Qwen3.5-27B,openclaw,HLE,hle_2371,0,0,0.15659151455568224,1278
Qwen3.5-27B,openclaw,HLE,hle_2373,0,0,0.0867430640388031,10766
Qwen3.5-27B,openclaw,HLE,hle_2379,0,0,0.3561538223676085,821
Qwen3.5-27B,openclaw,HLE,hle_2389,0,0,0.05233751612573821,24572
Qwen3.5-27B,openclaw,HLE,hle_241,0,0,0.0654467439830782,19460
Qwen3.5-27B,openclaw,HLE,hle_242,0,0,0.4118952748778302,3602
Qwen3.5-27B,openclaw,HLE,hle_243,0,0,0.2794729103740128,1640
Qwen3.5-27B,openclaw,HLE,hle_2470,0,0,0.0542923812969822,22741
Qwen3.5-27B,openclaw,HLE,hle_2486,0,1,0.1975078307051994,5453
Qwen3.5-27B,openclaw,HLE,hle_251,0,0,0.35051056948745996,1358
Qwen3.5-27B,openclaw,HLE,hle_262,0,0,0.03746825669809046,8196
Qwen3.5-27B,openclaw,HLE,hle_267,0,0,0.31127072461190125,909
Qwen3.5-27B,openclaw,HLE,hle_27,0,0,0.33233329814634716,1084
Qwen3.5-27B,openclaw,HLE,hle_272,0,0,0.038529737847632105,18634
Qwen3.5-27B,openclaw,HLE,hle_278,0,0,0.08462025876053102,18063
Qwen3.5-27B,openclaw,HLE,hle_280,0,0,0.39378400294799054,837
Qwen3.5-27B,openclaw,HLE,hle_283,0,0,0.549115053462721,891
Qwen3.5-27B,openclaw,HLE,hle_288,0,0,0.04877674574396556,5660
Qwen3.5-27B,openclaw,HLE,hle_293,0,0,0.03643362707160851,18517
Qwen3.5-27B,openclaw,HLE,hle_294,0,0,0.2562313742201891,1008
Qwen3.5-27B,openclaw,HLE,hle_302,0,1,0.252999595659539,2082
Qwen3.5-27B,openclaw,HLE,hle_309,0,0,0.19751689760662203,9494
Qwen3.5-27B,openclaw,HLE,hle_32,0,0,0.06735298697721058,7885
Qwen3.5-27B,openclaw,HLE,hle_328,0,0,0.44576139018846955,1281
Qwen3.5-27B,openclaw,HLE,hle_329,0,0,0.26248847084355936,1910
Qwen3.5-27B,openclaw,HLE,hle_330,0,0,0.04707573176907947,17909
Qwen3.5-27B,openclaw,HLE,hle_331,0,0,0.05492145010325405,17753
Qwen3.5-27B,openclaw,HLE,hle_335,0,0,0.4177841615539034,1279
Qwen3.5-27B,openclaw,HLE,hle_337,0,0,0.08860225870208556,14848
Qwen3.5-27B,openclaw,HLE,hle_338,0,0,0.41653854900787857,460
Qwen3.5-27B,openclaw,HLE,hle_341,0,0,0.5118370175852448,417
Qwen3.5-27B,openclaw,HLE,hle_344,0,0,0.5488629467190973,1001
Qwen3.5-27B,openclaw,HLE,hle_346,0,0,0.45360713310633693,314
Qwen3.5-27B,openclaw,HLE,hle_35,0,0,0.33715835760539836,998
Qwen3.5-27B,openclaw,HLE,hle_350,0,0,0.3202178689496217,1286
Qwen3.5-27B,openclaw,HLE,hle_351,0,0,0.36710095454269753,1706
Qwen3.5-27B,openclaw,HLE,hle_354,0,0,0.5361957172116802,921
Qwen3.5-27B,openclaw,HLE,hle_358,0,0,0.1061350191161242,5201
Qwen3.5-27B,openclaw,HLE,hle_366,0,0,0.1273291988512558,5141
Qwen3.5-27B,openclaw,HLE,hle_368,0,0,0.26319681001875167,1372
Qwen3.5-27B,openclaw,HLE,hle_37,0,0,0.5752450558771344,844
Qwen3.5-27B,openclaw,HLE,hle_370,0,0,0.23002471500173802,5754
Qwen3.5-27B,openclaw,HLE,hle_371,0,0,0.06489630333359263,15425
Qwen3.5-27B,openclaw,HLE,hle_376,0,0,0.15492356876185925,4419
Qwen3.5-27B,openclaw,HLE,hle_380,0,0,0.1442014219695423,1626
Qwen3.5-27B,openclaw,HLE,hle_382,0,0,0.3788172650342499,1607
Qwen3.5-27B,openclaw,HLE,hle_383,0,0,0.3139652865407415,500
Qwen3.5-27B,openclaw,HLE,hle_385,0,1,0.3583829716797501,1298
Qwen3.5-27B,openclaw,HLE,hle_388,0,0,0.32671821804251694,762
Qwen3.5-27B,openclaw,HLE,hle_389,0,0,0.42707294403248397,1218
Qwen3.5-27B,openclaw,HLE,hle_39,0,0,0.3662336185120104,1276
Qwen3.5-27B,openclaw,HLE,hle_392,0,0,0.38935488231692295,1021
Qwen3.5-27B,openclaw,HLE,hle_402,0,0,0.44585944171427777,115
Qwen3.5-27B,openclaw,HLE,hle_403,0,0,0.39518642370676205,199
Qwen3.5-27B,openclaw,HLE,hle_41,0,0,0.40472801943583986,928
Qwen3.5-27B,openclaw,HLE,hle_410,0,0,0.633622239496128,270
Qwen3.5-27B,openclaw,HLE,hle_417,0,1,0.2946589391868178,1405
Qwen3.5-27B,openclaw,HLE,hle_420,0,0,0.06232774495819144,16818
Qwen3.5-27B,openclaw,HLE,hle_426,0,0,0.45540179468539405,1060
Qwen3.5-27B,openclaw,HLE,hle_427,0,0,0.5410611731174728,1845
Qwen3.5-27B,openclaw,HLE,hle_429,0,0,0.29322947572204455,1427
Qwen3.5-27B,openclaw,HLE,hle_432,0,0,0.41281170108848264,1123
Qwen3.5-27B,openclaw,HLE,hle_433,0,0,0.08874881916092808,18534
Qwen3.5-27B,openclaw,HLE,hle_434,0,0,0.14229921338909152,1049
Qwen3.5-27B,openclaw,HLE,hle_435,0,0,0.043263432032371305,18129
Qwen3.5-27B,openclaw,HLE,hle_44,0,0,0.03168265168142561,15026
Qwen3.5-27B,openclaw,HLE,hle_441,0,0,0.31699694535467177,3752
Qwen3.5-27B,openclaw,HLE,hle_450,0,1,0.3101266358321683,2409
Qwen3.5-27B,openclaw,HLE,hle_451,0,0,0.42423419016871183,959
Qwen3.5-27B,openclaw,HLE,hle_452,0,0,0.48484420236400194,995
Qwen3.5-27B,openclaw,HLE,hle_454,0,0,0.34545046865123147,1781
Qwen3.5-27B,openclaw,HLE,hle_456,0,0,0.22985232268302064,1334
Qwen3.5-27B,openclaw,HLE,hle_46,0,0,0.2706304959055647,1692
Qwen3.5-27B,openclaw,HLE,hle_460,0,1,0.4040808831308724,1966
Qwen3.5-27B,openclaw,HLE,hle_461,0,0,0.3097895554233243,457
Qwen3.5-27B,openclaw,HLE,hle_463,0,0,0.42988439729939887,980
Qwen3.5-27B,openclaw,HLE,hle_467,0,0,0.3891129929402621,1454
Qwen3.5-27B,openclaw,HLE,hle_470,0,0,0.39420205414557064,993
Qwen3.5-27B,openclaw,HLE,hle_473,0,0,0.29503653550651715,2690
Qwen3.5-27B,openclaw,HLE,hle_476,0,1,0.4341877371577663,1596
Qwen3.5-27B,openclaw,HLE,hle_48,0,0,0.5331326069801401,1271
Qwen3.5-27B,openclaw,HLE,hle_486,0,0,0.35574155158421233,1886
Qwen3.5-27B,openclaw,HLE,hle_496,0,0,0.5288956853163052,662
Qwen3.5-27B,openclaw,HLE,hle_497,0,0,0.05569515129116709,16001
Qwen3.5-27B,openclaw,HLE,hle_498,0,0,0.36973504074907554,614
Qwen3.5-27B,openclaw,HLE,hle_499,0,0,0.26383862732457875,2228
Qwen3.5-27B,openclaw,HLE,hle_50,0,0,0.15499876373664453,9226
Qwen3.5-27B,openclaw,HLE,hle_508,0,0,0.12325370187382594,14748
Qwen3.5-27B,openclaw,HLE,hle_52,0,0,0.2485698374065098,10931
Qwen3.5-27B,openclaw,HLE,hle_522,0,0,0.2743448400104434,1410
Qwen3.5-27B,openclaw,HLE,hle_526,0,1,0.4249800939000128,815
Qwen3.5-27B,openclaw,HLE,hle_53,0,0,0.2510901718756779,1143
Qwen3.5-27B,openclaw,HLE,hle_531,0,0,0.15338889308199585,1988
Qwen3.5-27B,openclaw,HLE,hle_532,0,0,0.2355610397734061,2809
Qwen3.5-27B,openclaw,HLE,hle_533,0,0,0.3724215509389774,2061
Qwen3.5-27B,openclaw,HLE,hle_539,0,0,0.3178253994933788,1930
Qwen3.5-27B,openclaw,HLE,hle_54,0,1,0.3226319496740999,2422
Qwen3.5-27B,openclaw,HLE,hle_543,0,0,0.36633527494185075,1924
Qwen3.5-27B,openclaw,HLE,hle_547,0,0,0.2557385563624917,1111
Qwen3.5-27B,openclaw,HLE,hle_548,0,0,0.06587285191965392,10426
Qwen3.5-27B,openclaw,HLE,hle_556,0,0,0.2440894494232753,1665
Qwen3.5-27B,openclaw,HLE,hle_568,0,0,0.3658359937348466,1462
Qwen3.5-27B,openclaw,HLE,hle_582,0,0,0.23665745625855358,1178
Qwen3.5-27B,openclaw,HLE,hle_583,0,0,0.3011779663653006,1993
Qwen3.5-27B,openclaw,HLE,hle_59,0,0,0.5275484176133394,1279
Qwen3.5-27B,openclaw,HLE,hle_591,0,0,0.02637619263412515,18939
Qwen3.5-27B,openclaw,HLE,hle_592,0,0,0.028123893619268824,18940
Qwen3.5-27B,openclaw,HLE,hle_593,0,0,0.33737696529877437,930
Qwen3.5-27B,openclaw,HLE,hle_598,0,1,0.22226199130497326,3908
Qwen3.5-27B,openclaw,HLE,hle_60,0,0,0.18853493142766709,2400
Qwen3.5-27B,openclaw,HLE,hle_603,0,1,0.31257136385516904,2497
Qwen3.5-27B,openclaw,HLE,hle_604,0,1,0.16432161943495216,5593
Qwen3.5-27B,openclaw,HLE,hle_607,0,0,0.3914602199134649,1575
Qwen3.5-27B,openclaw,HLE,hle_614,0,0,0.29728757866070843,1748
Qwen3.5-27B,openclaw,HLE,hle_625,0,0,0.043699054112943475,15699
Qwen3.5-27B,openclaw,HLE,hle_633,0,0,0.06311433041278387,16765
Qwen3.5-27B,openclaw,HLE,hle_636,0,0,0.3253733441008652,809
Qwen3.5-27B,openclaw,HLE,hle_643,0,0,0.02613182131100946,14407
Qwen3.5-27B,openclaw,HLE,hle_647,0,0,0.2880713050307885,3110
Qwen3.5-27B,openclaw,HLE,hle_653,0,0,0.3150517594681228,1077
Qwen3.5-27B,openclaw,HLE,hle_654,0,0,0.057063024509623445,19373
Qwen3.5-27B,openclaw,HLE,hle_655,0,0,0.09181508841375688,18056
Qwen3.5-27B,openclaw,HLE,hle_660,0,0,0.0076616311570684575,19271
Qwen3.5-27B,openclaw,HLE,hle_661,0,0,0.02710069238008759,19907
Qwen3.5-27B,openclaw,HLE,hle_668,0,0,0.3441470277983687,1688
Qwen3.5-27B,openclaw,HLE,hle_677,0,1,0.378884785819961,2979
Qwen3.5-27B,openclaw,HLE,hle_678,0,0,0.3488105662239396,1265
Qwen3.5-27B,openclaw,HLE,hle_68,0,0,0.23763525321364468,1732
Qwen3.5-27B,openclaw,HLE,hle_681,0,0,0.07732924407822847,18653
Qwen3.5-27B,openclaw,HLE,hle_687,0,0,0.20803055242413585,5339
Qwen3.5-27B,openclaw,HLE,hle_688,0,0,0.05542034663388571,8826
Qwen3.5-27B,openclaw,HLE,hle_690,0,0,0.2179214784411315,3940
Qwen3.5-27B,openclaw,HLE,hle_692,0,0,0.0709615382667563,10456
Qwen3.5-27B,openclaw,HLE,hle_694,0,0,0.42186312671795534,1055
Qwen3.5-27B,openclaw,HLE,hle_696,0,0,0.09608195128392262,17948
Qwen3.5-27B,openclaw,HLE,hle_697,0,0,0.45162932113495186,1248
Qwen3.5-27B,openclaw,HLE,hle_698,0,1,0.18941966173347183,2269
Qwen3.5-27B,openclaw,HLE,hle_699,0,0,0.05045767396162986,17197
Qwen3.5-27B,openclaw,HLE,hle_70,0,0,0.3766438018077463,917
Qwen3.5-27B,openclaw,HLE,hle_700,0,0,0.3983818420513099,2725
Qwen3.5-27B,openclaw,HLE,hle_705,0,0,0.06947322302185398,16056
Qwen3.5-27B,openclaw,HLE,hle_707,0,0,0.14357618347937565,12853
Qwen3.5-27B,openclaw,HLE,hle_708,0,0,0.07186011831083343,8923
Qwen3.5-27B,openclaw,HLE,hle_711,0,0,0.18360729062664402,5094
Qwen3.5-27B,openclaw,HLE,hle_72,0,0,0.2829242182179381,1091
Qwen3.5-27B,openclaw,HLE,hle_724,0,0,0.451389623822835,2623
Qwen3.5-27B,openclaw,HLE,hle_728,0,0,0.26571259211204357,5172
Qwen3.5-27B,openclaw,HLE,hle_747,0,0,0.3939243741114158,1200
Qwen3.5-27B,openclaw,HLE,hle_75,0,0,0.4272999381171605,1202
Qwen3.5-27B,openclaw,HLE,hle_752,0,0,0.06628644009455269,7802
Qwen3.5-27B,openclaw,HLE,hle_773,0,0,0.3537133817309751,2834
Qwen3.5-27B,openclaw,HLE,hle_779,0,0,0.2564977224138565,2518
Qwen3.5-27B,openclaw,HLE,hle_787,0,1,0.2782871605556028,4055
Qwen3.5-27B,openclaw,HLE,hle_790,0,0,0.26848461339251106,2281
Qwen3.5-27B,openclaw,HLE,hle_791,0,0,0.47784944745671837,1584
Qwen3.5-27B,openclaw,HLE,hle_792,0,0,0.03565040341348186,15546
Qwen3.5-27B,openclaw,HLE,hle_800,0,0,0.4129320952430614,1860
Qwen3.5-27B,openclaw,HLE,hle_801,0,0,0.3119260124519044,1156
Qwen3.5-27B,openclaw,HLE,hle_805,0,0,0.29059413117381944,3862
Qwen3.5-27B,openclaw,HLE,hle_807,0,0,0.24887559460069056,4604
Qwen3.5-27B,openclaw,HLE,hle_808,0,0,0.4517484779747872,1548
Qwen3.5-27B,openclaw,HLE,hle_810,0,0,0.022717670331301586,19447
Qwen3.5-27B,openclaw,HLE,hle_812,0,0,0.032901777734750955,19639
Qwen3.5-27B,openclaw,HLE,hle_814,0,0,0.3576657835769503,1921
Qwen3.5-27B,openclaw,HLE,hle_819,0,0,0.04517763194265381,19440
Qwen3.5-27B,openclaw,HLE,hle_822,0,0,0.4112066574461347,759
Qwen3.5-27B,openclaw,HLE,hle_825,0,0,0.42578514544782686,483
Qwen3.5-27B,openclaw,HLE,hle_827,0,0,0.08077531026785006,19676
Qwen3.5-27B,openclaw,HLE,hle_829,0,0,0.024472556606831328,19642
Qwen3.5-27B,openclaw,HLE,hle_830,0,0,0.050452089791722464,19538
Qwen3.5-27B,openclaw,HLE,hle_831,0,0,0.05173386666383236,17004
Qwen3.5-27B,openclaw,HLE,hle_835,0,0,0.46035873467884403,2164
Qwen3.5-27B,openclaw,HLE,hle_84,0,0,0.10097750185219355,9094
Qwen3.5-27B,openclaw,HLE,hle_85,0,0,0.3677336259552581,2315
Qwen3.5-27B,openclaw,HLE,hle_855,0,0,0.03490073704826822,20072
Qwen3.5-27B,openclaw,HLE,hle_867,0,0,0.055747784248641345,19960
Qwen3.5-27B,openclaw,HLE,hle_87,0,0,0.5751203687662505,1135
Qwen3.5-27B,openclaw,HLE,hle_875,0,0,0.03404668522066974,20083
Qwen3.5-27B,openclaw,HLE,hle_876,0,0,0.03273152019505987,18633
Qwen3.5-27B,openclaw,HLE,hle_877,0,1,0.298285810540674,2793
Qwen3.5-27B,openclaw,HLE,hle_88,0,0,0.26444948670920715,3539
Qwen3.5-27B,openclaw,HLE,hle_880,0,0,0.12848115770920107,18528
Qwen3.5-27B,openclaw,HLE,hle_883,0,0,0.13793016954001416,5704
Qwen3.5-27B,openclaw,HLE,hle_885,0,1,0.43853863581777647,1702
Qwen3.5-27B,openclaw,HLE,hle_892,0,0,0.07201275418262588,18971
Qwen3.5-27B,openclaw,HLE,hle_893,0,0,0.029015041762714185,19104
Qwen3.5-27B,openclaw,HLE,hle_894,0,1,0.418021286999435,1295
Qwen3.5-27B,openclaw,HLE,hle_897,0,1,0.18460609362427155,7355
Qwen3.5-27B,openclaw,HLE,hle_905,0,0,0.10827143398483055,4099
Qwen3.5-27B,openclaw,HLE,hle_911,0,0,0.08651040180177597,10740
Qwen3.5-27B,openclaw,HLE,hle_917,0,0,0.11493057954751562,3711
Qwen3.5-27B,openclaw,HLE,hle_921,0,0,0.11912108463384234,3054
Qwen3.5-27B,openclaw,HLE,hle_923,0,0,0.281609468596143,1457
Qwen3.5-27B,openclaw,HLE,hle_926,0,0,0.3620280306829134,1043
Qwen3.5-27B,openclaw,HLE,hle_930,0,0,0.2265231805183882,7960
Qwen3.5-27B,openclaw,HLE,hle_931,0,0,0.027748493144653226,18570
Qwen3.5-27B,openclaw,HLE,hle_934,0,1,0.4803325245495455,1279
Qwen3.5-27B,openclaw,HLE,hle_935,0,0,0.37952384482017465,1220
Qwen3.5-27B,openclaw,HLE,hle_936,0,0,0.16374782366266966,9309
Qwen3.5-27B,openclaw,HLE,hle_937,0,0,0.40240614033976585,1514
Qwen3.5-27B,openclaw,HLE,hle_938,0,0,0.09614830175145322,3650
Qwen3.5-27B,openclaw,HLE,hle_942,0,0,0.1777838903494628,8841
Qwen3.5-27B,openclaw,HLE,hle_945,0,1,0.3854782626868565,1837
Qwen3.5-27B,openclaw,HLE,hle_948,0,0,0.07389653250140343,17664
Qwen3.5-27B,openclaw,HLE,hle_95,0,0,0.42770327242972517,968
Qwen3.5-27B,openclaw,HLE,hle_966,0,1,0.36556430266810047,1622
Qwen3.5-27B,openclaw,HLE,hle_967,0,0,0.3788212833661677,1358
Qwen3.5-27B,openclaw,HLE,hle_969,0,0,0.02696465432410193,17779
Qwen3.5-27B,openclaw,HLE,hle_970,0,0,0.06336337551441269,17946
Qwen3.5-27B,openclaw,HLE,hle_971,0,0,0.2896181397985858,1033
Qwen3.5-27B,openclaw,HLE,hle_978,0,1,0.37922882933163965,1604
Qwen3.5-27B,openclaw,HLE,hle_98,0,0,0.2745968012668227,1612
Qwen3.5-27B,openclaw,HLE,hle_980,0,0,0.2630665166143047,1286
Qwen3.5-27B,openclaw,HLE,hle_981,0,1,0.24018793865715357,8910
Qwen3.5-27B,openclaw,HLE,hle_988,0,0,0.3069373354079814,1242
Qwen3.5-27B,openclaw,HLE,hle_997,0,0,0.07551479241003949,18348
Qwen3.5-27B,openclaw,HLE,hle_999,0,1,0.16527251849340935,1564
Qwen3.5-27B,opencode,AIME,aime_1,0,1,0.136407781574058,1294
Qwen3.5-27B,opencode,AIME,aime_1,1,1,0.10812858506406764,1501
Qwen3.5-27B,opencode,AIME,aime_1,2,1,0.12419674580365592,1463
Qwen3.5-27B,opencode,AIME,aime_1,3,1,0.15915930924522248,1764
Qwen3.5-27B,opencode,AIME,aime_10,0,1,0.4356222884845109,9502
Qwen3.5-27B,opencode,AIME,aime_10,1,1,0.3411054919962464,6362
Qwen3.5-27B,opencode,AIME,aime_10,2,1,0.3741159307163634,19053
Qwen3.5-27B,opencode,AIME,aime_10,3,1,0.25731303011628875,1812
Qwen3.5-27B,opencode,AIME,aime_11,0,1,0.20514219392824654,5596
Qwen3.5-27B,opencode,AIME,aime_11,1,0,0.4231140191471906,4183
Qwen3.5-27B,opencode,AIME,aime_11,2,1,0.3958271488548586,11346
Qwen3.5-27B,opencode,AIME,aime_11,3,0,0.4954438224128043,6495
Qwen3.5-27B,opencode,AIME,aime_12,0,1,0.29575766416087984,9971
Qwen3.5-27B,opencode,AIME,aime_12,1,1,0.20049128887867843,2607
Qwen3.5-27B,opencode,AIME,aime_12,2,0,0.2986295264102185,13792
Qwen3.5-27B,opencode,AIME,aime_12,3,0,0.2600471197505514,7690
Qwen3.5-27B,opencode,AIME,aime_13,0,1,0.2896009696621848,1338
Qwen3.5-27B,opencode,AIME,aime_13,1,1,0.244362197675959,7339
Qwen3.5-27B,opencode,AIME,aime_13,2,1,0.2439894665601546,25728
Qwen3.5-27B,opencode,AIME,aime_13,3,0,0.22937234071692778,13812
Qwen3.5-27B,opencode,AIME,aime_14,0,1,0.3073943185826834,31332
Qwen3.5-27B,opencode,AIME,aime_14,1,0,0.023986885680770547,131072
Qwen3.5-27B,opencode,AIME,aime_14,2,0,0.16671377468124654,28324
Qwen3.5-27B,opencode,AIME,aime_14,3,0,0.16321516735476607,33139
Qwen3.5-27B,opencode,AIME,aime_15,0,0,0.43629336886620546,28151
Qwen3.5-27B,opencode,AIME,aime_15,1,0,0.04079378626076528,131072
Qwen3.5-27B,opencode,AIME,aime_15,2,0,0.5475611575707771,10706
Qwen3.5-27B,opencode,AIME,aime_15,3,0,0.1407202204833698,29078
Qwen3.5-27B,opencode,AIME,aime_16,0,1,0.17813514677501943,885
Qwen3.5-27B,opencode,AIME,aime_16,1,1,0.15689750297710825,1010
Qwen3.5-27B,opencode,AIME,aime_16,2,0,0.1884678189513099,913
Qwen3.5-27B,opencode,AIME,aime_16,3,1,0.1717599169613247,910
Qwen3.5-27B,opencode,AIME,aime_17,0,0,0.04411373798069567,131072
Qwen3.5-27B,opencode,AIME,aime_17,1,0,0.009750384808557616,131072
Qwen3.5-27B,opencode,AIME,aime_17,2,0,0.018139066705708102,70610
Qwen3.5-27B,opencode,AIME,aime_17,3,0,0.006235567134242653,70611
Qwen3.5-27B,opencode,AIME,aime_18,0,0,0.3278847097305062,12326
Qwen3.5-27B,opencode,AIME,aime_18,2,0,0.31493207743021345,5358
Qwen3.5-27B,opencode,AIME,aime_18,3,0,0.3408524277115615,17667
Qwen3.5-27B,opencode,AIME,aime_19,0,1,0.3713691321279828,3333
Qwen3.5-27B,opencode,AIME,aime_19,1,0,0.23766233418267163,2831
Qwen3.5-27B,opencode,AIME,aime_19,2,1,0.2615709999558965,2210
Qwen3.5-27B,opencode,AIME,aime_19,3,1,0.2927176931471326,2221
Qwen3.5-27B,opencode,AIME,aime_2,0,1,0.030587063592487706,30519
Qwen3.5-27B,opencode,AIME,aime_2,1,1,0.241725843303088,3248
Qwen3.5-27B,opencode,AIME,aime_2,2,1,0.20072525479209954,2476
Qwen3.5-27B,opencode,AIME,aime_2,3,1,0.12865151146888193,3640
Qwen3.5-27B,opencode,AIME,aime_20,0,1,0.18474224224614136,1912
Qwen3.5-27B,opencode,AIME,aime_20,1,1,0.21979311186097716,1360
Qwen3.5-27B,opencode,AIME,aime_20,2,1,0.19477390357609695,2567
Qwen3.5-27B,opencode,AIME,aime_20,3,1,0.2151496439312064,3171
Qwen3.5-27B,opencode,AIME,aime_21,0,0,0.3135686861316483,3905
Qwen3.5-27B,opencode,AIME,aime_21,1,0,0.2474735301941701,2802
Qwen3.5-27B,opencode,AIME,aime_21,2,0,0.19589512452533317,336
Qwen3.5-27B,opencode,AIME,aime_21,3,1,0.25828016532027476,2625
Qwen3.5-27B,opencode,AIME,aime_22,0,1,0.1619897242133558,13607
Qwen3.5-27B,opencode,AIME,aime_22,1,1,0.23868871624960464,15182
Qwen3.5-27B,opencode,AIME,aime_22,2,1,0.3580730362364446,1823
Qwen3.5-27B,opencode,AIME,aime_22,3,0,0.2054078671393118,6257
Qwen3.5-27B,opencode,AIME,aime_23,0,1,0.0284903864304491,66487
Qwen3.5-27B,opencode,AIME,aime_23,1,1,0.26140430286061056,10077
Qwen3.5-27B,opencode,AIME,aime_23,2,1,0.07869584388388982,20864
Qwen3.5-27B,opencode,AIME,aime_23,3,1,0.18573327051217653,3042
Qwen3.5-27B,opencode,AIME,aime_24,0,1,0.26694944952264094,7706
Qwen3.5-27B,opencode,AIME,aime_24,1,1,0.24481337499216194,894
Qwen3.5-27B,opencode,AIME,aime_24,2,1,0.21270358267913073,1844
Qwen3.5-27B,opencode,AIME,aime_24,3,1,0.23880044945947335,2653
Qwen3.5-27B,opencode,AIME,aime_25,0,1,0.303054776566162,4023
Qwen3.5-27B,opencode,AIME,aime_25,1,1,0.26132682108664285,4237
Qwen3.5-27B,opencode,AIME,aime_25,2,1,0.33069902414411484,5178
Qwen3.5-27B,opencode,AIME,aime_25,3,1,0.362378319518969,4562
Qwen3.5-27B,opencode,AIME,aime_26,0,1,0.22789805572166694,13076
Qwen3.5-27B,opencode,AIME,aime_26,1,0,0.3011892467865826,10332
Qwen3.5-27B,opencode,AIME,aime_26,2,0,0.27712902594416333,33167
Qwen3.5-27B,opencode,AIME,aime_26,3,1,0.28940263896315155,18616
Qwen3.5-27B,opencode,AIME,aime_27,0,0,0.23222503813907372,27624
Qwen3.5-27B,opencode,AIME,aime_27,1,1,0.21497553976175943,21954
Qwen3.5-27B,opencode,AIME,aime_27,3,0,0.022814648844165526,70612
Qwen3.5-27B,opencode,AIME,aime_28,2,0,0.21015966862942106,33521
Qwen3.5-27B,opencode,AIME,aime_29,0,1,0.2570626077348042,542
Qwen3.5-27B,opencode,AIME,aime_29,1,1,0.3355906012018534,627
Qwen3.5-27B,opencode,AIME,aime_29,2,1,0.3048104843803761,1370
Qwen3.5-27B,opencode,AIME,aime_29,3,1,0.1826472790838689,9695
Qwen3.5-27B,opencode,AIME,aime_3,0,1,0.27171348069512935,3112
Qwen3.5-27B,opencode,AIME,aime_3,1,1,0.2965623238854173,2494
Qwen3.5-27B,opencode,AIME,aime_3,2,1,0.29780736341206687,2181
Qwen3.5-27B,opencode,AIME,aime_3,3,1,0.2681858861802468,2938
Qwen3.5-27B,opencode,AIME,aime_30,0,1,0.2079544718590436,679
Qwen3.5-27B,opencode,AIME,aime_30,1,1,0.18231759863494715,408
Qwen3.5-27B,opencode,AIME,aime_30,2,1,0.22081838678396346,741
Qwen3.5-27B,opencode,AIME,aime_30,3,1,0.18226587488066187,1050
Qwen3.5-27B,opencode,AIME,aime_4,0,1,0.24150647916695495,1947
Qwen3.5-27B,opencode,AIME,aime_4,1,1,0.3003551198519047,1236
Qwen3.5-27B,opencode,AIME,aime_4,2,1,0.25665157864964494,602
Qwen3.5-27B,opencode,AIME,aime_4,3,1,0.2166542028011282,2344
Qwen3.5-27B,opencode,AIME,aime_5,0,1,0.19133949089930846,1501
Qwen3.5-27B,opencode,AIME,aime_5,1,1,0.16102500471550676,1529
Qwen3.5-27B,opencode,AIME,aime_5,2,1,0.19448590872222032,1156
Qwen3.5-27B,opencode,AIME,aime_5,3,1,0.18505319339483522,3806
Qwen3.5-27B,opencode,AIME,aime_6,0,1,0.152706212989329,1900
Qwen3.5-27B,opencode,AIME,aime_6,1,1,0.15586041442589718,1624
Qwen3.5-27B,opencode,AIME,aime_6,2,1,0.140912428254806,1121
Qwen3.5-27B,opencode,AIME,aime_6,3,1,0.1775926347465334,2415
Qwen3.5-27B,opencode,AIME,aime_7,0,1,0.24995251028315763,5653
Qwen3.5-27B,opencode,AIME,aime_7,1,0,0.27512760062606706,956
Qwen3.5-27B,opencode,AIME,aime_7,2,1,0.22890416164690672,1544
Qwen3.5-27B,opencode,AIME,aime_7,3,0,0.2531380840962854,965
Qwen3.5-27B,opencode,AIME,aime_8,0,1,0.20869912237452404,2222
Qwen3.5-27B,opencode,AIME,aime_8,1,1,0.20620876192702237,1189
Qwen3.5-27B,opencode,AIME,aime_8,2,1,0.24196633757398206,2181
Qwen3.5-27B,opencode,AIME,aime_8,3,1,0.2600430471158597,4120
Qwen3.5-27B,opencode,AIME,aime_9,0,1,0.1925671080404327,11880
Qwen3.5-27B,opencode,AIME,aime_9,1,0,0.3670457008283184,7916
Qwen3.5-27B,opencode,AIME,aime_9,2,0,0.32578141533076305,14110
Qwen3.5-27B,opencode,AIME,aime_9,3,0,0.31557318778537136,6695
Qwen3.5-27B,opencode,GPQA,gpqa_0,0,1,0.327966237093093,717
Qwen3.5-27B,opencode,GPQA,gpqa_1,0,1,0.38386564526108086,1547
Qwen3.5-27B,opencode,GPQA,gpqa_10,0,0,0.3092497697762995,2332
Qwen3.5-27B,opencode,GPQA,gpqa_100,0,0,0.09200695037226447,5811
Qwen3.5-27B,opencode,GPQA,gpqa_101,0,1,0.4620103281671663,1741
Qwen3.5-27B,opencode,GPQA,gpqa_102,0,1,0.5641916362697069,1430
Qwen3.5-27B,opencode,GPQA,gpqa_103,0,0,0.25416991150098306,3355
Qwen3.5-27B,opencode,GPQA,gpqa_104,0,1,0.4656578220983285,2463
Qwen3.5-27B,opencode,GPQA,gpqa_105,0,1,0.357475724320906,1322
Qwen3.5-27B,opencode,GPQA,gpqa_106,0,0,0.2662596272805326,352
Qwen3.5-27B,opencode,GPQA,gpqa_107,0,0,0.501198360480681,1285
Qwen3.5-27B,opencode,GPQA,gpqa_108,0,0,0.2261044034786356,5800
Qwen3.5-27B,opencode,GPQA,gpqa_109,0,0,0.17852331044934838,5828
Qwen3.5-27B,opencode,GPQA,gpqa_11,0,1,0.26680525475141414,690
Qwen3.5-27B,opencode,GPQA,gpqa_110,0,1,0.48741501086313527,1508
Qwen3.5-27B,opencode,GPQA,gpqa_111,0,0,0.10441214348881016,5807
Qwen3.5-27B,opencode,GPQA,gpqa_112,0,0,0.18747238935665247,5825
Qwen3.5-27B,opencode,GPQA,gpqa_113,0,0,0.31210535605993184,1051
Qwen3.5-27B,opencode,GPQA,gpqa_114,0,0,0.25375696265641245,1032
Qwen3.5-27B,opencode,GPQA,gpqa_115,0,1,0.4165639467374645,1190
Qwen3.5-27B,opencode,GPQA,gpqa_116,0,0,0.30169219508061773,5089
Qwen3.5-27B,opencode,GPQA,gpqa_117,0,1,0.3077841574012243,822
Qwen3.5-27B,opencode,GPQA,gpqa_118,0,0,0.3568103532112535,1437
Qwen3.5-27B,opencode,GPQA,gpqa_119,0,1,0.4797263171585508,1446
Qwen3.5-27B,opencode,GPQA,gpqa_12,0,1,0.3178385194961593,1589
Qwen3.5-27B,opencode,GPQA,gpqa_120,0,0,0.1515196223420112,5818
Qwen3.5-27B,opencode,GPQA,gpqa_121,0,1,0.18593707926977684,788
Qwen3.5-27B,opencode,GPQA,gpqa_122,0,1,0.41170647340299377,854
Qwen3.5-27B,opencode,GPQA,gpqa_123,0,1,0.41662451350524743,1385
Qwen3.5-27B,opencode,GPQA,gpqa_124,0,0,0.1108839973761311,4734
Qwen3.5-27B,opencode,GPQA,gpqa_125,0,0,0.20142015027187346,5803
Qwen3.5-27B,opencode,GPQA,gpqa_126,0,1,0.3445272227317263,1431
Qwen3.5-27B,opencode,GPQA,gpqa_127,0,0,0.12553536916676322,5801
Qwen3.5-27B,opencode,GPQA,gpqa_128,0,1,0.4480003308351668,2793
Qwen3.5-27B,opencode,GPQA,gpqa_129,0,0,0.44812389696500676,1988
Qwen3.5-27B,opencode,GPQA,gpqa_13,0,1,0.17167182099329256,760
Qwen3.5-27B,opencode,GPQA,gpqa_130,0,0,0.11178767064387134,5778
Qwen3.5-27B,opencode,GPQA,gpqa_131,0,1,0.5332267463457825,1784
Qwen3.5-27B,opencode,GPQA,gpqa_132,0,0,0.3781336986112502,807
Qwen3.5-27B,opencode,GPQA,gpqa_133,0,0,0.37150681437789745,1585
Qwen3.5-27B,opencode,GPQA,gpqa_134,0,0,0.10913905929433783,5819
Qwen3.5-27B,opencode,GPQA,gpqa_135,0,1,0.40429608775339226,2048
Qwen3.5-27B,opencode,GPQA,gpqa_136,0,1,0.2899925012953086,1041
Qwen3.5-27B,opencode,GPQA,gpqa_137,0,1,0.3081104067212656,1731
Qwen3.5-27B,opencode,GPQA,gpqa_138,0,1,0.26811141155992874,1188
Qwen3.5-27B,opencode,GPQA,gpqa_139,0,1,0.3444618158595223,1079
Qwen3.5-27B,opencode,GPQA,gpqa_14,0,1,0.3689736905972957,546
Qwen3.5-27B,opencode,GPQA,gpqa_140,0,1,0.4116123954718301,1775
Qwen3.5-27B,opencode,GPQA,gpqa_141,0,1,0.32061285593471955,415
Qwen3.5-27B,opencode,GPQA,gpqa_143,0,0,0.3901871823212723,1112
Qwen3.5-27B,opencode,GPQA,gpqa_144,0,1,0.3080350072606396,1050
Qwen3.5-27B,opencode,GPQA,gpqa_145,0,1,0.30774622932002965,1196
Qwen3.5-27B,opencode,GPQA,gpqa_146,0,1,0.2752099333640827,1376
Qwen3.5-27B,opencode,GPQA,gpqa_147,0,1,0.2310902578456647,675
Qwen3.5-27B,opencode,GPQA,gpqa_148,0,1,0.16204609692601893,493
Qwen3.5-27B,opencode,GPQA,gpqa_149,0,0,0.32471164909843514,1951
Qwen3.5-27B,opencode,GPQA,gpqa_15,0,1,0.5280482507891977,1255
Qwen3.5-27B,opencode,GPQA,gpqa_150,0,1,0.22377461171373705,459
Qwen3.5-27B,opencode,GPQA,gpqa_151,0,1,0.17534348640735095,679
Qwen3.5-27B,opencode,GPQA,gpqa_152,0,1,0.20403673426880692,696
Qwen3.5-27B,opencode,GPQA,gpqa_153,0,1,0.36191401683801705,735
Qwen3.5-27B,opencode,GPQA,gpqa_154,0,1,0.21595937582511712,942
Qwen3.5-27B,opencode,GPQA,gpqa_155,0,1,0.2546022071737514,756
Qwen3.5-27B,opencode,GPQA,gpqa_156,0,1,0.25161417685314524,936
Qwen3.5-27B,opencode,GPQA,gpqa_157,0,1,0.2549596054936764,559
Qwen3.5-27B,opencode,GPQA,gpqa_158,0,1,0.30727651228815844,897
Qwen3.5-27B,opencode,GPQA,gpqa_159,0,1,0.19147783424147105,905
Qwen3.5-27B,opencode,GPQA,gpqa_16,0,1,0.36363925535086916,1354
Qwen3.5-27B,opencode,GPQA,gpqa_161,0,1,0.2471089319188951,898
Qwen3.5-27B,opencode,GPQA,gpqa_162,0,1,0.3950824139829114,3180
Qwen3.5-27B,opencode,GPQA,gpqa_163,0,1,0.18497548299424252,285
Qwen3.5-27B,opencode,GPQA,gpqa_164,0,1,0.09492214277681195,995
Qwen3.5-27B,opencode,GPQA,gpqa_165,0,1,0.12062251342456466,1015
Qwen3.5-27B,opencode,GPQA,gpqa_166,0,1,0.12289211403647282,729
Qwen3.5-27B,opencode,GPQA,gpqa_167,0,1,0.13021262133822936,1320
Qwen3.5-27B,opencode,GPQA,gpqa_168,0,1,0.14636193087100566,805
Qwen3.5-27B,opencode,GPQA,gpqa_169,0,1,0.3151041338922,681
Qwen3.5-27B,opencode,GPQA,gpqa_17,0,1,0.20151346395692896,1305
Qwen3.5-27B,opencode,GPQA,gpqa_170,0,1,0.13602920330149934,683
Qwen3.5-27B,opencode,GPQA,gpqa_171,0,1,0.27271971524072064,2394
Qwen3.5-27B,opencode,GPQA,gpqa_172,0,1,0.2585408995666599,1598
Qwen3.5-27B,opencode,GPQA,gpqa_174,0,1,0.27286638029096844,2121
Qwen3.5-27B,opencode,GPQA,gpqa_175,0,1,0.16676593869144082,1173
Qwen3.5-27B,opencode,GPQA,gpqa_176,0,1,0.2707957161253352,818
Qwen3.5-27B,opencode,GPQA,gpqa_177,0,1,0.2561953134075481,666
Qwen3.5-27B,opencode,GPQA,gpqa_178,0,1,0.14338153752901167,1638
Qwen3.5-27B,opencode,GPQA,gpqa_179,0,1,0.19161931279425085,1039
Qwen3.5-27B,opencode,GPQA,gpqa_18,0,0,0.29988173745110336,5797
Qwen3.5-27B,opencode,GPQA,gpqa_180,0,1,0.12852883349084657,855
Qwen3.5-27B,opencode,GPQA,gpqa_182,0,1,0.1942550491613751,654
Qwen3.5-27B,opencode,GPQA,gpqa_183,0,1,0.12925921305196983,449
Qwen3.5-27B,opencode,GPQA,gpqa_184,0,1,0.22206173248456695,727
Qwen3.5-27B,opencode,GPQA,gpqa_185,0,0,0.5158303026405865,1467
Qwen3.5-27B,opencode,GPQA,gpqa_186,0,1,0.18945204264798557,491
Qwen3.5-27B,opencode,GPQA,gpqa_187,0,1,0.21364937800754852,486
Qwen3.5-27B,opencode,GPQA,gpqa_188,0,1,0.29869779678439934,1803
Qwen3.5-27B,opencode,GPQA,gpqa_19,0,1,0.16673692521395989,598
Qwen3.5-27B,opencode,GPQA,gpqa_190,0,1,0.1538027384919396,576
Qwen3.5-27B,opencode,GPQA,gpqa_191,0,1,0.2284892181108168,523
Qwen3.5-27B,opencode,GPQA,gpqa_192,0,1,0.3348499823824935,1004
Qwen3.5-27B,opencode,GPQA,gpqa_193,0,1,0.13725157783880487,655
Qwen3.5-27B,opencode,GPQA,gpqa_194,0,1,0.21877554762643298,599
Qwen3.5-27B,opencode,GPQA,gpqa_195,0,1,0.22751468322453144,874
Qwen3.5-27B,opencode,GPQA,gpqa_196,0,0,0.36275596967503376,1363
Qwen3.5-27B,opencode,GPQA,gpqa_197,0,1,0.1842438882567326,1086
Qwen3.5-27B,opencode,GPQA,gpqa_2,0,1,0.20721952456571235,988
Qwen3.5-27B,opencode,GPQA,gpqa_20,0,1,0.42847973214420987,1339
Qwen3.5-27B,opencode,GPQA,gpqa_21,0,1,0.2414822774930169,626
Qwen3.5-27B,opencode,GPQA,gpqa_22,0,0,0.0647845686856866,5806
Qwen3.5-27B,opencode,GPQA,gpqa_23,0,1,0.23154027177177042,1046
Qwen3.5-27B,opencode,GPQA,gpqa_24,0,1,0.31266687286509937,2022
Qwen3.5-27B,opencode,GPQA,gpqa_25,0,1,0.2323703908645614,371
Qwen3.5-27B,opencode,GPQA,gpqa_26,0,1,0.1632385943386773,726
Qwen3.5-27B,opencode,GPQA,gpqa_27,0,1,0.40178111232215336,804
Qwen3.5-27B,opencode,GPQA,gpqa_28,0,0,0.2672358699473799,5815
Qwen3.5-27B,opencode,GPQA,gpqa_29,0,1,0.4021027879421875,759
Qwen3.5-27B,opencode,GPQA,gpqa_3,0,1,0.25587197540226797,652
Qwen3.5-27B,opencode,GPQA,gpqa_30,0,0,0.4011992629564157,5019
Qwen3.5-27B,opencode,GPQA,gpqa_31,0,0,0.5428518016351054,236
Qwen3.5-27B,opencode,GPQA,gpqa_32,0,1,0.22170962422116386,780
Qwen3.5-27B,opencode,GPQA,gpqa_33,0,1,0.30098861952854405,693
Qwen3.5-27B,opencode,GPQA,gpqa_34,0,1,0.19993378077085186,905
Qwen3.5-27B,opencode,GPQA,gpqa_35,0,1,0.23601737313293297,891
Qwen3.5-27B,opencode,GPQA,gpqa_36,0,1,0.24896032835759455,1011
Qwen3.5-27B,opencode,GPQA,gpqa_37,0,1,0.24187760839619876,806
Qwen3.5-27B,opencode,GPQA,gpqa_38,0,0,0.09917643166784303,5822
Qwen3.5-27B,opencode,GPQA,gpqa_39,0,1,0.3569118850183018,781
Qwen3.5-27B,opencode,GPQA,gpqa_4,0,1,0.2302003615207974,1333
Qwen3.5-27B,opencode,GPQA,gpqa_40,0,0,0.16208470048072335,5814
Qwen3.5-27B,opencode,GPQA,gpqa_41,0,1,0.43220942896479936,559
Qwen3.5-27B,opencode,GPQA,gpqa_42,0,0,0.4232871151747169,893
Qwen3.5-27B,opencode,GPQA,gpqa_43,0,0,0.4665708223774319,849
Qwen3.5-27B,opencode,GPQA,gpqa_44,0,1,0.2271255522681931,908
Qwen3.5-27B,opencode,GPQA,gpqa_45,0,1,0.20766233614896806,1325
Qwen3.5-27B,opencode,GPQA,gpqa_46,0,1,0.24883347429110567,1150
Qwen3.5-27B,opencode,GPQA,gpqa_47,0,1,0.3522063151230028,628
Qwen3.5-27B,opencode,GPQA,gpqa_48,0,1,0.3310419608275017,505
Qwen3.5-27B,opencode,GPQA,gpqa_49,0,1,0.30119276581333,690
Qwen3.5-27B,opencode,GPQA,gpqa_5,0,1,0.3517027074165662,961
Qwen3.5-27B,opencode,GPQA,gpqa_50,0,1,0.32798342265575453,2007
Qwen3.5-27B,opencode,GPQA,gpqa_51,0,1,0.12461541187233502,1361
Qwen3.5-27B,opencode,GPQA,gpqa_52,0,1,0.30153003520587646,771
Qwen3.5-27B,opencode,GPQA,gpqa_53,0,1,0.2065832487309947,678
Qwen3.5-27B,opencode,GPQA,gpqa_54,0,1,0.19932855052032536,619
Qwen3.5-27B,opencode,GPQA,gpqa_55,0,1,0.5171566938641455,1225
Qwen3.5-27B,opencode,GPQA,gpqa_56,0,1,0.2565546181652137,927
Qwen3.5-27B,opencode,GPQA,gpqa_57,0,1,0.3050710359100707,652
Qwen3.5-27B,opencode,GPQA,gpqa_58,0,0,0.14803217303466593,5823
Qwen3.5-27B,opencode,GPQA,gpqa_59,0,0,0.3154042930616516,238
Qwen3.5-27B,opencode,GPQA,gpqa_6,0,1,0.2659022042831498,1820
Qwen3.5-27B,opencode,GPQA,gpqa_60,0,1,0.598865479389691,1128
Qwen3.5-27B,opencode,GPQA,gpqa_61,0,1,0.4207030255173563,739
Qwen3.5-27B,opencode,GPQA,gpqa_62,0,1,0.39198595504806594,817
Qwen3.5-27B,opencode,GPQA,gpqa_63,0,1,0.3478820825997859,1089
Qwen3.5-27B,opencode,GPQA,gpqa_64,0,0,0.5213854927147162,1101
Qwen3.5-27B,opencode,GPQA,gpqa_65,0,0,0.5007903288348966,149
Qwen3.5-27B,opencode,GPQA,gpqa_66,0,1,0.3586265614467149,775
Qwen3.5-27B,opencode,GPQA,gpqa_67,0,1,0.3070232441885188,1149
Qwen3.5-27B,opencode,GPQA,gpqa_68,0,1,0.3218853746632877,763
Qwen3.5-27B,opencode,GPQA,gpqa_69,0,1,0.5403485019311629,1150
Qwen3.5-27B,opencode,GPQA,gpqa_7,0,1,0.2617021879114087,704
Qwen3.5-27B,opencode,GPQA,gpqa_70,0,0,0.4155144174304294,710
Qwen3.5-27B,opencode,GPQA,gpqa_71,0,1,0.37675947618170547,167
Qwen3.5-27B,opencode,GPQA,gpqa_72,0,1,0.4224224013881328,750
Qwen3.5-27B,opencode,GPQA,gpqa_73,0,1,0.323368172419212,760
Qwen3.5-27B,opencode,GPQA,gpqa_74,0,1,0.23863159978868198,847
Qwen3.5-27B,opencode,GPQA,gpqa_75,0,1,0.3000254896247614,1129
Qwen3.5-27B,opencode,GPQA,gpqa_76,0,1,0.5151858942943939,1083
Qwen3.5-27B,opencode,GPQA,gpqa_77,0,0,0.4915637198666013,2114
Qwen3.5-27B,opencode,GPQA,gpqa_78,0,1,0.3582157237282217,1518
Qwen3.5-27B,opencode,GPQA,gpqa_79,0,0,0.40758787668286983,1835
Qwen3.5-27B,opencode,GPQA,gpqa_8,0,1,0.2756594276614471,1200
Qwen3.5-27B,opencode,GPQA,gpqa_80,0,1,0.28299861746989197,1296
Qwen3.5-27B,opencode,GPQA,gpqa_81,0,1,0.6016334387715226,2100
Qwen3.5-27B,opencode,GPQA,gpqa_82,0,0,0.18583546172789112,5817
Qwen3.5-27B,opencode,GPQA,gpqa_83,0,0,0.42103029184275753,1352
Qwen3.5-27B,opencode,GPQA,gpqa_84,0,1,0.29890394532627934,1118
Qwen3.5-27B,opencode,GPQA,gpqa_85,0,1,0.40124147899432744,1555
Qwen3.5-27B,opencode,GPQA,gpqa_86,0,1,0.3701815780985594,685
Qwen3.5-27B,opencode,GPQA,gpqa_87,0,0,0.5275673867731454,2586
Qwen3.5-27B,opencode,GPQA,gpqa_88,0,1,0.4511020356220128,1217
Qwen3.5-27B,opencode,GPQA,gpqa_89,0,0,0.3034443713665349,1983
Qwen3.5-27B,opencode,GPQA,gpqa_9,0,1,0.4178353698564436,1434
Qwen3.5-27B,opencode,GPQA,gpqa_90,0,1,0.2913115640831553,754
Qwen3.5-27B,opencode,GPQA,gpqa_91,0,1,0.4080325905813483,1046
Qwen3.5-27B,opencode,GPQA,gpqa_92,0,1,0.3887723628385044,569
Qwen3.5-27B,opencode,GPQA,gpqa_93,0,1,0.3541767138243635,2505
Qwen3.5-27B,opencode,GPQA,gpqa_94,0,1,0.3376582604563471,1142
Qwen3.5-27B,opencode,GPQA,gpqa_95,0,1,0.39277098165391555,1668
Qwen3.5-27B,opencode,GPQA,gpqa_96,0,0,0.14552798157427732,5805
Qwen3.5-27B,opencode,GPQA,gpqa_97,0,0,0.3214990749505912,1122
Qwen3.5-27B,opencode,GPQA,gpqa_98,0,1,0.44798546567828834,1532
Qwen3.5-27B,opencode,GPQA,gpqa_99,0,1,0.39348085646176495,1201
Qwen3.5-27B,opencode,HLE,hle_1,0,0,0.3768215135741321,448
Qwen3.5-27B,opencode,HLE,hle_1008,0,0,0.021134961157570437,41439
Qwen3.5-27B,opencode,HLE,hle_1009,0,1,0.4897441556579151,801
Qwen3.5-27B,opencode,HLE,hle_1012,0,0,0.3795969343517981,1746
Qwen3.5-27B,opencode,HLE,hle_1019,0,0,0.4440523922718905,952
Qwen3.5-27B,opencode,HLE,hle_1021,0,1,0.2196663842541401,1044
Qwen3.5-27B,opencode,HLE,hle_1022,0,0,0.41831254609308577,1108
Qwen3.5-27B,opencode,HLE,hle_1023,0,0,0.02155646157330047,42391
Qwen3.5-27B,opencode,HLE,hle_1024,0,0,0.3616573976137745,814
Qwen3.5-27B,opencode,HLE,hle_1031,0,0,0.26310355218249154,2471
Qwen3.5-27B,opencode,HLE,hle_1038,0,0,0.4786378543340205,1186
Qwen3.5-27B,opencode,HLE,hle_1045,0,0,0.009581570125074912,34259
Qwen3.5-27B,opencode,HLE,hle_1046,0,0,0.2930550260172752,1598
Qwen3.5-27B,opencode,HLE,hle_1047,0,0,0.27355767169068795,1298
Qwen3.5-27B,opencode,HLE,hle_1048,0,0,0.1921280457016351,1657
Qwen3.5-27B,opencode,HLE,hle_1049,0,0,0.05192493918245294,28136
Qwen3.5-27B,opencode,HLE,hle_1050,0,0,0.05444667282098167,23795
Qwen3.5-27B,opencode,HLE,hle_1051,0,1,0.17082153029541103,4434
Qwen3.5-27B,opencode,HLE,hle_1052,0,0,0.4048319894293888,3672
Qwen3.5-27B,opencode,HLE,hle_1054,0,0,0.5482074612399134,1711
Qwen3.5-27B,opencode,HLE,hle_1055,0,0,0.4081663985041125,2827
Qwen3.5-27B,opencode,HLE,hle_1056,0,0,0.3186323260771623,1990
Qwen3.5-27B,opencode,HLE,hle_1057,0,0,0.5158453709234619,2102
Qwen3.5-27B,opencode,HLE,hle_1058,0,0,0.31998920479768184,1642
Qwen3.5-27B,opencode,HLE,hle_1066,0,0,0.39640756416025613,825
Qwen3.5-27B,opencode,HLE,hle_1067,0,0,0.35631914723043623,958
Qwen3.5-27B,opencode,HLE,hle_1070,0,0,0.6066707842252493,1571
Qwen3.5-27B,opencode,HLE,hle_1071,0,0,0.4267378627243293,1619
Qwen3.5-27B,opencode,HLE,hle_1073,0,0,0.23116224007536934,765
Qwen3.5-27B,opencode,HLE,hle_1074,0,1,0.5013898859087867,684
Qwen3.5-27B,opencode,HLE,hle_1077,0,1,0.4542422728936851,1304
Qwen3.5-27B,opencode,HLE,hle_1079,0,0,0.4643346067300158,1488
Qwen3.5-27B,opencode,HLE,hle_108,0,0,0.012042342525958474,42573
Qwen3.5-27B,opencode,HLE,hle_1080,0,1,0.5058024395861778,1239
Qwen3.5-27B,opencode,HLE,hle_1081,0,1,0.34174893350502317,1205
Qwen3.5-27B,opencode,HLE,hle_1083,0,0,0.559435377232628,373
Qwen3.5-27B,opencode,HLE,hle_1084,0,1,0.5280050764444023,946
Qwen3.5-27B,opencode,HLE,hle_1088,0,0,0.42577656267101194,1693
Qwen3.5-27B,opencode,HLE,hle_1089,0,0,0.48518690494710914,817
Qwen3.5-27B,opencode,HLE,hle_109,0,0,0.5074866939856509,759
Qwen3.5-27B,opencode,HLE,hle_1098,0,0,0.029183040009615076,35303
Qwen3.5-27B,opencode,HLE,hle_11,0,0,0.395107511444132,2689
Qwen3.5-27B,opencode,HLE,hle_1108,0,0,0.03109207254442734,35399
Qwen3.5-27B,opencode,HLE,hle_1109,0,0,0.017494148867227968,36053
Qwen3.5-27B,opencode,HLE,hle_111,0,0,0.4612842201660854,1195
Qwen3.5-27B,opencode,HLE,hle_1116,0,0,0.39420135839805154,1004
Qwen3.5-27B,opencode,HLE,hle_1119,0,1,0.33696548045353125,725
Qwen3.5-27B,opencode,HLE,hle_112,0,1,0.3069202840563687,2336
Qwen3.5-27B,opencode,HLE,hle_1120,0,0,0.02633687585595225,36611
Qwen3.5-27B,opencode,HLE,hle_1126,0,0,0.18323109738624807,2933
Qwen3.5-27B,opencode,HLE,hle_1127,0,0,0.28645564925542605,2654
Qwen3.5-27B,opencode,HLE,hle_1128,0,0,0.24488299084848178,4296
Qwen3.5-27B,opencode,HLE,hle_1129,0,0,0.5339511437615441,1515
Qwen3.5-27B,opencode,HLE,hle_1130,0,0,0.2898237991073079,2071
Qwen3.5-27B,opencode,HLE,hle_1133,0,0,0.13193349853229555,1557
Qwen3.5-27B,opencode,HLE,hle_1135,0,0,0.595974593887777,924
Qwen3.5-27B,opencode,HLE,hle_1137,0,1,0.43960776815040087,684
Qwen3.5-27B,opencode,HLE,hle_1138,0,0,0.35338296759815496,1241
Qwen3.5-27B,opencode,HLE,hle_1139,0,0,0.42104720610540197,1547
Qwen3.5-27B,opencode,HLE,hle_114,0,0,0.37020408146991296,2066
Qwen3.5-27B,opencode,HLE,hle_115,0,0,0.5091926745903576,1300
Qwen3.5-27B,opencode,HLE,hle_1150,0,0,0.07079784872841431,3692
Qwen3.5-27B,opencode,HLE,hle_1153,0,0,0.420598223616896,1155
Qwen3.5-27B,opencode,HLE,hle_1159,0,0,0.4132868501497081,1197
Qwen3.5-27B,opencode,HLE,hle_1166,0,0,0.2161590048100024,6657
Qwen3.5-27B,opencode,HLE,hle_117,0,0,0.25668406719580966,7113
Qwen3.5-27B,opencode,HLE,hle_1174,0,0,0.5692315695305388,972
Qwen3.5-27B,opencode,HLE,hle_1177,0,0,0.5459516212346299,1317
Qwen3.5-27B,opencode,HLE,hle_1179,0,0,0.31540011054467904,622
Qwen3.5-27B,opencode,HLE,hle_118,0,0,0.33600542405573963,697
Qwen3.5-27B,opencode,HLE,hle_1182,0,0,0.05118286115944056,2954
Qwen3.5-27B,opencode,HLE,hle_1188,0,0,0.5753149355580255,1515
Qwen3.5-27B,opencode,HLE,hle_119,0,0,0.05257519972621693,42568
Qwen3.5-27B,opencode,HLE,hle_1192,0,1,0.3664231337960383,936
Qwen3.5-27B,opencode,HLE,hle_1196,0,0,0.4652396220635194,878
Qwen3.5-27B,opencode,HLE,hle_1198,0,0,0.017872043064869354,33837
Qwen3.5-27B,opencode,HLE,hle_120,0,0,0.4006621740128282,851
Qwen3.5-27B,opencode,HLE,hle_1207,0,1,0.5875911581986204,1207
Qwen3.5-27B,opencode,HLE,hle_1215,0,0,0.05536009037900065,31569
Qwen3.5-27B,opencode,HLE,hle_1219,0,0,0.3779908616831489,823
Qwen3.5-27B,opencode,HLE,hle_1220,0,0,0.5740336173116676,1107
Qwen3.5-27B,opencode,HLE,hle_123,0,0,0.34992269831918404,416
Qwen3.5-27B,opencode,HLE,hle_1231,0,0,0.029517631492815125,27525
Qwen3.5-27B,opencode,HLE,hle_1234,0,0,0.5589891478627159,2351
Qwen3.5-27B,opencode,HLE,hle_1235,0,0,0.11346500220358209,1815
Qwen3.5-27B,opencode,HLE,hle_1236,0,0,0.05256222290049787,8029
Qwen3.5-27B,opencode,HLE,hle_1240,0,0,0.37927947444470594,2234
Qwen3.5-27B,opencode,HLE,hle_1241,0,0,0.4355848449232599,558
Qwen3.5-27B,opencode,HLE,hle_1246,0,0,0.06458987128149042,25261
Qwen3.5-27B,opencode,HLE,hle_1249,0,0,0.4565179321449917,902
Qwen3.5-27B,opencode,HLE,hle_126,0,0,0.5139943160314435,371
Qwen3.5-27B,opencode,HLE,hle_1260,0,0,0.05826472855735174,25679
Qwen3.5-27B,opencode,HLE,hle_1263,0,1,0.4821676692492861,774
Qwen3.5-27B,opencode,HLE,hle_1269,0,0,0.04808402758064523,4065
Qwen3.5-27B,opencode,HLE,hle_1272,0,0,0.5124603249344503,641
Qwen3.5-27B,opencode,HLE,hle_1276,0,0,0.3967940507444605,1169
Qwen3.5-27B,opencode,HLE,hle_1285,0,0,0.5429422469143041,897
Qwen3.5-27B,opencode,HLE,hle_1290,0,0,0.4134000802198077,828
Qwen3.5-27B,opencode,HLE,hle_1292,0,0,0.06181803234888552,2846
Qwen3.5-27B,opencode,HLE,hle_1298,0,0,0.4685098312589632,1210
Qwen3.5-27B,opencode,HLE,hle_13,0,1,0.14686430024750227,4805
Qwen3.5-27B,opencode,HLE,hle_1301,0,0,0.04445880784333717,26897
Qwen3.5-27B,opencode,HLE,hle_1308,0,0,0.029108424627686334,21272
Qwen3.5-27B,opencode,HLE,hle_1309,0,0,0.3606036793623387,484
Qwen3.5-27B,opencode,HLE,hle_131,0,0,0.45686725420129815,841
Qwen3.5-27B,opencode,HLE,hle_1312,0,0,0.41837612881782293,2186
Qwen3.5-27B,opencode,HLE,hle_1315,0,0,0.45258605308497524,628
Qwen3.5-27B,opencode,HLE,hle_1316,0,0,0.47235697729038456,840
Qwen3.5-27B,opencode,HLE,hle_1317,0,1,0.31569931711377347,2919
Qwen3.5-27B,opencode,HLE,hle_1325,0,0,0.0211953315063737,27669
Qwen3.5-27B,opencode,HLE,hle_1330,0,0,0.03732990585359969,27757
Qwen3.5-27B,opencode,HLE,hle_1332,0,0,0.4153248090151117,2184
Qwen3.5-27B,opencode,HLE,hle_1333,0,0,0.49419081867455594,1781
Qwen3.5-27B,opencode,HLE,hle_1334,0,0,0.5006585468855375,854
Qwen3.5-27B,opencode,HLE,hle_1339,0,0,0.415766606345939,1155
Qwen3.5-27B,opencode,HLE,hle_1340,0,1,0.47714591591937044,833
Qwen3.5-27B,opencode,HLE,hle_1341,0,0,0.4121746062629603,1385
Qwen3.5-27B,opencode,HLE,hle_1342,0,0,0.4478301659369764,710
Qwen3.5-27B,opencode,HLE,hle_1344,0,0,0.40968667708654094,791
Qwen3.5-27B,opencode,HLE,hle_1347,0,0,0.2811403403372204,731
Qwen3.5-27B,opencode,HLE,hle_136,0,0,0.06442115377039444,12737
Qwen3.5-27B,opencode,HLE,hle_1365,0,0,0.4160689400458228,967
Qwen3.5-27B,opencode,HLE,hle_1370,0,0,0.4879582060476438,519
Qwen3.5-27B,opencode,HLE,hle_1376,0,0,0.3812302544538835,739
Qwen3.5-27B,opencode,HLE,hle_1379,0,0,0.24763570591515835,3007
Qwen3.5-27B,opencode,HLE,hle_138,0,0,0.39461660541253046,1508
Qwen3.5-27B,opencode,HLE,hle_1380,0,0,0.5367565192013586,795
Qwen3.5-27B,opencode,HLE,hle_1381,0,0,0.3828454695015938,706
Qwen3.5-27B,opencode,HLE,hle_1382,0,0,0.5109193413966219,1099
Qwen3.5-27B,opencode,HLE,hle_1383,0,0,0.3752293378426966,1109
Qwen3.5-27B,opencode,HLE,hle_1384,0,0,0.0163658168938162,42389
Qwen3.5-27B,opencode,HLE,hle_1385,0,0,0.5212972426849071,1454
Qwen3.5-27B,opencode,HLE,hle_1386,0,0,0.46450360752513237,786
Qwen3.5-27B,opencode,HLE,hle_1388,0,0,0.41023140988383616,1792
Qwen3.5-27B,opencode,HLE,hle_1389,0,1,0.42184208316008404,974
Qwen3.5-27B,opencode,HLE,hle_1390,0,0,0.34067235597886136,1333
Qwen3.5-27B,opencode,HLE,hle_1391,0,0,0.43111308979996044,797
Qwen3.5-27B,opencode,HLE,hle_1392,0,0,0.2086765953880002,1893
Qwen3.5-27B,opencode,HLE,hle_1393,0,0,0.5136343957027764,1296
Qwen3.5-27B,opencode,HLE,hle_1394,0,0,0.01694273594380793,42202
Qwen3.5-27B,opencode,HLE,hle_1395,0,0,0.49885527584463574,834
Qwen3.5-27B,opencode,HLE,hle_1396,0,0,0.47752774878511955,993
Qwen3.5-27B,opencode,HLE,hle_1397,0,0,0.43318774581196845,1614
Qwen3.5-27B,opencode,HLE,hle_1399,0,0,0.3742344366062586,1717
Qwen3.5-27B,opencode,HLE,hle_14,0,0,0.3899186566779803,1449
Qwen3.5-27B,opencode,HLE,hle_1401,0,1,0.39703214639739737,1022
Qwen3.5-27B,opencode,HLE,hle_1407,0,0,0.03639292815323532,42621
Qwen3.5-27B,opencode,HLE,hle_141,0,1,0.4111741792766772,1085
Qwen3.5-27B,opencode,HLE,hle_1415,0,0,0.37746999154535316,1019
Qwen3.5-27B,opencode,HLE,hle_1419,0,0,0.39187965466003133,961
Qwen3.5-27B,opencode,HLE,hle_142,0,0,0.31903427715629057,861
Qwen3.5-27B,opencode,HLE,hle_1420,0,0,0.36338351939438857,834
Qwen3.5-27B,opencode,HLE,hle_1423,0,0,0.018357904350083543,43062
Qwen3.5-27B,opencode,HLE,hle_1424,0,0,0.4578109311817997,839
Qwen3.5-27B,opencode,HLE,hle_1433,0,0,0.3807794822329529,778
Qwen3.5-27B,opencode,HLE,hle_1436,0,0,0.017253505576321077,43588
Qwen3.5-27B,opencode,HLE,hle_144,0,0,0.016642138514140967,41904
Qwen3.5-27B,opencode,HLE,hle_1444,0,0,0.48258996332791143,1579
Qwen3.5-27B,opencode,HLE,hle_1446,0,0,0.45626623576145126,864
Qwen3.5-27B,opencode,HLE,hle_145,0,0,0.39306696341470787,738
Qwen3.5-27B,opencode,HLE,hle_1450,0,0,0.02371445532022083,37051
Qwen3.5-27B,opencode,HLE,hle_1452,0,0,0.5763418676443776,1286
Qwen3.5-27B,opencode,HLE,hle_1454,0,1,0.5623274603037893,1633
Qwen3.5-27B,opencode,HLE,hle_1457,0,0,0.6316570550874404,1220
Qwen3.5-27B,opencode,HLE,hle_1458,0,0,0.4700460400978517,776
Qwen3.5-27B,opencode,HLE,hle_1459,0,1,0.33862482837083463,2224
Qwen3.5-27B,opencode,HLE,hle_1460,0,0,0.5013120155560953,1380
Qwen3.5-27B,opencode,HLE,hle_1462,0,0,0.4738701516640713,1050
Qwen3.5-27B,opencode,HLE,hle_1463,0,1,0.44425251062529825,1504
Qwen3.5-27B,opencode,HLE,hle_1467,0,0,0.035933189771456556,31152
Qwen3.5-27B,opencode,HLE,hle_1476,0,0,0.4387600346879374,1235
Qwen3.5-27B,opencode,HLE,hle_1481,0,0,0.1033204918329498,1325
Qwen3.5-27B,opencode,HLE,hle_1487,0,0,0.4432430871605031,1583
Qwen3.5-27B,opencode,HLE,hle_1488,0,0,0.024736621842599466,27028
Qwen3.5-27B,opencode,HLE,hle_1489,0,1,0.6572716911675619,1403
Qwen3.5-27B,opencode,HLE,hle_1494,0,0,0.42641278983383063,962
Qwen3.5-27B,opencode,HLE,hle_1502,0,0,0.3788865420320218,1225
Qwen3.5-27B,opencode,HLE,hle_1504,0,1,0.1413250001698339,8599
Qwen3.5-27B,opencode,HLE,hle_1505,0,1,0.381865831463573,1024
Qwen3.5-27B,opencode,HLE,hle_1509,0,0,0.032519269094898245,8089
Qwen3.5-27B,opencode,HLE,hle_1511,0,0,0.42755960138756954,678
Qwen3.5-27B,opencode,HLE,hle_1512,0,0,0.38464375225925707,632
Qwen3.5-27B,opencode,HLE,hle_1513,0,1,0.5143969021524388,1057
Qwen3.5-27B,opencode,HLE,hle_1517,0,0,0.378570139137589,1033
Qwen3.5-27B,opencode,HLE,hle_1518,0,0,0.5617900037384387,1444
Qwen3.5-27B,opencode,HLE,hle_1519,0,0,0.5190271460004008,1175
Qwen3.5-27B,opencode,HLE,hle_1520,0,0,0.022181784170397158,43526
Qwen3.5-27B,opencode,HLE,hle_1522,0,0,0.44617236233518504,1127
Qwen3.5-27B,opencode,HLE,hle_1524,0,0,0.5080209109450334,758
Qwen3.5-27B,opencode,HLE,hle_1528,0,0,0.05596914230302547,43529
Qwen3.5-27B,opencode,HLE,hle_1530,0,1,0.4012991948015746,1288
Qwen3.5-27B,opencode,HLE,hle_1534,0,1,0.7369472428110809,1844
Qwen3.5-27B,opencode,HLE,hle_1536,0,1,0.38013936166887935,1113
Qwen3.5-27B,opencode,HLE,hle_1545,0,0,0.02654648090623073,44090
Qwen3.5-27B,opencode,HLE,hle_1546,0,0,0.5833889795233473,1457
Qwen3.5-27B,opencode,HLE,hle_1547,0,0,0.4044562247485341,1481
Qwen3.5-27B,opencode,HLE,hle_155,0,0,0.012807093309676778,41808
Qwen3.5-27B,opencode,HLE,hle_1553,0,0,0.3904706318738407,772
Qwen3.5-27B,opencode,HLE,hle_1563,0,0,0.022807861833775457,44470
Qwen3.5-27B,opencode,HLE,hle_1565,0,0,0.40981353987219843,827
Qwen3.5-27B,opencode,HLE,hle_1567,0,0,0.02511216609873667,44450
Qwen3.5-27B,opencode,HLE,hle_1568,0,0,0.6356123774022179,826
Qwen3.5-27B,opencode,HLE,hle_1569,0,0,0.5330765579164717,1644
Qwen3.5-27B,opencode,HLE,hle_1572,0,0,0.32714152282711995,940
Qwen3.5-27B,opencode,HLE,hle_1577,0,0,0.26376038332571616,821
Qwen3.5-27B,opencode,HLE,hle_158,0,0,0.53032710586546,1783
Qwen3.5-27B,opencode,HLE,hle_1586,0,0,0.5464512314229477,324
Qwen3.5-27B,opencode,HLE,hle_1590,0,0,0.03468376407788554,36515
Qwen3.5-27B,opencode,HLE,hle_1596,0,0,0.5331488206893992,1581
Qwen3.5-27B,opencode,HLE,hle_1598,0,0,0.45103850564623016,923
Qwen3.5-27B,opencode,HLE,hle_16,0,0,0.4983541659162837,939
Qwen3.5-27B,opencode,HLE,hle_1601,0,0,0.581506686392534,1633
Qwen3.5-27B,opencode,HLE,hle_1606,0,0,0.004662611280396014,30869
Qwen3.5-27B,opencode,HLE,hle_1613,0,1,0.31940241685883114,970
Qwen3.5-27B,opencode,HLE,hle_1630,0,0,0.48923109199794385,879
Qwen3.5-27B,opencode,HLE,hle_1651,0,0,0.48527641855076886,529
Qwen3.5-27B,opencode,HLE,hle_1666,0,0,0.35592964305491337,826
Qwen3.5-27B,opencode,HLE,hle_167,0,0,0.46254222448121013,1412
Qwen3.5-27B,opencode,HLE,hle_1672,0,0,0.008888728351768377,27018
Qwen3.5-27B,opencode,HLE,hle_1676,0,0,0.36125216346084155,1047
Qwen3.5-27B,opencode,HLE,hle_1679,0,0,0.03345764817294897,22943
Qwen3.5-27B,opencode,HLE,hle_1680,0,0,0.41054379872417157,1144
Qwen3.5-27B,opencode,HLE,hle_1682,0,0,0.37025195810960226,830
Qwen3.5-27B,opencode,HLE,hle_1683,0,0,0.07628362354755118,624
Qwen3.5-27B,opencode,HLE,hle_1685,0,0,0.4496473582088315,2098
Qwen3.5-27B,opencode,HLE,hle_1686,0,0,0.6007818459959056,1316
Qwen3.5-27B,opencode,HLE,hle_169,0,0,0.030308372446633213,41808
Qwen3.5-27B,opencode,HLE,hle_1690,0,0,0.3100059648515402,2767
Qwen3.5-27B,opencode,HLE,hle_1694,0,0,0.5282562618642296,1534
Qwen3.5-27B,opencode,HLE,hle_1696,0,0,0.041929148173688396,21557
Qwen3.5-27B,opencode,HLE,hle_1697,0,0,0.3295319949063965,920
Qwen3.5-27B,opencode,HLE,hle_1699,0,1,0.3412465320367856,869
Qwen3.5-27B,opencode,HLE,hle_1705,0,0,0.004219534598682839,42221
Qwen3.5-27B,opencode,HLE,hle_1716,0,0,0.626959848032824,830
Qwen3.5-27B,opencode,HLE,hle_1719,0,0,0.39533081493090033,557
Qwen3.5-27B,opencode,HLE,hle_1740,0,0,0.3613547432015468,819
Qwen3.5-27B,opencode,HLE,hle_1743,0,0,0.3979779707522355,808
Qwen3.5-27B,opencode,HLE,hle_1745,0,0,0.283064491451635,1002
Qwen3.5-27B,opencode,HLE,hle_1749,0,0,0.39378029096844436,1237
Qwen3.5-27B,opencode,HLE,hle_1750,0,0,0.1670911583018086,6954
Qwen3.5-27B,opencode,HLE,hle_1755,0,0,0.42871000688753047,819
Qwen3.5-27B,opencode,HLE,hle_1756,0,0,0.36472347558196067,773
Qwen3.5-27B,opencode,HLE,hle_176,0,1,0.4594330210447383,1738
Qwen3.5-27B,opencode,HLE,hle_1761,0,0,0.32762595434711594,845
Qwen3.5-27B,opencode,HLE,hle_1762,0,0,0.016957263207867963,43091
Qwen3.5-27B,opencode,HLE,hle_1766,0,0,0.3847089459491141,1092
Qwen3.5-27B,opencode,HLE,hle_178,0,0,0.021454094209783565,41819
Qwen3.5-27B,opencode,HLE,hle_1787,0,0,0.047656085971607046,23640
Qwen3.5-27B,opencode,HLE,hle_179,0,1,0.523065858245232,969
Qwen3.5-27B,opencode,HLE,hle_1792,0,1,0.2777233982876342,646
Qwen3.5-27B,opencode,HLE,hle_1799,0,0,0.4611589368156881,993
Qwen3.5-27B,opencode,HLE,hle_1800,0,1,0.3071535523196665,4138
Qwen3.5-27B,opencode,HLE,hle_1803,0,0,0.0460698331486497,23677
Qwen3.5-27B,opencode,HLE,hle_1804,0,0,0.39593838922507407,1680
Qwen3.5-27B,opencode,HLE,hle_1808,0,0,0.4488110315694988,1055
Qwen3.5-27B,opencode,HLE,hle_1809,0,0,0.43471656150905436,1118
Qwen3.5-27B,opencode,HLE,hle_1810,0,0,0.6207595616699818,654
Qwen3.5-27B,opencode,HLE,hle_1817,0,0,0.38985171735013335,1191
Qwen3.5-27B,opencode,HLE,hle_1827,0,0,0.5309756202205048,742
Qwen3.5-27B,opencode,HLE,hle_1836,0,0,0.5168797071122684,5441
Qwen3.5-27B,opencode,HLE,hle_1837,0,0,0.13625532776415558,1832
Qwen3.5-27B,opencode,HLE,hle_184,0,0,0.5192498398577905,961
Qwen3.5-27B,opencode,HLE,hle_1843,0,0,0.08059743400878462,24082
Qwen3.5-27B,opencode,HLE,hle_1847,0,0,0.2411580282879922,4472
Qwen3.5-27B,opencode,HLE,hle_185,0,0,0.48320914725247366,975
Qwen3.5-27B,opencode,HLE,hle_1853,0,0,0.28776119242201487,3949
Qwen3.5-27B,opencode,HLE,hle_1855,0,0,0.6249947703208617,1095
Qwen3.5-27B,opencode,HLE,hle_1856,0,0,0.35986996248248293,919
Qwen3.5-27B,opencode,HLE,hle_1861,0,0,0.5409116946139648,678
Qwen3.5-27B,opencode,HLE,hle_1862,0,0,0.3857251236193602,842
Qwen3.5-27B,opencode,HLE,hle_1863,0,0,0.16402120465983056,597
Qwen3.5-27B,opencode,HLE,hle_1864,0,0,0.38005719760793244,783
Qwen3.5-27B,opencode,HLE,hle_1865,0,0,0.020545796532994706,24085
Qwen3.5-27B,opencode,HLE,hle_1869,0,1,0.3845177845601111,956
Qwen3.5-27B,opencode,HLE,hle_187,0,0,0.283182945187906,1222
Qwen3.5-27B,opencode,HLE,hle_1871,0,0,0.3881624830349283,1139
Qwen3.5-27B,opencode,HLE,hle_1877,0,0,0.5227769910619524,1202
Qwen3.5-27B,opencode,HLE,hle_1880,0,0,0.49438949647491504,992
Qwen3.5-27B,opencode,HLE,hle_1884,0,0,0.45599838962059996,904
Qwen3.5-27B,opencode,HLE,hle_1889,0,0,0.061137833535336694,24071
Qwen3.5-27B,opencode,HLE,hle_189,0,0,0.3026155191137021,1034
Qwen3.5-27B,opencode,HLE,hle_1890,0,1,0.34433049953707434,638
Qwen3.5-27B,opencode,HLE,hle_1909,0,1,0.5472422798778191,774
Qwen3.5-27B,opencode,HLE,hle_191,0,0,0.32098434871935033,656
Qwen3.5-27B,opencode,HLE,hle_1917,0,0,0.5091775013155603,1453
Qwen3.5-27B,opencode,HLE,hle_1919,0,0,0.4465985826776712,733
Qwen3.5-27B,opencode,HLE,hle_1920,0,0,0.473865231396265,377
Qwen3.5-27B,opencode,HLE,hle_1922,0,1,0.5000263140465058,1374
Qwen3.5-27B,opencode,HLE,hle_1926,0,0,0.10356476135227655,15071
Qwen3.5-27B,opencode,HLE,hle_1927,0,0,0.3708781348210743,1031
Qwen3.5-27B,opencode,HLE,hle_1928,0,0,0.4330615577495034,798
Qwen3.5-27B,opencode,HLE,hle_193,0,0,0.29355451440926117,683
Qwen3.5-27B,opencode,HLE,hle_1938,0,1,0.5081505485975466,1177
Qwen3.5-27B,opencode,HLE,hle_1940,0,0,0.5472860322172923,1449
Qwen3.5-27B,opencode,HLE,hle_1945,0,0,0.38679631679341114,1058
Qwen3.5-27B,opencode,HLE,hle_1946,0,0,0.4789984396188443,789
Qwen3.5-27B,opencode,HLE,hle_1947,0,0,0.3953572061265709,1146
Qwen3.5-27B,opencode,HLE,hle_1958,0,0,0.038116477168520575,23972
Qwen3.5-27B,opencode,HLE,hle_1965,0,0,0.05062066797150254,23458
Qwen3.5-27B,opencode,HLE,hle_1972,0,0,0.05039089641161199,22436
Qwen3.5-27B,opencode,HLE,hle_1980,0,0,0.4239432333844746,1015
Qwen3.5-27B,opencode,HLE,hle_2003,0,0,0.4540409249558834,950
Qwen3.5-27B,opencode,HLE,hle_2005,0,0,0.03979884151537106,22443
Qwen3.5-27B,opencode,HLE,hle_2010,0,1,0.4937564611458306,941
Qwen3.5-27B,opencode,HLE,hle_2016,0,0,0.05483193968735502,21946
Qwen3.5-27B,opencode,HLE,hle_2022,0,0,0.14847562513160673,21672
Qwen3.5-27B,opencode,HLE,hle_2024,0,0,0.4242737142568832,1011
Qwen3.5-27B,opencode,HLE,hle_2037,0,0,0.37545042102249737,643
Qwen3.5-27B,opencode,HLE,hle_2038,0,0,0.38777288258191056,470
Qwen3.5-27B,opencode,HLE,hle_2043,0,0,0.19236274250401417,2622
Qwen3.5-27B,opencode,HLE,hle_2046,0,0,0.42069799950607756,1090
Qwen3.5-27B,opencode,HLE,hle_2060,0,0,0.08586379839923418,22456
Qwen3.5-27B,opencode,HLE,hle_2062,0,0,0.36851581385849613,176
Qwen3.5-27B,opencode,HLE,hle_2073,0,0,0.3535844023543497,696
Qwen3.5-27B,opencode,HLE,hle_2074,0,0,0.40865509462896654,761
Qwen3.5-27B,opencode,HLE,hle_2084,0,0,0.029038844430506285,22804
Qwen3.5-27B,opencode,HLE,hle_2087,0,0,0.5353521132958827,1329
Qwen3.5-27B,opencode,HLE,hle_2088,0,0,0.32359012947172155,3151
Qwen3.5-27B,opencode,HLE,hle_2091,0,0,0.4405185918933378,1284
Qwen3.5-27B,opencode,HLE,hle_2093,0,0,0.3803875135985615,981
Qwen3.5-27B,opencode,HLE,hle_2097,0,0,0.36042457818232926,2337
Qwen3.5-27B,opencode,HLE,hle_210,0,0,0.017878045247162484,41817
Qwen3.5-27B,opencode,HLE,hle_2111,0,0,0.41772397295301483,946
Qwen3.5-27B,opencode,HLE,hle_2116,0,1,0.3534090749891241,1438
Qwen3.5-27B,opencode,HLE,hle_2117,0,1,0.523955320836766,1095
Qwen3.5-27B,opencode,HLE,hle_212,0,0,0.5605871289237029,1621
Qwen3.5-27B,opencode,HLE,hle_2120,0,0,0.03135529466850003,22924
Qwen3.5-27B,opencode,HLE,hle_2132,0,0,0.04722537210111795,22825
Qwen3.5-27B,opencode,HLE,hle_2140,0,1,0.3006999650511004,1412
Qwen3.5-27B,opencode,HLE,hle_2153,0,1,0.3296177948590292,1814
Qwen3.5-27B,opencode,HLE,hle_2154,0,0,0.3562379229947724,1940
Qwen3.5-27B,opencode,HLE,hle_2158,0,1,0.592235066713274,1908
Qwen3.5-27B,opencode,HLE,hle_2163,0,0,0.33939620025828343,606
Qwen3.5-27B,opencode,HLE,hle_2168,0,0,0.3965709206038924,1096
Qwen3.5-27B,opencode,HLE,hle_2174,0,1,0.4503555763776801,1151
Qwen3.5-27B,opencode,HLE,hle_2177,0,0,0.6857114762066866,1262
Qwen3.5-27B,opencode,HLE,hle_2179,0,1,0.35305208339247585,1461
Qwen3.5-27B,opencode,HLE,hle_218,0,0,0.5803776139336544,733
Qwen3.5-27B,opencode,HLE,hle_2181,0,1,0.3845660294488341,1269
Qwen3.5-27B,opencode,HLE,hle_2182,0,0,0.5034152285194429,1290
Qwen3.5-27B,opencode,HLE,hle_2187,0,0,0.05606154977941431,24011
Qwen3.5-27B,opencode,HLE,hle_2191,0,0,0.388766088714388,878
Qwen3.5-27B,opencode,HLE,hle_2197,0,0,0.4502041219724088,1649
Qwen3.5-27B,opencode,HLE,hle_2199,0,0,0.4363180367495174,826
Qwen3.5-27B,opencode,HLE,hle_2200,0,0,0.5024810559160893,909
Qwen3.5-27B,opencode,HLE,hle_2202,0,1,0.3190943953461849,2345
Qwen3.5-27B,opencode,HLE,hle_2203,0,0,0.44517613660369826,984
Qwen3.5-27B,opencode,HLE,hle_2212,0,0,0.03496212754372335,23961
Qwen3.5-27B,opencode,HLE,hle_2214,0,0,0.17022958759915535,1662
Qwen3.5-27B,opencode,HLE,hle_2220,0,0,0.07470512879301613,23805
Qwen3.5-27B,opencode,HLE,hle_2225,0,0,0.7329775957967732,416
Qwen3.5-27B,opencode,HLE,hle_2248,0,0,0.4167805424682179,1420
Qwen3.5-27B,opencode,HLE,hle_2250,0,1,0.41077380249623663,1078
Qwen3.5-27B,opencode,HLE,hle_2252,0,1,0.383506086417985,1440
Qwen3.5-27B,opencode,HLE,hle_2257,0,0,0.026110072701935782,22774
Qwen3.5-27B,opencode,HLE,hle_2261,0,0,0.02518237516837566,23137
Qwen3.5-27B,opencode,HLE,hle_2263,0,1,0.4010404166185115,525
Qwen3.5-27B,opencode,HLE,hle_2285,0,0,0.45828400924251056,1055
Qwen3.5-27B,opencode,HLE,hle_2305,0,0,0.06190308429739743,5268
Qwen3.5-27B,opencode,HLE,hle_2308,0,0,0.5020273783974124,2952
Qwen3.5-27B,opencode,HLE,hle_2318,0,0,0.5474861008067768,946
Qwen3.5-27B,opencode,HLE,hle_2324,0,0,0.45273853757858223,2072
Qwen3.5-27B,opencode,HLE,hle_2326,0,0,0.05626070139724019,17257
Qwen3.5-27B,opencode,HLE,hle_2332,0,0,0.5340202164045852,747
Qwen3.5-27B,opencode,HLE,hle_2333,0,1,0.546760640705382,982
Qwen3.5-27B,opencode,HLE,hle_2334,0,0,0.46063244436406847,453
Qwen3.5-27B,opencode,HLE,hle_2335,0,0,0.47789452941700256,750
Qwen3.5-27B,opencode,HLE,hle_2337,0,0,0.44001645992435784,2068
Qwen3.5-27B,opencode,HLE,hle_2354,0,0,0.4928672952247319,921
Qwen3.5-27B,opencode,HLE,hle_236,0,0,0.3590295729209965,1728
Qwen3.5-27B,opencode,HLE,hle_2360,0,1,0.21274752228494492,414
Qwen3.5-27B,opencode,HLE,hle_2364,0,0,0.5144219559932782,873
Qwen3.5-27B,opencode,HLE,hle_2367,0,0,0.28827970847016515,1895
Qwen3.5-27B,opencode,HLE,hle_2371,0,0,0.32513660517548465,441
Qwen3.5-27B,opencode,HLE,hle_2373,0,0,0.43459685630282824,4552
Qwen3.5-27B,opencode,HLE,hle_2379,0,0,0.35383627724408584,582
Qwen3.5-27B,opencode,HLE,hle_2389,0,0,0.04353418079230597,27191
Qwen3.5-27B,opencode,HLE,hle_241,0,0,0.26720911221571453,4150
Qwen3.5-27B,opencode,HLE,hle_242,0,0,0.3912840108661447,1164
Qwen3.5-27B,opencode,HLE,hle_243,0,0,0.3339524710652892,1580
Qwen3.5-27B,opencode,HLE,hle_2470,0,0,0.06966732814073844,20055
Qwen3.5-27B,opencode,HLE,hle_2486,0,0,0.4592627420519566,1013
Qwen3.5-27B,opencode,HLE,hle_251,0,0,0.48315066337755963,754
Qwen3.5-27B,opencode,HLE,hle_262,0,0,0.4058428743215159,243
Qwen3.5-27B,opencode,HLE,hle_267,0,0,0.381969750742485,801
Qwen3.5-27B,opencode,HLE,hle_27,0,0,0.3508556336868025,1029
Qwen3.5-27B,opencode,HLE,hle_272,0,0,0.05902823249870193,10972
Qwen3.5-27B,opencode,HLE,hle_278,0,0,0.5305601506508808,1174
Qwen3.5-27B,opencode,HLE,hle_280,0,0,0.33288763532299087,801
Qwen3.5-27B,opencode,HLE,hle_283,0,0,0.5556448794265666,853
Qwen3.5-27B,opencode,HLE,hle_288,0,0,0.42999873232393365,398
Qwen3.5-27B,opencode,HLE,hle_293,0,0,0.5547200049620363,797
Qwen3.5-27B,opencode,HLE,hle_294,0,0,0.25368872467117437,841
Qwen3.5-27B,opencode,HLE,hle_302,0,1,0.46157272097760177,763
Qwen3.5-27B,opencode,HLE,hle_309,0,0,0.18088258984530906,5895
Qwen3.5-27B,opencode,HLE,hle_32,0,0,0.41156014179679057,1084
Qwen3.5-27B,opencode,HLE,hle_328,0,0,0.4286370968863011,1169
Qwen3.5-27B,opencode,HLE,hle_329,0,0,0.2215669039811361,1334
Qwen3.5-27B,opencode,HLE,hle_330,0,0,0.0345886157857262,42820
Qwen3.5-27B,opencode,HLE,hle_331,0,0,0.47395800232458163,1404
Qwen3.5-27B,opencode,HLE,hle_335,0,0,0.01551431209934442,42828
Qwen3.5-27B,opencode,HLE,hle_337,0,0,0.5223822237664215,1099
Qwen3.5-27B,opencode,HLE,hle_338,0,0,0.4326687877300326,405
Qwen3.5-27B,opencode,HLE,hle_341,0,0,0.49505807382912875,1132
Qwen3.5-27B,opencode,HLE,hle_344,0,0,0.02100428648505263,42831
Qwen3.5-27B,opencode,HLE,hle_346,0,0,0.4482907294201514,1136
Qwen3.5-27B,opencode,HLE,hle_35,0,0,0.3227890401149476,959
Qwen3.5-27B,opencode,HLE,hle_350,0,0,0.5016085979819359,1158
Qwen3.5-27B,opencode,HLE,hle_351,0,0,0.3725727952031912,1120
Qwen3.5-27B,opencode,HLE,hle_354,0,0,0.4627945155051808,812
Qwen3.5-27B,opencode,HLE,hle_358,0,0,0.5086437512123695,390
Qwen3.5-27B,opencode,HLE,hle_366,0,0,0.027001721233380998,43015
Qwen3.5-27B,opencode,HLE,hle_368,0,0,0.33991952925892993,1179
Qwen3.5-27B,opencode,HLE,hle_37,0,0,0.6300446746072215,569
Qwen3.5-27B,opencode,HLE,hle_370,0,0,0.023466085544289757,43005
Qwen3.5-27B,opencode,HLE,hle_371,0,0,0.1010303294492465,11062
Qwen3.5-27B,opencode,HLE,hle_376,0,0,0.14765274693218688,8243
Qwen3.5-27B,opencode,HLE,hle_380,0,0,0.4301714196847578,252
Qwen3.5-27B,opencode,HLE,hle_382,0,0,0.4338665574460451,984
Qwen3.5-27B,opencode,HLE,hle_383,0,0,0.5149138294186129,287
Qwen3.5-27B,opencode,HLE,hle_385,0,1,0.4100714551191768,785
Qwen3.5-27B,opencode,HLE,hle_388,0,0,0.42317756112775146,889
Qwen3.5-27B,opencode,HLE,hle_389,0,0,0.3774307887180063,2044
Qwen3.5-27B,opencode,HLE,hle_39,0,0,0.3912965076020633,932
Qwen3.5-27B,opencode,HLE,hle_392,0,1,0.4479469512938502,826
Qwen3.5-27B,opencode,HLE,hle_402,0,0,0.423371403707106,919
Qwen3.5-27B,opencode,HLE,hle_403,0,0,0.3372928725392514,646
Qwen3.5-27B,opencode,HLE,hle_41,0,0,0.36989901493819005,893
Qwen3.5-27B,opencode,HLE,hle_410,0,1,0.4866097247306387,1620
Qwen3.5-27B,opencode,HLE,hle_417,0,1,0.3235124081871893,1166
Qwen3.5-27B,opencode,HLE,hle_420,0,0,0.5008101507696641,752
Qwen3.5-27B,opencode,HLE,hle_426,0,0,0.4995789513745127,839
Qwen3.5-27B,opencode,HLE,hle_427,0,0,0.5785806536455108,1002
Qwen3.5-27B,opencode,HLE,hle_429,0,0,0.4113484213207608,931
Qwen3.5-27B,opencode,HLE,hle_432,0,0,0.44005786521355084,1413
Qwen3.5-27B,opencode,HLE,hle_433,0,0,0.40339527219402777,3007
Qwen3.5-27B,opencode,HLE,hle_434,0,0,0.1381902936476593,842
Qwen3.5-27B,opencode,HLE,hle_435,0,0,0.44525323711911796,2502
Qwen3.5-27B,opencode,HLE,hle_44,0,0,0.012518949581664928,42566
Qwen3.5-27B,opencode,HLE,hle_441,0,0,0.45873602055412205,1716
Qwen3.5-27B,opencode,HLE,hle_450,0,0,0.3798305281032275,735
Qwen3.5-27B,opencode,HLE,hle_451,0,0,0.4058066944960523,726
Qwen3.5-27B,opencode,HLE,hle_452,0,0,0.48659293627851125,648
Qwen3.5-27B,opencode,HLE,hle_454,0,1,0.4860392595330634,1575
Qwen3.5-27B,opencode,HLE,hle_456,0,0,0.3321771812310348,899
Qwen3.5-27B,opencode,HLE,hle_46,0,0,0.5101970986350016,988
Qwen3.5-27B,opencode,HLE,hle_460,0,0,0.4712765913075174,960
Qwen3.5-27B,opencode,HLE,hle_461,0,0,0.048540240349318,34684
Qwen3.5-27B,opencode,HLE,hle_463,0,0,0.4112061722412781,921
Qwen3.5-27B,opencode,HLE,hle_467,0,0,0.4901639445786069,2780
Qwen3.5-27B,opencode,HLE,hle_470,0,0,0.03404406030211372,22280
Qwen3.5-27B,opencode,HLE,hle_473,0,0,0.41419865884243795,1253
Qwen3.5-27B,opencode,HLE,hle_476,0,1,0.4109031292739142,923
Qwen3.5-27B,opencode,HLE,hle_48,0,0,0.4920716816605515,931
Qwen3.5-27B,opencode,HLE,hle_486,0,0,0.05290740435807193,18314
Qwen3.5-27B,opencode,HLE,hle_496,0,1,0.5152092323121332,1146
Qwen3.5-27B,opencode,HLE,hle_497,0,0,0.19920040266875932,6318
Qwen3.5-27B,opencode,HLE,hle_498,0,0,0.3105823015124879,1623
Qwen3.5-27B,opencode,HLE,hle_499,0,0,0.4727820294700105,1930
Qwen3.5-27B,opencode,HLE,hle_50,0,0,0.3602262599319939,504
Qwen3.5-27B,opencode,HLE,hle_508,0,0,0.6543957589422791,1435
Qwen3.5-27B,opencode,HLE,hle_52,0,0,0.04705806825587414,42565
Qwen3.5-27B,opencode,HLE,hle_522,0,0,0.36395213630374623,1028
Qwen3.5-27B,opencode,HLE,hle_526,0,1,0.3905736718596122,834
Qwen3.5-27B,opencode,HLE,hle_53,0,0,0.27959852331549,804
Qwen3.5-27B,opencode,HLE,hle_531,0,0,0.42028225889449855,438
Qwen3.5-27B,opencode,HLE,hle_532,0,0,0.365157048712293,2603
Qwen3.5-27B,opencode,HLE,hle_533,0,0,0.5043610180218331,857
Qwen3.5-27B,opencode,HLE,hle_539,0,0,0.3705617426704104,1242
Qwen3.5-27B,opencode,HLE,hle_54,0,0,0.5067763277060288,835
Qwen3.5-27B,opencode,HLE,hle_543,0,1,0.4498110167870107,1254
Qwen3.5-27B,opencode,HLE,hle_547,0,0,0.3605896023259174,281
Qwen3.5-27B,opencode,HLE,hle_548,0,0,0.1775727784312226,5282
Qwen3.5-27B,opencode,HLE,hle_556,0,0,0.455200926058056,671
Qwen3.5-27B,opencode,HLE,hle_568,0,0,0.42480352283318124,1023
Qwen3.5-27B,opencode,HLE,hle_582,0,0,0.3248843203256491,1418
Qwen3.5-27B,opencode,HLE,hle_583,0,0,0.4337728336070676,3459
Qwen3.5-27B,opencode,HLE,hle_59,0,0,0.44203811190483266,819
Qwen3.5-27B,opencode,HLE,hle_591,0,1,0.5771433318084027,1671
Qwen3.5-27B,opencode,HLE,hle_592,0,0,0.4505787517430729,945
Qwen3.5-27B,opencode,HLE,hle_593,0,0,0.33150625137937145,738
Qwen3.5-27B,opencode,HLE,hle_598,0,0,0.031403111331347294,38640
Qwen3.5-27B,opencode,HLE,hle_60,0,0,0.3196520049092074,976
Qwen3.5-27B,opencode,HLE,hle_603,0,0,0.43325360472840274,870
Qwen3.5-27B,opencode,HLE,hle_604,0,1,0.39178566000403603,3289
Qwen3.5-27B,opencode,HLE,hle_607,0,0,0.4209868901869701,741
Qwen3.5-27B,opencode,HLE,hle_614,0,0,0.33405784342294453,1493
Qwen3.5-27B,opencode,HLE,hle_625,0,0,0.32899253668784867,370
Qwen3.5-27B,opencode,HLE,hle_633,0,1,0.5432978403119721,1079
Qwen3.5-27B,opencode,HLE,hle_636,0,0,0.40731368318272426,793
Qwen3.5-27B,opencode,HLE,hle_643,0,0,0.020584435234550873,38946
Qwen3.5-27B,opencode,HLE,hle_647,0,0,0.37566937964087016,1654
Qwen3.5-27B,opencode,HLE,hle_653,0,0,0.33470836539101584,926
Qwen3.5-27B,opencode,HLE,hle_654,0,0,0.024613059898549353,28281
Qwen3.5-27B,opencode,HLE,hle_655,0,0,0.41678438987173133,1025
Qwen3.5-27B,opencode,HLE,hle_660,0,0,0.3246612474515492,757
Qwen3.5-27B,opencode,HLE,hle_661,0,0,0.5221522828530877,2174
Qwen3.5-27B,opencode,HLE,hle_668,0,0,0.4817432607104728,939
Qwen3.5-27B,opencode,HLE,hle_677,0,1,0.47135121699535876,845
Qwen3.5-27B,opencode,HLE,hle_678,0,0,0.33293960042392196,1010
Qwen3.5-27B,opencode,HLE,hle_68,0,0,0.3969324516792625,551
Qwen3.5-27B,opencode,HLE,hle_681,0,0,0.05560416731077416,16916
Qwen3.5-27B,opencode,HLE,hle_688,0,0,0.43890513315027535,528
Qwen3.5-27B,opencode,HLE,hle_690,0,0,0.31817760584564936,1622
Qwen3.5-27B,opencode,HLE,hle_692,0,0,0.06938036890167425,15386
Qwen3.5-27B,opencode,HLE,hle_694,0,0,0.5467037818873548,811
Qwen3.5-27B,opencode,HLE,hle_696,0,0,0.09765957921967158,11709
Qwen3.5-27B,opencode,HLE,hle_697,0,0,0.4168143295798151,893
Qwen3.5-27B,opencode,HLE,hle_698,0,1,0.21765436924223486,1778
Qwen3.5-27B,opencode,HLE,hle_699,0,0,0.5414924780400749,1020
Qwen3.5-27B,opencode,HLE,hle_70,0,0,0.3514396676469474,696
Qwen3.5-27B,opencode,HLE,hle_700,0,1,0.3530860958776758,3543
Qwen3.5-27B,opencode,HLE,hle_705,0,0,0.4095973295175272,1515
Qwen3.5-27B,opencode,HLE,hle_707,0,0,0.4713714257860091,944
Qwen3.5-27B,opencode,HLE,hle_708,0,0,0.4372987191109902,1074
Qwen3.5-27B,opencode,HLE,hle_711,0,0,0.373119889466263,3503
Qwen3.5-27B,opencode,HLE,hle_72,0,0,0.3658510651430103,1306
Qwen3.5-27B,opencode,HLE,hle_724,0,0,0.4175642346099697,1306
Qwen3.5-27B,opencode,HLE,hle_728,0,0,0.5317993491053848,1328
Qwen3.5-27B,opencode,HLE,hle_747,0,0,0.3735521543738606,739
Qwen3.5-27B,opencode,HLE,hle_75,0,0,0.4065944096717436,891
Qwen3.5-27B,opencode,HLE,hle_752,0,0,0.26094328559126967,1348
Qwen3.5-27B,opencode,HLE,hle_773,0,0,0.4325755631626292,899
Qwen3.5-27B,opencode,HLE,hle_779,0,0,0.23793386188080431,1346
Qwen3.5-27B,opencode,HLE,hle_787,0,1,0.3964617406674695,1484
Qwen3.5-27B,opencode,HLE,hle_790,0,0,0.41588595630272973,1712
Qwen3.5-27B,opencode,HLE,hle_791,0,0,0.5361700333093816,1966
Qwen3.5-27B,opencode,HLE,hle_792,0,0,0.43318078595951715,1618
Qwen3.5-27B,opencode,HLE,hle_800,0,0,0.4205075188857782,1634
Qwen3.5-27B,opencode,HLE,hle_801,0,0,0.35572234635337135,1013
Qwen3.5-27B,opencode,HLE,hle_805,0,0,0.4680178385952974,1029
Qwen3.5-27B,opencode,HLE,hle_807,0,0,0.01727174698410857,40817
Qwen3.5-27B,opencode,HLE,hle_808,0,0,0.40161303709231533,1277
Qwen3.5-27B,opencode,HLE,hle_810,0,0,0.018221867832012652,41429
Qwen3.5-27B,opencode,HLE,hle_812,0,0,0.4651339693867018,980
Qwen3.5-27B,opencode,HLE,hle_814,0,0,0.07771942473914366,10815
Qwen3.5-27B,opencode,HLE,hle_819,0,0,0.40214870206217357,3176
Qwen3.5-27B,opencode,HLE,hle_822,0,1,0.42457372577399866,441
Qwen3.5-27B,opencode,HLE,hle_825,0,0,0.3398713173621883,565
Qwen3.5-27B,opencode,HLE,hle_827,0,0,0.411342631252657,1896
Qwen3.5-27B,opencode,HLE,hle_829,0,0,0.033817929239152104,30062
Qwen3.5-27B,opencode,HLE,hle_830,0,0,0.04059337007600105,25841
Qwen3.5-27B,opencode,HLE,hle_831,0,0,0.04306943051215975,21991
Qwen3.5-27B,opencode,HLE,hle_834,0,0,0.136124550213903,1558
Qwen3.5-27B,opencode,HLE,hle_835,0,0,0.46950883407671323,397
Qwen3.5-27B,opencode,HLE,hle_84,0,0,0.6222320172354198,2981
Qwen3.5-27B,opencode,HLE,hle_85,0,0,0.5060329961995481,1265
Qwen3.5-27B,opencode,HLE,hle_855,0,0,0.030768240016485676,34601
Qwen3.5-27B,opencode,HLE,hle_867,0,0,0.3369070424683796,3061
Qwen3.5-27B,opencode,HLE,hle_87,0,0,0.5875797843294118,1189
Qwen3.5-27B,opencode,HLE,hle_875,0,0,0.419934148495381,2074
Qwen3.5-27B,opencode,HLE,hle_876,0,0,0.018836382190752666,34400
Qwen3.5-27B,opencode,HLE,hle_877,0,1,0.3551301686879092,830
Qwen3.5-27B,opencode,HLE,hle_88,0,0,0.3248099313087004,2238
Qwen3.5-27B,opencode,HLE,hle_880,0,0,0.14670691229582764,3316
Qwen3.5-27B,opencode,HLE,hle_883,0,0,0.07444989392021238,2850
Qwen3.5-27B,opencode,HLE,hle_885,0,1,0.5642913903815222,1305
Qwen3.5-27B,opencode,HLE,hle_892,0,1,0.44941631854787645,1290
Qwen3.5-27B,opencode,HLE,hle_893,0,0,0.3953542749640362,2460
Qwen3.5-27B,opencode,HLE,hle_894,0,1,0.44454198468426537,1227
Qwen3.5-27B,opencode,HLE,hle_897,0,0,0.04403484511432053,35837
Qwen3.5-27B,opencode,HLE,hle_905,0,0,0.3994159599961275,1287
Qwen3.5-27B,opencode,HLE,hle_911,0,0,0.025038542858114975,35944
Qwen3.5-27B,opencode,HLE,hle_917,0,0,0.03998674776847497,24191
Qwen3.5-27B,opencode,HLE,hle_921,0,0,0.33684315770592277,1065
Qwen3.5-27B,opencode,HLE,hle_923,0,1,0.43285953254966725,1028
Qwen3.5-27B,opencode,HLE,hle_926,0,0,0.019498487913663484,31832
Qwen3.5-27B,opencode,HLE,hle_930,0,0,0.2709494088929828,4152
Qwen3.5-27B,opencode,HLE,hle_931,0,0,0.4272277644318107,1201
Qwen3.5-27B,opencode,HLE,hle_934,0,0,0.589294881881064,1755
Qwen3.5-27B,opencode,HLE,hle_935,0,0,0.3565936526589414,716
Qwen3.5-27B,opencode,HLE,hle_936,0,0,0.46313191008213134,1033
Qwen3.5-27B,opencode,HLE,hle_937,0,0,0.42738534283867174,754
Qwen3.5-27B,opencode,HLE,hle_938,0,0,0.26526414249530117,1367
Qwen3.5-27B,opencode,HLE,hle_942,0,0,0.03455857556575524,13287
Qwen3.5-27B,opencode,HLE,hle_945,0,1,0.41227331224581976,1572
Qwen3.5-27B,opencode,HLE,hle_948,0,0,0.34280147942137407,1380
Qwen3.5-27B,opencode,HLE,hle_95,0,0,0.4435061702065957,915
Qwen3.5-27B,opencode,HLE,hle_966,0,0,0.493122289508475,1035
Qwen3.5-27B,opencode,HLE,hle_967,0,0,0.4368549062716161,787
Qwen3.5-27B,opencode,HLE,hle_969,0,0,0.027158268527971992,40227
Qwen3.5-27B,opencode,HLE,hle_970,0,0,0.3517559040881128,2532
Qwen3.5-27B,opencode,HLE,hle_971,0,0,0.3553193158318573,981
Qwen3.5-27B,opencode,HLE,hle_978,0,1,0.4862646304455703,1369
Qwen3.5-27B,opencode,HLE,hle_98,0,0,0.36236216875297506,1201
Qwen3.5-27B,opencode,HLE,hle_980,0,0,0.3472860708880448,986
Qwen3.5-27B,opencode,HLE,hle_981,0,1,0.4640002249259217,1376
Qwen3.5-27B,opencode,HLE,hle_988,0,0,0.3354513165515236,823
Qwen3.5-27B,opencode,HLE,hle_997,0,0,0.01687212660288164,40260
Qwen3.5-27B,opencode,HLE,hle_999,0,0,0.16868667500472254,3974
Qwen3.5-27B,zeroclaw,AIME,aime_1,0,1,0.09050836714031765,1473
Qwen3.5-27B,zeroclaw,AIME,aime_1,1,1,0.09098256412255559,1598
Qwen3.5-27B,zeroclaw,AIME,aime_1,2,1,0.09079279250708701,1399
Qwen3.5-27B,zeroclaw,AIME,aime_1,3,1,0.09854879756897088,1487
Qwen3.5-27B,zeroclaw,AIME,aime_10,0,1,0.11263192808135397,8215
Qwen3.5-27B,zeroclaw,AIME,aime_10,1,0,0.1843438457889511,10809
Qwen3.5-27B,zeroclaw,AIME,aime_10,2,0,0.14271799304836116,4778
Qwen3.5-27B,zeroclaw,AIME,aime_10,3,0,0.16278406643083676,7773
Qwen3.5-27B,zeroclaw,AIME,aime_11,0,1,0.12358279608411259,8673
Qwen3.5-27B,zeroclaw,AIME,aime_11,1,1,0.15524824086099795,7231
Qwen3.5-27B,zeroclaw,AIME,aime_11,2,0,0.008011520973879104,131072
Qwen3.5-27B,zeroclaw,AIME,aime_11,3,1,0.11966222446447906,10950
Qwen3.5-27B,zeroclaw,AIME,aime_12,0,0,0.09840673217842275,8081
Qwen3.5-27B,zeroclaw,AIME,aime_12,1,1,0.10143462162060843,6237
Qwen3.5-27B,zeroclaw,AIME,aime_12,2,1,0.09722046883452604,7384
Qwen3.5-27B,zeroclaw,AIME,aime_12,3,1,0.0811235530037879,9034
Qwen3.5-27B,zeroclaw,AIME,aime_13,0,1,0.1344050083061118,5561
Qwen3.5-27B,zeroclaw,AIME,aime_13,2,1,0.09440587835264048,5370
Qwen3.5-27B,zeroclaw,AIME,aime_13,3,1,0.21674210263483787,3609
Qwen3.5-27B,zeroclaw,AIME,aime_14,1,1,0.10550468460119,9704
Qwen3.5-27B,zeroclaw,AIME,aime_15,0,0,0.3496955870139229,877
Qwen3.5-27B,zeroclaw,AIME,aime_16,0,1,0.14309137889091342,2295
Qwen3.5-27B,zeroclaw,AIME,aime_16,1,1,0.1177237664218305,1403
Qwen3.5-27B,zeroclaw,AIME,aime_16,2,1,0.13182871123891324,2132
Qwen3.5-27B,zeroclaw,AIME,aime_16,3,1,0.12756217604809464,2530
Qwen3.5-27B,zeroclaw,AIME,aime_17,0,0,0.21783872666625972,4951
Qwen3.5-27B,zeroclaw,AIME,aime_18,0,0,0.13387474313782538,7031
Qwen3.5-27B,zeroclaw,AIME,aime_19,0,1,0.16562146121648713,2676
Qwen3.5-27B,zeroclaw,AIME,aime_19,1,1,0.21692204406423596,2495
Qwen3.5-27B,zeroclaw,AIME,aime_19,2,1,0.2627167704332507,2543
Qwen3.5-27B,zeroclaw,AIME,aime_2,0,1,0.04825683716863358,8862
Qwen3.5-27B,zeroclaw,AIME,aime_2,1,1,0.038675687011022884,17635
Qwen3.5-27B,zeroclaw,AIME,aime_2,2,1,0.03764009712658173,15229
Qwen3.5-27B,zeroclaw,AIME,aime_2,3,1,0.06250369883355808,10077
Qwen3.5-27B,zeroclaw,AIME,aime_20,0,1,0.13104719695553713,2841
Qwen3.5-27B,zeroclaw,AIME,aime_20,1,1,0.1365117067932046,2180
Qwen3.5-27B,zeroclaw,AIME,aime_20,2,1,0.13691234541095573,1923
Qwen3.5-27B,zeroclaw,AIME,aime_20,3,1,0.08378281545648847,2633
Qwen3.5-27B,zeroclaw,AIME,aime_21,0,0,0.24337242950923899,2687
Qwen3.5-27B,zeroclaw,AIME,aime_21,1,1,0.19530359877812836,3101
Qwen3.5-27B,zeroclaw,AIME,aime_21,2,1,0.23474431516050526,2675
Qwen3.5-27B,zeroclaw,AIME,aime_21,3,1,0.222796792626452,5192
Qwen3.5-27B,zeroclaw,AIME,aime_23,0,1,0.11495955917057035,9769
Qwen3.5-27B,zeroclaw,AIME,aime_23,1,0,0.10489166208368343,13492
Qwen3.5-27B,zeroclaw,AIME,aime_23,2,1,0.14367027424130557,3315
Qwen3.5-27B,zeroclaw,AIME,aime_23,3,1,0.1530881114935083,3310
Qwen3.5-27B,zeroclaw,AIME,aime_24,0,1,0.12823392732786265,3750
Qwen3.5-27B,zeroclaw,AIME,aime_24,1,1,0.1285411242531089,3003
Qwen3.5-27B,zeroclaw,AIME,aime_24,2,1,0.1624097595594355,2002
Qwen3.5-27B,zeroclaw,AIME,aime_24,3,1,0.16969055094403254,2293
Qwen3.5-27B,zeroclaw,AIME,aime_25,0,1,0.12474202235371241,5509
Qwen3.5-27B,zeroclaw,AIME,aime_25,1,1,0.1212399886013076,6161
Qwen3.5-27B,zeroclaw,AIME,aime_25,3,1,0.170003231730405,4331
Qwen3.5-27B,zeroclaw,AIME,aime_26,0,1,0.09730917566046389,10414
Qwen3.5-27B,zeroclaw,AIME,aime_26,1,1,0.1345377783201907,7774
Qwen3.5-27B,zeroclaw,AIME,aime_26,2,1,0.11535770901776048,6612
Qwen3.5-27B,zeroclaw,AIME,aime_27,0,1,0.07983070532497269,13598
Qwen3.5-27B,zeroclaw,AIME,aime_27,1,1,0.09229540491092553,10170
Qwen3.5-27B,zeroclaw,AIME,aime_27,2,1,0.12098346261846048,14483
Qwen3.5-27B,zeroclaw,AIME,aime_28,0,1,0.1485804432072402,11253
Qwen3.5-27B,zeroclaw,AIME,aime_28,1,1,0.10972480973539071,18211
Qwen3.5-27B,zeroclaw,AIME,aime_29,0,1,0.12548653596414122,2427
Qwen3.5-27B,zeroclaw,AIME,aime_29,1,1,0.12269854963284989,4075
Qwen3.5-27B,zeroclaw,AIME,aime_29,2,1,0.07445604177286888,18236
Qwen3.5-27B,zeroclaw,AIME,aime_29,3,0,0.05192923153935503,34611
Qwen3.5-27B,zeroclaw,AIME,aime_3,0,1,0.12807255482777757,2076
Qwen3.5-27B,zeroclaw,AIME,aime_3,1,1,0.12044360230803083,2596
Qwen3.5-27B,zeroclaw,AIME,aime_3,2,1,0.127818452149498,2051
Qwen3.5-27B,zeroclaw,AIME,aime_3,3,1,0.12811819411455821,2051
Qwen3.5-27B,zeroclaw,AIME,aime_30,0,1,0.16647652782189667,3172
Qwen3.5-27B,zeroclaw,AIME,aime_30,1,1,0.11357645668784808,2277
Qwen3.5-27B,zeroclaw,AIME,aime_30,2,1,0.16098206375349902,3821
Qwen3.5-27B,zeroclaw,AIME,aime_30,3,1,0.1469875559475626,2469
Qwen3.5-27B,zeroclaw,AIME,aime_4,0,1,0.15048115876608978,1736
Qwen3.5-27B,zeroclaw,AIME,aime_4,1,1,0.13783837224538215,1671
Qwen3.5-27B,zeroclaw,AIME,aime_4,2,1,0.15161026537483477,1736
Qwen3.5-27B,zeroclaw,AIME,aime_4,3,1,0.1510531288234823,1736
Qwen3.5-27B,zeroclaw,AIME,aime_5,0,1,0.1381810662453236,1671
Qwen3.5-27B,zeroclaw,AIME,aime_5,1,1,0.1366711128811752,1631
Qwen3.5-27B,zeroclaw,AIME,aime_5,2,1,0.11906194789661022,3144
Qwen3.5-27B,zeroclaw,AIME,aime_5,3,1,0.1225485877959164,1732
Qwen3.5-27B,zeroclaw,AIME,aime_6,0,1,0.11912094698418867,3177
Qwen3.5-27B,zeroclaw,AIME,aime_6,1,1,0.10842943474723636,3680
Qwen3.5-27B,zeroclaw,AIME,aime_6,2,1,0.10762849091280437,2085
Qwen3.5-27B,zeroclaw,AIME,aime_6,3,1,0.1041380099593644,3415
Qwen3.5-27B,zeroclaw,AIME,aime_7,0,1,0.0890214880728072,3372
Qwen3.5-27B,zeroclaw,AIME,aime_7,1,1,0.09012373128838425,3256
Qwen3.5-27B,zeroclaw,AIME,aime_7,2,1,0.09061317461236852,3231
Qwen3.5-27B,zeroclaw,AIME,aime_7,3,1,0.10674187426956325,3368
Qwen3.5-27B,zeroclaw,AIME,aime_8,0,1,0.1273687406844883,4493
Qwen3.5-27B,zeroclaw,AIME,aime_8,1,0,0.1283776173439452,2869
Qwen3.5-27B,zeroclaw,AIME,aime_8,2,0,0.13407049312918456,2820
Qwen3.5-27B,zeroclaw,AIME,aime_8,3,1,0.1945792496290381,1942
Qwen3.5-27B,zeroclaw,AIME,aime_9,0,1,0.198102500265649,2993
Qwen3.5-27B,zeroclaw,AIME,aime_9,1,1,0.10581878658053272,11359
Qwen3.5-27B,zeroclaw,AIME,aime_9,2,0,0.10312810002232149,9697
Qwen3.5-27B,zeroclaw,AIME,aime_9,3,1,0.10718288014645594,14951
Qwen3.5-27B,zeroclaw,GPQA,gpqa_0,0,1,0.176317605987249,2125
Qwen3.5-27B,zeroclaw,GPQA,gpqa_1,0,1,0.29424032296960917,2419
Qwen3.5-27B,zeroclaw,GPQA,gpqa_10,0,1,0.313620458027403,2755
Qwen3.5-27B,zeroclaw,GPQA,gpqa_100,0,1,0.400804708940784,2459
Qwen3.5-27B,zeroclaw,GPQA,gpqa_101,0,1,0.42296636837735985,1933
Qwen3.5-27B,zeroclaw,GPQA,gpqa_102,0,0,0.5056891414288549,1246
Qwen3.5-27B,zeroclaw,GPQA,gpqa_103,0,0,0.4265125566894891,2303
Qwen3.5-27B,zeroclaw,GPQA,gpqa_104,0,1,0.4267351366549499,2508
Qwen3.5-27B,zeroclaw,GPQA,gpqa_105,0,1,0.31399200593282245,1458
Qwen3.5-27B,zeroclaw,GPQA,gpqa_107,0,0,0.4742097359050051,1483
Qwen3.5-27B,zeroclaw,GPQA,gpqa_109,0,1,0.47156004427524995,2921
Qwen3.5-27B,zeroclaw,GPQA,gpqa_11,0,1,0.2419882254292085,857
Qwen3.5-27B,zeroclaw,GPQA,gpqa_110,0,0,0.49068866918224063,2166
Qwen3.5-27B,zeroclaw,GPQA,gpqa_111,0,0,0.36232702151497415,1289
Qwen3.5-27B,zeroclaw,GPQA,gpqa_113,0,1,0.3969304750325587,1796
Qwen3.5-27B,zeroclaw,GPQA,gpqa_114,0,1,0.22747977110575235,2031
Qwen3.5-27B,zeroclaw,GPQA,gpqa_115,0,1,0.4179603129466687,2392
Qwen3.5-27B,zeroclaw,GPQA,gpqa_117,0,1,0.3040882247984819,1187
Qwen3.5-27B,zeroclaw,GPQA,gpqa_118,0,0,0.31535288884601326,1847
Qwen3.5-27B,zeroclaw,GPQA,gpqa_119,0,0,0.3158598909908934,1262
Qwen3.5-27B,zeroclaw,GPQA,gpqa_12,0,1,0.3580950191849547,2419
Qwen3.5-27B,zeroclaw,GPQA,gpqa_120,0,0,0.31078419048954015,3972
Qwen3.5-27B,zeroclaw,GPQA,gpqa_121,0,1,0.18728735904556135,984
Qwen3.5-27B,zeroclaw,GPQA,gpqa_122,0,1,0.4570392704243343,1720
Qwen3.5-27B,zeroclaw,GPQA,gpqa_123,0,1,0.3704612019336319,2542
Qwen3.5-27B,zeroclaw,GPQA,gpqa_124,0,1,0.46847111319038387,2141
Qwen3.5-27B,zeroclaw,GPQA,gpqa_126,0,1,0.23196215842306334,2147
Qwen3.5-27B,zeroclaw,GPQA,gpqa_127,0,0,0.4183034194720683,1860
Qwen3.5-27B,zeroclaw,GPQA,gpqa_129,0,0,0.3607619847119104,1835
Qwen3.5-27B,zeroclaw,GPQA,gpqa_13,0,1,0.13450701166307,1244
Qwen3.5-27B,zeroclaw,GPQA,gpqa_130,0,0,0.38866430581729966,2306
Qwen3.5-27B,zeroclaw,GPQA,gpqa_131,0,1,0.25883753511584545,4764
Qwen3.5-27B,zeroclaw,GPQA,gpqa_132,0,0,0.46950274247225765,2321
Qwen3.5-27B,zeroclaw,GPQA,gpqa_133,0,0,0.3367042919710046,1652
Qwen3.5-27B,zeroclaw,GPQA,gpqa_134,0,0,0.30450748718984505,1664
Qwen3.5-27B,zeroclaw,GPQA,gpqa_135,0,1,0.3404259012925872,2668
Qwen3.5-27B,zeroclaw,GPQA,gpqa_136,0,1,0.29529326124802857,1418
Qwen3.5-27B,zeroclaw,GPQA,gpqa_137,0,1,0.24224177692886617,1457
Qwen3.5-27B,zeroclaw,GPQA,gpqa_138,0,1,0.262025832312574,1383
Qwen3.5-27B,zeroclaw,GPQA,gpqa_139,0,1,0.2821585324992298,1948
Qwen3.5-27B,zeroclaw,GPQA,gpqa_14,0,1,0.32857314379868446,1448
Qwen3.5-27B,zeroclaw,GPQA,gpqa_140,0,0,0.254272096513924,3843
Qwen3.5-27B,zeroclaw,GPQA,gpqa_141,0,1,0.31343017756317637,1158
Qwen3.5-27B,zeroclaw,GPQA,gpqa_143,0,0,0.32052298799771395,590
Qwen3.5-27B,zeroclaw,GPQA,gpqa_144,0,1,0.28338165604929966,2051
Qwen3.5-27B,zeroclaw,GPQA,gpqa_145,0,1,0.39061208934055164,2303
Qwen3.5-27B,zeroclaw,GPQA,gpqa_146,0,1,0.3119280700168798,1819
Qwen3.5-27B,zeroclaw,GPQA,gpqa_147,0,1,0.13755139384651666,1603
Qwen3.5-27B,zeroclaw,GPQA,gpqa_148,0,1,0.16983792927786728,1277
Qwen3.5-27B,zeroclaw,GPQA,gpqa_149,0,0,0.2643203496763885,4577
Qwen3.5-27B,zeroclaw,GPQA,gpqa_15,0,1,0.4763949160090885,2216
Qwen3.5-27B,zeroclaw,GPQA,gpqa_150,0,1,0.20391904456092133,2728
Qwen3.5-27B,zeroclaw,GPQA,gpqa_151,0,1,0.145398472186048,1037
Qwen3.5-27B,zeroclaw,GPQA,gpqa_152,0,1,0.11848688499898742,1190
Qwen3.5-27B,zeroclaw,GPQA,gpqa_153,0,1,0.33299642858349765,1072
Qwen3.5-27B,zeroclaw,GPQA,gpqa_154,0,1,0.12809736113390047,3070
Qwen3.5-27B,zeroclaw,GPQA,gpqa_155,0,1,0.3220792389617198,2067
Qwen3.5-27B,zeroclaw,GPQA,gpqa_156,0,1,0.14587802977092204,3546
Qwen3.5-27B,zeroclaw,GPQA,gpqa_157,0,1,0.18755363201220862,705
Qwen3.5-27B,zeroclaw,GPQA,gpqa_158,0,1,0.2775688748636155,3396
Qwen3.5-27B,zeroclaw,GPQA,gpqa_159,0,1,0.18389464236699873,1041
Qwen3.5-27B,zeroclaw,GPQA,gpqa_16,0,1,0.35592349413779256,919
Qwen3.5-27B,zeroclaw,GPQA,gpqa_160,0,1,0.11886643723780861,3427
Qwen3.5-27B,zeroclaw,GPQA,gpqa_161,0,1,0.28364336938022666,1995
Qwen3.5-27B,zeroclaw,GPQA,gpqa_162,0,1,0.20738066383069909,2810
Qwen3.5-27B,zeroclaw,GPQA,gpqa_163,0,1,0.08125652576983494,3341
Qwen3.5-27B,zeroclaw,GPQA,gpqa_164,0,1,0.10660411403932164,2606
Qwen3.5-27B,zeroclaw,GPQA,gpqa_165,0,1,0.18077904564020397,1218
Qwen3.5-27B,zeroclaw,GPQA,gpqa_166,0,1,0.09650625924345176,1640
Qwen3.5-27B,zeroclaw,GPQA,gpqa_167,0,1,0.12086567144855205,2009
Qwen3.5-27B,zeroclaw,GPQA,gpqa_168,0,1,0.08767437992072542,1260
Qwen3.5-27B,zeroclaw,GPQA,gpqa_169,0,1,0.3051926658887239,1284
Qwen3.5-27B,zeroclaw,GPQA,gpqa_17,0,1,0.09156358400431522,2364
Qwen3.5-27B,zeroclaw,GPQA,gpqa_170,0,1,0.12535609839282125,1663
Qwen3.5-27B,zeroclaw,GPQA,gpqa_171,0,1,0.19677434559859103,2086
Qwen3.5-27B,zeroclaw,GPQA,gpqa_172,0,1,0.22489184014159788,3756
Qwen3.5-27B,zeroclaw,GPQA,gpqa_173,0,1,0.16523920476228135,9578
Qwen3.5-27B,zeroclaw,GPQA,gpqa_174,0,1,0.20017751145368823,3716
Qwen3.5-27B,zeroclaw,GPQA,gpqa_175,0,1,0.14351980939820022,2755
Qwen3.5-27B,zeroclaw,GPQA,gpqa_176,0,1,0.21609671315550655,1450
Qwen3.5-27B,zeroclaw,GPQA,gpqa_177,0,1,0.11828838374988396,2268
Qwen3.5-27B,zeroclaw,GPQA,gpqa_178,0,1,0.1482013627514603,2057
Qwen3.5-27B,zeroclaw,GPQA,gpqa_179,0,1,0.12805659446324602,2929
Qwen3.5-27B,zeroclaw,GPQA,gpqa_18,0,0,0.5595436754941518,1365
Qwen3.5-27B,zeroclaw,GPQA,gpqa_180,0,1,0.0999046679349987,1970
Qwen3.5-27B,zeroclaw,GPQA,gpqa_181,0,1,0.0934673961898033,1191
Qwen3.5-27B,zeroclaw,GPQA,gpqa_182,0,1,0.112877479254641,1770
Qwen3.5-27B,zeroclaw,GPQA,gpqa_183,0,1,0.1160566750144088,2041
Qwen3.5-27B,zeroclaw,GPQA,gpqa_184,0,1,0.1663967433638816,4489
Qwen3.5-27B,zeroclaw,GPQA,gpqa_185,0,1,0.3965280916289423,1311
Qwen3.5-27B,zeroclaw,GPQA,gpqa_186,0,1,0.1404846951565034,1346
Qwen3.5-27B,zeroclaw,GPQA,gpqa_187,0,1,0.18593019057196483,899
Qwen3.5-27B,zeroclaw,GPQA,gpqa_188,0,1,0.1208598447376681,3297
Qwen3.5-27B,zeroclaw,GPQA,gpqa_189,0,1,0.08585246845345242,5657
Qwen3.5-27B,zeroclaw,GPQA,gpqa_19,0,1,0.0901595539705215,2427
Qwen3.5-27B,zeroclaw,GPQA,gpqa_190,0,1,0.08329084018355762,1286
Qwen3.5-27B,zeroclaw,GPQA,gpqa_191,0,1,0.1331729345761094,1728
Qwen3.5-27B,zeroclaw,GPQA,gpqa_192,0,1,0.16146370399342566,2484
Qwen3.5-27B,zeroclaw,GPQA,gpqa_193,0,1,0.08538031164436914,2287
Qwen3.5-27B,zeroclaw,GPQA,gpqa_194,0,1,0.10976168984257341,1362
Qwen3.5-27B,zeroclaw,GPQA,gpqa_195,0,1,0.16503960133760212,1459
Qwen3.5-27B,zeroclaw,GPQA,gpqa_196,0,0,0.4128342500757117,1893
Qwen3.5-27B,zeroclaw,GPQA,gpqa_197,0,1,0.21809734225888483,1599
Qwen3.5-27B,zeroclaw,GPQA,gpqa_2,0,1,0.16118624873690865,1140
Qwen3.5-27B,zeroclaw,GPQA,gpqa_20,0,1,0.4744797217675024,2290
Qwen3.5-27B,zeroclaw,GPQA,gpqa_21,0,1,0.17054394353886176,4114
Qwen3.5-27B,zeroclaw,GPQA,gpqa_22,0,1,0.2406659519904212,2942
Qwen3.5-27B,zeroclaw,GPQA,gpqa_23,0,1,0.21706196343732748,1971
Qwen3.5-27B,zeroclaw,GPQA,gpqa_24,0,1,0.26025085360154787,2663
Qwen3.5-27B,zeroclaw,GPQA,gpqa_25,0,1,0.09177816582476048,2510
Qwen3.5-27B,zeroclaw,GPQA,gpqa_26,0,1,0.13525714284324683,3357
Qwen3.5-27B,zeroclaw,GPQA,gpqa_27,0,1,0.3491525692306837,908
Qwen3.5-27B,zeroclaw,GPQA,gpqa_28,0,0,0.3029812190451155,4131
Qwen3.5-27B,zeroclaw,GPQA,gpqa_29,0,1,0.3259513991767615,923
Qwen3.5-27B,zeroclaw,GPQA,gpqa_3,0,1,0.15228671692641113,2385
Qwen3.5-27B,zeroclaw,GPQA,gpqa_30,0,0,0.13664631136583089,441
Qwen3.5-27B,zeroclaw,GPQA,gpqa_31,0,0,0.44396827417140494,3233
Qwen3.5-27B,zeroclaw,GPQA,gpqa_32,0,1,0.11751856746606884,2010
Qwen3.5-27B,zeroclaw,GPQA,gpqa_33,0,1,0.2973491917463035,923
Qwen3.5-27B,zeroclaw,GPQA,gpqa_34,0,1,0.18604736676400566,1089
Qwen3.5-27B,zeroclaw,GPQA,gpqa_35,0,1,0.1699945074939244,1732
Qwen3.5-27B,zeroclaw,GPQA,gpqa_36,0,1,0.19100941783724112,1110
Qwen3.5-27B,zeroclaw,GPQA,gpqa_37,0,1,0.1862687176203189,1127
Qwen3.5-27B,zeroclaw,GPQA,gpqa_38,0,1,0.2793186869328468,1751
Qwen3.5-27B,zeroclaw,GPQA,gpqa_39,0,1,0.33324902585616106,906
Qwen3.5-27B,zeroclaw,GPQA,gpqa_4,0,1,0.1562686808645619,2322
Qwen3.5-27B,zeroclaw,GPQA,gpqa_40,0,1,0.3744269263224423,1961
Qwen3.5-27B,zeroclaw,GPQA,gpqa_41,0,0,0.22700770083106528,1581
Qwen3.5-27B,zeroclaw,GPQA,gpqa_42,0,0,0.4071459110036944,1184
Qwen3.5-27B,zeroclaw,GPQA,gpqa_43,0,0,0.4741426835873869,1365
Qwen3.5-27B,zeroclaw,GPQA,gpqa_44,0,1,0.15783034008933117,1649
Qwen3.5-27B,zeroclaw,GPQA,gpqa_45,0,1,0.11912439687844718,1617
Qwen3.5-27B,zeroclaw,GPQA,gpqa_46,0,1,0.1877893516776694,6125
Qwen3.5-27B,zeroclaw,GPQA,gpqa_47,0,1,0.27695218278600386,870
Qwen3.5-27B,zeroclaw,GPQA,gpqa_48,0,1,0.374814983083384,889
Qwen3.5-27B,zeroclaw,GPQA,gpqa_49,0,1,0.2523731173827149,1037
Qwen3.5-27B,zeroclaw,GPQA,gpqa_5,0,1,0.3444486258320327,3013
Qwen3.5-27B,zeroclaw,GPQA,gpqa_50,0,1,0.21417196361985238,4471
Qwen3.5-27B,zeroclaw,GPQA,gpqa_51,0,1,0.13524497694102366,2359
Qwen3.5-27B,zeroclaw,GPQA,gpqa_52,0,1,0.25019276278892194,1989
Qwen3.5-27B,zeroclaw,GPQA,gpqa_53,0,1,0.19359729112035154,1627
Qwen3.5-27B,zeroclaw,GPQA,gpqa_54,0,1,0.1474921069820255,1194
Qwen3.5-27B,zeroclaw,GPQA,gpqa_55,0,1,0.3708893962998528,1538
Qwen3.5-27B,zeroclaw,GPQA,gpqa_56,0,1,0.20606341347414348,978
Qwen3.5-27B,zeroclaw,GPQA,gpqa_57,0,1,0.26216622639333564,1199
Qwen3.5-27B,zeroclaw,GPQA,gpqa_58,0,1,0.24108543537084912,1771
Qwen3.5-27B,zeroclaw,GPQA,gpqa_59,0,0,0.27634584844415794,1944
Qwen3.5-27B,zeroclaw,GPQA,gpqa_6,0,1,0.2284131839742735,2608
Qwen3.5-27B,zeroclaw,GPQA,gpqa_60,0,0,0.5034303790705518,3238
Qwen3.5-27B,zeroclaw,GPQA,gpqa_61,0,1,0.3101311142104823,871
Qwen3.5-27B,zeroclaw,GPQA,gpqa_62,0,1,0.26957330594508283,982
Qwen3.5-27B,zeroclaw,GPQA,gpqa_63,0,1,0.14232892554316603,3757
Qwen3.5-27B,zeroclaw,GPQA,gpqa_64,0,0,0.4814722566519698,1545
Qwen3.5-27B,zeroclaw,GPQA,gpqa_65,0,0,0.24235464337974932,494
Qwen3.5-27B,zeroclaw,GPQA,gpqa_66,0,1,0.38131207768620534,909
Qwen3.5-27B,zeroclaw,GPQA,gpqa_67,0,1,0.22691938749403945,2605
Qwen3.5-27B,zeroclaw,GPQA,gpqa_68,0,1,0.35683291164296743,891
Qwen3.5-27B,zeroclaw,GPQA,gpqa_69,0,1,0.451526281832686,1555
Qwen3.5-27B,zeroclaw,GPQA,gpqa_7,0,1,0.12430654398325258,3439
Qwen3.5-27B,zeroclaw,GPQA,gpqa_70,0,0,0.44637635554026683,1050
Qwen3.5-27B,zeroclaw,GPQA,gpqa_71,0,0,0.05310836825161603,16139
Qwen3.5-27B,zeroclaw,GPQA,gpqa_72,0,1,0.3149969000426488,1738
Qwen3.5-27B,zeroclaw,GPQA,gpqa_73,0,1,0.3319573228362692,914
Qwen3.5-27B,zeroclaw,GPQA,gpqa_74,0,1,0.15994129681112804,1981
Qwen3.5-27B,zeroclaw,GPQA,gpqa_75,0,1,0.33140788288909473,1412
Qwen3.5-27B,zeroclaw,GPQA,gpqa_76,0,1,0.3453776147813298,2130
Qwen3.5-27B,zeroclaw,GPQA,gpqa_77,0,1,0.46522011691274623,2129
Qwen3.5-27B,zeroclaw,GPQA,gpqa_78,0,1,0.2600371260659406,2116
Qwen3.5-27B,zeroclaw,GPQA,gpqa_79,0,0,0.3232576006212901,1837
Qwen3.5-27B,zeroclaw,GPQA,gpqa_8,0,1,0.15712826908003288,1990
Qwen3.5-27B,zeroclaw,GPQA,gpqa_80,0,1,0.22888007530080573,1973
Qwen3.5-27B,zeroclaw,GPQA,gpqa_81,0,1,0.5343961073475215,2537
Qwen3.5-27B,zeroclaw,GPQA,gpqa_82,0,1,0.2872373178768846,2969
Qwen3.5-27B,zeroclaw,GPQA,gpqa_83,0,0,0.33355801951650854,1528
Qwen3.5-27B,zeroclaw,GPQA,gpqa_84,0,1,0.3825408245611574,2437
Qwen3.5-27B,zeroclaw,GPQA,gpqa_85,0,1,0.39919092934229466,1911
Qwen3.5-27B,zeroclaw,GPQA,gpqa_86,0,1,0.433007876897333,1750
Qwen3.5-27B,zeroclaw,GPQA,gpqa_87,0,0,0.4099481149614297,1388
Qwen3.5-27B,zeroclaw,GPQA,gpqa_88,0,1,0.3839685041457466,1312
Qwen3.5-27B,zeroclaw,GPQA,gpqa_89,0,0,0.25191423119927775,1967
Qwen3.5-27B,zeroclaw,GPQA,gpqa_9,0,1,0.34815423246097776,2077
Qwen3.5-27B,zeroclaw,GPQA,gpqa_90,0,0,0.41162936965563995,2165
Qwen3.5-27B,zeroclaw,GPQA,gpqa_91,0,1,0.358702720095099,1176
Qwen3.5-27B,zeroclaw,GPQA,gpqa_92,0,1,0.38635244048386935,885
Qwen3.5-27B,zeroclaw,GPQA,gpqa_93,0,1,0.27260452869240887,1878
Qwen3.5-27B,zeroclaw,GPQA,gpqa_94,0,1,0.2852037103172848,2262
Qwen3.5-27B,zeroclaw,GPQA,gpqa_95,0,1,0.3494152317838507,1829
Qwen3.5-27B,zeroclaw,GPQA,gpqa_96,0,1,0.23552265958787383,7277
Qwen3.5-27B,zeroclaw,GPQA,gpqa_97,0,0,0.3997389567722751,1809
Qwen3.5-27B,zeroclaw,GPQA,gpqa_98,0,1,0.4587486914240081,2611
Qwen3.5-27B,zeroclaw,GPQA,gpqa_99,0,1,0.2935030346065825,1149
Qwen3.5-27B,zeroclaw,HLE,hle_1,0,0,0.30087860080767886,410
Qwen3.5-27B,zeroclaw,HLE,hle_1008,0,0,0.3595986300817204,2845
Qwen3.5-27B,zeroclaw,HLE,hle_1009,0,1,0.42186744196348386,2122
Qwen3.5-27B,zeroclaw,HLE,hle_1012,0,0,0.19858550763900668,1899
Qwen3.5-27B,zeroclaw,HLE,hle_1019,0,0,0.42342005070487965,995
Qwen3.5-27B,zeroclaw,HLE,hle_1021,0,1,0.2013842692388246,1343
Qwen3.5-27B,zeroclaw,HLE,hle_1022,0,0,0.4020928067008761,630
Qwen3.5-27B,zeroclaw,HLE,hle_1023,0,0,0.08461194535776238,3382
Qwen3.5-27B,zeroclaw,HLE,hle_1024,0,0,0.36323866056612,1312
Qwen3.5-27B,zeroclaw,HLE,hle_1031,0,0,0.38899566613518055,2336
Qwen3.5-27B,zeroclaw,HLE,hle_1038,0,0,0.4282892290490584,713
Qwen3.5-27B,zeroclaw,HLE,hle_1045,0,0,0.11680965556060996,4331
Qwen3.5-27B,zeroclaw,HLE,hle_1046,0,0,0.24254381469093467,5676
Qwen3.5-27B,zeroclaw,HLE,hle_1047,0,0,0.24929609010556933,1765
Qwen3.5-27B,zeroclaw,HLE,hle_1048,0,0,0.2275165052290909,5337
Qwen3.5-27B,zeroclaw,HLE,hle_1049,0,0,0.2275695726708735,2986
Qwen3.5-27B,zeroclaw,HLE,hle_1050,0,0,0.25146230082299326,2647
Qwen3.5-27B,zeroclaw,HLE,hle_1051,0,1,0.15551558844603444,6047
Qwen3.5-27B,zeroclaw,HLE,hle_1054,0,0,0.35880433478696305,1690
Qwen3.5-27B,zeroclaw,HLE,hle_1055,0,0,0.41968783752098987,1731
Qwen3.5-27B,zeroclaw,HLE,hle_1056,0,0,0.3041225788039022,2032
Qwen3.5-27B,zeroclaw,HLE,hle_1057,0,0,0.17333846494420174,7943
Qwen3.5-27B,zeroclaw,HLE,hle_1058,0,0,0.3946650313826721,1026
Qwen3.5-27B,zeroclaw,HLE,hle_1066,0,0,0.3812705007957021,1045
Qwen3.5-27B,zeroclaw,HLE,hle_1067,0,0,0.37671023092696426,1467
Qwen3.5-27B,zeroclaw,HLE,hle_1071,0,0,0.37335844572940896,1587
Qwen3.5-27B,zeroclaw,HLE,hle_1073,0,0,0.38547433350389,1767
Qwen3.5-27B,zeroclaw,HLE,hle_1074,0,1,0.46733777515227665,803
Qwen3.5-27B,zeroclaw,HLE,hle_1077,0,1,0.3839279703290303,822
Qwen3.5-27B,zeroclaw,HLE,hle_1079,0,1,0.3791980491067039,2520
Qwen3.5-27B,zeroclaw,HLE,hle_1080,0,1,0.43001776380522466,1641
Qwen3.5-27B,zeroclaw,HLE,hle_1081,0,0,0.0523591620913895,4854
Qwen3.5-27B,zeroclaw,HLE,hle_1083,0,0,0.4532768040276809,1349
Qwen3.5-27B,zeroclaw,HLE,hle_1084,0,0,0.476303768460925,1232
Qwen3.5-27B,zeroclaw,HLE,hle_1088,0,0,0.34798766679855586,1938
Qwen3.5-27B,zeroclaw,HLE,hle_1089,0,0,0.4256697733781861,708
Qwen3.5-27B,zeroclaw,HLE,hle_109,0,1,0.5468845046462609,1166
Qwen3.5-27B,zeroclaw,HLE,hle_1098,0,0,0.44434092298494127,540
Qwen3.5-27B,zeroclaw,HLE,hle_111,0,0,0.40108958407694745,1171
Qwen3.5-27B,zeroclaw,HLE,hle_1116,0,0,0.33836184797567587,1570
Qwen3.5-27B,zeroclaw,HLE,hle_1119,0,0,0.29056016455003003,249
Qwen3.5-27B,zeroclaw,HLE,hle_112,0,1,0.2639136451193444,1987
Qwen3.5-27B,zeroclaw,HLE,hle_1126,0,0,0.21213638430454643,3899
Qwen3.5-27B,zeroclaw,HLE,hle_1127,0,0,0.22430849614086634,1786
Qwen3.5-27B,zeroclaw,HLE,hle_1128,0,0,0.11127529399387134,3141
Qwen3.5-27B,zeroclaw,HLE,hle_1129,0,0,0.5157198576331076,1637
Qwen3.5-27B,zeroclaw,HLE,hle_1130,0,0,0.2785076696312521,3974
Qwen3.5-27B,zeroclaw,HLE,hle_1133,0,0,0.36508758171537725,1256
Qwen3.5-27B,zeroclaw,HLE,hle_1135,0,0,0.5406041931521675,974
Qwen3.5-27B,zeroclaw,HLE,hle_1137,0,1,0.2864503227599478,508
Qwen3.5-27B,zeroclaw,HLE,hle_1138,0,0,0.25510048856751166,2688
Qwen3.5-27B,zeroclaw,HLE,hle_1139,0,0,0.22981662627265115,7532
Qwen3.5-27B,zeroclaw,HLE,hle_114,0,0,0.29356685894155476,2923
Qwen3.5-27B,zeroclaw,HLE,hle_115,0,0,0.2678677877689974,1412
Qwen3.5-27B,zeroclaw,HLE,hle_1150,0,0,0.2550593513873296,3164
Qwen3.5-27B,zeroclaw,HLE,hle_1153,0,0,0.3199218592686097,1765
Qwen3.5-27B,zeroclaw,HLE,hle_1159,0,0,0.3991942452079414,1693
Qwen3.5-27B,zeroclaw,HLE,hle_1166,0,0,0.44043985160901955,1446
Qwen3.5-27B,zeroclaw,HLE,hle_1174,0,0,0.5495378219818401,977
Qwen3.5-27B,zeroclaw,HLE,hle_1177,0,0,0.4499958645852068,1294
Qwen3.5-27B,zeroclaw,HLE,hle_1179,0,0,0.28473498372304806,960
Qwen3.5-27B,zeroclaw,HLE,hle_118,0,0,0.37100629294420573,942
Qwen3.5-27B,zeroclaw,HLE,hle_1182,0,0,0.20141284428800377,2295
Qwen3.5-27B,zeroclaw,HLE,hle_1188,0,0,0.45326779122403743,1089
Qwen3.5-27B,zeroclaw,HLE,hle_119,0,0,0.14897415568874894,10487
Qwen3.5-27B,zeroclaw,HLE,hle_1192,0,1,0.35403816269668714,895
Qwen3.5-27B,zeroclaw,HLE,hle_1196,0,0,0.45845523078307043,1485
Qwen3.5-27B,zeroclaw,HLE,hle_120,0,0,0.3383971844879905,1157
Qwen3.5-27B,zeroclaw,HLE,hle_1207,0,1,0.4397500615138432,2723
Qwen3.5-27B,zeroclaw,HLE,hle_1215,0,0,0.26072380117171623,3455
Qwen3.5-27B,zeroclaw,HLE,hle_1219,0,0,0.4582845857379304,1071
Qwen3.5-27B,zeroclaw,HLE,hle_1220,0,0,0.49653432270042575,1517
Qwen3.5-27B,zeroclaw,HLE,hle_123,0,0,0.4387614617207144,1814
Qwen3.5-27B,zeroclaw,HLE,hle_1234,0,0,0.3463773535924435,2057
Qwen3.5-27B,zeroclaw,HLE,hle_1235,0,0,0.24505456193044048,1882
Qwen3.5-27B,zeroclaw,HLE,hle_1236,0,0,0.15342034630350862,1032
Qwen3.5-27B,zeroclaw,HLE,hle_1240,0,0,0.39144843922024414,2456
Qwen3.5-27B,zeroclaw,HLE,hle_1241,0,0,0.3378042043839588,826
Qwen3.5-27B,zeroclaw,HLE,hle_1246,0,0,0.3086504550678281,2935
Qwen3.5-27B,zeroclaw,HLE,hle_1249,0,0,0.38681524724422867,1233
Qwen3.5-27B,zeroclaw,HLE,hle_126,0,0,0.2855813574215983,2230
Qwen3.5-27B,zeroclaw,HLE,hle_1260,0,0,0.4581609739337348,2609
Qwen3.5-27B,zeroclaw,HLE,hle_1263,0,1,0.3777230856446247,1410
Qwen3.5-27B,zeroclaw,HLE,hle_1269,0,0,0.3173766827693273,919
Qwen3.5-27B,zeroclaw,HLE,hle_1272,0,0,0.3605466237160773,1452
Qwen3.5-27B,zeroclaw,HLE,hle_1276,0,0,0.3324949313811858,1389
Qwen3.5-27B,zeroclaw,HLE,hle_1285,0,0,0.43510837545283443,1181
Qwen3.5-27B,zeroclaw,HLE,hle_1290,0,0,0.425145403210748,954
Qwen3.5-27B,zeroclaw,HLE,hle_1292,0,0,0.28750801431726186,1945
Qwen3.5-27B,zeroclaw,HLE,hle_1298,0,0,0.2929872641877723,1525
Qwen3.5-27B,zeroclaw,HLE,hle_13,0,1,0.22608278581268976,6464
Qwen3.5-27B,zeroclaw,HLE,hle_1308,0,0,0.07939888872953738,4628
Qwen3.5-27B,zeroclaw,HLE,hle_1309,0,0,0.4413567546658428,763
Qwen3.5-27B,zeroclaw,HLE,hle_131,0,0,0.484557027420537,1146
Qwen3.5-27B,zeroclaw,HLE,hle_1312,0,0,0.43674887019096054,1645
Qwen3.5-27B,zeroclaw,HLE,hle_1315,0,0,0.3742879780423773,955
Qwen3.5-27B,zeroclaw,HLE,hle_1316,0,0,0.4315359231049991,1003
Qwen3.5-27B,zeroclaw,HLE,hle_1317,0,0,0.28461270974173375,4300
Qwen3.5-27B,zeroclaw,HLE,hle_1325,0,0,0.3726409974303482,2925
Qwen3.5-27B,zeroclaw,HLE,hle_1330,0,1,0.5042521360378119,1635
Qwen3.5-27B,zeroclaw,HLE,hle_1332,0,0,0.311784036654994,3111
Qwen3.5-27B,zeroclaw,HLE,hle_1333,0,0,0.4299086799778975,1756
Qwen3.5-27B,zeroclaw,HLE,hle_1334,0,0,0.3994463655737954,826
Qwen3.5-27B,zeroclaw,HLE,hle_1339,0,0,0.37174999055499186,1138
Qwen3.5-27B,zeroclaw,HLE,hle_1340,0,1,0.420116654420477,1094
Qwen3.5-27B,zeroclaw,HLE,hle_1341,0,0,0.3833927674305661,1837
Qwen3.5-27B,zeroclaw,HLE,hle_1342,0,0,0.2878329483274924,3460
Qwen3.5-27B,zeroclaw,HLE,hle_1344,0,0,0.3964490487845107,1080
Qwen3.5-27B,zeroclaw,HLE,hle_1347,0,0,0.2793797422113761,786
Qwen3.5-27B,zeroclaw,HLE,hle_1365,0,0,0.5398013795034674,1857
Qwen3.5-27B,zeroclaw,HLE,hle_1370,0,0,0.40735776591158557,689
Qwen3.5-27B,zeroclaw,HLE,hle_1376,0,0,0.4368988103396763,1432
Qwen3.5-27B,zeroclaw,HLE,hle_1379,0,0,0.5028683767043296,9395
Qwen3.5-27B,zeroclaw,HLE,hle_138,0,0,0.11837336761803449,7080
Qwen3.5-27B,zeroclaw,HLE,hle_1380,0,0,0.3632605993376953,1204
Qwen3.5-27B,zeroclaw,HLE,hle_1381,0,0,0.370703683293619,862
Qwen3.5-27B,zeroclaw,HLE,hle_1382,0,0,0.48543883440481633,1649
Qwen3.5-27B,zeroclaw,HLE,hle_1383,0,0,0.3222803534503728,1228
Qwen3.5-27B,zeroclaw,HLE,hle_1384,0,0,0.4002251624229876,2372
Qwen3.5-27B,zeroclaw,HLE,hle_1385,0,0,0.5160978278612373,1628
Qwen3.5-27B,zeroclaw,HLE,hle_1386,0,0,0.3823033539608428,1282
Qwen3.5-27B,zeroclaw,HLE,hle_1388,0,0,0.39969269617837516,1484
Qwen3.5-27B,zeroclaw,HLE,hle_1389,0,1,0.4039542291318507,1013
Qwen3.5-27B,zeroclaw,HLE,hle_1390,0,0,0.3178526417890192,1283
Qwen3.5-27B,zeroclaw,HLE,hle_1391,0,0,0.37119585192445687,1457
Qwen3.5-27B,zeroclaw,HLE,hle_1392,0,0,0.14819332831823273,4909
Qwen3.5-27B,zeroclaw,HLE,hle_1393,0,0,0.38982882986133877,1353
Qwen3.5-27B,zeroclaw,HLE,hle_1394,0,0,0.24274315403442837,3280
Qwen3.5-27B,zeroclaw,HLE,hle_1395,0,0,0.47610186563013773,993
Qwen3.5-27B,zeroclaw,HLE,hle_1396,0,0,0.3347229853556359,1885
Qwen3.5-27B,zeroclaw,HLE,hle_1397,0,0,0.5140517887962158,1712
Qwen3.5-27B,zeroclaw,HLE,hle_1399,0,0,0.11339201004211082,7374
Qwen3.5-27B,zeroclaw,HLE,hle_14,0,0,0.414225410300207,3984
Qwen3.5-27B,zeroclaw,HLE,hle_1401,0,0,0.44926503451395744,1565
Qwen3.5-27B,zeroclaw,HLE,hle_1407,0,0,0.3784482486525013,2251
Qwen3.5-27B,zeroclaw,HLE,hle_141,0,1,0.39706553202380984,1082
Qwen3.5-27B,zeroclaw,HLE,hle_1415,0,0,0.3705920085928229,3763
Qwen3.5-27B,zeroclaw,HLE,hle_1419,0,0,0.41920605987783655,1494
Qwen3.5-27B,zeroclaw,HLE,hle_142,0,0,0.39763444556666877,880
Qwen3.5-27B,zeroclaw,HLE,hle_1420,0,0,0.3825235720124361,1118
Qwen3.5-27B,zeroclaw,HLE,hle_1423,0,1,0.3843729138977827,3108
Qwen3.5-27B,zeroclaw,HLE,hle_1424,0,0,0.5042033852360098,1062
Qwen3.5-27B,zeroclaw,HLE,hle_1433,0,0,0.24504663238931565,1891
Qwen3.5-27B,zeroclaw,HLE,hle_144,0,0,0.42126988837563994,1244
Qwen3.5-27B,zeroclaw,HLE,hle_1444,0,0,0.2820507609828606,1673
Qwen3.5-27B,zeroclaw,HLE,hle_1446,0,0,0.3982597624542583,1295
Qwen3.5-27B,zeroclaw,HLE,hle_145,0,0,0.4667142707751887,1851
Qwen3.5-27B,zeroclaw,HLE,hle_1452,0,0,0.44253154359094116,1598
Qwen3.5-27B,zeroclaw,HLE,hle_1457,0,0,0.5432417560820646,1891
Qwen3.5-27B,zeroclaw,HLE,hle_1458,0,0,0.4561400961658102,1507
Qwen3.5-27B,zeroclaw,HLE,hle_1459,0,0,0.18980649453865572,4207
Qwen3.5-27B,zeroclaw,HLE,hle_1460,0,0,0.40317622154968513,1230
Qwen3.5-27B,zeroclaw,HLE,hle_1462,0,0,0.1943351685281977,6302
Qwen3.5-27B,zeroclaw,HLE,hle_1481,0,0,0.41608476486973217,2314
Qwen3.5-27B,zeroclaw,HLE,hle_1487,0,1,0.3122381809981756,4270
Qwen3.5-27B,zeroclaw,HLE,hle_1488,0,0,0.11733324584349217,6687
Qwen3.5-27B,zeroclaw,HLE,hle_1489,0,0,0.3839813987827952,3479
Qwen3.5-27B,zeroclaw,HLE,hle_1494,0,0,0.45719023309420437,1531
Qwen3.5-27B,zeroclaw,HLE,hle_1502,0,0,0.34436292001681923,1596
Qwen3.5-27B,zeroclaw,HLE,hle_1504,0,0,0.2178901312292244,5913
Qwen3.5-27B,zeroclaw,HLE,hle_1505,0,1,0.347937502038058,1331
Qwen3.5-27B,zeroclaw,HLE,hle_1509,0,0,0.14155913314759672,3973
Qwen3.5-27B,zeroclaw,HLE,hle_1511,0,0,0.3576051436850987,1213
Qwen3.5-27B,zeroclaw,HLE,hle_1512,0,0,0.24671653868840904,1575
Qwen3.5-27B,zeroclaw,HLE,hle_1513,0,0,0.44159351486893705,1550
Qwen3.5-27B,zeroclaw,HLE,hle_1517,0,0,0.23964474214597076,3780
Qwen3.5-27B,zeroclaw,HLE,hle_1518,0,0,0.4302058139117828,2442
Qwen3.5-27B,zeroclaw,HLE,hle_1519,0,0,0.34108996082527654,2582
Qwen3.5-27B,zeroclaw,HLE,hle_1520,0,1,0.25541832846231033,3478
Qwen3.5-27B,zeroclaw,HLE,hle_1522,0,0,0.4350421871987916,1328
Qwen3.5-27B,zeroclaw,HLE,hle_1524,0,0,0.531207950471083,1593
Qwen3.5-27B,zeroclaw,HLE,hle_1530,0,1,0.3122873251823009,1275
Qwen3.5-27B,zeroclaw,HLE,hle_1534,0,0,0.5415817612220355,2180
Qwen3.5-27B,zeroclaw,HLE,hle_1536,0,1,0.3479416540074876,1531
Qwen3.5-27B,zeroclaw,HLE,hle_1545,0,0,0.25588838887864873,5126
Qwen3.5-27B,zeroclaw,HLE,hle_1546,0,0,0.35724661326845547,2588
Qwen3.5-27B,zeroclaw,HLE,hle_1547,0,1,0.4297175557915368,1834
Qwen3.5-27B,zeroclaw,HLE,hle_155,0,0,0.3974213791805948,1853
Qwen3.5-27B,zeroclaw,HLE,hle_1553,0,0,0.3678736793821935,2070
Qwen3.5-27B,zeroclaw,HLE,hle_1565,0,0,0.44846068750776963,907
Qwen3.5-27B,zeroclaw,HLE,hle_1567,0,0,0.23041762055052645,2176
Qwen3.5-27B,zeroclaw,HLE,hle_1568,0,0,0.5793662562293143,1026
Qwen3.5-27B,zeroclaw,HLE,hle_1569,0,0,0.3915315650714175,2541
Qwen3.5-27B,zeroclaw,HLE,hle_1572,0,0,0.2954675028313872,1281
Qwen3.5-27B,zeroclaw,HLE,hle_1577,0,0,0.30439676917869524,928
Qwen3.5-27B,zeroclaw,HLE,hle_158,0,1,0.43545688079561057,1848
Qwen3.5-27B,zeroclaw,HLE,hle_1586,0,0,0.39857817446111604,1360
Qwen3.5-27B,zeroclaw,HLE,hle_1590,0,0,0.26399360714959486,3113
Qwen3.5-27B,zeroclaw,HLE,hle_1596,0,0,0.47704145045767976,1087
Qwen3.5-27B,zeroclaw,HLE,hle_1598,0,0,0.32136203633440463,1468
Qwen3.5-27B,zeroclaw,HLE,hle_16,0,0,0.5269944537033912,1019
Qwen3.5-27B,zeroclaw,HLE,hle_1601,0,0,0.5049904189270317,1658
Qwen3.5-27B,zeroclaw,HLE,hle_1606,0,0,0.15444840703461346,12381
Qwen3.5-27B,zeroclaw,HLE,hle_1613,0,0,0.39212295253604895,1938
Qwen3.5-27B,zeroclaw,HLE,hle_1630,0,0,0.51459953583928,1083
Qwen3.5-27B,zeroclaw,HLE,hle_1651,0,1,0.38961227701449525,1054
Qwen3.5-27B,zeroclaw,HLE,hle_1666,0,0,0.3023418859958919,1412
Qwen3.5-27B,zeroclaw,HLE,hle_167,0,0,0.15804154625177846,597
Qwen3.5-27B,zeroclaw,HLE,hle_1672,0,0,0.40649549291863407,1793
Qwen3.5-27B,zeroclaw,HLE,hle_1676,0,0,0.42060513576288816,1667
Qwen3.5-27B,zeroclaw,HLE,hle_1679,0,0,0.3206497673875766,1508
Qwen3.5-27B,zeroclaw,HLE,hle_1680,0,0,0.44548531529944124,1447
Qwen3.5-27B,zeroclaw,HLE,hle_1682,0,1,0.4556243731727224,1072
Qwen3.5-27B,zeroclaw,HLE,hle_1683,0,0,0.035088059418462096,2903
Qwen3.5-27B,zeroclaw,HLE,hle_1685,0,0,0.2951548234640252,3504
Qwen3.5-27B,zeroclaw,HLE,hle_1686,0,0,0.4091738712548881,602
Qwen3.5-27B,zeroclaw,HLE,hle_1690,0,0,0.3244512752920294,3137
Qwen3.5-27B,zeroclaw,HLE,hle_1694,0,0,0.3282883053254514,2480
Qwen3.5-27B,zeroclaw,HLE,hle_1696,0,0,0.24490397073452558,4781
Qwen3.5-27B,zeroclaw,HLE,hle_1697,0,0,0.28531055587091053,1307
Qwen3.5-27B,zeroclaw,HLE,hle_1699,0,1,0.4507092790114273,984
Qwen3.5-27B,zeroclaw,HLE,hle_1705,0,0,0.32386064140735876,3202
Qwen3.5-27B,zeroclaw,HLE,hle_1716,0,0,0.5783947797439621,999
Qwen3.5-27B,zeroclaw,HLE,hle_1719,0,0,0.2203292469415581,7813
Qwen3.5-27B,zeroclaw,HLE,hle_1740,0,0,0.30105609237698083,1653
Qwen3.5-27B,zeroclaw,HLE,hle_1743,0,0,0.40535901154886794,971
Qwen3.5-27B,zeroclaw,HLE,hle_1745,0,0,0.3078394940974038,1512
Qwen3.5-27B,zeroclaw,HLE,hle_1749,0,0,0.3631272840018493,1371
Qwen3.5-27B,zeroclaw,HLE,hle_1750,0,0,0.1901122408127899,6894
Qwen3.5-27B,zeroclaw,HLE,hle_1755,0,0,0.4352370246227001,949
Qwen3.5-27B,zeroclaw,HLE,hle_1756,0,0,0.38113110532325806,908
Qwen3.5-27B,zeroclaw,HLE,hle_176,0,0,0.3927373356393459,1495
Qwen3.5-27B,zeroclaw,HLE,hle_1761,0,0,0.34790236942304464,908
Qwen3.5-27B,zeroclaw,HLE,hle_1766,0,0,0.3444619799713795,1614
Qwen3.5-27B,zeroclaw,HLE,hle_1787,0,0,0.21821884816786205,6122
Qwen3.5-27B,zeroclaw,HLE,hle_179,0,0,0.3794957572224327,301
Qwen3.5-27B,zeroclaw,HLE,hle_1792,0,1,0.15248209453624173,3601
Qwen3.5-27B,zeroclaw,HLE,hle_1799,0,0,0.5754344732567676,1550
Qwen3.5-27B,zeroclaw,HLE,hle_1800,0,0,0.16998508654321506,8361
Qwen3.5-27B,zeroclaw,HLE,hle_1803,0,0,0.25381637476343616,4059
Qwen3.5-27B,zeroclaw,HLE,hle_1804,0,0,0.3819482414113353,594
Qwen3.5-27B,zeroclaw,HLE,hle_1808,0,0,0.3951387415317856,2967
Qwen3.5-27B,zeroclaw,HLE,hle_1810,0,1,0.4861406607793426,1368
Qwen3.5-27B,zeroclaw,HLE,hle_1817,0,0,0.23486791595939993,1804
Qwen3.5-27B,zeroclaw,HLE,hle_1827,0,0,0.20725240035347176,3471
Qwen3.5-27B,zeroclaw,HLE,hle_1836,0,0,0.19683508607328293,5556
Qwen3.5-27B,zeroclaw,HLE,hle_1837,0,1,0.22404463450569603,2239
Qwen3.5-27B,zeroclaw,HLE,hle_184,0,0,0.42228025468026914,1581
Qwen3.5-27B,zeroclaw,HLE,hle_1847,0,0,0.48154939007051784,889
Qwen3.5-27B,zeroclaw,HLE,hle_185,0,0,0.4077928057988752,3030
Qwen3.5-27B,zeroclaw,HLE,hle_1855,0,0,0.5143456429739496,1481
Qwen3.5-27B,zeroclaw,HLE,hle_1856,0,0,0.4098449747611777,1115
Qwen3.5-27B,zeroclaw,HLE,hle_1861,0,0,0.37185539600915396,1679
Qwen3.5-27B,zeroclaw,HLE,hle_1862,0,0,0.36720002693094717,700
Qwen3.5-27B,zeroclaw,HLE,hle_1863,0,0,0.13411857830933493,1978
Qwen3.5-27B,zeroclaw,HLE,hle_1864,0,0,0.3459715788359314,1000
Qwen3.5-27B,zeroclaw,HLE,hle_1865,0,0,0.3900466954320923,2113
Qwen3.5-27B,zeroclaw,HLE,hle_1869,0,1,0.24885302800144038,1299
Qwen3.5-27B,zeroclaw,HLE,hle_187,0,0,0.2099932597467585,2039
Qwen3.5-27B,zeroclaw,HLE,hle_1871,0,0,0.3607544345438218,1484
Qwen3.5-27B,zeroclaw,HLE,hle_1877,0,0,0.3400725239249992,1702
Qwen3.5-27B,zeroclaw,HLE,hle_1880,0,0,0.49201387846980404,1157
Qwen3.5-27B,zeroclaw,HLE,hle_1884,0,1,0.3355261442107702,854
Qwen3.5-27B,zeroclaw,HLE,hle_189,0,0,0.3468369526932278,1288
Qwen3.5-27B,zeroclaw,HLE,hle_1890,0,1,0.10591083993686849,2617
Qwen3.5-27B,zeroclaw,HLE,hle_1909,0,0,0.25522666958634477,10833
Qwen3.5-27B,zeroclaw,HLE,hle_191,0,0,0.3077815946151931,1086
Qwen3.5-27B,zeroclaw,HLE,hle_1917,0,1,0.4753188417731863,2368
Qwen3.5-27B,zeroclaw,HLE,hle_1919,0,0,0.5418864818019831,993
Qwen3.5-27B,zeroclaw,HLE,hle_1920,0,0,0.43542916828593636,714
Qwen3.5-27B,zeroclaw,HLE,hle_1922,0,1,0.4520849252743971,1607
Qwen3.5-27B,zeroclaw,HLE,hle_1926,0,0,0.08333485627903843,3466
Qwen3.5-27B,zeroclaw,HLE,hle_1927,0,0,0.25511150554194645,900
Qwen3.5-27B,zeroclaw,HLE,hle_1928,0,0,0.3444833011235639,1030
Qwen3.5-27B,zeroclaw,HLE,hle_193,0,0,0.27730329741366566,1434
Qwen3.5-27B,zeroclaw,HLE,hle_1938,0,1,0.4345985859542896,1174
Qwen3.5-27B,zeroclaw,HLE,hle_1940,0,0,0.2529452015845811,1419
Qwen3.5-27B,zeroclaw,HLE,hle_1945,0,0,0.3764598702358281,1146
Qwen3.5-27B,zeroclaw,HLE,hle_1946,0,0,0.45077049563997873,1004
Qwen3.5-27B,zeroclaw,HLE,hle_1947,0,0,0.5113991970031072,1675
Qwen3.5-27B,zeroclaw,HLE,hle_1958,0,0,0.18357444337257056,2685
Qwen3.5-27B,zeroclaw,HLE,hle_1965,0,0,0.22300363427408,7913
Qwen3.5-27B,zeroclaw,HLE,hle_1972,0,1,0.19372022566207733,4636
Qwen3.5-27B,zeroclaw,HLE,hle_1980,0,0,0.3691310433544227,1211
Qwen3.5-27B,zeroclaw,HLE,hle_2003,0,0,0.4501742683821674,856
Qwen3.5-27B,zeroclaw,HLE,hle_2005,0,1,0.42947296755552145,1457
Qwen3.5-27B,zeroclaw,HLE,hle_2010,0,1,0.4338513617520676,1204
Qwen3.5-27B,zeroclaw,HLE,hle_2016,0,0,0.2832672522242708,2912
Qwen3.5-27B,zeroclaw,HLE,hle_2022,0,0,0.10393749254014985,7039
Qwen3.5-27B,zeroclaw,HLE,hle_2024,0,0,0.30082666582926143,1991
Qwen3.5-27B,zeroclaw,HLE,hle_2037,0,0,0.2804691408945299,928
Qwen3.5-27B,zeroclaw,HLE,hle_2038,0,0,0.3364792575951279,672
Qwen3.5-27B,zeroclaw,HLE,hle_2043,0,0,0.23979228014406756,3171
Qwen3.5-27B,zeroclaw,HLE,hle_2046,0,0,0.27562622318986646,2099
Qwen3.5-27B,zeroclaw,HLE,hle_2060,0,0,0.24867681963423127,5794
Qwen3.5-27B,zeroclaw,HLE,hle_2062,0,0,0.3541153712522328,474
Qwen3.5-27B,zeroclaw,HLE,hle_2073,0,0,0.3346553022036351,825
Qwen3.5-27B,zeroclaw,HLE,hle_2074,0,0,0.4562039668855251,1092
Qwen3.5-27B,zeroclaw,HLE,hle_2084,0,0,0.26044583575203206,4528
Qwen3.5-27B,zeroclaw,HLE,hle_2087,0,0,0.48670211471984665,1425
Qwen3.5-27B,zeroclaw,HLE,hle_2088,0,0,0.19343342074687314,5596
Qwen3.5-27B,zeroclaw,HLE,hle_2091,0,0,0.4147079707484777,3550
Qwen3.5-27B,zeroclaw,HLE,hle_2093,0,0,0.3289703536108466,1167
Qwen3.5-27B,zeroclaw,HLE,hle_2097,0,0,0.27241895102883834,4296
Qwen3.5-27B,zeroclaw,HLE,hle_210,0,0,0.3899521474460622,3149
Qwen3.5-27B,zeroclaw,HLE,hle_2111,0,0,0.3541173226715894,1106
Qwen3.5-27B,zeroclaw,HLE,hle_2116,0,0,0.2710290455187446,943
Qwen3.5-27B,zeroclaw,HLE,hle_2117,0,1,0.3814215481210505,1781
Qwen3.5-27B,zeroclaw,HLE,hle_212,0,0,0.3512687475195144,1416
Qwen3.5-27B,zeroclaw,HLE,hle_2120,0,0,0.427454695045708,2665
Qwen3.5-27B,zeroclaw,HLE,hle_2132,0,0,0.18666028371425636,9648
Qwen3.5-27B,zeroclaw,HLE,hle_2140,0,1,0.1641402782836236,2686
Qwen3.5-27B,zeroclaw,HLE,hle_2153,0,0,0.1306632594699801,8238
Qwen3.5-27B,zeroclaw,HLE,hle_2154,0,0,0.32321280081948106,3143
Qwen3.5-27B,zeroclaw,HLE,hle_2158,0,0,0.3107263981389167,5294
Qwen3.5-27B,zeroclaw,HLE,hle_2163,0,0,0.34492191597303057,1015
Qwen3.5-27B,zeroclaw,HLE,hle_2168,0,1,0.300192568179189,3095
Qwen3.5-27B,zeroclaw,HLE,hle_2174,0,1,0.3034542036401192,1469
Qwen3.5-27B,zeroclaw,HLE,hle_2177,0,0,0.503328040083241,1084
Qwen3.5-27B,zeroclaw,HLE,hle_2179,0,1,0.3113214636468045,2025
Qwen3.5-27B,zeroclaw,HLE,hle_218,0,1,0.4226815354404054,911
Qwen3.5-27B,zeroclaw,HLE,hle_2181,0,0,0.23640421950934953,4873
Qwen3.5-27B,zeroclaw,HLE,hle_2182,0,0,0.32686779425130047,1856
Qwen3.5-27B,zeroclaw,HLE,hle_2187,0,0,0.19297208933830576,4991
Qwen3.5-27B,zeroclaw,HLE,hle_2191,0,0,0.39080735669861894,975
Qwen3.5-27B,zeroclaw,HLE,hle_2197,0,0,0.40228109055580885,1475
Qwen3.5-27B,zeroclaw,HLE,hle_2199,0,0,0.3540904986165651,1660
Qwen3.5-27B,zeroclaw,HLE,hle_2200,0,0,0.4385930563394487,1012
Qwen3.5-27B,zeroclaw,HLE,hle_2202,0,1,0.19118386686873085,5333
Qwen3.5-27B,zeroclaw,HLE,hle_2203,0,0,0.36815121285752084,1409
Qwen3.5-27B,zeroclaw,HLE,hle_2214,0,0,0.19106180079980398,3013
Qwen3.5-27B,zeroclaw,HLE,hle_2225,0,0,0.04101679786338635,10170
Qwen3.5-27B,zeroclaw,HLE,hle_2248,0,0,0.38290731241728587,2991
Qwen3.5-27B,zeroclaw,HLE,hle_2250,0,1,0.34528519256462975,1151
Qwen3.5-27B,zeroclaw,HLE,hle_2252,0,1,0.34093216412141686,1428
Qwen3.5-27B,zeroclaw,HLE,hle_2257,0,1,0.29519913200549164,1772
Qwen3.5-27B,zeroclaw,HLE,hle_2261,0,0,0.09395404131360531,11390
Qwen3.5-27B,zeroclaw,HLE,hle_2263,0,0,0.31297455777587224,248
Qwen3.5-27B,zeroclaw,HLE,hle_2285,0,0,0.4300479961696834,1056
Qwen3.5-27B,zeroclaw,HLE,hle_2305,0,0,0.2985495744641367,4243
Qwen3.5-27B,zeroclaw,HLE,hle_2308,0,1,0.3541464251268817,1523
Qwen3.5-27B,zeroclaw,HLE,hle_2318,0,0,0.5613700981526153,1061
Qwen3.5-27B,zeroclaw,HLE,hle_2324,0,0,0.6109345127797662,2520
Qwen3.5-27B,zeroclaw,HLE,hle_2326,0,0,0.12152638758887375,5013
Qwen3.5-27B,zeroclaw,HLE,hle_2332,0,0,0.49057933728046377,1822
Qwen3.5-27B,zeroclaw,HLE,hle_2334,0,0,0.3549421219194411,892
Qwen3.5-27B,zeroclaw,HLE,hle_2335,0,0,0.39939355142676936,802
Qwen3.5-27B,zeroclaw,HLE,hle_2337,0,0,0.485497270333384,1333
Qwen3.5-27B,zeroclaw,HLE,hle_2354,0,0,0.3808296877677962,2553
Qwen3.5-27B,zeroclaw,HLE,hle_236,0,0,0.3814018091807463,2762
Qwen3.5-27B,zeroclaw,HLE,hle_2360,0,0,0.38781664161451307,870
Qwen3.5-27B,zeroclaw,HLE,hle_2364,0,0,0.2918945853304569,1099
Qwen3.5-27B,zeroclaw,HLE,hle_2367,0,0,0.35000685877575055,3191
Qwen3.5-27B,zeroclaw,HLE,hle_2371,0,0,0.2855896452881514,3438
Qwen3.5-27B,zeroclaw,HLE,hle_2373,0,0,0.2295367486978425,8106
Qwen3.5-27B,zeroclaw,HLE,hle_2379,0,0,0.27634533392431493,971
Qwen3.5-27B,zeroclaw,HLE,hle_2389,0,1,0.32187843257288773,1382
Qwen3.5-27B,zeroclaw,HLE,hle_241,0,0,0.3274442519068873,1051
Qwen3.5-27B,zeroclaw,HLE,hle_242,0,0,0.37889388540682495,415
Qwen3.5-27B,zeroclaw,HLE,hle_243,0,0,0.30689407038777855,1291
Qwen3.5-27B,zeroclaw,HLE,hle_2470,0,0,0.19907554784511183,242
Qwen3.5-27B,zeroclaw,HLE,hle_2486,0,0,0.3372932055022768,1662
Qwen3.5-27B,zeroclaw,HLE,hle_251,0,0,0.4400861800327314,1042
Qwen3.5-27B,zeroclaw,HLE,hle_262,0,0,0.3921626888832309,1259
Qwen3.5-27B,zeroclaw,HLE,hle_267,0,0,0.3659164123457545,807
Qwen3.5-27B,zeroclaw,HLE,hle_27,0,0,0.3052318172919753,653
Qwen3.5-27B,zeroclaw,HLE,hle_272,0,0,0.37826834155711936,3008
Qwen3.5-27B,zeroclaw,HLE,hle_278,0,0,0.41732519985009753,2087
Qwen3.5-27B,zeroclaw,HLE,hle_280,0,0,0.2991412664127493,1145
Qwen3.5-27B,zeroclaw,HLE,hle_283,0,0,0.5535321718409153,885
Qwen3.5-27B,zeroclaw,HLE,hle_288,0,1,0.22747068037052304,1710
Qwen3.5-27B,zeroclaw,HLE,hle_293,0,0,0.48589480199504187,1003
Qwen3.5-27B,zeroclaw,HLE,hle_294,0,0,0.24961544159108603,988
Qwen3.5-27B,zeroclaw,HLE,hle_302,0,1,0.3490831846893238,1122
Qwen3.5-27B,zeroclaw,HLE,hle_309,0,0,0.2275972349466067,7578
Qwen3.5-27B,zeroclaw,HLE,hle_32,0,0,0.4810648602008277,1521
Qwen3.5-27B,zeroclaw,HLE,hle_328,0,0,0.4073944313322931,1262
Qwen3.5-27B,zeroclaw,HLE,hle_329,0,0,0.3274497469569885,951
Qwen3.5-27B,zeroclaw,HLE,hle_330,0,0,0.4929531123461905,1767
Qwen3.5-27B,zeroclaw,HLE,hle_331,0,0,0.5461378604361656,2700
Qwen3.5-27B,zeroclaw,HLE,hle_337,0,0,0.4593130396589564,1084
Qwen3.5-27B,zeroclaw,HLE,hle_338,0,0,0.3782523597640397,954
Qwen3.5-27B,zeroclaw,HLE,hle_341,0,0,0.48914916713606404,792
Qwen3.5-27B,zeroclaw,HLE,hle_344,0,0,0.45023828350781137,1765
Qwen3.5-27B,zeroclaw,HLE,hle_346,0,0,0.4536255747718675,1459
Qwen3.5-27B,zeroclaw,HLE,hle_35,0,0,0.4422997078929366,1620
Qwen3.5-27B,zeroclaw,HLE,hle_350,0,0,0.3647560015264248,1368
Qwen3.5-27B,zeroclaw,HLE,hle_351,0,0,0.3075421915695086,1305
Qwen3.5-27B,zeroclaw,HLE,hle_354,0,0,0.3542608115986796,946
Qwen3.5-27B,zeroclaw,HLE,hle_358,0,0,0.31878715017574505,989
Qwen3.5-27B,zeroclaw,HLE,hle_366,0,0,0.3036350384284914,4099
Qwen3.5-27B,zeroclaw,HLE,hle_368,0,0,0.26046932249660415,1618
Qwen3.5-27B,zeroclaw,HLE,hle_37,0,0,0.4647674813159431,1289
Qwen3.5-27B,zeroclaw,HLE,hle_370,0,0,0.3684884520651037,2368
Qwen3.5-27B,zeroclaw,HLE,hle_376,0,0,0.12171838384132304,13627
Qwen3.5-27B,zeroclaw,HLE,hle_380,0,0,0.312469339177889,779
Qwen3.5-27B,zeroclaw,HLE,hle_382,0,0,0.3692660601763502,1210
Qwen3.5-27B,zeroclaw,HLE,hle_383,0,0,0.23225431130155677,2473
Qwen3.5-27B,zeroclaw,HLE,hle_385,0,1,0.33052369792333136,840
Qwen3.5-27B,zeroclaw,HLE,hle_388,0,1,0.2762014290775887,715
Qwen3.5-27B,zeroclaw,HLE,hle_389,0,0,0.3923804074877133,1799
Qwen3.5-27B,zeroclaw,HLE,hle_39,0,0,0.39091069719984184,1163
Qwen3.5-27B,zeroclaw,HLE,hle_392,0,0,0.3680875197091609,1387
Qwen3.5-27B,zeroclaw,HLE,hle_402,0,0,0.3605309997338904,1725
Qwen3.5-27B,zeroclaw,HLE,hle_403,0,0,0.25857093177845125,1221
Qwen3.5-27B,zeroclaw,HLE,hle_41,0,0,0.3783112674368694,985
Qwen3.5-27B,zeroclaw,HLE,hle_410,0,1,0.5434041973592958,1389
Qwen3.5-27B,zeroclaw,HLE,hle_417,0,1,0.21020012601670843,2023
Qwen3.5-27B,zeroclaw,HLE,hle_420,0,0,0.39879562449219236,1747
Qwen3.5-27B,zeroclaw,HLE,hle_426,0,0,0.46751448880851915,958
Qwen3.5-27B,zeroclaw,HLE,hle_427,0,0,0.5667928558588652,1916
Qwen3.5-27B,zeroclaw,HLE,hle_429,0,0,0.28242035958126893,1817
Qwen3.5-27B,zeroclaw,HLE,hle_432,0,0,0.46010236329883847,1141
Qwen3.5-27B,zeroclaw,HLE,hle_433,0,1,0.15607984585297233,6321
Qwen3.5-27B,zeroclaw,HLE,hle_434,0,0,0.11527812794673817,1037
Qwen3.5-27B,zeroclaw,HLE,hle_435,0,0,0.4333956962879742,2137
Qwen3.5-27B,zeroclaw,HLE,hle_441,0,0,0.383054728435801,1319
Qwen3.5-27B,zeroclaw,HLE,hle_450,0,0,0.42227807087472785,587
Qwen3.5-27B,zeroclaw,HLE,hle_451,0,0,0.33012917078611786,1021
Qwen3.5-27B,zeroclaw,HLE,hle_452,0,0,0.4183857529009557,1519
Qwen3.5-27B,zeroclaw,HLE,hle_454,0,1,0.34904004133044847,2860
Qwen3.5-27B,zeroclaw,HLE,hle_456,0,0,0.2778543944035754,996
Qwen3.5-27B,zeroclaw,HLE,hle_46,0,0,0.5329744061232714,1061
Qwen3.5-27B,zeroclaw,HLE,hle_460,0,0,0.5005858106232088,1245
Qwen3.5-27B,zeroclaw,HLE,hle_461,0,0,0.47370106255738476,4042
Qwen3.5-27B,zeroclaw,HLE,hle_463,0,0,0.37656447250340563,954
Qwen3.5-27B,zeroclaw,HLE,hle_467,0,0,0.25125056969292975,1983
Qwen3.5-27B,zeroclaw,HLE,hle_473,0,0,0.3084212061558828,3617
Qwen3.5-27B,zeroclaw,HLE,hle_476,0,0,0.3622268796300097,819
Qwen3.5-27B,zeroclaw,HLE,hle_48,0,0,0.3876198639526248,2162
Qwen3.5-27B,zeroclaw,HLE,hle_486,0,0,0.4919627258592278,2684
Qwen3.5-27B,zeroclaw,HLE,hle_496,0,0,0.45589228063944354,1599
Qwen3.5-27B,zeroclaw,HLE,hle_497,0,0,0.26388662842133853,4776
Qwen3.5-27B,zeroclaw,HLE,hle_498,0,0,0.3160312883578126,1305
Qwen3.5-27B,zeroclaw,HLE,hle_499,0,0,0.23936926047725102,2417
Qwen3.5-27B,zeroclaw,HLE,hle_50,0,0,0.2674711277743409,4144
Qwen3.5-27B,zeroclaw,HLE,hle_52,0,0,0.18925389258155673,13741
Qwen3.5-27B,zeroclaw,HLE,hle_522,0,0,0.3173122155960857,2132
Qwen3.5-27B,zeroclaw,HLE,hle_526,0,1,0.37765089930599094,948
Qwen3.5-27B,zeroclaw,HLE,hle_53,0,0,0.2029037872087714,1021
Qwen3.5-27B,zeroclaw,HLE,hle_531,0,0,0.33219797391977773,374
Qwen3.5-27B,zeroclaw,HLE,hle_532,0,0,0.13582043189148604,4619
Qwen3.5-27B,zeroclaw,HLE,hle_533,0,0,0.41292380979796983,919
Qwen3.5-27B,zeroclaw,HLE,hle_539,0,0,0.0834428221987073,309
Qwen3.5-27B,zeroclaw,HLE,hle_54,0,1,0.3437542536769725,1505
Qwen3.5-27B,zeroclaw,HLE,hle_543,0,0,0.3749296845377097,1920
Qwen3.5-27B,zeroclaw,HLE,hle_547,0,0,0.33125686397770354,714
Qwen3.5-27B,zeroclaw,HLE,hle_556,0,1,0.41250310609269353,1573
Qwen3.5-27B,zeroclaw,HLE,hle_568,0,0,0.3653126333338866,1566
Qwen3.5-27B,zeroclaw,HLE,hle_582,0,0,0.10587598197001369,3420
Qwen3.5-27B,zeroclaw,HLE,hle_583,0,0,0.134971278034071,3833
Qwen3.5-27B,zeroclaw,HLE,hle_59,0,0,0.37707192120632266,1611
Qwen3.5-27B,zeroclaw,HLE,hle_591,0,1,0.24008197884718566,4391
Qwen3.5-27B,zeroclaw,HLE,hle_592,0,0,0.28079748223365925,1782
Qwen3.5-27B,zeroclaw,HLE,hle_593,0,0,0.355431830861845,1183
Qwen3.5-27B,zeroclaw,HLE,hle_598,0,1,0.45950279633198615,1367
Qwen3.5-27B,zeroclaw,HLE,hle_60,0,0,0.20199917310871612,1608
Qwen3.5-27B,zeroclaw,HLE,hle_603,0,1,0.36079189156479496,1356
Qwen3.5-27B,zeroclaw,HLE,hle_604,0,0,0.32991851583639287,1783
Qwen3.5-27B,zeroclaw,HLE,hle_607,0,0,0.4134228927423653,934
Qwen3.5-27B,zeroclaw,HLE,hle_614,0,0,0.31566537531489847,1707
Qwen3.5-27B,zeroclaw,HLE,hle_625,0,0,0.34040068139972945,1404
Qwen3.5-27B,zeroclaw,HLE,hle_633,0,1,0.5190359434298547,1432
Qwen3.5-27B,zeroclaw,HLE,hle_636,0,0,0.2937040179514337,1214
Qwen3.5-27B,zeroclaw,HLE,hle_643,0,1,0.1879927374970273,6668
Qwen3.5-27B,zeroclaw,HLE,hle_647,0,0,0.2892279841453215,2919
Qwen3.5-27B,zeroclaw,HLE,hle_653,0,0,0.3314107726052885,1246
Qwen3.5-27B,zeroclaw,HLE,hle_654,0,0,0.4838246298177822,1084
Qwen3.5-27B,zeroclaw,HLE,hle_655,0,0,0.28975972891219604,1308
Qwen3.5-27B,zeroclaw,HLE,hle_660,0,0,0.09683384754991549,4035
Qwen3.5-27B,zeroclaw,HLE,hle_661,0,0,0.2537095309732221,4292
Qwen3.5-27B,zeroclaw,HLE,hle_668,0,0,0.567509520666991,1409
Qwen3.5-27B,zeroclaw,HLE,hle_677,0,1,0.3766311188323378,1310
Qwen3.5-27B,zeroclaw,HLE,hle_678,0,0,0.31975959037559387,1293
Qwen3.5-27B,zeroclaw,HLE,hle_68,0,0,0.49998039403301625,1420
Qwen3.5-27B,zeroclaw,HLE,hle_681,0,0,0.42087581085117975,1397
Qwen3.5-27B,zeroclaw,HLE,hle_687,0,1,0.26742720163471845,2635
Qwen3.5-27B,zeroclaw,HLE,hle_688,0,0,0.3478392047632855,1528
Qwen3.5-27B,zeroclaw,HLE,hle_690,0,0,0.2637186036326303,771
Qwen3.5-27B,zeroclaw,HLE,hle_692,0,0,0.33669296287867867,3126
Qwen3.5-27B,zeroclaw,HLE,hle_694,0,0,0.4554188987676622,1224
Qwen3.5-27B,zeroclaw,HLE,hle_697,0,0,0.41292919129888034,1022
Qwen3.5-27B,zeroclaw,HLE,hle_698,0,1,0.16814093650557024,2651
Qwen3.5-27B,zeroclaw,HLE,hle_699,0,0,0.41969752619286915,2673
Qwen3.5-27B,zeroclaw,HLE,hle_70,0,0,0.33756111623053026,979
Qwen3.5-27B,zeroclaw,HLE,hle_700,0,0,0.24480264274778496,6759
Qwen3.5-27B,zeroclaw,HLE,hle_705,0,0,0.4053413114575381,350
Qwen3.5-27B,zeroclaw,HLE,hle_707,0,0,0.532988502758791,2160
Qwen3.5-27B,zeroclaw,HLE,hle_708,0,0,0.3858766952073512,1754
Qwen3.5-27B,zeroclaw,HLE,hle_711,0,0,0.1775434710395858,5762
Qwen3.5-27B,zeroclaw,HLE,hle_72,0,0,0.2753126970211451,2174
Qwen3.5-27B,zeroclaw,HLE,hle_724,0,1,0.242444527662526,5237
Qwen3.5-27B,zeroclaw,HLE,hle_728,0,0,0.3591590617702347,2097
Qwen3.5-27B,zeroclaw,HLE,hle_747,0,0,0.12981786071740925,3281
Qwen3.5-27B,zeroclaw,HLE,hle_75,0,1,0.5026398015801976,1926
Qwen3.5-27B,zeroclaw,HLE,hle_752,0,0,0.2631660598206338,1416
Qwen3.5-27B,zeroclaw,HLE,hle_773,0,1,0.27530006226689385,4139
Qwen3.5-27B,zeroclaw,HLE,hle_779,0,0,0.23399948547602567,1907
Qwen3.5-27B,zeroclaw,HLE,hle_787,0,1,0.34829081508292264,1845
Qwen3.5-27B,zeroclaw,HLE,hle_790,0,0,0.35373618705207077,2917
Qwen3.5-27B,zeroclaw,HLE,hle_792,0,0,0.23194860302744358,4073
Qwen3.5-27B,zeroclaw,HLE,hle_800,0,0,0.327219814727567,2622
Qwen3.5-27B,zeroclaw,HLE,hle_801,0,0,0.25965244925786635,1141
Qwen3.5-27B,zeroclaw,HLE,hle_805,0,0,0.39977389637196137,1289
Qwen3.5-27B,zeroclaw,HLE,hle_807,0,0,0.4107827337740341,1617
Qwen3.5-27B,zeroclaw,HLE,hle_808,0,0,0.5698598442501365,1589
Qwen3.5-27B,zeroclaw,HLE,hle_812,0,0,0.5046079939973623,1326
Qwen3.5-27B,zeroclaw,HLE,hle_814,0,0,0.329668810250977,1653
Qwen3.5-27B,zeroclaw,HLE,hle_819,0,0,0.18074683808291614,3424
Qwen3.5-27B,zeroclaw,HLE,hle_822,0,1,0.3693375888427623,692
Qwen3.5-27B,zeroclaw,HLE,hle_825,0,0,0.4200985226257874,486
Qwen3.5-27B,zeroclaw,HLE,hle_827,0,0,0.3305189411774325,1953
Qwen3.5-27B,zeroclaw,HLE,hle_829,0,1,0.14602722990829697,6884
Qwen3.5-27B,zeroclaw,HLE,hle_831,0,0,0.4388089310509053,2414
Qwen3.5-27B,zeroclaw,HLE,hle_834,0,0,0.08279089348322052,3177
Qwen3.5-27B,zeroclaw,HLE,hle_835,0,0,0.37433592413599004,1956
Qwen3.5-27B,zeroclaw,HLE,hle_85,0,0,0.38641730475325226,2031
Qwen3.5-27B,zeroclaw,HLE,hle_867,0,0,0.2508198795851671,4658
Qwen3.5-27B,zeroclaw,HLE,hle_87,0,0,0.4607983644369028,1470
Qwen3.5-27B,zeroclaw,HLE,hle_875,0,0,0.27561094244711687,5945
Qwen3.5-27B,zeroclaw,HLE,hle_877,0,1,0.3746032578468609,1162
Qwen3.5-27B,zeroclaw,HLE,hle_88,0,0,0.28138814536941287,2691
Qwen3.5-27B,zeroclaw,HLE,hle_880,0,0,0.10391815889048127,4483
Qwen3.5-27B,zeroclaw,HLE,hle_883,0,0,0.23006996768348076,2690
Qwen3.5-27B,zeroclaw,HLE,hle_885,0,0,0.306556737753321,3688
Qwen3.5-27B,zeroclaw,HLE,hle_892,0,1,0.3926999662220307,2178
Qwen3.5-27B,zeroclaw,HLE,hle_894,0,0,0.3640051156988481,1678
Qwen3.5-27B,zeroclaw,HLE,hle_897,0,1,0.13745682643069385,13605
Qwen3.5-27B,zeroclaw,HLE,hle_905,0,0,0.42309822914663625,1102
Qwen3.5-27B,zeroclaw,HLE,hle_917,0,0,0.4070651419678025,419
Qwen3.5-27B,zeroclaw,HLE,hle_921,0,0,0.36549460210489515,1048
Qwen3.5-27B,zeroclaw,HLE,hle_923,0,0,0.30035780930835426,1796
Qwen3.5-27B,zeroclaw,HLE,hle_926,0,0,0.35469284072589796,1197
Qwen3.5-27B,zeroclaw,HLE,hle_930,0,0,0.18520607137706258,2844
Qwen3.5-27B,zeroclaw,HLE,hle_931,0,1,0.23490420457226704,4252
Qwen3.5-27B,zeroclaw,HLE,hle_934,0,1,0.3857689723993616,1779
Qwen3.5-27B,zeroclaw,HLE,hle_935,0,0,0.38757037565563224,1149
Qwen3.5-27B,zeroclaw,HLE,hle_936,0,0,0.2817642813236838,2566
Qwen3.5-27B,zeroclaw,HLE,hle_937,0,0,0.38044641176083266,1307
Qwen3.5-27B,zeroclaw,HLE,hle_938,0,0,0.30202215375530844,1950
Qwen3.5-27B,zeroclaw,HLE,hle_945,0,1,0.3781710540062303,1371
Qwen3.5-27B,zeroclaw,HLE,hle_948,0,0,0.24418801528404516,1593
Qwen3.5-27B,zeroclaw,HLE,hle_95,0,0,0.4636973098561996,279
Qwen3.5-27B,zeroclaw,HLE,hle_966,0,1,0.39705103623661153,1109
Qwen3.5-27B,zeroclaw,HLE,hle_967,0,0,0.39334129338439816,1364
Qwen3.5-27B,zeroclaw,HLE,hle_969,0,0,0.1445562814066596,5313
Qwen3.5-27B,zeroclaw,HLE,hle_970,0,0,0.2958797412290941,2262
Qwen3.5-27B,zeroclaw,HLE,hle_971,0,0,0.2257349978270323,1018
Qwen3.5-27B,zeroclaw,HLE,hle_978,0,1,0.3673249146907269,1295
Qwen3.5-27B,zeroclaw,HLE,hle_98,0,0,0.31045895806826806,1788
Qwen3.5-27B,zeroclaw,HLE,hle_980,0,0,0.25832761536702253,3896
Qwen3.5-27B,zeroclaw,HLE,hle_981,0,1,0.3046251809663243,6329
Qwen3.5-27B,zeroclaw,HLE,hle_988,0,0,0.3013369626274165,1089
Qwen3.5-27B,zeroclaw,HLE,hle_999,0,1,0.19205677259890983,3236
