harness,task_id,correct,mean_entropy,n_tokens,wall_time_sec,traj_length,logprob_mean_entropy,logprob_n_tokens
directllm,hle_1,0,0.09459844074791345,32768,1327.9259288311005,3,nan,0
directllm,hle_1008,0,0.4029806452933148,12789,438.2504782676697,3,nan,0
directllm,hle_1009,0,0.606697727645359,7341,274.06014919281006,3,nan,0
directllm,hle_1012,0,0.4081061770178632,10228,368.6447608470917,3,nan,0
directllm,hle_1019,0,0.5386050785577389,7261,417.6755075454712,3,nan,0
directllm,hle_1021,1,0.27965070736166303,7392,345.17496943473816,3,nan,0
directllm,hle_1022,0,0.43225852539681936,7934,336.988174200058,3,nan,0
directllm,hle_1023,0,0.07624392371701795,32768,1103.1921577453613,3,nan,0
directllm,hle_1024,0,0.48727228934926575,4956,192.13363409042358,3,nan,0
directllm,hle_1031,0,0.4143507046687594,8864,300.3841989040375,3,nan,0
directllm,hle_1038,0,0.4957168258009891,10183,489.9900677204132,3,nan,0
directllm,hle_1045,0,0.19269722217530064,17571,719.8742799758911,3,nan,0
directllm,hle_1046,0,0.23799191737736466,14632,563.8025228977203,3,nan,0
directllm,hle_1047,0,0.2127517927932093,5754,252.4542269706726,3,nan,0
directllm,hle_1048,0,0.2928489865330748,17230,624.2051379680634,3,nan,0
directllm,hle_1049,0,0.2674753842957824,15579,540.717776298523,3,nan,0
directllm,hle_1050,0,0.2278886795582227,11161,377.49889087677,3,nan,0
directllm,hle_1051,1,0.17972644562260084,10861,362.32794737815857,3,nan,0
directllm,hle_1052,0,0.25657828975190405,22869,760.1431221961975,3,nan,0
directllm,hle_1054,0,0.35973736566047404,13185,440.02514719963074,3,nan,0
directllm,hle_1055,0,0.5396185433051371,7500,251.3480908870697,3,nan,0
directllm,hle_1056,0,0.3091168190831145,8923,297.9053919315338,3,nan,0
directllm,hle_1057,0,0.2647909962626517,11669,389.44656443595886,3,nan,0
directllm,hle_1058,0,0.07619814267755536,32768,1165.5262730121613,3,nan,0
directllm,hle_1066,0,0.5749460450956088,6630,219.688223361969,3,nan,0
directllm,hle_1067,0,0.3394591207555791,19599,686.617253780365,3,nan,0
directllm,hle_1070,1,0.47169439306615724,9962,328.8081340789795,3,nan,0
directllm,hle_1071,0,0.26884008866992415,13008,434.1896724700928,3,nan,0
directllm,hle_1073,0,0.027094409212383184,32768,1056.002647638321,3,nan,0
directllm,hle_1074,1,0.42924211194813866,2092,70.16409182548523,3,nan,0
directllm,hle_1077,0,0.2267034097658132,15628,596.8960137367249,3,nan,0
directllm,hle_1079,0,0.07437659480619334,32768,1057.2005174160004,3,nan,0
directllm,hle_108,1,0.18483863439414136,17977,737.9141130447388,3,nan,0
directllm,hle_1080,1,0.5167097290035946,6532,215.15799021720886,3,nan,0
directllm,hle_1081,0,0.20797547341085967,20068,795.9615712165833,3,nan,0
directllm,hle_1083,0,0.02197522592508557,32768,1056.736439704895,3,nan,0
directllm,hle_1084,1,0.5520495447096956,5946,194.98436856269836,3,nan,0
directllm,hle_1088,0,0.13418124191172895,32768,1056.6727976799011,3,nan,0
directllm,hle_1089,0,0.5766053556455317,3787,123.3689591884613,3,nan,0
directllm,hle_109,0,0.5973710245597895,2964,128.44667291641235,3,nan,0
directllm,hle_1098,0,0.37816131622066956,12475,540.1037364006042,3,nan,0
directllm,hle_11,0,0.28696826598614567,11559,448.34588050842285,3,nan,0
directllm,hle_1108,0,0.205265780825486,17697,711.3923149108887,3,nan,0
directllm,hle_1109,0,0.20128799634719152,21541,728.9507210254669,3,nan,0
directllm,hle_111,1,0.1782128034372609,18060,729.5938863754272,3,nan,0
directllm,hle_1116,1,0.30460242779592833,14167,567.0308933258057,3,nan,0
directllm,hle_1119,0,0.08151161324957903,32768,1070.045690536499,3,nan,0
directllm,hle_112,1,0.3217960038672722,8975,390.1024453639984,3,nan,0
directllm,hle_1120,0,0.031597705416968117,32768,1060.254944562912,3,nan,0
directllm,hle_1126,0,0.20445936035389548,11624,490.0586738586426,3,nan,0
directllm,hle_1127,0,0.1521513656604458,10262,827.9443311691284,3,nan,0
directllm,hle_1128,0,0.1882667593924352,8352,661.8764727115631,3,nan,0
directllm,hle_1129,0,0.5218635601091487,6902,451.6973521709442,3,nan,0
directllm,hle_1130,0,0.17838571296108183,12126,543.4880225658417,3,nan,0
directllm,hle_1133,0,0.5913550479366004,4769,289.1354968547821,3,nan,0
directllm,hle_1135,0,0.47018878416965604,10941,514.660492181778,3,nan,0
directllm,hle_1137,1,0.2599028762902745,780,64.20640420913696,3,nan,0
directllm,hle_1138,0,0.16718412673295482,17240,584.5980179309845,3,nan,0
directllm,hle_1139,0,0.22814560745913826,12537,418.7186939716339,3,nan,0
directllm,hle_114,1,0.23376650605780072,14814,598.5957992076874,3,nan,0
directllm,hle_115,1,0.30996515746739883,13701,550.5242958068848,3,nan,0
directllm,hle_1150,1,0.4007050630507234,5488,182.42812633514404,3,nan,0
directllm,hle_1153,1,0.4615368160979879,10882,375.04432487487793,3,nan,0
directllm,hle_1159,0,0.47506695631259566,6933,260.7800974845886,3,nan,0
directllm,hle_1166,0,0.5644946829104445,7506,267.86291003227234,3,nan,0
directllm,hle_117,0,0.1121148887332073,32768,1178.1478221416473,3,nan,0
directllm,hle_1174,0,0.5001679048422989,5071,195.32720112800598,3,nan,0
directllm,hle_1177,0,0.5840980584091581,9942,315.3715329170227,3,nan,0
directllm,hle_1179,0,0.48170580020716613,5624,196.257404088974,3,nan,0
directllm,hle_118,0,0.45894841578610285,1062,47.37607216835022,3,nan,0
directllm,hle_1182,0,0.636642721515408,2379,103.41304540634155,3,nan,0
directllm,hle_1188,0,0.5736300851118518,6666,208.24761319160461,3,nan,0
directllm,hle_119,0,0.08441699677456967,32768,1141.9989836215973,3,nan,0
directllm,hle_1192,1,0.4401509355600242,7370,311.036395072937,3,nan,0
directllm,hle_120,0,0.036100186906643704,32768,1109.419091463089,3,nan,0
directllm,hle_1207,1,0.6001257897865876,6568,230.7437961101532,3,nan,0
directllm,hle_1219,0,0.5759747891359148,7289,236.00430989265442,3,nan,0
directllm,hle_1220,0,0.5003695201403981,8442,270.1148705482483,3,nan,0
directllm,hle_123,0,0.03844139674551458,32768,1106.9828600883484,3,nan,0
directllm,hle_1231,0,0.40053530244196267,8578,269.8562364578247,3,nan,0
directllm,hle_1234,0,0.4946960687691408,6630,221.60712909698486,3,nan,0
directllm,hle_1235,0,0.47615136933896063,2655,97.90260100364685,3,nan,0
directllm,hle_1249,0,0.5239603993427231,5905,180.18817830085754,3,nan,0
directllm,hle_126,1,0.4804485438077777,4977,243.46474719047546,3,nan,0
directllm,hle_13,1,0.26109953495812516,8118,313.40138816833496,3,nan,0
directllm,hle_131,0,0.5349802235345352,3677,178.87191724777222,3,nan,0
directllm,hle_136,0,0.2666003002937933,14334,513.2931087017059,3,nan,0
directllm,hle_138,0,0.07797759925239549,32768,1129.396493434906,3,nan,0
directllm,hle_14,0,0.07337650130446559,32768,1327.9578034877777,3,nan,0
directllm,hle_141,0,0.45752383020711423,5946,242.90566730499268,3,nan,0
directllm,hle_142,0,0.4997988363298826,5103,244.1223554611206,3,nan,0
directllm,hle_144,1,0.2767106217499549,16484,587.5943939685822,3,nan,0
directllm,hle_145,0,0.5555302290485941,3263,156.1186842918396,3,nan,0
directllm,hle_155,1,0.30471963162858584,20960,793.63898229599,3,nan,0
directllm,hle_158,0,0.07583405160624546,32768,1218.3467004299164,3,nan,0
directllm,hle_16,1,0.4997655606370385,13898,541.8284993171692,3,nan,0
directllm,hle_167,0,0.17932102895296154,7152,238.56308102607727,3,nan,0
directllm,hle_169,0,0.4457848559773521,9097,304.88181591033936,3,nan,0
directllm,hle_176,0,0.41184433293099937,7899,264.32781505584717,3,nan,0
directllm,hle_178,0,0.4014358994970289,7548,253.3056619167328,3,nan,0
directllm,hle_179,0,0.4733913800873846,5403,179.77109050750732,3,nan,0
directllm,hle_184,0,0.6295397195384332,2192,71.72327780723572,3,nan,0
directllm,hle_185,0,0.4671829693261647,7769,263.8260688781738,3,nan,0
directllm,hle_187,0,0.3216566628512764,4246,145.29582285881042,3,nan,0
directllm,hle_189,0,0.4009966832250935,4047,137.39847946166992,3,nan,0
directllm,hle_191,0,0.5232912535162061,1486,50.697312116622925,3,nan,0
directllm,hle_193,0,0.5290820898392833,5153,173.05670404434204,3,nan,0
directllm,hle_210,1,0.296076922950957,15241,508.86888909339905,3,nan,0
directllm,hle_212,0,0.02030383340414784,32768,1095.3231279850006,3,nan,0
directllm,hle_218,1,0.5652184353503737,7777,260.3570239543915,3,nan,0
directllm,hle_236,0,0.40277350844302623,6883,229.9901087284088,3,nan,0
directllm,hle_241,0,0.46945057782944144,7533,251.85850548744202,3,nan,0
directllm,hle_242,0,0.39294575352154787,10135,336.99464750289917,3,nan,0
directllm,hle_243,0,0.4834252378159781,7851,262.7741861343384,3,nan,0
directllm,hle_251,0,0.5862343278101271,4409,147.63194704055786,3,nan,0
directllm,hle_262,0,0.5942080643477491,3004,100.5306749343872,3,nan,0
directllm,hle_267,0,0.5260873467090273,6992,231.87807488441467,3,nan,0
directllm,hle_27,0,0.4530077205913387,5546,218.3696186542511,3,nan,0
directllm,hle_272,0,0.5282407641044897,8922,297.56229877471924,3,nan,0
directllm,hle_278,0,0.10906145590259778,32768,1031.6490499973297,3,nan,0
directllm,hle_280,0,0.6192276078307805,4089,135.13032627105713,3,nan,0
directllm,hle_283,0,0.5421474417808533,8935,298.53851222991943,3,nan,0
directllm,hle_288,0,0.016750673381383457,32768,1031.1639013290405,3,nan,0
directllm,hle_293,0,0.5856738901707074,7057,235.43122482299805,3,nan,0
directllm,hle_294,0,0.38640969242320927,8906,295.9095001220703,3,nan,0
directllm,hle_302,0,0.5700649267641501,5641,188.46905374526978,3,nan,0
directllm,hle_309,0,0.3645711520648145,14353,582.170352935791,3,nan,0
directllm,hle_32,0,0.4260184259313023,12075,471.16542291641235,3,nan,0
directllm,hle_328,0,0.2909739474785446,16393,635.934488773346,3,nan,0
directllm,hle_329,0,0.4066585587510303,10324,425.82933259010315,3,nan,0
directllm,hle_330,0,0.37762480457490494,9768,418.21450781822205,3,nan,0
directllm,hle_331,0,0.5207607073385111,6501,299.3447275161743,3,nan,0
directllm,hle_335,0,0.41960057739473966,8704,352.6747326850891,3,nan,0
directllm,hle_337,1,0.3344239770136335,15815,536.5761914253235,3,nan,0
directllm,hle_338,0,0.6192203522309662,4157,224.14973735809326,3,nan,0
directllm,hle_341,0,0.010213115729906222,32768,1030.443295955658,3,nan,0
directllm,hle_344,0,0.5555025246302868,10675,462.12808299064636,3,nan,0
directllm,hle_346,0,0.5149027356808613,4304,605.9598302841187,3,nan,0
directllm,hle_35,0,0.4035924486091129,3560,142.8024387359619,3,nan,0
directllm,hle_350,0,0.1365462572206998,32768,1388.6843304634094,3,nan,0
directllm,hle_351,0,0.5120334736446627,7413,561.4485213756561,3,nan,0
directllm,hle_354,0,0.5690166902223789,4599,405.94771456718445,3,nan,0
directllm,hle_358,0,0.466225050513504,5828,439.6998155117035,3,nan,0
directllm,hle_366,0,0.14767377701664477,32768,1313.3063015937805,3,nan,0
directllm,hle_368,0,0.42127445878492664,5984,395.70665764808655,3,nan,0
directllm,hle_37,1,0.5854152277789827,9925,383.9610707759857,3,nan,0
directllm,hle_370,0,0.2088064276755399,29906,1101.470580816269,3,nan,0
directllm,hle_371,0,0.033211030920424905,32768,1106.7927935123444,3,nan,0
directllm,hle_376,0,0.19677763099394044,20318,690.7982876300812,3,nan,0
directllm,hle_380,0,0.47749055998380496,2655,112.11830401420593,3,nan,0
directllm,hle_382,0,0.2770738766551465,12549,413.6434953212738,3,nan,0
directllm,hle_383,0,0.5259107607228801,6341,267.6680009365082,3,nan,0
directllm,hle_385,1,0.37640892802831033,1494,55.07509446144104,3,nan,0
directllm,hle_388,0,0.5188007636253891,3853,127.17871141433716,3,nan,0
directllm,hle_389,0,0.21933061780175991,9315,308.4488949775696,3,nan,0
directllm,hle_39,0,0.5059585249677834,5623,220.90247106552124,3,nan,0
directllm,hle_392,1,0.31474501180868175,5873,196.75319910049438,3,nan,0
directllm,hle_402,0,0.2262967588144454,10621,369.4859781265259,3,nan,0
directllm,hle_403,0,0.4374085588937577,5617,182.7245512008667,3,nan,0
directllm,hle_41,0,0.41965562931846423,6153,244.09378123283386,3,nan,0
directllm,hle_410,1,0.26354970595712024,8135,269.1141006946564,3,nan,0
directllm,hle_417,1,0.3266805543056233,6922,226.72238850593567,3,nan,0
directllm,hle_420,0,0.02216089610252177,32768,1094.6776447296143,3,nan,0
directllm,hle_426,0,0.6050518706467344,7389,249.91187286376953,3,nan,0
directllm,hle_427,1,0.6240928874809084,7924,253.99780201911926,3,nan,0
directllm,hle_429,0,0.44290829405660986,4857,182.42474746704102,3,nan,0
directllm,hle_432,0,0.4389889314983814,7761,246.42627239227295,3,nan,0
directllm,hle_433,1,0.27562457135961016,13204,423.51962542533875,3,nan,0
directllm,hle_434,0,0.28430846303761437,2675,82.13732099533081,3,nan,0
directllm,hle_435,0,0.2681148193663199,14184,465.7971615791321,3,nan,0
directllm,hle_44,0,0.08007215657910653,32768,1327.90873503685,3,nan,0
directllm,hle_441,1,0.2970568760346552,19712,639.8967700004578,3,nan,0
directllm,hle_450,0,0.5883627589316909,4733,162.4981813430786,3,nan,0
directllm,hle_451,0,0.5140993682686933,4256,139.52589082717896,3,nan,0
directllm,hle_452,0,0.44206888109945,7248,231.28334593772888,3,nan,0
directllm,hle_454,0,0.07979368179506971,32768,1067.6571233272552,3,nan,0
directllm,hle_456,0,0.3178853098502967,8665,283.3384470939636,3,nan,0
directllm,hle_46,0,0.5329073441367438,5586,219.26817965507507,3,nan,0
directllm,hle_460,0,0.63857781583298,5167,167.56063222885132,3,nan,0
directllm,hle_461,0,0.30473636639041957,18710,632.3643300533295,3,nan,0
directllm,hle_463,0,0.5527380043112854,4407,145.2248055934906,3,nan,0
directllm,hle_467,0,0.18408167952358997,24584,802.0185420513153,3,nan,0
directllm,hle_470,0,0.049422670785969104,32768,1066.0230674743652,3,nan,0
directllm,hle_473,0,0.29586926480169623,22568,741.6424081325531,3,nan,0
directllm,hle_476,1,0.21824878767100492,21023,686.417249917984,3,nan,0
directllm,hle_48,0,0.6285800697598194,5288,207.73030591011047,3,nan,0
directllm,hle_486,0,0.4057325022784273,9148,302.7743966579437,3,nan,0
directllm,hle_496,1,0.10731460379541742,32768,1089.812387228012,3,nan,0
directllm,hle_497,0,0.34832529736852125,13858,488.23483443260193,3,nan,0
directllm,hle_498,0,0.04474127319256976,32768,1124.3943841457367,3,nan,0
directllm,hle_499,1,0.46688128848623534,8353,312.7970287799835,3,nan,0
directllm,hle_50,0,0.2235941751507177,29144,1190.638513803482,3,nan,0
directllm,hle_508,1,0.5765914921286287,11246,394.9786524772644,3,nan,0
directllm,hle_52,0,0.1341073026210789,32768,1315.6018664836884,3,nan,0
directllm,hle_522,0,0.4202853882973011,12114,400.1911072731018,3,nan,0
directllm,hle_526,1,0.5004865807815359,8087,314.2652244567871,3,nan,0
directllm,hle_53,0,0.21172416314366832,4278,162.985445022583,3,nan,0
directllm,hle_531,0,0.025122671292899964,32768,1054.5602462291718,3,nan,0
directllm,hle_532,0,0.2588452051206249,12419,594.0526387691498,3,nan,0
directllm,hle_533,1,0.3154929089145225,16068,689.6498310565948,3,nan,0
directllm,hle_539,0,0.27790629797510835,14935,619.1860625743866,3,nan,0
directllm,hle_54,1,0.45691551442661765,6738,260.2288992404938,3,nan,0
directllm,hle_543,0,0.503455582287142,4697,188.17615866661072,3,nan,0
directllm,hle_547,0,0.06450454619068476,32768,1095.9442114830017,3,nan,0
directllm,hle_548,0,0.23956840082122047,18638,634.9732513427734,3,nan,0
directllm,hle_556,0,0.555437441528415,5748,197.71350836753845,3,nan,0
directllm,hle_568,0,0.36922444658471654,12620,423.543119430542,3,nan,0
directllm,hle_582,0,0.0890636192317279,21716,805.0085573196411,3,nan,0
directllm,hle_583,1,0.1369529015294563,23885,866.5534789562225,3,nan,0
directllm,hle_59,0,0.625543459888186,3905,147.61329221725464,3,nan,0
directllm,hle_591,0,0.1551176788322506,32768,1076.8826711177826,3,nan,0
directllm,hle_592,1,0.3384463662564591,11142,421.5055112838745,3,nan,0
directllm,hle_593,0,0.2551909758801438,5853,232.94310021400452,3,nan,0
directllm,hle_598,1,0.2154724148851381,9376,304.90825152397156,3,nan,0
directllm,hle_60,1,0.36399744957003943,9589,380.18672490119934,3,nan,0
directllm,hle_603,1,0.11238153664905054,32768,1076.8277928829193,3,nan,0
directllm,hle_604,1,0.24858680486053822,11076,358.81749725341797,3,nan,0
directllm,hle_607,1,0.33643948626538006,12328,395.7349388599396,3,nan,0
directllm,hle_614,0,0.4697446563581336,7929,338.572386264801,3,nan,0
directllm,hle_625,1,0.4608436421166338,5860,262.7788531780243,3,nan,0
directllm,hle_633,0,0.45624688326863067,11369,402.9471538066864,3,nan,0
directllm,hle_636,1,0.4758289366088783,10054,329.83607745170593,3,nan,0
directllm,hle_643,0,0.036444322589386534,32768,1091.067237854004,3,nan,0
directllm,hle_647,0,0.41175855813747236,7258,232.509694814682,3,nan,0
directllm,hle_653,0,0.49966225041100554,3801,120.51527237892151,3,nan,0
directllm,hle_654,1,0.4907617161149345,9492,313.44483494758606,3,nan,0
directllm,hle_655,0,0.013492231891099857,32768,1102.9942231178284,3,nan,0
directllm,hle_660,0,0.01851959420563869,32768,1102.6692175865173,3,nan,0
directllm,hle_661,0,0.23743585653534166,20581,685.2632825374603,3,nan,0
directllm,hle_668,0,0.5623109154827184,6141,204.99282908439636,3,nan,0
directllm,hle_677,0,0.553017166948082,6244,213.2632532119751,3,nan,0
directllm,hle_678,0,0.448359613567126,7138,241.2591004371643,3,nan,0
directllm,hle_68,1,0.06256565909232821,32768,1286.6824100017548,3,nan,0
directllm,hle_681,1,0.28783296654784396,14623,488.5613486766815,3,nan,0
directllm,hle_687,1,0.2514416012235172,8050,271.30434799194336,3,nan,0
directllm,hle_688,0,0.35632328172493954,2581,86.51244044303894,3,nan,0
directllm,hle_690,0,0.10941094726113103,32768,1254.6148238182068,3,nan,0
directllm,hle_692,0,0.23718023660528872,19176,647.8432168960571,3,nan,0
directllm,hle_694,0,0.5509685323838466,6287,212.21967458724976,3,nan,0
directllm,hle_696,1,0.22699001299679264,20193,681.9091875553131,3,nan,0
directllm,hle_697,0,0.6500336219904108,7765,259.08737444877625,3,nan,0
directllm,hle_698,1,0.17710691170231901,6181,205.9411838054657,3,nan,0
directllm,hle_699,0,0.45414075169596996,7720,257.37936568260193,3,nan,0
directllm,hle_70,0,0.5492745458714702,5798,229.60530543327332,3,nan,0
directllm,hle_700,1,0.5010697908898617,5945,198.41829371452332,3,nan,0
directllm,hle_705,0,0.023082018358906557,32768,1143.115893125534,3,nan,0
directllm,hle_707,0,0.2386076930752614,23926,966.1261520385742,3,nan,0
directllm,hle_708,0,0.09265308200814376,32768,1125.5521614551544,3,nan,0
directllm,hle_711,1,0.19258053455521362,17265,588.7534091472626,3,nan,0
directllm,hle_72,1,0.13984073505610034,32768,1275.0908348560333,3,nan,0
directllm,hle_724,1,0.3478749432769145,11550,393.8084599971771,3,nan,0
directllm,hle_728,0,0.16156400919293504,25906,969.1252357959747,3,nan,0
directllm,hle_747,0,0.3930015186214177,11587,395.99814462661743,3,nan,0
directllm,hle_75,0,0.41969701983433966,11415,475.7710702419281,3,nan,0
directllm,hle_752,0,0.3464569993906358,9045,310.8216321468353,3,nan,0
directllm,hle_773,0,0.3885206897691818,3941,134.85094261169434,3,nan,0
directllm,hle_779,0,0.27236946728743444,9319,319.6989312171936,3,nan,0
directllm,hle_787,0,0.08296765690430223,32768,1028.233416557312,3,nan,0
directllm,hle_790,1,0.30028435047618884,6756,228.9980273246765,3,nan,0
directllm,hle_791,1,0.44530873137349797,9699,483.5870187282562,3,nan,0
directllm,hle_792,0,0.2583206001349727,19236,649.0954234600067,3,nan,0
directllm,hle_800,0,0.12224867338776577,32768,1026.1493763923645,3,nan,0
directllm,hle_801,0,0.32414572216787974,4797,205.64903163909912,3,nan,0
directllm,hle_805,0,0.17693178458732908,11487,478.49844336509705,3,nan,0
directllm,hle_807,0,0.020520749122950075,32768,1026.1189241409302,3,nan,0
directllm,hle_808,0,0.07711404103121752,32768,1026.355881690979,3,nan,0
directllm,hle_810,0,0.31548721232946486,16890,519.268830537796,3,nan,0
directllm,hle_812,0,0.46377852034832523,6415,666.6467101573944,3,nan,0
directllm,hle_814,0,0.02270700243360683,32768,1487.0997967720032,3,nan,0
directllm,hle_819,0,0.23355701415313487,22568,905.9839251041412,3,nan,0
directllm,hle_822,0,0.21202529652882104,6941,367.28830099105835,3,nan,0
directllm,hle_825,0,0.024837147225429443,32768,1227.9356932640076,3,nan,0
directllm,hle_827,1,0.22837412560668216,14945,562.4938328266144,3,nan,0
directllm,hle_829,0,0.2652439903109637,21978,768.762885093689,3,nan,0
directllm,hle_830,0,0.35981952030280984,9747,362.32251715660095,3,nan,0
directllm,hle_831,1,0.2903879499739797,8450,300.3477189540863,3,nan,0
directllm,hle_834,0,0.12305322829368802,9314,323.8881039619446,3,nan,0
directllm,hle_835,0,0.054403992709975986,32768,1105.7515666484833,3,nan,0
directllm,hle_84,0,0.06088397115862774,32768,1269.5618040561676,3,nan,0
directllm,hle_85,0,0.5374170838281214,9070,381.4995310306549,3,nan,0
directllm,hle_855,0,0.3123833832466503,16109,533.9327738285065,3,nan,0
directllm,hle_867,1,0.19181074105434534,19028,633.1108856201172,3,nan,0
directllm,hle_87,0,0.5347626503698585,6114,253.88128781318665,3,nan,0
directllm,hle_875,0,0.34970923464478104,17348,574.8133800029755,3,nan,0
directllm,hle_876,1,0.39977815438082104,7967,266.4038987159729,3,nan,0
directllm,hle_877,1,0.43904405431264737,5156,175.27775597572327,3,nan,0
directllm,hle_88,0,0.40843628357950046,10886,466.7213680744171,3,nan,0
directllm,hle_880,0,0.12487945622197591,32768,1100.9675059318542,3,nan,0
directllm,hle_883,0,0.35664252146029385,10683,356.83807396888733,3,nan,0
directllm,hle_885,1,0.43286430988797814,12656,421.2185106277466,3,nan,0
directllm,hle_892,1,0.16534657385838358,19784,663.0589029788971,3,nan,0
directllm,hle_893,0,0.3218124020706382,13441,445.6409184932709,3,nan,0
directllm,hle_894,0,0.34550351152226805,15357,513.564177274704,3,nan,0
directllm,hle_897,1,0.24006674824318258,13202,444.01617908477783,3,nan,0
directllm,hle_905,0,0.05050621658872037,32768,1126.303911447525,3,nan,0
directllm,hle_911,1,0.38471832595214017,11880,408.0356283187866,3,nan,0
directllm,hle_917,0,0.12379472472156883,32768,1119.682267665863,3,nan,0
directllm,hle_921,0,0.48198868265768113,4621,158.10290336608887,3,nan,0
directllm,hle_923,1,0.20840351148647598,3471,120.59744715690613,3,nan,0
directllm,hle_926,1,0.5065139030388437,7815,277.2092661857605,3,nan,0
directllm,hle_930,0,0.2139482950708715,14436,491.4995930194855,3,nan,0
directllm,hle_931,1,0.24058222842203436,18024,616.1018495559692,3,nan,0
directllm,hle_934,0,0.16084573919358344,32768,1134.2027621269226,3,nan,0
directllm,hle_935,0,0.5616947951330361,6936,236.14636659622192,3,nan,0
directllm,hle_936,0,0.25541901862505056,21132,737.3081579208374,3,nan,0
directllm,hle_937,0,0.5675966879769735,7034,234.6959023475647,3,nan,0
directllm,hle_938,0,0.025032538547098807,32768,1102.028157234192,3,nan,0
directllm,hle_942,0,0.04378556877000829,32768,1101.4107956886292,3,nan,0
directllm,hle_945,1,0.40252885792116855,7646,255.17782759666443,3,nan,0
directllm,hle_948,0,0.27239078671050554,7226,241.18807888031006,3,nan,0
directllm,hle_95,0,0.48834618719284,6419,277.77682876586914,3,nan,0
directllm,hle_966,0,0.5756456658478621,4872,160.4123294353485,3,nan,0
directllm,hle_967,0,0.5641461125600593,5868,196.57328915596008,3,nan,0
directllm,hle_969,0,0.14910795889803316,32768,1093.1216838359833,3,nan,0
directllm,hle_970,0,0.11134161489461766,32768,1100.3403577804565,3,nan,0
directllm,hle_971,0,0.4064832433766445,1934,66.3848249912262,3,nan,0
directllm,hle_978,0,0.3357964331701475,6554,227.49520993232727,3,nan,0
directllm,hle_98,0,0.24407592488960608,2078,88.55128931999207,3,nan,0
directllm,hle_980,1,0.21751745416070675,19602,667.252119064331,3,nan,0
directllm,hle_981,0,0.48328885105505176,7651,257.645304441452,3,nan,0
directllm,hle_988,0,0.527039451993439,6066,206.16173219680786,3,nan,0
directllm,hle_997,1,0.28242049788513124,12013,406.1941933631897,3,nan,0
directllm,hle_999,0,0.020286516838047934,32768,1091.00261592865,3,nan,0
opencode,hle_1,0,0.3768215135741321,448,2406.3258481025696,52,0.376821513574132,448
opencode,hle_1008,0,0.021134961157570437,41439,2401.5655896663666,4,0.021134961157570437,41439
opencode,hle_1009,1,0.4897441556579151,801,293.0426239967346,6,0.48974415565791457,801
opencode,hle_1012,0,0.3795969343517981,1746,393.5968177318573,6,0.3795969343517976,1746
opencode,hle_1019,0,0.4440523922718905,952,298.923371553421,6,0.44405239227189097,952
opencode,hle_1021,1,0.2196663842541401,1044,377.3946807384491,10,0.21966638425414015,1044
opencode,hle_1022,0,0.41831254609308577,1108,211.01917219161987,6,0.41831254609308605,1108
opencode,hle_1023,0,0.02155646157330047,42391,2401.60337638855,4,0.021556461573300597,42391
opencode,hle_1024,0,0.3616573976137745,814,94.50750517845154,6,0.3616573976137744,814
opencode,hle_1031,0,0.26310355218249154,2471,252.30789923667908,6,0.26310355218249093,2471
opencode,hle_1038,0,0.4786378543340205,1186,133.3034508228302,6,0.47863785433402095,1186
opencode,hle_1045,0,0.009581570125074912,34259,2401.2883880138397,4,0.00958157012507494,34259
opencode,hle_1046,0,0.2930550260172752,1598,170.74964714050293,6,0.29305502601727496,1598
opencode,hle_1047,0,0.27355767169068795,1298,142.65383052825928,6,0.27355767169068784,1298
opencode,hle_1048,0,0.1921280457016351,1657,181.14147663116455,6,0.19212804570163516,1657
opencode,hle_1049,0,0.05192493918245294,28136,2401.1990990638733,4,0.05192493918245263,28136
opencode,hle_1050,0,0.05444667282098167,23795,2402.11230134964,4,0.05444667282098171,23795
opencode,hle_1051,1,0.17082153029541103,4434,329.92334628105164,6,0.17082153029541136,4434
opencode,hle_1052,0,0.4048319894293888,3672,2400.5031871795654,4,0.4048319894293888,3672
opencode,hle_1054,0,0.5482074612399134,1711,162.6851840019226,6,0.5482074612399139,1711
opencode,hle_1055,0,0.4081663985041125,2827,154.05730056762695,6,0.4081663985041128,2827
opencode,hle_1056,0,0.3186323260771623,1990,297.460328578949,6,0.31863232607716196,1990
opencode,hle_1057,0,0.5158453709234619,2102,119.02698397636414,6,0.5158453709234627,2102
opencode,hle_1058,0,0.31998920479768184,1642,710.1015388965607,82,0.31998920479768206,1642
opencode,hle_1066,0,0.39640756416025613,825,130.62042427062988,6,0.3964075641602563,825
opencode,hle_1067,0,0.35631914723043623,958,144.3818371295929,6,0.3563191472304365,958
opencode,hle_1070,0,0.6066707842252493,1571,200.73977494239807,6,0.606670784225248,1571
opencode,hle_1071,0,0.4267378627243293,1619,189.38589763641357,6,0.42673786272432884,1619
opencode,hle_1073,0,0.23116224007536934,765,2400.655352115631,77,0.23116224007536976,765
opencode,hle_1074,1,0.5013898859087867,684,83.1964762210846,6,0.501389885908787,684
opencode,hle_1077,1,0.4542422728936851,1304,134.31941390037537,6,0.4542422728936855,1304
opencode,hle_1079,0,0.4643346067300158,1488,375.91056084632874,22,0.4643346067300163,1488
opencode,hle_108,0,0.012042342525958474,42573,2407.9619081020355,4,0.012042342525958533,42573
opencode,hle_1080,1,0.5058024395861778,1239,106.55140566825867,6,0.5058024395861781,1239
opencode,hle_1081,1,0.34174893350502317,1205,961.1931731700897,22,0.3417489335050231,1205
opencode,hle_1083,0,0.559435377232628,373,1917.184264421463,47,0.559435377232628,373
opencode,hle_1084,1,0.5280050764444023,946,313.03883814811707,14,0.5280050764444025,946
opencode,hle_1088,0,0.42577656267101194,1693,374.3256742954254,14,0.42577656267101177,1693
opencode,hle_1089,0,0.48518690494710914,817,261.2658634185791,14,0.4851869049471084,817
opencode,hle_109,0,0.5074866939856509,759,63.08965516090393,6,0.5074866939856518,759
opencode,hle_1098,0,0.029183040009615076,35303,2403.575171470642,4,0.029183040009614882,35303
opencode,hle_11,0,0.395107511444132,2689,196.2297978401184,6,0.3951075114441314,2689
opencode,hle_1108,0,0.03109207254442734,35399,2401.1107184886932,4,0.031092072544426475,35399
opencode,hle_1109,0,0.017494148867227968,36053,2401.4076886177063,4,0.017494148867228075,36053
opencode,hle_111,0,0.4612842201660854,1195,81.01055192947388,6,0.46128422016608556,1195
opencode,hle_1116,0,0.39420135839805154,1004,97.82414484024048,6,0.39420135839805176,1004
opencode,hle_1119,1,0.33696548045353125,725,300.87903571128845,14,0.3369654804535313,725
opencode,hle_112,1,0.3069202840563687,2336,394.68313908576965,6,0.3069202840563683,2336
opencode,hle_1120,0,0.02633687585595225,36611,2401.520795583725,4,0.026336875855952107,36611
opencode,hle_1126,0,0.18323109738624807,2933,137.49746823310852,6,0.1832310973862483,2933
opencode,hle_1127,0,0.28645564925542605,2654,216.79677605628967,6,0.28645564925542555,2654
opencode,hle_1128,0,0.24488299084848178,4296,387.520099401474,6,0.24488299084848167,4296
opencode,hle_1129,0,0.5339511437615441,1515,68.60944604873657,6,0.5339511437615444,1515
opencode,hle_1130,0,0.2898237991073079,2071,330.17854022979736,6,0.2898237991073077,2071
opencode,hle_1133,0,0.13193349853229555,1557,2400.638014316559,183,0.1319334985322951,1557
opencode,hle_1135,0,0.595974593887777,924,234.7021188735962,6,0.5959745938877765,924
opencode,hle_1137,1,0.43960776815040087,684,96.17634224891663,6,0.43960776815040076,684
opencode,hle_1138,0,0.35338296759815496,1241,151.37600779533386,6,0.35338296759815496,1241
opencode,hle_1139,0,0.42104720610540197,1547,169.13262844085693,6,0.42104720610540136,1547
opencode,hle_114,0,0.37020408146991296,2066,188.5171594619751,6,0.3702040814699126,2066
opencode,hle_115,0,0.5091926745903576,1300,88.00638818740845,6,0.5091926745903567,1300
opencode,hle_1150,0,0.07079784872841431,3692,2400.5298228263855,233,0.07079784872841428,3692
opencode,hle_1153,0,0.420598223616896,1155,127.22595739364624,6,0.42059822361689625,1155
opencode,hle_1159,0,0.4132868501497081,1197,190.30613207817078,10,0.41328685014970773,1197
opencode,hle_1166,0,0.2161590048100024,6657,586.257889509201,6,0.21615900481000283,6657
opencode,hle_117,0,0.25668406719580966,7113,2406.195998430252,12,0.25668406719580916,7113
opencode,hle_1174,0,0.5692315695305388,972,86.48432755470276,6,0.569231569530539,972
opencode,hle_1177,0,0.5459516212346299,1317,127.47997260093689,6,0.5459516212346307,1317
opencode,hle_1179,0,0.31540011054467904,622,71.11102819442749,6,0.315400110544679,622
opencode,hle_118,0,0.33600542405573963,697,94.99480867385864,6,0.33600542405573947,697
opencode,hle_1182,0,0.05118286115944056,2954,2401.0552909374237,570,0.05118286115944065,2954
opencode,hle_1188,0,0.5753149355580255,1515,160.49486088752747,6,0.5753149355580247,1515
opencode,hle_119,0,0.05257519972621693,42568,2408.638728618622,4,0.05257519972621673,42568
opencode,hle_1192,1,0.3664231337960383,936,116.56585192680359,6,0.36642313379603775,936
opencode,hle_1196,0,0.4652396220635194,878,105.79630899429321,6,0.46523962206351926,878
opencode,hle_1198,0,0.017872043064869354,33837,2401.2976961135864,4,0.0178720430648694,33837
opencode,hle_120,0,0.4006621740128282,851,474.55932545661926,22,0.4006621740128279,851
opencode,hle_1207,1,0.5875911581986204,1207,61.00767469406128,6,0.5875911581986208,1207
opencode,hle_1215,0,0.05536009037900065,31569,2401.0207283496857,8,0.055360090379001,31569
opencode,hle_1219,0,0.3779908616831489,823,96.78012156486511,6,0.3779908616831488,823
opencode,hle_1220,0,0.5740336173116676,1107,119.81195449829102,6,0.574033617311668,1107
opencode,hle_123,0,0.34992269831918404,416,2407.2109637260437,47,0.3499226983191839,416
opencode,hle_1231,0,0.029517631492815125,27525,2401.677189350128,4,0.029517631492814937,27525
opencode,hle_1234,0,0.5589891478627159,2351,294.93798089027405,15,0.5589891478627158,2351
opencode,hle_1235,0,0.11346500220358209,1815,2400.7632250785828,181,0.1134650022035821,1815
opencode,hle_1236,0,0.05256222290049787,8029,2400.7660450935364,190,0.05256222290049763,8029
opencode,hle_1240,0,0.37927947444470594,2234,179.05921816825867,6,0.37927947444470617,2234
opencode,hle_1241,0,0.4355848449232599,558,38.98211312294006,6,0.43558484492325983,558
opencode,hle_1246,0,0.06458987128149042,25261,2401.447885990143,4,0.06458987128149021,25261
opencode,hle_1249,0,0.4565179321449917,902,118.06113696098328,6,0.4565179321449911,902
opencode,hle_126,0,0.5139943160314435,371,2406.3893463611603,27,0.513994316031444,371
opencode,hle_1260,0,0.05826472855735174,25679,2401.546708345413,4,0.0582647285573515,25679
opencode,hle_1263,1,0.4821676692492861,774,92.80087423324585,6,0.4821676692492861,774
opencode,hle_1269,0,0.04808402758064523,4065,2400.74716424942,465,0.048084027580645165,4065
opencode,hle_1272,0,0.5124603249344503,641,93.18527722358704,6,0.5124603249344498,641
opencode,hle_1276,0,0.3967940507444605,1169,151.8874912261963,6,0.3967940507444608,1169
opencode,hle_1285,0,0.5429422469143041,897,115.4786925315857,6,0.5429422469143037,897
opencode,hle_1290,0,0.4134000802198077,828,108.63818001747131,6,0.41340008021980756,828
opencode,hle_1292,0,0.06181803234888552,2846,2400.7699744701385,436,0.06181803234888559,2846
opencode,hle_1298,0,0.4685098312589632,1210,138.59067296981812,6,0.4685098312589628,1210
opencode,hle_13,1,0.14686430024750227,4805,431.49143147468567,6,0.14686430024750188,4805
opencode,hle_1301,0,0.04445880784333717,26897,2401.643110513687,4,0.04445880784333779,26897
opencode,hle_1308,0,0.029108424627686334,21272,2401.6341381073,12,0.0291084246276864,21272
opencode,hle_1309,0,0.3606036793623387,484,178.30878329277039,14,0.3606036793623388,484
opencode,hle_131,0,0.45686725420129815,841,98.88095808029175,6,0.4568672542012983,841
opencode,hle_1312,0,0.41837612881782293,2186,262.11771273612976,6,0.41837612881782393,2186
opencode,hle_1315,0,0.45258605308497524,628,70.19169878959656,6,0.45258605308497585,628
opencode,hle_1316,0,0.47235697729038456,840,106.71645092964172,6,0.4723569772903846,840
opencode,hle_1317,1,0.31569931711377347,2919,266.21763491630554,6,0.31569931711377336,2919
opencode,hle_1325,0,0.0211953315063737,27669,2401.7918615341187,4,0.021195331506373746,27669
opencode,hle_1330,0,0.03732990585359969,27757,2402.0027718544006,4,0.03732990585359967,27757
opencode,hle_1332,0,0.4153248090151117,2184,213.25194239616394,6,0.4153248090151119,2184
opencode,hle_1333,0,0.49419081867455594,1781,225.02818632125854,10,0.4941908186745564,1781
opencode,hle_1334,0,0.5006585468855375,854,94.67661118507385,6,0.5006585468855375,854
opencode,hle_1339,0,0.415766606345939,1155,351.22757601737976,15,0.4157666063459398,1155
opencode,hle_1340,1,0.47714591591937044,833,79.81151127815247,6,0.47714591591937033,833
opencode,hle_1341,0,0.4121746062629603,1385,142.34179997444153,6,0.412174606262961,1385
opencode,hle_1342,0,0.4478301659369764,710,136.58985781669617,6,0.4478301659369764,710
opencode,hle_1344,0,0.40968667708654094,791,119.70815801620483,6,0.40968667708654066,791
opencode,hle_1347,0,0.2811403403372204,731,107.73406529426575,6,0.2811403403372204,731
opencode,hle_136,0,0.06442115377039444,12737,2401.0510869026184,4,0.06442115377039422,12737
opencode,hle_1365,0,0.4160689400458228,967,124.67664361000061,6,0.4160689400458225,967
opencode,hle_1370,0,0.4879582060476438,519,574.9344069957733,26,0.4879582060476437,519
opencode,hle_1376,0,0.3812302544538835,739,66.55089282989502,6,0.38123025445388364,739
opencode,hle_1379,0,0.24763570591515835,3007,900.6387832164764,237,0.24763570591515785,3007
opencode,hle_138,0,0.39461660541253046,1508,2400.847733974457,12,0.3946166054125304,1508
opencode,hle_1380,0,0.5367565192013586,795,61.736156702041626,6,0.5367565192013593,795
opencode,hle_1381,0,0.3828454695015938,706,67.68961381912231,6,0.3828454695015936,706
opencode,hle_1382,0,0.5109193413966219,1099,62.32081651687622,6,0.5109193413966221,1099
opencode,hle_1383,0,0.3752293378426966,1109,112.29733848571777,6,0.3752293378426968,1109
opencode,hle_1384,0,0.0163658168938162,42389,2401.8964693546295,4,0.01636581689381615,42389
opencode,hle_1385,0,0.5212972426849071,1454,73.37123656272888,6,0.5212972426849077,1454
opencode,hle_1386,0,0.46450360752513237,786,80.24047350883484,6,0.46450360752513264,786
opencode,hle_1388,0,0.41023140988383616,1792,96.67340803146362,6,0.41023140988383544,1792
opencode,hle_1389,1,0.42184208316008404,974,203.01187801361084,6,0.421842083160084,974
opencode,hle_1390,0,0.34067235597886136,1333,237.26985931396484,6,0.34067235597886114,1333
opencode,hle_1391,0,0.43111308979996044,797,142.45143055915833,6,0.43111308979996066,797
opencode,hle_1392,0,0.2086765953880002,1893,365.9045219421387,10,0.2086765953880003,1893
opencode,hle_1393,0,0.5136343957027764,1296,72.68675494194031,6,0.5136343957027762,1296
opencode,hle_1394,0,0.01694273594380793,42202,2401.7775344848633,4,0.01694273594380801,42202
opencode,hle_1395,0,0.49885527584463574,834,148.67731046676636,6,0.4988552758446358,834
opencode,hle_1396,0,0.47752774878511955,993,220.04847192764282,6,0.4775277487851195,993
opencode,hle_1397,0,0.43318774581196845,1614,271.5412976741791,6,0.4331877458119679,1614
opencode,hle_1399,0,0.3742344366062586,1717,437.8267946243286,14,0.37423443660625844,1717
opencode,hle_14,0,0.3899186566779803,1449,96.58584713935852,6,0.3899186566779799,1449
opencode,hle_1401,1,0.39703214639739737,1022,162.21929836273193,6,0.39703214639739765,1022
opencode,hle_1407,0,0.03639292815323532,42621,2401.782167673111,4,0.03639292815323548,42621
opencode,hle_141,1,0.4111741792766772,1085,144.76059818267822,6,0.41117417927667743,1085
opencode,hle_1415,0,0.37746999154535316,1019,112.37720012664795,6,0.37746999154535343,1019
opencode,hle_1419,0,0.39187965466003133,961,83.75628805160522,6,0.39187965466003133,961
opencode,hle_142,0,0.31903427715629057,861,107.59210324287415,6,0.31903427715629085,861
opencode,hle_1420,0,0.36338351939438857,834,70.33751893043518,6,0.36338351939438823,834
opencode,hle_1423,0,0.018357904350083543,43062,2401.325580596924,4,0.018357904350083276,43062
opencode,hle_1424,0,0.4578109311817997,839,74.38685202598572,6,0.45781093118179933,839
opencode,hle_1433,0,0.3807794822329529,778,317.1407265663147,19,0.38077948223295266,778
opencode,hle_1436,0,0.017253505576321077,43588,2401.720395088196,4,0.01725350557632114,43588
opencode,hle_144,0,0.016642138514140967,41904,2402.198399782181,4,0.01664213851414076,41904
opencode,hle_1444,0,0.48258996332791143,1579,106.47401118278503,6,0.4825899633279112,1579
opencode,hle_1446,0,0.45626623576145126,864,68.85830736160278,6,0.456266235761451,864
opencode,hle_145,0,0.39306696341470787,738,461.20350074768066,19,0.3930669634147075,738
opencode,hle_1450,0,0.02371445532022083,37051,2402.2836575508118,4,0.023714455320220644,37051
opencode,hle_1452,0,0.5763418676443776,1286,70.6331934928894,6,0.5763418676443776,1286
opencode,hle_1454,1,0.5623274603037893,1633,144.42938208580017,6,0.5623274603037899,1633
opencode,hle_1457,0,0.6316570550874404,1220,128.90013551712036,6,0.6316570550874406,1220
opencode,hle_1458,0,0.4700460400978517,776,131.4758882522583,6,0.47004604009785134,776
opencode,hle_1459,1,0.33862482837083463,2224,1051.5401043891907,147,0.3386248283708351,2224
opencode,hle_1460,0,0.5013120155560953,1380,74.21036624908447,6,0.5013120155560941,1380
opencode,hle_1462,0,0.4738701516640713,1050,206.65561962127686,6,0.4738701516640716,1050
opencode,hle_1463,1,0.44425251062529825,1504,238.70362663269043,6,0.44425251062529814,1504
opencode,hle_1467,0,0.035933189771456556,31152,2401.4950211048126,4,0.035933189771455605,31152
opencode,hle_1476,0,0.4387600346879374,1235,161.757887840271,6,0.43876003468793773,1235
opencode,hle_1481,0,0.1033204918329498,1325,2400.637587785721,198,0.10332049183295004,1325
opencode,hle_1487,0,0.4432430871605031,1583,85.97521471977234,6,0.44324308716050315,1583
opencode,hle_1488,0,0.024736621842599466,27028,2401.3917050361633,4,0.024736621842599463,27028
opencode,hle_1489,1,0.6572716911675619,1403,258.5280406475067,6,0.6572716911675613,1403
opencode,hle_1494,0,0.42641278983383063,962,119.87074065208435,6,0.4264127898338309,962
opencode,hle_1502,0,0.3788865420320218,1225,99.5864372253418,6,0.37888654203202166,1225
opencode,hle_1504,1,0.1413250001698339,8599,409.92664098739624,6,0.14132500016983315,8599
opencode,hle_1505,1,0.381865831463573,1024,103.53427982330322,6,0.38186583146357317,1024
opencode,hle_1509,0,0.032519269094898245,8089,2400.9961466789246,376,0.03251926909489818,8089
opencode,hle_1511,0,0.42755960138756954,678,126.682377576828,6,0.42755960138756954,678
opencode,hle_1512,0,0.38464375225925707,632,488.11096596717834,50,0.3846437522592571,632
opencode,hle_1513,1,0.5143969021524388,1057,101.57350993156433,6,0.5143969021524388,1057
opencode,hle_1517,0,0.378570139137589,1033,100.31240105628967,6,0.3785701391375894,1033
opencode,hle_1518,0,0.5617900037384387,1444,160.61336374282837,6,0.5617900037384383,1444
opencode,hle_1519,0,0.5190271460004008,1175,128.20722651481628,6,0.5190271460004011,1175
opencode,hle_1520,0,0.022181784170397158,43526,2401.5741307735443,4,0.022181784170396998,43526
opencode,hle_1522,0,0.44617236233518504,1127,233.63905453681946,11,0.44617236233518515,1127
opencode,hle_1524,0,0.5080209109450334,758,99.1914119720459,6,0.508020910945034,758
opencode,hle_1528,0,0.05596914230302547,43529,2401.834693670273,4,0.055969142303024334,43529
opencode,hle_1530,1,0.4012991948015746,1288,126.73927974700928,6,0.40129919480157555,1288
opencode,hle_1534,1,0.7369472428110809,1844,110.16293716430664,6,0.7369472428110815,1844
opencode,hle_1536,1,0.38013936166887935,1113,124.9372923374176,6,0.3801393616688795,1113
opencode,hle_1545,0,0.02654648090623073,44090,2401.883476495743,4,0.02654648090623124,44090
opencode,hle_1546,0,0.5833889795233473,1457,166.44440126419067,6,0.5833889795233477,1457
opencode,hle_1547,0,0.4044562247485341,1481,172.5878918170929,6,0.4044562247485349,1481
opencode,hle_155,0,0.012807093309676778,41808,2402.918292284012,4,0.012807093309676616,41808
opencode,hle_1553,0,0.3904706318738407,772,98.17731189727783,6,0.3904706318738406,772
opencode,hle_1563,0,0.022807861833775457,44470,2401.8813581466675,4,0.02280786183377582,44470
opencode,hle_1565,0,0.40981353987219843,827,180.14865922927856,6,0.40981353987219854,827
opencode,hle_1567,0,0.02511216609873667,44450,2401.757084131241,12,0.02511216609873693,44450
opencode,hle_1568,0,0.6356123774022179,826,107.57062315940857,6,0.635612377402217,826
opencode,hle_1569,0,0.5330765579164717,1644,173.30759525299072,6,0.5330765579164721,1644
opencode,hle_1572,0,0.32714152282711995,940,94.03545498847961,6,0.3271415228271206,940
opencode,hle_1577,0,0.26376038332571616,821,96.1449716091156,6,0.2637603833257162,821
opencode,hle_158,0,0.53032710586546,1783,448.97221755981445,14,0.5303271058654588,1783
opencode,hle_1586,0,0.5464512314229477,324,275.88732409477234,31,0.5464512314229475,324
opencode,hle_1590,0,0.03468376407788554,36515,2401.317080259323,4,0.03468376407788539,36515
opencode,hle_1596,0,0.5331488206893992,1581,115.80916595458984,14,0.5331488206893991,1581
opencode,hle_1598,0,0.45103850564623016,923,149.68258213996887,6,0.45103850564623044,923
opencode,hle_16,0,0.4983541659162837,939,76.80418515205383,6,0.49835416591628384,939
opencode,hle_1601,0,0.581506686392534,1633,172.07342076301575,6,0.5815066863925347,1633
opencode,hle_1606,0,0.004662611280396014,30869,2401.4591743946075,4,0.0046626112803960645,30869
opencode,hle_1613,1,0.31940241685883114,970,246.9024887084961,14,0.3194024168588317,970
opencode,hle_1630,0,0.48923109199794385,879,81.72007894515991,6,0.4892310919979443,879
opencode,hle_1651,0,0.48527641855076886,529,40.658591985702515,6,0.4852764185507689,529
opencode,hle_1666,0,0.35592964305491337,826,74.36091470718384,6,0.3559296430549132,826
opencode,hle_167,0,0.46254222448121013,1412,136.58574509620667,6,0.4625422244812102,1412
opencode,hle_1672,0,0.008888728351768377,27018,2401.1680648326874,4,0.008888728351768372,27018
opencode,hle_1676,0,0.36125216346084155,1047,96.59740567207336,6,0.3612521634608411,1047
opencode,hle_1679,0,0.03345764817294897,22943,2401.451277256012,4,0.03345764817294897,22943
opencode,hle_1680,0,0.41054379872417157,1144,172.16317057609558,11,0.4105437987241717,1144
opencode,hle_1682,0,0.37025195810960226,830,139.72701239585876,6,0.37025195810960254,830
opencode,hle_1683,0,0.07628362354755118,624,210.60815620422363,10,0.07628362354755104,624
opencode,hle_1685,0,0.4496473582088315,2098,330.48089838027954,14,0.4496473582088314,2098
opencode,hle_1686,0,0.6007818459959056,1316,150.84971022605896,6,0.6007818459959056,1316
opencode,hle_169,0,0.030308372446633213,41808,2403.7589497566223,4,0.030308372446633317,41808
opencode,hle_1690,0,0.3100059648515402,2767,476.543119430542,10,0.3100059648515401,2767
opencode,hle_1694,0,0.5282562618642296,1534,530.7501406669617,18,0.5282562618642297,1534
opencode,hle_1696,0,0.041929148173688396,21557,2401.3309376239777,4,0.041929148173688376,21557
opencode,hle_1697,0,0.3295319949063965,920,92.91015839576721,6,0.3295319949063962,920
opencode,hle_1699,1,0.3412465320367856,869,267.89414620399475,10,0.34124653203678584,869
opencode,hle_1705,0,0.004219534598682839,42221,2401.7292561531067,4,0.004219534598682844,42221
opencode,hle_1716,0,0.626959848032824,830,116.32993006706238,6,0.626959848032824,830
opencode,hle_1719,0,0.39533081493090033,557,395.45524311065674,16,0.39533081493090066,557
opencode,hle_1740,0,0.3613547432015468,819,159.27168822288513,6,0.36135474320154665,819
opencode,hle_1743,0,0.3979779707522355,808,168.71076679229736,6,0.39797797075223595,808
opencode,hle_1745,0,0.283064491451635,1002,172.71074891090393,6,0.28306449145163487,1002
opencode,hle_1749,0,0.39378029096844436,1237,211.07637786865234,6,0.39378029096844464,1237
opencode,hle_1750,0,0.1670911583018086,6954,538.6115481853485,6,0.16709115830180896,6954
opencode,hle_1755,0,0.42871000688753047,819,148.765686750412,6,0.42871000688753025,819
opencode,hle_1756,0,0.36472347558196067,773,126.63146901130676,6,0.3647234755819607,773
opencode,hle_176,1,0.4594330210447383,1738,256.1225891113281,6,0.45943302104473877,1738
opencode,hle_1761,0,0.32762595434711594,845,147.90436363220215,6,0.32762595434711594,845
opencode,hle_1762,0,0.016957263207867963,43091,2402.11381149292,4,0.016957263207868094,43091
opencode,hle_1766,0,0.3847089459491141,1092,146.7924234867096,6,0.38470894594911437,1092
opencode,hle_178,0,0.021454094209783565,41819,2402.5726704597473,4,0.021454094209783583,41819
opencode,hle_1787,0,0.047656085971607046,23640,1201.147456407547,4,0.04765608597160677,23640
opencode,hle_179,1,0.523065858245232,969,172.24563026428223,6,0.5230658582452318,969
opencode,hle_1792,1,0.2777233982876342,646,250.82439994812012,18,0.277723398287634,646
opencode,hle_1799,0,0.4611589368156881,993,101.111252784729,6,0.46115893681568826,993
opencode,hle_1800,1,0.3071535523196665,4138,656.2646737098694,54,0.3071535523196669,4138
opencode,hle_1803,0,0.0460698331486497,23677,1201.3657162189484,4,0.04606983314864985,23677
opencode,hle_1804,0,0.39593838922507407,1680,305.766104221344,30,0.39593838922507407,1680
opencode,hle_1808,0,0.4488110315694988,1055,84.44718766212463,6,0.44881103156949903,1055
opencode,hle_1809,0,0.43471656150905436,1118,94.09843707084656,6,0.4347165615090542,1118
opencode,hle_1810,0,0.6207595616699818,654,51.436930418014526,6,0.6207595616699817,654
opencode,hle_1817,0,0.38985171735013335,1191,82.12773013114929,6,0.38985171735013335,1191
opencode,hle_1827,0,0.5309756202205048,742,202.7067952156067,14,0.5309756202205047,742
opencode,hle_1836,0,0.5168797071122684,5441,773.4739065170288,30,0.5168797071122695,5441
opencode,hle_1837,0,0.13625532776415558,1832,1200.3103623390198,188,0.1362553277641556,1832
opencode,hle_184,0,0.5192498398577905,961,541.8283002376556,18,0.5192498398577907,961
opencode,hle_1843,0,0.08059743400878462,24082,1201.5703027248383,4,0.08059743400878472,24082
opencode,hle_1847,0,0.2411580282879922,4472,542.2892622947693,6,0.24115802828799265,4472
opencode,hle_185,0,0.48320914725247366,975,199.81969165802002,6,0.4832091472524734,975
opencode,hle_1853,0,0.28776119242201487,3949,617.0039067268372,30,0.2877611924220138,3949
opencode,hle_1855,0,0.6249947703208617,1095,85.81770896911621,6,0.6249947703208615,1095
opencode,hle_1856,0,0.35986996248248293,919,115.15535521507263,6,0.3598699624824835,919
opencode,hle_1861,0,0.5409116946139648,678,122.18779444694519,6,0.5409116946139648,678
opencode,hle_1862,0,0.3857251236193602,842,205.28339505195618,11,0.3857251236193603,842
opencode,hle_1863,0,0.16402120465983056,597,186.13932275772095,10,0.1640212046598305,597
opencode,hle_1864,0,0.38005719760793244,783,86.82973861694336,6,0.38005719760793244,783
opencode,hle_1865,0,0.020545796532994706,24085,1201.5202372074127,4,0.02054579653299478,24085
opencode,hle_1869,1,0.3845177845601111,956,129.55824208259583,6,0.3845177845601109,956
opencode,hle_187,0,0.283182945187906,1222,113.64863157272339,6,0.2831829451879061,1222
opencode,hle_1871,0,0.3881624830349283,1139,351.31137347221375,15,0.3881624830349283,1139
opencode,hle_1877,0,0.5227769910619524,1202,75.87208771705627,6,0.5227769910619521,1202
opencode,hle_1880,0,0.49438949647491504,992,117.913813829422,6,0.49438949647491554,992
opencode,hle_1884,0,0.45599838962059996,904,102.72749924659729,6,0.45599838962060035,904
opencode,hle_1889,0,0.061137833535336694,24071,1201.3728737831116,4,0.06113783353533617,24071
opencode,hle_189,0,0.3026155191137021,1034,209.89636278152466,6,0.30261551911370205,1034
opencode,hle_1890,1,0.34433049953707434,638,265.2559905052185,14,0.3443304995370743,638
opencode,hle_1909,1,0.5472422798778191,774,77.19129800796509,6,0.5472422798778195,774
opencode,hle_191,0,0.32098434871935033,656,226.5650806427002,6,0.32098434871934994,656
opencode,hle_1917,0,0.5091775013155603,1453,253.89838790893555,10,0.5091775013155598,1453
opencode,hle_1919,0,0.4465985826776712,733,59.035696029663086,6,0.44659858267767166,733
opencode,hle_1920,0,0.473865231396265,377,26.837779760360718,6,0.47386523139626524,377
opencode,hle_1922,1,0.5000263140465058,1374,115.14753031730652,6,0.5000263140465061,1374
opencode,hle_1926,0,0.10356476135227655,15071,1200.856940984726,16,0.10356476135227656,15071
opencode,hle_1927,0,0.3708781348210743,1031,75.18733143806458,6,0.3708781348210739,1031
opencode,hle_1928,0,0.4330615577495034,798,91.64887237548828,6,0.4330615577495031,798
opencode,hle_193,0,0.29355451440926117,683,193.65123081207275,6,0.29355451440926134,683
opencode,hle_1938,1,0.5081505485975466,1177,102.03589153289795,6,0.5081505485975468,1177
opencode,hle_1940,0,0.5472860322172923,1449,275.01503467559814,10,0.5472860322172917,1449
opencode,hle_1945,0,0.38679631679341114,1058,84.52819776535034,6,0.38679631679341103,1058
opencode,hle_1946,0,0.4789984396188443,789,71.25914525985718,6,0.47899843961884403,789
opencode,hle_1947,0,0.3953572061265709,1146,88.0205774307251,6,0.3953572061265709,1146
opencode,hle_1958,0,0.038116477168520575,23972,1201.3718497753143,4,0.03811647716852044,23972
opencode,hle_1965,0,0.05062066797150254,23458,1201.134393453598,4,0.050620667971501956,23458
opencode,hle_1972,0,0.05039089641161199,22436,1203.9189426898956,4,0.05039089641161132,22436
opencode,hle_1980,0,0.4239432333844746,1015,70.17450666427612,6,0.42394323338447437,1015
opencode,hle_2003,0,0.4540409249558834,950,75.74652218818665,6,0.45404092495588305,950
opencode,hle_2005,0,0.03979884151537106,22443,1202.831984758377,4,0.03979884151537113,22443
opencode,hle_2010,1,0.4937564611458306,941,98.19973230361938,6,0.4937564611458311,941
opencode,hle_2016,0,0.05483193968735502,21946,1203.0910913944244,4,0.054831939687354614,21946
opencode,hle_2022,0,0.14847562513160673,21672,1201.5838198661804,19,0.14847562513160817,21672
opencode,hle_2024,0,0.4242737142568832,1011,199.64051818847656,6,0.42427371425688354,1011
opencode,hle_2037,0,0.37545042102249737,643,158.28911542892456,6,0.37545042102249737,643
opencode,hle_2038,0,0.38777288258191056,470,175.7870523929596,6,0.38777288258191006,470
opencode,hle_2043,0,0.19236274250401417,2622,716.3432884216309,22,0.19236274250401428,2622
opencode,hle_2046,0,0.42069799950607756,1090,352.19080543518066,14,0.42069799950607756,1090
opencode,hle_2060,0,0.08586379839923418,22456,1201.4132211208344,4,0.08586379839923425,22456
opencode,hle_2062,0,0.36851581385849613,176,167.21875667572021,6,0.36851581385849613,176
opencode,hle_2073,0,0.3535844023543497,696,71.9836778640747,6,0.3535844023543494,696
opencode,hle_2074,0,0.40865509462896654,761,71.06224370002747,6,0.40865509462896715,761
opencode,hle_2084,0,0.029038844430506285,22804,1202.272979259491,4,0.02903884443050649,22804
opencode,hle_2087,0,0.5353521132958827,1329,128.04620838165283,6,0.535352113295883,1329
opencode,hle_2088,0,0.32359012947172155,3151,278.86452984809875,6,0.32359012947172117,3151
opencode,hle_2091,0,0.4405185918933378,1284,143.9440393447876,6,0.4405185918933375,1284
opencode,hle_2093,0,0.3803875135985615,981,353.6249244213104,14,0.3803875135985618,981
opencode,hle_2097,0,0.36042457818232926,2337,202.13718342781067,6,0.36042457818232965,2337
opencode,hle_210,0,0.017878045247162484,41817,2401.238730430603,4,0.017878045247162473,41817
opencode,hle_2111,0,0.41772397295301483,946,114.16411876678467,6,0.4177239729530151,946
opencode,hle_2116,1,0.3534090749891241,1438,241.31864190101624,34,0.35340907498912366,1438
opencode,hle_2117,1,0.523955320836766,1095,107.73589420318604,6,0.5239553208367659,1095
opencode,hle_212,0,0.5605871289237029,1621,179.88654828071594,6,0.560587128923702,1621
opencode,hle_2120,0,0.03135529466850003,22924,1201.1767663955688,4,0.03135529466850004,22924
opencode,hle_2132,0,0.04722537210111795,22825,1201.113399028778,4,0.04722537210111802,22825
opencode,hle_2140,1,0.3006999650511004,1412,98.59202194213867,10,0.30069996505110064,1412
opencode,hle_2153,1,0.3296177948590292,1814,757.9499468803406,54,0.32961779485902953,1814
opencode,hle_2154,0,0.3562379229947724,1940,105.25637316703796,6,0.3562379229947731,1940
opencode,hle_2158,1,0.592235066713274,1908,200.5293436050415,6,0.5922350667132744,1908
opencode,hle_2163,0,0.33939620025828343,606,107.64363241195679,6,0.3393962002582836,606
opencode,hle_2168,0,0.3965709206038924,1096,487.7557249069214,23,0.3965709206038919,1096
opencode,hle_2174,1,0.4503555763776801,1151,59.18207836151123,6,0.45035557637768037,1151
opencode,hle_2177,0,0.6857114762066866,1262,69.6803195476532,6,0.6857114762066865,1262
opencode,hle_2179,1,0.35305208339247585,1461,238.07854104042053,10,0.3530520833924757,1461
opencode,hle_218,0,0.5803776139336544,733,143.12984085083008,6,0.580377613933654,733
opencode,hle_2181,1,0.3845660294488341,1269,69.53677988052368,6,0.38456602944883395,1269
opencode,hle_2182,0,0.5034152285194429,1290,74.12039351463318,6,0.5034152285194425,1290
opencode,hle_2187,0,0.05606154977941431,24011,1201.3884494304657,4,0.05606154977941413,24011
opencode,hle_2191,0,0.388766088714388,878,72.56847500801086,6,0.38876608871438806,878
opencode,hle_2197,0,0.4502041219724088,1649,140.94272899627686,6,0.45020412197240905,1649
opencode,hle_2199,0,0.4363180367495174,826,68.65496826171875,6,0.43631803674951725,826
opencode,hle_2200,0,0.5024810559160893,909,76.1747179031372,6,0.5024810559160895,909
opencode,hle_2202,1,0.3190943953461849,2345,124.64546251296997,6,0.3190943953461849,2345
opencode,hle_2203,0,0.44517613660369826,984,72.67597794532776,6,0.44517613660369826,984
opencode,hle_2212,0,0.03496212754372335,23961,1202.9877638816833,4,0.03496212754372369,23961
opencode,hle_2214,0,0.17022958759915535,1662,1200.7327845096588,197,0.17022958759915516,1662
opencode,hle_2220,0,0.07470512879301613,23805,1201.5187594890594,4,0.07470512879301557,23805
opencode,hle_2225,0,0.7329775957967732,416,1200.5768768787384,24,0.7329775957967735,416
opencode,hle_2248,0,0.4167805424682179,1420,267.8735704421997,24,0.4167805424682177,1420
opencode,hle_2250,1,0.41077380249623663,1078,90.01619911193848,6,0.41077380249623685,1078
opencode,hle_2252,1,0.383506086417985,1440,143.71717381477356,6,0.38350608641798484,1440
opencode,hle_2257,0,0.026110072701935782,22774,1201.1843044757843,4,0.026110072701935872,22774
opencode,hle_2261,0,0.02518237516837566,23137,1201.9666759967804,4,0.025182375168375428,23137
opencode,hle_2263,1,0.4010404166185115,525,539.2311978340149,34,0.4010404166185111,525
opencode,hle_2285,0,0.45828400924251056,1055,207.66094589233398,6,0.45828400924251017,1055
opencode,hle_2305,0,0.06190308429739743,5268,1200.7398867607117,282,0.06190308429739735,5268
opencode,hle_2308,0,0.5020273783974124,2952,307.4508240222931,6,0.502027378397413,2952
opencode,hle_2318,0,0.5474861008067768,946,134.23398995399475,6,0.5474861008067768,946
opencode,hle_2324,0,0.45273853757858223,2072,271.3940894603729,6,0.45273853757858223,2072
opencode,hle_2326,0,0.05626070139724019,17257,1201.0834574699402,36,0.0562607013972399,17257
opencode,hle_2332,0,0.5340202164045852,747,173.50556421279907,6,0.5340202164045854,747
opencode,hle_2333,1,0.546760640705382,982,125.35281705856323,6,0.546760640705382,982
opencode,hle_2334,0,0.46063244436406847,453,121.7802586555481,6,0.4606324443640681,453
opencode,hle_2335,0,0.47789452941700256,750,103.65514540672302,6,0.4778945294170029,750
opencode,hle_2337,0,0.44001645992435784,2068,112.07048010826111,6,0.44001645992435723,2068
opencode,hle_2354,0,0.4928672952247319,921,96.64758396148682,6,0.4928672952247316,921
opencode,hle_236,0,0.3590295729209965,1728,248.2786500453949,6,0.35902957292099635,1728
opencode,hle_2360,1,0.21274752228494492,414,230.23547458648682,15,0.21274752228494515,414
opencode,hle_2364,0,0.5144219559932782,873,142.36387991905212,6,0.5144219559932782,873
opencode,hle_2367,0,0.28827970847016515,1895,521.7365515232086,79,0.2882797084701651,1895
opencode,hle_2371,0,0.32513660517548465,441,148.37270712852478,11,0.3251366051754846,441
opencode,hle_2373,0,0.43459685630282824,4552,377.91978430747986,6,0.4345968563028295,4552
opencode,hle_2379,0,0.35383627724408584,582,87.15790820121765,6,0.35383627724408545,582
opencode,hle_2389,0,0.04353418079230597,27191,1201.0893504619598,4,0.04353418079230636,27191
opencode,hle_241,0,0.26720911221571453,4150,921.7075474262238,6,0.26720911221571464,4150
opencode,hle_242,0,0.3912840108661447,1164,183.30266618728638,6,0.39128401086614456,1164
opencode,hle_243,0,0.3339524710652892,1580,225.63803958892822,10,0.3339524710652895,1580
opencode,hle_2470,0,0.06966732814073844,20055,1201.1838817596436,17,0.06966732814073891,20055
opencode,hle_2486,0,0.4592627420519566,1013,54.347691774368286,6,0.4592627420519564,1013
opencode,hle_251,0,0.48315066337755963,754,167.44082760810852,6,0.4831506633775594,754
opencode,hle_262,0,0.4058428743215159,243,2402.538571357727,23,0.40584287432151606,243
opencode,hle_267,0,0.381969750742485,801,309.1442377567291,10,0.3819697507424852,801
opencode,hle_27,0,0.3508556336868025,1029,133.03082394599915,54,0.3508556336868029,1029
opencode,hle_272,0,0.05902823249870193,10972,2400.969764471054,4,0.05902823249870173,10972
opencode,hle_278,0,0.5305601506508808,1174,298.78197717666626,18,0.5305601506508806,1174
opencode,hle_280,0,0.33288763532299087,801,145.74556255340576,11,0.3328876353229906,801
opencode,hle_283,0,0.5556448794265666,853,51.3972692489624,6,0.555644879426566,853
opencode,hle_288,0,0.42999873232393365,398,2400.7419991493225,36,0.4299987323239335,398
opencode,hle_293,0,0.5547200049620363,797,279.2727129459381,6,0.5547200049620364,797
opencode,hle_294,0,0.25368872467117437,841,148.8573775291443,6,0.2536887246711742,841
opencode,hle_302,1,0.46157272097760177,763,225.98458814620972,10,0.46157272097760144,763
opencode,hle_309,0,0.18088258984530906,5895,2400.8806307315826,4,0.18088258984530864,5895
opencode,hle_32,0,0.41156014179679057,1084,91.31526803970337,6,0.4115601417967905,1084
opencode,hle_328,0,0.4286370968863011,1169,95.13807392120361,6,0.42863709688630114,1169
opencode,hle_329,0,0.2215669039811361,1334,103.67046904563904,6,0.22156690398113618,1334
opencode,hle_330,0,0.0345886157857262,42820,2401.1630449295044,4,0.034588615785726085,42820
opencode,hle_331,0,0.47395800232458163,1404,239.20197892189026,6,0.47395800232458235,1404
opencode,hle_335,0,0.01551431209934442,42828,2401.152510404587,4,0.015514312099344592,42828
opencode,hle_337,0,0.5223822237664215,1099,110.99146866798401,6,0.522382223766421,1099
opencode,hle_338,0,0.4326687877300326,405,2403.0764112472534,24,0.43266878773003287,405
opencode,hle_341,0,0.49505807382912875,1132,251.78379678726196,18,0.49505807382912925,1132
opencode,hle_344,0,0.02100428648505263,42831,2402.953047990799,4,0.021004286485052818,42831
opencode,hle_346,0,0.4482907294201514,1136,266.4975962638855,10,0.4482907294201509,1136
opencode,hle_35,0,0.3227890401149476,959,77.07331228256226,6,0.32278904011494747,959
opencode,hle_350,0,0.5016085979819359,1158,490.6240658760071,14,0.5016085979819364,1158
opencode,hle_351,0,0.3725727952031912,1120,155.68296098709106,6,0.37257279520319103,1120
opencode,hle_354,0,0.4627945155051808,812,109.5167829990387,6,0.4627945155051805,812
opencode,hle_358,0,0.5086437512123695,390,2400.4103589057922,20,0.5086437512123697,390
opencode,hle_366,0,0.027001721233380998,43015,2401.879198074341,4,0.027001721233380824,43015
opencode,hle_368,0,0.33991952925892993,1179,139.5639340877533,6,0.33991952925893054,1179
opencode,hle_37,0,0.6300446746072215,569,55.73002862930298,6,0.6300446746072218,569
opencode,hle_370,0,0.023466085544289757,43005,2402.0138585567474,4,0.023466085544289854,43005
opencode,hle_371,0,0.1010303294492465,11062,2401.005506515503,4,0.10103032944924578,11062
opencode,hle_376,0,0.14765274693218688,8243,2400.7869844436646,4,0.14765274693218672,8243
opencode,hle_380,0,0.4301714196847578,252,2400.5854108333588,26,0.4301714196847577,252
opencode,hle_382,0,0.4338665574460451,984,124.97717523574829,6,0.4338665574460454,984
opencode,hle_383,0,0.5149138294186129,287,2400.281985759735,27,0.5149138294186127,287
opencode,hle_385,1,0.4100714551191768,785,75.15229749679565,6,0.41007145511917686,785
opencode,hle_388,0,0.42317756112775146,889,285.63100814819336,14,0.42317756112775146,889
opencode,hle_389,0,0.3774307887180063,2044,346.4782922267914,6,0.37743078871800667,2044
opencode,hle_39,0,0.3912965076020633,932,76.30292248725891,6,0.39129650760206264,932
opencode,hle_392,1,0.4479469512938502,826,71.21240448951721,6,0.4479469512938502,826
opencode,hle_402,0,0.423371403707106,919,163.929053068161,6,0.42337140370710635,919
opencode,hle_403,0,0.3372928725392514,646,2400.5717344284058,44,0.33729287253925133,646
opencode,hle_41,0,0.36989901493819005,893,58.40518021583557,6,0.36989901493818994,893
opencode,hle_410,1,0.4866097247306387,1620,214.93095231056213,6,0.486609724730639,1620
opencode,hle_417,1,0.3235124081871893,1166,161.87614107131958,6,0.32351240818718946,1166
opencode,hle_420,0,0.5008101507696641,752,282.0186891555786,10,0.5008101507696637,752
opencode,hle_426,0,0.4995789513745127,839,92.18589806556702,6,0.4995789513745126,839
opencode,hle_427,0,0.5785806536455108,1002,91.97697687149048,6,0.5785806536455108,1002
opencode,hle_429,0,0.4113484213207608,931,85.91359114646912,6,0.41134842132076044,931
opencode,hle_432,0,0.44005786521355084,1413,114.05529499053955,6,0.44005786521355084,1413
opencode,hle_433,0,0.40339527219402777,3007,2400.8197412490845,12,0.4033952721940282,3007
opencode,hle_434,0,0.1381902936476593,842,110.35021996498108,6,0.13819029364765917,842
opencode,hle_435,0,0.44525323711911796,2502,252.709614276886,6,0.44525323711911713,2502
opencode,hle_44,0,0.012518949581664928,42566,2406.5848667621613,4,0.012518949581665072,42566
opencode,hle_441,0,0.45873602055412205,1716,202.73841619491577,6,0.45873602055412155,1716
opencode,hle_450,0,0.3798305281032275,735,113.22079825401306,6,0.37983052810322765,735
opencode,hle_451,0,0.4058066944960523,726,85.2688307762146,6,0.40580669449605206,726
opencode,hle_452,0,0.48659293627851125,648,125.17871642112732,6,0.4865929362785115,648
opencode,hle_454,1,0.4860392595330634,1575,244.45289707183838,6,0.48603925953306365,1575
opencode,hle_456,0,0.3321771812310348,899,128.298748254776,6,0.3321771812310349,899
opencode,hle_46,0,0.5101970986350016,988,407.40538811683655,14,0.5101970986350013,988
opencode,hle_460,0,0.4712765913075174,960,139.36757636070251,6,0.47127659130751814,960
opencode,hle_461,0,0.048540240349318,34684,2401.401053905487,4,0.048540240349317976,34684
opencode,hle_463,0,0.4112061722412781,921,130.22869038581848,6,0.411206172241278,921
opencode,hle_467,0,0.4901639445786069,2780,230.077068567276,6,0.49016394457860674,2780
opencode,hle_470,0,0.03404406030211372,22280,2401.0796327590942,4,0.03404406030211396,22280
opencode,hle_473,0,0.41419865884243795,1253,148.77287340164185,6,0.41419865884243784,1253
opencode,hle_476,1,0.4109031292739142,923,117.85926151275635,6,0.41090312927391354,923
opencode,hle_48,0,0.4920716816605515,931,61.30374717712402,6,0.49207168166055176,931
opencode,hle_486,0,0.05290740435807193,18314,2401.041342973709,4,0.05290740435807168,18314
opencode,hle_496,1,0.5152092323121332,1146,174.85328030586243,6,0.5152092323121338,1146
opencode,hle_497,0,0.19920040266875932,6318,481.29366660118103,6,0.19920040266875919,6318
opencode,hle_498,0,0.3105823015124879,1623,482.3837230205536,23,0.31058230151248745,1623
opencode,hle_499,0,0.4727820294700105,1930,180.17910838127136,6,0.4727820294700106,1930
opencode,hle_50,0,0.3602262599319939,504,2407.2290971279144,7,0.3602262599319938,504
opencode,hle_508,0,0.6543957589422791,1435,136.98178553581238,6,0.6543957589422795,1435
opencode,hle_52,0,0.04705806825587414,42565,2408.9556663036346,4,0.047058068255874635,42565
opencode,hle_522,0,0.36395213630374623,1028,390.5891284942627,14,0.363952136303746,1028
opencode,hle_526,1,0.3905736718596122,834,87.41589331626892,6,0.3905736718596119,834
opencode,hle_53,0,0.27959852331549,804,64.61999583244324,6,0.2795985233154901,804
opencode,hle_531,0,0.42028225889449855,438,2400.6239471435547,33,0.42028225889449894,438
opencode,hle_532,0,0.365157048712293,2603,289.8469076156616,10,0.36515704871229304,2603
opencode,hle_533,0,0.5043610180218331,857,121.63265752792358,6,0.5043610180218328,857
opencode,hle_539,0,0.3705617426704104,1242,382.018105506897,14,0.3705617426704102,1242
opencode,hle_54,0,0.5067763277060288,835,187.71118760108948,6,0.5067763277060289,835
opencode,hle_543,1,0.4498110167870107,1254,492.3003056049347,14,0.4498110167870107,1254
opencode,hle_547,0,0.3605896023259174,281,2400.3457589149475,27,0.3605896023259173,281
opencode,hle_548,0,0.1775727784312226,5282,2383.9226989746094,10,0.17757277843122202,5282
opencode,hle_556,0,0.455200926058056,671,75.52209520339966,6,0.4552009260580558,671
opencode,hle_568,0,0.42480352283318124,1023,116.64597940444946,6,0.4248035228331812,1023
opencode,hle_582,0,0.3248843203256491,1418,278.2870981693268,10,0.324884320325649,1418
opencode,hle_583,0,0.4337728336070676,3459,2245.3127846717834,10,0.43377283360706853,3459
opencode,hle_59,0,0.44203811190483266,819,203.28950595855713,6,0.4420381119048332,819
opencode,hle_591,1,0.5771433318084027,1671,386.1378376483917,6,0.5771433318084028,1671
opencode,hle_592,0,0.4505787517430729,945,118.0158212184906,6,0.4505787517430733,945
opencode,hle_593,0,0.33150625137937145,738,84.85931849479675,6,0.3315062513793715,738
opencode,hle_598,0,0.031403111331347294,38640,2401.2375016212463,4,0.03140311133134708,38640
opencode,hle_60,0,0.3196520049092074,976,237.9685935974121,6,0.31965200490920825,976
opencode,hle_603,0,0.43325360472840274,870,107.99258542060852,6,0.4332536047284025,870
opencode,hle_604,1,0.39178566000403603,3289,423.4624836444855,6,0.391785660004036,3289
opencode,hle_607,0,0.4209868901869701,741,80.47024941444397,6,0.42098689018697033,741
opencode,hle_614,0,0.33405784342294453,1493,164.38910627365112,6,0.334057843422944,1493
opencode,hle_625,0,0.32899253668784867,370,2400.545533180237,42,0.32899253668784856,370
opencode,hle_633,1,0.5432978403119721,1079,142.05182671546936,6,0.5432978403119716,1079
opencode,hle_636,0,0.40731368318272426,793,110.91997122764587,6,0.40731368318272454,793
opencode,hle_643,0,0.020584435234550873,38946,2402.5243685245514,4,0.020584435234550717,38946
opencode,hle_647,0,0.37566937964087016,1654,299.3886489868164,6,0.3756693796408699,1654
opencode,hle_653,0,0.33470836539101584,926,144.93522715568542,6,0.3347083653910155,926
opencode,hle_654,0,0.024613059898549353,28281,2401.2610154151917,4,0.024613059898549436,28281
opencode,hle_655,0,0.41678438987173133,1025,2400.6956973075867,27,0.41678438987173166,1025
opencode,hle_660,0,0.3246612474515492,757,2400.395792245865,4,0.324661247451549,757
opencode,hle_661,0,0.5221522828530877,2174,338.4346821308136,6,0.5221522828530878,2174
opencode,hle_668,0,0.4817432607104728,939,155.18671703338623,6,0.4817432607104734,939
opencode,hle_677,1,0.47135121699535876,845,158.7526352405548,6,0.4713512169953593,845
opencode,hle_678,0,0.33293960042392196,1010,129.7485761642456,6,0.3329396004239218,1010
opencode,hle_68,0,0.3969324516792625,551,129.59898853302002,6,0.39693245167926244,551
opencode,hle_681,0,0.05560416731077416,16916,2401.147605419159,4,0.055604167310774236,16916
opencode,hle_687,0,0.2599212755780874,4729,2400.590384244919,18,0.25992127557808764,4729
opencode,hle_688,0,0.43890513315027535,528,221.1603353023529,10,0.43890513315027563,528
opencode,hle_690,0,0.31817760584564936,1622,503.75128626823425,24,0.3181776058456489,1622
opencode,hle_692,0,0.06938036890167425,15386,2401.107326745987,4,0.06938036890167384,15386
opencode,hle_694,0,0.5467037818873548,811,97.72414946556091,6,0.5467037818873552,811
opencode,hle_696,0,0.09765957921967158,11709,2401.0510261058807,4,0.09765957921967254,11709
opencode,hle_697,0,0.4168143295798151,893,101.75496077537537,6,0.41681432957981507,893
opencode,hle_698,1,0.21765436924223486,1778,167.0985164642334,6,0.217654369242235,1778
opencode,hle_699,0,0.5414924780400749,1020,402.54515266418457,6,0.5414924780400746,1020
opencode,hle_70,0,0.3514396676469474,696,140.73538279533386,6,0.3514396676469474,696
opencode,hle_700,1,0.3530860958776758,3543,339.62389850616455,6,0.35308609587767575,3543
opencode,hle_705,0,0.4095973295175272,1515,253.5959973335266,14,0.40959732951752675,1515
opencode,hle_707,0,0.4713714257860091,944,168.00103068351746,6,0.471371425786009,944
opencode,hle_708,0,0.4372987191109902,1074,260.6524832248688,6,0.43729871911098955,1074
opencode,hle_711,0,0.373119889466263,3503,439.7008328437805,10,0.3731198894662637,3503
opencode,hle_72,0,0.3658510651430103,1306,98.32000136375427,6,0.36585106514301047,1306
opencode,hle_724,0,0.4175642346099697,1306,162.44415855407715,6,0.4175642346099697,1306
opencode,hle_728,0,0.5317993491053848,1328,138.6365509033203,6,0.5317993491053846,1328
opencode,hle_747,0,0.3735521543738606,739,2400.7257871627808,19,0.37355215437386025,739
opencode,hle_75,0,0.4065944096717436,891,72.46938300132751,6,0.4065944096717437,891
opencode,hle_752,0,0.26094328559126967,1348,285.05924582481384,6,0.2609432855912696,1348
opencode,hle_773,0,0.4325755631626292,899,144.53541731834412,6,0.43257556316262935,899
opencode,hle_779,0,0.23793386188080431,1346,271.35939598083496,10,0.23793386188080434,1346
opencode,hle_787,1,0.3964617406674695,1484,1095.195752620697,14,0.39646174066746964,1484
opencode,hle_790,0,0.41588595630272973,1712,273.00495529174805,6,0.4158859563027299,1712
opencode,hle_791,0,0.5361700333093816,1966,218.55223035812378,6,0.5361700333093817,1966
opencode,hle_792,0,0.43318078595951715,1618,208.99996876716614,6,0.43318078595951715,1618
opencode,hle_800,0,0.4205075188857782,1634,179.44509959220886,10,0.4205075188857779,1634
opencode,hle_801,0,0.35572234635337135,1013,161.67971754074097,6,0.3557223463533711,1013
opencode,hle_805,0,0.4680178385952974,1029,108.61949062347412,6,0.468017838595297,1029
opencode,hle_807,0,0.01727174698410857,40817,2401.4552109241486,4,0.01727174698410855,40817
opencode,hle_808,0,0.40161303709231533,1277,122.28923606872559,6,0.40161303709231533,1277
opencode,hle_810,0,0.018221867832012652,41429,2401.5323526859283,4,0.018221867832012795,41429
opencode,hle_812,0,0.4651339693867018,980,88.5906240940094,6,0.4651339693867015,980
opencode,hle_814,0,0.07771942473914366,10815,2400.6889884471893,8,0.07771942473914326,10815
opencode,hle_819,0,0.40214870206217357,3176,2400.5707869529724,8,0.402148702062174,3176
opencode,hle_822,1,0.42457372577399866,441,46.614540576934814,6,0.42457372577399877,441
opencode,hle_825,0,0.3398713173621883,565,79.45114040374756,6,0.33987131736218845,565
opencode,hle_827,0,0.411342631252657,1896,217.5394914150238,6,0.4113426312526568,1896
opencode,hle_829,0,0.033817929239152104,30062,2401.2771360874176,4,0.033817929239152354,30062
opencode,hle_830,0,0.04059337007600105,25841,2401.1496574878693,4,0.04059337007600112,25841
opencode,hle_831,0,0.04306943051215975,21991,2400.8441343307495,4,0.043069430512160084,21991
opencode,hle_834,0,0.136124550213903,1558,2400.6449253559113,14,0.13612455021390288,1558
opencode,hle_835,0,0.46950883407671323,397,2400.476364135742,16,0.46950883407671296,397
opencode,hle_84,0,0.6222320172354198,2981,194.9960196018219,6,0.6222320172354204,2981
opencode,hle_85,0,0.5060329961995481,1265,77.40086793899536,6,0.5060329961995487,1265
opencode,hle_855,0,0.030768240016485676,34601,2401.494395017624,4,0.030768240016485683,34601
opencode,hle_867,0,0.3369070424683796,3061,376.73458886146545,10,0.3369070424683802,3061
opencode,hle_87,0,0.5875797843294118,1189,71.10466480255127,6,0.5875797843294126,1189
opencode,hle_875,0,0.419934148495381,2074,210.90171456336975,6,0.419934148495381,2074
opencode,hle_876,0,0.018836382190752666,34400,2401.069932460785,4,0.018836382190752413,34400
opencode,hle_877,1,0.3551301686879092,830,150.51577591896057,6,0.3551301686879092,830
opencode,hle_88,0,0.3248099313087004,2238,132.49792575836182,6,0.3248099313087005,2238
opencode,hle_880,0,0.14670691229582764,3316,492.6178629398346,10,0.1467069122958278,3316
opencode,hle_883,0,0.07444989392021238,2850,2400.8766961097717,283,0.07444989392021252,2850
opencode,hle_885,1,0.5642913903815222,1305,145.66148018836975,6,0.5642913903815231,1305
opencode,hle_892,1,0.44941631854787645,1290,181.09634828567505,6,0.449416318547876,1290
opencode,hle_893,0,0.3953542749640362,2460,367.92565155029297,6,0.39535427496403525,2460
opencode,hle_894,1,0.44454198468426537,1227,262.27344965934753,6,0.44454198468426537,1227
opencode,hle_897,0,0.04403484511432053,35837,2401.957273244858,4,0.044034845114320466,35837
opencode,hle_905,0,0.3994159599961275,1287,280.37313318252563,10,0.39941595999612717,1287
opencode,hle_911,0,0.025038542858114975,35944,2401.205684185028,4,0.02503854285811514,35944
opencode,hle_917,0,0.03998674776847497,24191,2401.2121822834015,8,0.03998674776847484,24191
opencode,hle_921,0,0.33684315770592277,1065,812.0109932422638,86,0.3368431577059226,1065
opencode,hle_923,1,0.43285953254966725,1028,216.37362217903137,6,0.4328595325496679,1028
opencode,hle_926,0,0.019498487913663484,31832,2401.4437012672424,26,0.019498487913663553,31832
opencode,hle_930,0,0.2709494088929828,4152,427.9258749485016,14,0.2709494088929827,4152
opencode,hle_931,0,0.4272277644318107,1201,166.2672836780548,6,0.4272277644318106,1201
opencode,hle_934,0,0.589294881881064,1755,184.92527508735657,6,0.589294881881064,1755
opencode,hle_935,0,0.3565936526589414,716,68.32004475593567,6,0.3565936526589413,716
opencode,hle_936,0,0.46313191008213134,1033,2400.40154004097,56,0.4631319100821311,1033
opencode,hle_937,0,0.42738534283867174,754,84.30938935279846,6,0.42738534283867186,754
opencode,hle_938,0,0.26526414249530117,1367,2400.9703764915466,54,0.265264142495301,1367
opencode,hle_942,0,0.03455857556575524,13287,2401.2069137096405,4,0.03455857556575519,13287
opencode,hle_945,1,0.41227331224581976,1572,165.02251815795898,6,0.4122733122458194,1572
opencode,hle_948,0,0.34280147942137407,1380,212.90158367156982,6,0.3428014794213744,1380
opencode,hle_95,0,0.4435061702065957,915,67.94233441352844,6,0.44350617020659516,915
opencode,hle_966,0,0.493122289508475,1035,429.65911626815796,18,0.4931222895084747,1035
opencode,hle_967,0,0.4368549062716161,787,98.89679050445557,6,0.4368549062716156,787
opencode,hle_969,0,0.027158268527971992,40227,2401.125196456909,4,0.027158268527971926,40227
opencode,hle_970,0,0.3517559040881128,2532,267.426052570343,6,0.35175590408811286,2532
opencode,hle_971,0,0.3553193158318573,981,132.24992489814758,6,0.3553193158318569,981
opencode,hle_978,1,0.4862646304455703,1369,132.18440699577332,6,0.4862646304455699,1369
opencode,hle_98,0,0.36236216875297506,1201,155.4152717590332,6,0.36236216875297556,1201
opencode,hle_980,0,0.3472860708880448,986,219.81256699562073,6,0.3472860708880449,986
opencode,hle_981,1,0.4640002249259217,1376,290.68560791015625,6,0.4640002249259221,1376
opencode,hle_988,0,0.3354513165515236,823,100.11881470680237,6,0.3354513165515236,823
opencode,hle_997,0,0.01687212660288164,40260,2401.2140719890594,4,0.01687212660288161,40260
opencode,hle_999,0,0.16868667500472254,3974,372.0436565876007,6,0.16868667500472237,3974
zeroclaw,hle_1,0,0.30087860080767886,410,609.7674307823181,8,0.30087860080767903,410
zeroclaw,hle_1008,0,0.3595986300817204,2845,2321.1754710674286,3,0.35959863008172055,2845
zeroclaw,hle_1009,1,0.42186744196348386,2122,517.9698824882507,7,0.42186744196348275,2122
zeroclaw,hle_1012,0,0.19858550763900668,1899,173.71673130989075,3,0.19858550763900662,1899
zeroclaw,hle_1019,0,0.42342005070487965,995,92.65162253379822,3,0.42342005070487987,995
zeroclaw,hle_1021,1,0.2013842692388246,1343,234.57052540779114,4,0.20138426923882494,1343
zeroclaw,hle_1022,0,0.4020928067008761,630,609.1720230579376,5,0.40209280670087577,630
zeroclaw,hle_1023,0,0.08461194535776238,3382,335.83655619621277,4,0.08461194535776234,3382
zeroclaw,hle_1024,0,0.36323866056612,1312,122.94857358932495,5,0.36323866056612014,1312
zeroclaw,hle_1031,0,0.38899566613518055,2336,204.09317684173584,3,0.3889956661351803,2336
zeroclaw,hle_1038,0,0.4282892290490584,713,608.8244106769562,5,0.4282892290490586,713
zeroclaw,hle_1045,0,0.11680965556060996,4331,1206.7198424339294,4,0.11680965556061011,4331
zeroclaw,hle_1046,0,0.24254381469093467,5676,479.66234612464905,5,0.24254381469093522,5676
zeroclaw,hle_1047,0,0.24929609010556933,1765,143.37884521484375,3,0.2492960901055688,1765
zeroclaw,hle_1048,0,0.2275165052290909,5337,508.15193462371826,3,0.22751650522909067,5337
zeroclaw,hle_1049,0,0.2275695726708735,2986,1956.4819049835205,3,0.22756957267087363,2986
zeroclaw,hle_1050,0,0.25146230082299326,2647,214.4125154018402,3,0.2514623008229939,2647
zeroclaw,hle_1051,1,0.15551558844603444,6047,457.3559010028839,3,0.15551558844603453,6047
zeroclaw,hle_1052,0,0.0,0,2401.7119455337524,3,nan,0
zeroclaw,hle_1054,0,0.35880433478696305,1690,254.96346235275269,3,0.3588043347869631,1690
zeroclaw,hle_1055,0,0.41968783752098987,1731,183.710102558136,3,0.4196878375209898,1731
zeroclaw,hle_1056,0,0.3041225788039022,2032,224.2560052871704,3,0.30412257880390164,2032
zeroclaw,hle_1057,0,0.17333846494420174,7943,589.1984465122223,3,0.1733384649442015,7943
zeroclaw,hle_1058,0,0.3946650313826721,1026,588.595944404602,8,0.3946650313826718,1026
zeroclaw,hle_1066,0,0.3812705007957021,1045,325.441641330719,5,0.38127050079570235,1045
zeroclaw,hle_1067,0,0.37671023092696426,1467,163.6903805732727,3,0.3767102309269649,1467
zeroclaw,hle_1070,0,0.0,0,2402.1782188415527,3,nan,0
zeroclaw,hle_1071,0,0.37335844572940896,1587,235.46442770957947,3,0.3733584457294089,1587
zeroclaw,hle_1073,0,0.38547433350389,1767,406.97112131118774,13,0.38547433350388993,1767
zeroclaw,hle_1074,1,0.46733777515227665,803,124.66145777702332,3,0.46733777515227687,803
zeroclaw,hle_1077,1,0.3839279703290303,822,83.86299419403076,3,0.3839279703290308,822
zeroclaw,hle_1079,1,0.3791980491067039,2520,264.89689111709595,6,0.37919804910670507,2520
zeroclaw,hle_108,0,0.0,0,2402.5282776355743,3,nan,0
zeroclaw,hle_1080,1,0.43001776380522466,1641,224.26887154579163,3,0.4300177638052252,1641
zeroclaw,hle_1081,0,0.0523591620913895,4854,610.4226143360138,4,0.05235916209138944,4854
zeroclaw,hle_1083,0,0.4532768040276809,1349,255.05933213233948,12,0.45327680402768133,1349
zeroclaw,hle_1084,0,0.476303768460925,1232,153.28636193275452,6,0.47630376846092526,1232
zeroclaw,hle_1088,0,0.34798766679855586,1938,234.20402193069458,12,0.3479876667985557,1938
zeroclaw,hle_1089,0,0.4256697733781861,708,234.62346172332764,6,0.425669773378186,708
zeroclaw,hle_109,1,0.5468845046462609,1166,193.71741199493408,3,0.5468845046462613,1166
zeroclaw,hle_1098,0,0.44434092298494127,540,609.115731716156,5,0.44434092298494127,540
zeroclaw,hle_11,0,0.0,0,2402.5126991271973,3,nan,0
zeroclaw,hle_1108,0,0.0,0,2402.168048143387,3,nan,0
zeroclaw,hle_1109,0,0.0,0,2401.8900003433228,3,nan,0
zeroclaw,hle_111,0,0.40108958407694745,1171,115.19872069358826,3,0.40108958407694706,1171
zeroclaw,hle_1116,0,0.33836184797567587,1570,183.9013478755951,3,0.3383618479756761,1570
zeroclaw,hle_1119,0,0.29056016455003003,249,609.1197412014008,7,0.2905601645500299,249
zeroclaw,hle_112,1,0.2639136451193444,1987,204.2595579624176,3,0.2639136451193444,1987
zeroclaw,hle_1120,0,0.0,0,2402.168970823288,3,nan,0
zeroclaw,hle_1126,0,0.21213638430454643,3899,406.6339030265808,3,0.21213638430454657,3899
zeroclaw,hle_1127,0,0.22430849614086634,1786,254.79406785964966,3,0.22430849614086593,1786
zeroclaw,hle_1128,0,0.11127529399387134,3141,376.691458940506,3,0.11127529399387125,3141
zeroclaw,hle_1129,0,0.5157198576331076,1637,234.85863184928894,3,0.5157198576331078,1637
zeroclaw,hle_1130,0,0.2785076696312521,3974,265.17595744132996,3,0.2785076696312521,3974
zeroclaw,hle_1133,0,0.36508758171537725,1256,508.04908990859985,20,0.3650875817153777,1256
zeroclaw,hle_1135,0,0.5406041931521675,974,133.29913687705994,3,0.5406041931521671,974
zeroclaw,hle_1137,1,0.2864503227599478,508,104.98042345046997,3,0.286450322759948,508
zeroclaw,hle_1138,0,0.25510048856751166,2688,249.90839529037476,3,0.2551004885675122,2688
zeroclaw,hle_1139,0,0.22981662627265115,7532,562.2997047901154,3,0.22981662627265043,7532
zeroclaw,hle_114,0,0.29356685894155476,2923,305.42523741722107,3,0.2935668589415542,2923
zeroclaw,hle_115,0,0.2678677877689974,1412,173.7211103439331,3,0.2678677877689976,1412
zeroclaw,hle_1150,0,0.2550593513873296,3164,609.4607012271881,19,0.25505935138733016,3164
zeroclaw,hle_1153,0,0.3199218592686097,1765,143.81951332092285,3,0.3199218592686097,1765
zeroclaw,hle_1159,0,0.3991942452079414,1693,183.79372262954712,6,0.3991942452079414,1693
zeroclaw,hle_1166,0,0.44043985160901955,1446,72.60496997833252,3,0.4404398516090194,1446
zeroclaw,hle_117,0,0.0,0,2403.1430943012238,3,nan,0
zeroclaw,hle_1174,0,0.5495378219818401,977,82.67027139663696,3,0.5495378219818394,977
zeroclaw,hle_1177,0,0.4499958645852068,1294,123.23996138572693,3,0.4499958645852074,1294
zeroclaw,hle_1179,0,0.28473498372304806,960,103.01393294334412,4,0.28473498372304795,960
zeroclaw,hle_118,0,0.37100629294420573,942,102.64915895462036,3,0.3710062929442053,942
zeroclaw,hle_1182,0,0.20141284428800377,2295,366.01037549972534,16,0.2014128442880041,2295
zeroclaw,hle_1188,0,0.45326779122403743,1089,72.25588512420654,3,0.45326779122403715,1089
zeroclaw,hle_119,0,0.14897415568874894,10487,741.9755403995514,3,0.1489741556887491,10487
zeroclaw,hle_1192,1,0.35403816269668714,895,52.131935834884644,3,0.3540381626966875,895
zeroclaw,hle_1196,0,0.45845523078307043,1485,92.95317435264587,3,0.4584552307830695,1485
zeroclaw,hle_1198,0,0.0,0,2411.6805608272552,3,nan,0
zeroclaw,hle_120,0,0.3383971844879905,1157,366.2059679031372,9,0.33839718448799083,1157
zeroclaw,hle_1207,1,0.4397500615138432,2723,143.3424129486084,3,0.43975006151384355,2723
zeroclaw,hle_1215,0,0.26072380117171623,3455,613.045154094696,4,0.2607238011717161,3455
zeroclaw,hle_1219,0,0.4582845857379304,1071,62.11251139640808,3,0.45828458573792996,1071
zeroclaw,hle_1220,0,0.49653432270042575,1517,82.76888418197632,3,0.4965343227004255,1517
zeroclaw,hle_123,0,0.4387614617207144,1814,608.8580338954926,11,0.43876146172071395,1814
zeroclaw,hle_1231,0,0.0,0,2411.6912360191345,3,nan,0
zeroclaw,hle_1234,0,0.3463773535924435,2057,193.9861752986908,9,0.346377353592443,2057
zeroclaw,hle_1235,0,0.24505456193044048,1882,346.04099345207214,16,0.24505456193044087,1882
zeroclaw,hle_1236,0,0.15342034630350862,1032,609.2939801216125,18,0.15342034630350856,1032
zeroclaw,hle_1240,0,0.39144843922024414,2456,123.19240665435791,3,0.391448439220244,2456
zeroclaw,hle_1241,0,0.3378042043839588,826,53.94497895240784,3,0.3378042043839588,826
zeroclaw,hle_1246,0,0.3086504550678281,2935,153.73309898376465,3,0.308650455067828,2935
zeroclaw,hle_1249,0,0.38681524724422867,1233,72.66346573829651,3,0.3868152472442282,1233
zeroclaw,hle_126,0,0.2855813574215983,2230,578.921676158905,14,0.2855813574215984,2230
zeroclaw,hle_1260,0,0.4581609739337348,2609,143.16843700408936,3,0.45816097393373484,2609
zeroclaw,hle_1263,1,0.3777230856446247,1410,112.88156986236572,5,0.3777230856446247,1410
zeroclaw,hle_1269,0,0.3173766827693273,919,254.54124927520752,13,0.31737668276932784,919
zeroclaw,hle_1272,0,0.3605466237160773,1452,92.60583162307739,4,0.3605466237160773,1452
zeroclaw,hle_1276,0,0.3324949313811858,1389,82.44890880584717,5,0.33249493138118597,1389
zeroclaw,hle_1285,0,0.43510837545283443,1181,62.1416437625885,3,0.4351083754528347,1181
zeroclaw,hle_1290,0,0.425145403210748,954,52.09712839126587,3,0.4251454032107485,954
zeroclaw,hle_1292,0,0.28750801431726186,1945,426.83657026290894,22,0.2875080143172616,1945
zeroclaw,hle_1298,0,0.2929872641877723,1525,609.0174405574799,5,0.29298726418777266,1525
zeroclaw,hle_13,1,0.22608278581268976,6464,589.2495548725128,3,0.22608278581269084,6464
zeroclaw,hle_1301,0,0.0,0,2402.193689584732,3,nan,0
zeroclaw,hle_1308,0,0.07939888872953738,4628,609.3449959754944,4,0.07939888872953714,4628
zeroclaw,hle_1309,0,0.4413567546658428,763,42.088924169540405,3,0.44135675466584257,763
zeroclaw,hle_131,0,0.484557027420537,1146,163.7259030342102,3,0.4845570274205378,1146
zeroclaw,hle_1312,0,0.43674887019096054,1645,670.1899790763855,3,0.4367488701909605,1645
zeroclaw,hle_1315,0,0.3742879780423773,955,52.38639044761658,3,0.3742879780423767,955
zeroclaw,hle_1316,0,0.4315359231049991,1003,62.354750871658325,3,0.4315359231049993,1003
zeroclaw,hle_1317,0,0.28461270974173375,4300,214.60509967803955,3,0.2846127097417341,4300
zeroclaw,hle_1325,0,0.3726409974303482,2925,155.72269582748413,3,0.372640997430349,2925
zeroclaw,hle_1330,1,0.5042521360378119,1635,113.21055340766907,5,0.5042521360378119,1635
zeroclaw,hle_1332,0,0.311784036654994,3111,153.92776370048523,3,0.3117840366549942,3111
zeroclaw,hle_1333,0,0.4299086799778975,1756,102.812753200531,4,0.4299086799778968,1756
zeroclaw,hle_1334,0,0.3994463655737954,826,53.32390642166138,3,0.39944636557379615,826
zeroclaw,hle_1339,0,0.37174999055499186,1138,92.7872941493988,5,0.37174999055499175,1138
zeroclaw,hle_1340,1,0.420116654420477,1094,63.581682443618774,3,0.4201166544204778,1094
zeroclaw,hle_1341,0,0.3833927674305661,1837,92.6404378414154,3,0.38339276743056633,1837
zeroclaw,hle_1342,0,0.2878329483274924,3460,184.7279510498047,3,0.2878329483274919,3460
zeroclaw,hle_1344,0,0.3964490487845107,1080,62.99365758895874,3,0.3964490487845101,1080
zeroclaw,hle_1347,0,0.2793797422113761,786,42.144723653793335,3,0.2793797422113761,786
zeroclaw,hle_136,0,0.0,0,2402.522700548172,3,nan,0
zeroclaw,hle_1365,0,0.5398013795034674,1857,355.91628980636597,3,0.5398013795034672,1857
zeroclaw,hle_1370,0,0.40735776591158557,689,82.83814811706543,6,0.4073577659115859,689
zeroclaw,hle_1376,0,0.4368988103396763,1432,72.61886954307556,3,0.4368988103396767,1432
zeroclaw,hle_1379,0,0.5028683767043296,9395,548.7293286323547,10,0.5028683767043274,9395
zeroclaw,hle_138,0,0.11837336761803449,7080,2403.1027834415436,4,0.11837336761803424,7080
zeroclaw,hle_1380,0,0.3632605993376953,1204,92.80040097236633,5,0.36326059933769445,1204
zeroclaw,hle_1381,0,0.370703683293619,862,52.10340762138367,3,0.3707036832936188,862
zeroclaw,hle_1382,0,0.48543883440481633,1649,92.82223415374756,3,0.48543883440481544,1649
zeroclaw,hle_1383,0,0.3222803534503728,1228,92.7897481918335,5,0.32228035345037276,1228
zeroclaw,hle_1384,0,0.4002251624229876,2372,214.28092575073242,3,0.40022516242298734,2372
zeroclaw,hle_1385,0,0.5160978278612373,1628,82.63657784461975,3,0.5160978278612379,1628
zeroclaw,hle_1386,0,0.3823033539608428,1282,82.32171249389648,5,0.3823033539608432,1282
zeroclaw,hle_1388,0,0.39969269617837516,1484,92.63971161842346,3,0.399692696178375,1484
zeroclaw,hle_1389,1,0.4039542291318507,1013,62.097362995147705,3,0.403954229131851,1013
zeroclaw,hle_1390,0,0.3178526417890192,1283,72.29161357879639,3,0.317852641789019,1283
zeroclaw,hle_1391,0,0.37119585192445687,1457,112.90035605430603,5,0.3711958519244569,1457
zeroclaw,hle_1392,0,0.14819332831823273,4909,244.5804316997528,5,0.14819332831823306,4909
zeroclaw,hle_1393,0,0.38982882986133877,1353,72.62207436561584,3,0.38982882986133865,1353
zeroclaw,hle_1394,0,0.24274315403442837,3280,234.44684171676636,3,0.24274315403442828,3280
zeroclaw,hle_1395,0,0.47610186563013773,993,52.24981474876404,3,0.47610186563013757,993
zeroclaw,hle_1396,0,0.3347229853556359,1885,112.75154876708984,5,0.3347229853556357,1885
zeroclaw,hle_1397,0,0.5140517887962158,1712,92.69050097465515,3,0.5140517887962163,1712
zeroclaw,hle_1399,0,0.11339201004211082,7374,609.024923324585,4,0.11339201004211105,7374
zeroclaw,hle_14,0,0.414225410300207,3984,357.0458459854126,3,0.4142254103002054,3984
zeroclaw,hle_1401,0,0.44926503451395744,1565,92.88206577301025,3,0.4492650345139567,1565
zeroclaw,hle_1407,0,0.3784482486525013,2251,113.21989417076111,3,0.3784482486525013,2251
zeroclaw,hle_141,1,0.39706553202380984,1082,133.19238877296448,3,0.39706553202381023,1082
zeroclaw,hle_1415,0,0.3705920085928229,3763,264.7612500190735,8,0.3705920085928229,3763
zeroclaw,hle_1419,0,0.41920605987783655,1494,82.65764236450195,3,0.4192060598778366,1494
zeroclaw,hle_142,0,0.39763444556666877,880,133.28714990615845,3,0.3976344455666687,880
zeroclaw,hle_1420,0,0.3825235720124361,1118,65.6257791519165,3,0.38252357201243603,1118
zeroclaw,hle_1423,1,0.3843729138977827,3108,163.8504023551941,3,0.38437291389778266,3108
zeroclaw,hle_1424,0,0.5042033852360098,1062,62.25859975814819,3,0.5042033852360105,1062
zeroclaw,hle_1433,0,0.24504663238931565,1891,204.1617021560669,11,0.2450466323893155,1891
zeroclaw,hle_1436,0,0.0,0,2401.6252748966217,3,nan,0
zeroclaw,hle_144,0,0.42126988837563994,1244,143.24170470237732,3,0.4212698883756394,1244
zeroclaw,hle_1444,0,0.2820507609828606,1673,92.79348731040955,3,0.28205076098286075,1673
zeroclaw,hle_1446,0,0.3982597624542583,1295,72.66174864768982,3,0.398259762454258,1295
zeroclaw,hle_145,0,0.4667142707751887,1851,254.56419110298157,8,0.4667142707751884,1851
zeroclaw,hle_1450,0,0.0,0,2401.656359910965,3,nan,0
zeroclaw,hle_1452,0,0.44253154359094116,1598,102.77206468582153,5,0.44253154359094055,1598
zeroclaw,hle_1454,0,0.0,0,2402.320148706436,3,nan,0
zeroclaw,hle_1457,0,0.5432417560820646,1891,103.16039991378784,3,0.5432417560820645,1891
zeroclaw,hle_1458,0,0.4561400961658102,1507,92.65130829811096,4,0.45614009616581025,1507
zeroclaw,hle_1459,0,0.18980649453865572,4207,609.7940323352814,9,0.1898064945386558,4207
zeroclaw,hle_1460,0,0.40317622154968513,1230,62.10836982727051,3,0.4031762215496849,1230
zeroclaw,hle_1462,0,0.1943351685281977,6302,613.6512079238892,12,0.19433516852819802,6302
zeroclaw,hle_1463,0,0.0,0,2402.2470004558563,3,nan,0
zeroclaw,hle_1467,0,0.0,0,2402.2435281276703,3,nan,0
zeroclaw,hle_1476,0,0.0,0,2401.8840203285217,3,nan,0
zeroclaw,hle_1481,0,0.41608476486973217,2314,265.01370787620544,14,0.416084764869732,2314
zeroclaw,hle_1487,1,0.3122381809981756,4270,193.87003302574158,3,0.3122381809981758,4270
zeroclaw,hle_1488,0,0.11733324584349217,6687,325.6686854362488,3,0.11733324584349197,6687
zeroclaw,hle_1489,0,0.3839813987827952,3479,163.73622059822083,3,0.3839813987827937,3479
zeroclaw,hle_1494,0,0.45719023309420437,1531,82.62954568862915,3,0.45719023309420503,1531
zeroclaw,hle_1502,0,0.34436292001681923,1596,82.67264533042908,3,0.34436292001681923,1596
zeroclaw,hle_1504,0,0.2178901312292244,5913,300.10159850120544,6,0.21789013122922393,5913
zeroclaw,hle_1505,1,0.347937502038058,1331,72.81090044975281,3,0.3479375020380582,1331
zeroclaw,hle_1509,0,0.14155913314759672,3973,528.3640999794006,21,0.14155913314759655,3973
zeroclaw,hle_1511,0,0.3576051436850987,1213,93.33038258552551,5,0.3576051436850982,1213
zeroclaw,hle_1512,0,0.24671653868840904,1575,376.7009081840515,19,0.24671653868840895,1575
zeroclaw,hle_1513,0,0.44159351486893705,1550,115.41526532173157,5,0.44159351486893744,1550
zeroclaw,hle_1517,0,0.23964474214597076,3780,184.58222651481628,3,0.23964474214597073,3780
zeroclaw,hle_1518,0,0.4302058139117828,2442,143.72019338607788,5,0.43020581391178414,2442
zeroclaw,hle_1519,0,0.34108996082527654,2582,123.37507677078247,3,0.3410899608252767,2582
zeroclaw,hle_1520,1,0.25541832846231033,3478,285.3568341732025,3,0.2554183284623102,3478
zeroclaw,hle_1522,0,0.4350421871987916,1328,103.0949547290802,5,0.43504218719879173,1328
zeroclaw,hle_1524,0,0.531207950471083,1593,113.26696395874023,5,0.5312079504710827,1593
zeroclaw,hle_1528,0,0.0,0,2411.7634682655334,3,nan,0
zeroclaw,hle_1530,1,0.3122873251823009,1275,82.7926390171051,3,0.31228732518230107,1275
zeroclaw,hle_1534,0,0.5415817612220355,2180,153.69616556167603,3,0.5415817612220355,2180
zeroclaw,hle_1536,1,0.3479416540074876,1531,82.70198893547058,3,0.3479416540074876,1531
zeroclaw,hle_1545,0,0.25588838887864873,5126,2401.5789980888367,4,0.25588838887864956,5126
zeroclaw,hle_1546,0,0.35724661326845547,2588,457.4564208984375,6,0.3572466132684554,2588
zeroclaw,hle_1547,1,0.4297175557915368,1834,922.8847985267639,3,0.4297175557915361,1834
zeroclaw,hle_155,0,0.3974213791805948,1853,234.26160335540771,3,0.397421379180595,1853
zeroclaw,hle_1553,0,0.3678736793821935,2070,133.10175561904907,7,0.367873679382194,2070
zeroclaw,hle_1563,0,0.0,0,2402.0906088352203,3,nan,0
zeroclaw,hle_1565,0,0.44846068750776963,907,52.10478711128235,3,0.44846068750776935,907
zeroclaw,hle_1567,0,0.23041762055052645,2176,608.9753313064575,5,0.2304176205505263,2176
zeroclaw,hle_1568,0,0.5793662562293143,1026,52.22589635848999,3,0.5793662562293146,1026
zeroclaw,hle_1569,0,0.3915315650714175,2541,135.05642771720886,3,0.39153156507141706,2541
zeroclaw,hle_1572,0,0.2954675028313872,1281,84.19078779220581,3,0.29546750283138695,1281
zeroclaw,hle_1577,0,0.30439676917869524,928,52.11621689796448,3,0.3043967691786951,928
zeroclaw,hle_158,1,0.43545688079561057,1848,193.9565315246582,5,0.4354568807956106,1848
zeroclaw,hle_1586,0,0.39857817446111604,1360,143.49728560447693,9,0.3985781744611153,1360
zeroclaw,hle_1590,0,0.26399360714959486,3113,285.3822455406189,3,0.263993607149595,3113
zeroclaw,hle_1596,0,0.47704145045767976,1087,62.10890197753906,3,0.47704145045768037,1087
zeroclaw,hle_1598,0,0.32136203633440463,1468,224.243483543396,5,0.3213620363344048,1468
zeroclaw,hle_16,0,0.5269944537033912,1019,255.372465133667,3,0.5269944537033915,1019
zeroclaw,hle_1601,0,0.5049904189270317,1658,183.8753309249878,3,0.5049904189270311,1658
zeroclaw,hle_1606,0,0.15444840703461346,12381,609.2571859359741,5,0.1544484070346139,12381
zeroclaw,hle_1613,0,0.39212295253604895,1938,143.43585228919983,6,0.3921229525360484,1938
zeroclaw,hle_1630,0,0.51459953583928,1083,52.21289777755737,3,0.5145995358392794,1083
zeroclaw,hle_1651,1,0.38961227701449525,1054,113.90847444534302,7,0.3896122770144947,1054
zeroclaw,hle_1666,0,0.3023418859958919,1412,102.75769758224487,5,0.3023418859958923,1412
zeroclaw,hle_167,0,0.15804154625177846,597,610.0245540142059,3,0.15804154625177833,597
zeroclaw,hle_1672,0,0.40649549291863407,1793,234.81865763664246,3,0.4064954929186346,1793
zeroclaw,hle_1676,0,0.42060513576288816,1667,163.90839743614197,3,0.4206051357628883,1667
zeroclaw,hle_1679,0,0.3206497673875766,1508,609.0910198688507,4,0.3206497673875765,1508
zeroclaw,hle_1680,0,0.44548531529944124,1447,133.37033343315125,7,0.44548531529944235,1447
zeroclaw,hle_1682,1,0.4556243731727224,1072,183.74655199050903,3,0.4556243731727221,1072
zeroclaw,hle_1683,0,0.035088059418462096,2903,143.73409581184387,4,0.035088059418462096,2903
zeroclaw,hle_1685,0,0.2951548234640252,3504,609.1831040382385,13,0.29515482346402483,3504
zeroclaw,hle_1686,0,0.4091738712548881,602,609.3285603523254,5,0.40917387125488835,602
zeroclaw,hle_169,0,0.0,0,2402.2492554187775,3,nan,0
zeroclaw,hle_1690,0,0.3244512752920294,3137,2149.0520493984222,3,0.32445127529202905,3137
zeroclaw,hle_1694,0,0.3282883053254514,2480,608.8894417285919,14,0.3282883053254522,2480
zeroclaw,hle_1696,0,0.24490397073452558,4781,234.55167198181152,3,0.2449039707345255,4781
zeroclaw,hle_1697,0,0.28531055587091053,1307,62.12827134132385,3,0.28531055587091037,1307
zeroclaw,hle_1699,1,0.4507092790114273,984,52.11763858795166,3,0.4507092790114279,984
zeroclaw,hle_1705,0,0.32386064140735876,3202,163.68211603164673,3,0.32386064140735904,3202
zeroclaw,hle_1716,0,0.5783947797439621,999,52.105663537979126,3,0.5783947797439621,999
zeroclaw,hle_1719,0,0.2203292469415581,7813,416.84574937820435,11,0.22032924694155848,7813
zeroclaw,hle_1740,0,0.30105609237698083,1653,112.98711228370667,5,0.3010560923769813,1653
zeroclaw,hle_1743,0,0.40535901154886794,971,52.043697118759155,3,0.4053590115488679,971
zeroclaw,hle_1745,0,0.3078394940974038,1512,72.6850962638855,3,0.30783949409740385,1512
zeroclaw,hle_1749,0,0.3631272840018493,1371,72.32886910438538,3,0.36312728400184896,1371
zeroclaw,hle_1750,0,0.1901122408127899,6894,336.04912066459656,3,0.19011224081278982,6894
zeroclaw,hle_1755,0,0.4352370246227001,949,52.28898286819458,3,0.4352370246227001,949
zeroclaw,hle_1756,0,0.38113110532325806,908,52.377559423446655,3,0.3811311053232581,908
zeroclaw,hle_176,0,0.3927373356393459,1495,173.69711065292358,3,0.392737335639346,1495
zeroclaw,hle_1761,0,0.34790236942304464,908,52.12376570701599,3,0.3479023694230449,908
zeroclaw,hle_1762,0,0.0,0,2401.8951864242554,3,nan,0
zeroclaw,hle_1766,0,0.3444619799713795,1614,95.09840297698975,3,0.34446197997137956,1614
zeroclaw,hle_178,0,0.0,0,2402.4466774463654,3,nan,0
zeroclaw,hle_1787,0,0.21821884816786205,6122,305.3502297401428,3,0.21821884816786133,6122
zeroclaw,hle_179,0,0.3794957572224327,301,609.003823518753,5,0.37949575722243256,301
zeroclaw,hle_1792,1,0.15248209453624173,3601,244.52551436424255,4,0.1524820945362417,3601
zeroclaw,hle_1799,0,0.5754344732567676,1550,82.51157593727112,3,0.5754344732567673,1550
zeroclaw,hle_1800,0,0.16998508654321506,8361,609.7676894664764,4,0.16998508654321476,8361
zeroclaw,hle_1803,0,0.25381637476343616,4059,204.05011773109436,3,0.2538163747634362,4059
zeroclaw,hle_1804,0,0.3819482414113353,594,92.76426672935486,7,0.3819482414113352,594
zeroclaw,hle_1808,0,0.3951387415317856,2967,193.99191904067993,6,0.3951387415317863,2967
zeroclaw,hle_1809,0,0.0,0,2411.3367614746094,3,nan,0
zeroclaw,hle_1810,1,0.4861406607793426,1368,82.58014869689941,5,0.48614066077934215,1368
zeroclaw,hle_1817,0,0.23486791595939993,1804,92.83118414878845,3,0.23486791595939957,1804
zeroclaw,hle_1827,0,0.20725240035347176,3471,438.3491539955139,27,0.20725240035347145,3471
zeroclaw,hle_1836,0,0.19683508607328293,5556,264.9051239490509,3,0.1968350860732831,5556
zeroclaw,hle_1837,1,0.22404463450569603,2239,397.0307819843292,20,0.22404463450569612,2239
zeroclaw,hle_184,0,0.42228025468026914,1581,376.19730377197266,8,0.42228025468026864,1581
zeroclaw,hle_1843,0,0.0,0,2402.4355602264404,3,nan,0
zeroclaw,hle_1847,0,0.48154939007051784,889,613.937952041626,3,0.48154939007051756,889
zeroclaw,hle_185,0,0.4077928057988752,3030,396.36110401153564,5,0.4077928057988738,3030
zeroclaw,hle_1853,0,0.0,0,2402.4324951171875,3,nan,0
zeroclaw,hle_1855,0,0.5143456429739496,1481,72.61503887176514,3,0.5143456429739495,1481
zeroclaw,hle_1856,0,0.4098449747611777,1115,62.15849447250366,3,0.40984497476117754,1115
zeroclaw,hle_1861,0,0.37185539600915396,1679,153.48624801635742,8,0.37185539600915346,1679
zeroclaw,hle_1862,0,0.36720002693094717,700,72.3048083782196,5,0.36720002693094717,700
zeroclaw,hle_1863,0,0.13411857830933493,1978,102.8630428314209,5,0.13411857830933513,1978
zeroclaw,hle_1864,0,0.3459715788359314,1000,62.183489084243774,3,0.3459715788359313,1000
zeroclaw,hle_1865,0,0.3900466954320923,2113,113.06096863746643,3,0.39004669543209247,2113
zeroclaw,hle_1869,1,0.24885302800144038,1299,96.15218567848206,5,0.2488530280014403,1299
zeroclaw,hle_187,0,0.2099932597467585,2039,335.7055277824402,4,0.20999325974675884,2039
zeroclaw,hle_1871,0,0.3607544345438218,1484,112.853444814682,5,0.36075443454382256,1484
zeroclaw,hle_1877,0,0.3400725239249992,1702,93.88823413848877,3,0.34007252392499987,1702
zeroclaw,hle_1880,0,0.49201387846980404,1157,62.209272384643555,3,0.4920138784698037,1157
zeroclaw,hle_1884,1,0.3355261442107702,854,64.88739562034607,3,0.33552614421077054,854
zeroclaw,hle_1889,0,0.0,0,2402.412937402725,3,nan,0
zeroclaw,hle_189,0,0.3468369526932278,1288,143.1827254295349,3,0.34683695269322756,1288
zeroclaw,hle_1890,1,0.10591083993686849,2617,143.57465291023254,4,0.1059108399368686,2617
zeroclaw,hle_1909,0,0.25522666958634477,10833,551.4807255268097,6,0.2552266695863451,10833
zeroclaw,hle_191,0,0.3077815946151931,1086,163.58426237106323,4,0.30778159461519317,1086
zeroclaw,hle_1917,1,0.4753188417731863,2368,214.71235537528992,9,0.47531884177318506,2368
zeroclaw,hle_1919,0,0.5418864818019831,993,52.100282430648804,3,0.5418864818019824,993
zeroclaw,hle_1920,0,0.43542916828593636,714,56.77508234977722,3,0.4354291682859357,714
zeroclaw,hle_1922,1,0.4520849252743971,1607,224.3158233165741,3,0.4520849252743972,1607
zeroclaw,hle_1926,0,0.08333485627903843,3466,609.0611939430237,4,0.08333485627903835,3466
zeroclaw,hle_1927,0,0.25511150554194645,900,52.134925842285156,3,0.2551115055419467,900
zeroclaw,hle_1928,0,0.3444833011235639,1030,62.12913775444031,3,0.34448330112356385,1030
zeroclaw,hle_193,0,0.27730329741366566,1434,194.16252970695496,4,0.2773032974136657,1434
zeroclaw,hle_1938,1,0.4345985859542896,1174,62.614049196243286,3,0.43459858595428935,1174
zeroclaw,hle_1940,0,0.2529452015845811,1419,133.0731644630432,7,0.25294520158458084,1419
zeroclaw,hle_1945,0,0.3764598702358281,1146,62.11426639556885,3,0.37645987023582744,1146
zeroclaw,hle_1946,0,0.45077049563997873,1004,52.23778748512268,3,0.450770495639979,1004
zeroclaw,hle_1947,0,0.5113991970031072,1675,92.6456241607666,3,0.5113991970031068,1675
zeroclaw,hle_1958,0,0.18357444337257056,2685,2401.93107008934,4,0.18357444337257045,2685
zeroclaw,hle_1965,0,0.22300363427408,7913,1206.520584821701,4,0.22300363427408038,7913
zeroclaw,hle_1972,1,0.19372022566207733,4636,225.62800908088684,3,0.1937202256620774,4636
zeroclaw,hle_1980,0,0.3691310433544227,1211,72.62378311157227,3,0.36913104335442315,1211
zeroclaw,hle_2003,0,0.4501742683821674,856,54.617210149765015,3,0.45017426838216695,856
zeroclaw,hle_2005,1,0.42947296755552145,1457,305.4795620441437,3,0.42947296755552083,1457
zeroclaw,hle_2010,1,0.4338513617520676,1204,92.84950566291809,5,0.43385136175206807,1204
zeroclaw,hle_2016,0,0.2832672522242708,2912,147.10309100151062,3,0.2832672522242705,2912
zeroclaw,hle_2022,0,0.10393749254014985,7039,609.0446469783783,23,0.10393749254014954,7039
zeroclaw,hle_2024,0,0.30082666582926143,1991,135.45551180839539,5,0.3008266658292621,1991
zeroclaw,hle_2037,0,0.2804691408945299,928,52.11062502861023,3,0.28046914089452973,928
zeroclaw,hle_2038,0,0.3364792575951279,672,46.92547798156738,3,0.3364792575951282,672
zeroclaw,hle_2043,0,0.23979228014406756,3171,153.77152633666992,3,0.2397922801440677,3171
zeroclaw,hle_2046,0,0.27562622318986646,2099,163.7133800983429,10,0.2756262231898664,2099
zeroclaw,hle_2060,0,0.24867681963423127,5794,1206.4632205963135,4,0.24867681963423238,5794
zeroclaw,hle_2062,0,0.3541153712522328,474,32.08975839614868,3,0.3541153712522334,474
zeroclaw,hle_2073,0,0.3346553022036351,825,42.10025072097778,3,0.3346553022036353,825
zeroclaw,hle_2074,0,0.4562039668855251,1092,62.35694122314453,3,0.456203966885525,1092
zeroclaw,hle_2084,0,0.26044583575203206,4528,225.65975284576416,5,0.2604458357520317,4528
zeroclaw,hle_2087,0,0.48670211471984665,1425,234.82057642936707,3,0.48670211471984803,1425
zeroclaw,hle_2088,0,0.19343342074687314,5596,266.188791513443,3,0.1934334207468736,5596
zeroclaw,hle_2091,0,0.4147079707484777,3550,751.3428664207458,7,0.4147079707484796,3550
zeroclaw,hle_2093,0,0.3289703536108466,1167,102.70389080047607,6,0.3289703536108464,1167
zeroclaw,hle_2097,0,0.27241895102883834,4296,204.23427271842957,3,0.2724189510288388,4296
zeroclaw,hle_210,0,0.3899521474460622,3149,264.7859568595886,3,0.38995214744606194,3149
zeroclaw,hle_2111,0,0.3541173226715894,1106,62.154475927352905,3,0.3541173226715895,1106
zeroclaw,hle_2116,0,0.2710290455187446,943,112.88511848449707,8,0.2710290455187443,943
zeroclaw,hle_2117,1,0.3814215481210505,1781,196.24563217163086,3,0.3814215481210499,1781
zeroclaw,hle_212,0,0.3512687475195144,1416,363.50108432769775,5,0.35126874751951487,1416
zeroclaw,hle_2120,0,0.427454695045708,2665,163.7606201171875,5,0.427454695045707,2665
zeroclaw,hle_2132,0,0.18666028371425636,9648,447.7305955886841,3,0.18666028371425622,9648
zeroclaw,hle_2140,1,0.1641402782836236,2686,133.47461104393005,4,0.16414027828362363,2686
zeroclaw,hle_2153,0,0.1306632594699801,8238,609.0396173000336,19,0.13066325946997984,8238
zeroclaw,hle_2154,0,0.32321280081948106,3143,153.51427102088928,3,0.3232128008194814,3143
zeroclaw,hle_2158,0,0.3107263981389167,5294,244.51778316497803,3,0.31072639813891695,5294
zeroclaw,hle_2163,0,0.34492191597303057,1015,72.40650367736816,4,0.3449219159730302,1015
zeroclaw,hle_2168,1,0.300192568179189,3095,295.2944209575653,12,0.30019256817919,3095
zeroclaw,hle_2174,1,0.3034542036401192,1469,236.1359944343567,3,0.30345420364012005,1469
zeroclaw,hle_2177,0,0.503328040083241,1084,52.11680293083191,3,0.5033280400832406,1084
zeroclaw,hle_2179,1,0.3113214636468045,2025,123.07955479621887,8,0.3113214636468051,2025
zeroclaw,hle_218,1,0.4226815354404054,911,234.25991034507751,4,0.4226815354404051,911
zeroclaw,hle_2181,0,0.23640421950934953,4873,234.47884941101074,3,0.23640421950934978,4873
zeroclaw,hle_2182,0,0.32686779425130047,1856,609.2789688110352,11,0.32686779425129997,1856
zeroclaw,hle_2187,0,0.19297208933830576,4991,507.7922034263611,3,0.1929720893383064,4991
zeroclaw,hle_2191,0,0.39080735669861894,975,52.03558301925659,3,0.3908073566986192,975
zeroclaw,hle_2197,0,0.40228109055580885,1475,74.4999098777771,3,0.40228109055580924,1475
zeroclaw,hle_2199,0,0.3540904986165651,1660,133.38425254821777,10,0.3540904986165654,1660
zeroclaw,hle_2200,0,0.4385930563394487,1012,62.133413314819336,3,0.43859305633944806,1012
zeroclaw,hle_2202,1,0.19118386686873085,5333,426.8412501811981,3,0.19118386686873112,5333
zeroclaw,hle_2203,0,0.36815121285752084,1409,72.28545498847961,3,0.3681512128575208,1409
zeroclaw,hle_2212,0,0.0,0,2411.4414241313934,3,nan,0
zeroclaw,hle_2214,0,0.19106180079980398,3013,528.1693382263184,26,0.19106180079980367,3013
zeroclaw,hle_2220,0,0.0,0,2401.7136857509613,3,nan,0
zeroclaw,hle_2225,0,0.04101679786338635,10170,609.7019217014313,7,0.04101679786338643,10170
zeroclaw,hle_2248,0,0.38290731241728587,2991,285.1781265735626,12,0.3829073124172859,2991
zeroclaw,hle_2250,1,0.34528519256462975,1151,153.76766562461853,3,0.3452851925646298,1151
zeroclaw,hle_2252,1,0.34093216412141686,1428,82.69088792800903,3,0.34093216412141675,1428
zeroclaw,hle_2257,1,0.29519913200549164,1772,325.87780833244324,3,0.29519913200549164,1772
zeroclaw,hle_2261,0,0.09395404131360531,11390,580.3732805252075,4,0.093954041313605,11390
zeroclaw,hle_2263,0,0.31297455777587224,248,609.0884947776794,6,0.3129745577758722,248
zeroclaw,hle_2285,0,0.4300479961696834,1056,62.843876361846924,3,0.43004799616968287,1056
zeroclaw,hle_2305,0,0.2985495744641367,4243,366.48206305503845,15,0.2985495744641373,4243
zeroclaw,hle_2308,1,0.3541464251268817,1523,193.76806092262268,3,0.35414642512688255,1523
zeroclaw,hle_2318,0,0.5613700981526153,1061,62.12072157859802,3,0.5613700981526155,1061
zeroclaw,hle_2324,0,0.6109345127797662,2520,133.42976880073547,3,0.610934512779767,2520
zeroclaw,hle_2326,0,0.12152638758887375,5013,1206.365257024765,5,0.12152638758887403,5013
zeroclaw,hle_2332,0,0.49057933728046377,1822,123.19816946983337,5,0.4905793372804647,1822
zeroclaw,hle_2333,0,0.0,0,2411.217109680176,3,nan,0
zeroclaw,hle_2334,0,0.3549421219194411,892,92.62417840957642,6,0.35494212191944097,892
zeroclaw,hle_2335,0,0.39939355142676936,802,41.84392333030701,3,0.39939355142676936,802
zeroclaw,hle_2337,0,0.485497270333384,1333,72.6577672958374,3,0.4854972703333845,1333
zeroclaw,hle_2354,0,0.3808296877677962,2553,528.1933763027191,5,0.38082968776779713,2553
zeroclaw,hle_236,0,0.3814018091807463,2762,427.1131284236908,4,0.3814018091807461,2762
zeroclaw,hle_2360,0,0.38781664161451307,870,92.5151309967041,6,0.38781664161451257,870
zeroclaw,hle_2364,0,0.2918945853304569,1099,73.93087148666382,3,0.2918945853304566,1099
zeroclaw,hle_2367,0,0.35000685877575055,3191,943.1911606788635,12,0.3500068587757509,3191
zeroclaw,hle_2371,0,0.2855896452881514,3438,1196.8459763526917,12,0.28558964528815134,3438
zeroclaw,hle_2373,0,0.2295367486978425,8106,690.0000491142273,3,0.22953674869784266,8106
zeroclaw,hle_2379,0,0.27634533392431493,971,72.25409936904907,4,0.2763453339243144,971
zeroclaw,hle_2389,1,0.32187843257288773,1382,185.12647104263306,3,0.32187843257288806,1382
zeroclaw,hle_241,0,0.3274442519068873,1051,123.17232918739319,3,0.327444251906887,1051
zeroclaw,hle_242,0,0.37889388540682495,415,609.3500542640686,5,0.3788938854068249,415
zeroclaw,hle_243,0,0.30689407038777855,1291,153.69253158569336,3,0.30689407038777866,1291
zeroclaw,hle_2470,0,0.19907554784511183,242,1206.4563047885895,5,0.19907554784511194,242
zeroclaw,hle_2486,0,0.3372932055022768,1662,200.66984748840332,3,0.3372932055022766,1662
zeroclaw,hle_251,0,0.4400861800327314,1042,133.16923213005066,3,0.4400861800327311,1042
zeroclaw,hle_262,0,0.3921626888832309,1259,325.57205057144165,10,0.39216268888323136,1259
zeroclaw,hle_267,0,0.3659164123457545,807,102.65680766105652,3,0.3659164123457544,807
zeroclaw,hle_27,0,0.3052318172919753,653,609.6848485469818,6,0.30523181729197557,653
zeroclaw,hle_272,0,0.37826834155711936,3008,325.9099540710449,3,0.3782683415571188,3008
zeroclaw,hle_278,0,0.41732519985009753,2087,608.9630267620087,11,0.41732519985009786,2087
zeroclaw,hle_280,0,0.2991412664127493,1145,193.8981339931488,5,0.299141266412749,1145
zeroclaw,hle_283,0,0.5535321718409153,885,133.1761393547058,3,0.5535321718409147,885
zeroclaw,hle_288,1,0.22747068037052304,1710,517.7279772758484,11,0.22747068037052345,1710
zeroclaw,hle_293,0,0.48589480199504187,1003,143.18001747131348,3,0.48589480199504104,1003
zeroclaw,hle_294,0,0.24961544159108603,988,173.7479977607727,3,0.24961544159108592,988
zeroclaw,hle_302,1,0.3490831846893238,1122,315.23679065704346,8,0.34908318468932364,1122
zeroclaw,hle_309,0,0.2275972349466067,7578,609.288702249527,3,0.22759723494660677,7578
zeroclaw,hle_32,0,0.4810648602008277,1521,153.30705308914185,3,0.4810648602008282,1521
zeroclaw,hle_328,0,0.4073944313322931,1262,193.73328375816345,3,0.4073944313322932,1262
zeroclaw,hle_329,0,0.3274497469569885,951,173.4998767375946,3,0.32744974695698853,951
zeroclaw,hle_330,0,0.4929531123461905,1767,224.96405673027039,3,0.4929531123461906,1767
zeroclaw,hle_331,0,0.5461378604361656,2700,224.38943648338318,3,0.5461378604361661,2700
zeroclaw,hle_335,0,0.0,0,2402.7574186325073,3,nan,0
zeroclaw,hle_337,0,0.4593130396589564,1084,193.76984214782715,3,0.4593130396589561,1084
zeroclaw,hle_338,0,0.3782523597640397,954,376.2108232975006,13,0.37825235976403965,954
zeroclaw,hle_341,0,0.48914916713606404,792,613.1890308856964,6,0.4891491671360638,792
zeroclaw,hle_344,0,0.45023828350781137,1765,305.5586004257202,5,0.45023828350781153,1765
zeroclaw,hle_346,0,0.4536255747718675,1459,244.36526584625244,5,0.4536255747718678,1459
zeroclaw,hle_35,0,0.4422997078929366,1620,225.02724862098694,3,0.44229970789293693,1620
zeroclaw,hle_350,0,0.3647560015264248,1368,213.9909863471985,7,0.36475600152642434,1368
zeroclaw,hle_351,0,0.3075421915695086,1305,123.23892045021057,3,0.3075421915695089,1305
zeroclaw,hle_354,0,0.3542608115986796,946,82.63232946395874,3,0.35426081159867906,946
zeroclaw,hle_358,0,0.31878715017574505,989,609.2400863170624,11,0.31878715017574527,989
zeroclaw,hle_366,0,0.3036350384284914,4099,325.7924475669861,3,0.3036350384284908,4099
zeroclaw,hle_368,0,0.26046932249660415,1618,133.28815174102783,3,0.2604693224966043,1618
zeroclaw,hle_37,0,0.4647674813159431,1289,386.7726230621338,5,0.4647674813159431,1289
zeroclaw,hle_370,0,0.3684884520651037,2368,264.81598472595215,3,0.36848845206510344,2368
zeroclaw,hle_371,0,0.0,0,2402.745708465576,3,nan,0
zeroclaw,hle_376,0,0.12171838384132304,13627,1025.0193915367126,3,0.12171838384132314,13627
zeroclaw,hle_380,0,0.312469339177889,779,609.1941576004028,14,0.31246933917788927,779
zeroclaw,hle_382,0,0.3692660601763502,1210,183.88481259346008,3,0.3692660601763501,1210
zeroclaw,hle_383,0,0.23225431130155677,2473,608.8358497619629,13,0.23225431130155696,2473
zeroclaw,hle_385,1,0.33052369792333136,840,188.05292463302612,3,0.3305236979233313,840
zeroclaw,hle_388,1,0.2762014290775887,715,163.52479076385498,5,0.2762014290775887,715
zeroclaw,hle_389,0,0.3923804074877133,1799,225.40253043174744,5,0.3923804074877128,1799
zeroclaw,hle_39,0,0.39091069719984184,1163,295.69229912757874,3,0.3909106971998416,1163
zeroclaw,hle_392,0,0.3680875197091609,1387,137.61651158332825,3,0.36808751970916076,1387
zeroclaw,hle_402,0,0.3605309997338904,1725,617.6511075496674,10,0.36053099973389013,1725
zeroclaw,hle_403,0,0.25857093177845125,1221,608.9749596118927,7,0.25857093177845086,1221
zeroclaw,hle_41,0,0.3783112674368694,985,164.30762696266174,3,0.378311267436869,985
zeroclaw,hle_410,1,0.5434041973592958,1389,206.89400720596313,3,0.5434041973592952,1389
zeroclaw,hle_417,1,0.21020012601670843,2023,295.21190571784973,3,0.21020012601670815,2023
zeroclaw,hle_420,0,0.39879562449219236,1747,610.2511286735535,8,0.3987956244921925,1747
zeroclaw,hle_426,0,0.46751448880851915,958,173.82325339317322,3,0.4675144888085186,958
zeroclaw,hle_427,0,0.5667928558588652,1916,274.95392298698425,3,0.5667928558588643,1916
zeroclaw,hle_429,0,0.28242035958126893,1817,386.46147060394287,5,0.2824203595812693,1817
zeroclaw,hle_432,0,0.46010236329883847,1141,193.95609045028687,3,0.46010236329883847,1141
zeroclaw,hle_433,1,0.15607984585297233,6321,528.5984301567078,3,0.15607984585297227,6321
zeroclaw,hle_434,0,0.11527812794673817,1037,143.26902270317078,3,0.11527812794673795,1037
zeroclaw,hle_435,0,0.4333956962879742,2137,285.29747247695923,3,0.43339569628797436,2137
zeroclaw,hle_44,0,0.0,0,2403.081197500229,3,nan,0
zeroclaw,hle_441,0,0.383054728435801,1319,183.76721501350403,3,0.3830547284358009,1319
zeroclaw,hle_450,0,0.42227807087472785,587,609.222437620163,11,0.4222780708747282,587
zeroclaw,hle_451,0,0.33012917078611786,1021,143.18220829963684,3,0.3301291707861174,1021
zeroclaw,hle_452,0,0.4183857529009557,1519,386.41530895233154,5,0.4183857529009555,1519
zeroclaw,hle_454,1,0.34904004133044847,2860,610.1439938545227,7,0.3490400413304488,2860
zeroclaw,hle_456,0,0.2778543944035754,996,183.7076542377472,3,0.27785439440357546,996
zeroclaw,hle_46,0,0.5329744061232714,1061,164.31659269332886,3,0.5329744061232712,1061
zeroclaw,hle_460,0,0.5005858106232088,1245,193.87128448486328,3,0.5005858106232081,1245
zeroclaw,hle_461,0,0.47370106255738476,4042,457.1546633243561,3,0.47370106255738503,4042
zeroclaw,hle_463,0,0.37656447250340563,954,173.71243906021118,3,0.3765644725034055,954
zeroclaw,hle_467,0,0.25125056969292975,1983,288.2743923664093,3,0.2512505696929301,1983
zeroclaw,hle_470,0,0.0,0,2405.6938877105713,3,nan,0
zeroclaw,hle_473,0,0.3084212061558828,3617,386.55138874053955,3,0.3084212061558827,3617
zeroclaw,hle_476,0,0.3622268796300097,819,109.92996978759766,3,0.3622268796300096,819
zeroclaw,hle_48,0,0.3876198639526248,2162,558.5135383605957,7,0.387619863952625,2162
zeroclaw,hle_486,0,0.4919627258592278,2684,254.6999909877777,3,0.4919627258592283,2684
zeroclaw,hle_496,0,0.45589228063944354,1599,173.7099781036377,3,0.45589228063944304,1599
zeroclaw,hle_497,0,0.26388662842133853,4776,305.3298764228821,3,0.263886628421338,4776
zeroclaw,hle_498,0,0.3160312883578126,1305,345.93663263320923,6,0.31603128835781313,1305
zeroclaw,hle_499,0,0.23936926047725102,2417,325.72332882881165,7,0.23936926047725204,2417
zeroclaw,hle_50,0,0.2674711277743409,4144,609.0497090816498,4,0.26747112777434107,4144
zeroclaw,hle_508,0,0.0,0,2402.0930531024933,3,nan,0
zeroclaw,hle_52,0,0.18925389258155673,13741,2402.6804525852203,4,0.18925389258155687,13741
zeroclaw,hle_522,0,0.3173122155960857,2132,386.48073649406433,6,0.31731221559608536,2132
zeroclaw,hle_526,1,0.37765089930599094,948,113.14607548713684,3,0.3776508993059907,948
zeroclaw,hle_53,0,0.2029037872087714,1021,93.63663911819458,3,0.20290378720877117,1021
zeroclaw,hle_531,0,0.33219797391977773,374,609.0425317287445,7,0.33219797391977784,374
zeroclaw,hle_532,0,0.13582043189148604,4619,609.1375253200531,3,0.13582043189148632,4619
zeroclaw,hle_533,0,0.41292380979796983,919,113.28831243515015,3,0.4129238097979695,919
zeroclaw,hle_539,0,0.0834428221987073,309,609.1814045906067,7,0.08344282219870734,309
zeroclaw,hle_54,1,0.3437542536769725,1505,265.0407736301422,7,0.3437542536769726,1505
zeroclaw,hle_543,0,0.3749296845377097,1920,609.0509445667267,10,0.3749296845377097,1920
zeroclaw,hle_547,0,0.33125686397770354,714,609.1827433109283,14,0.3312568639777037,714
zeroclaw,hle_548,0,0.0,0,2402.706309080124,3,nan,0
zeroclaw,hle_556,1,0.41250310609269353,1573,427.00480484962463,8,0.4125031060926934,1573
zeroclaw,hle_568,0,0.3653126333338866,1566,173.7122564315796,3,0.3653126333338867,1566
zeroclaw,hle_582,0,0.10587598197001369,3420,549.8935282230377,4,0.10587598197001359,3420
zeroclaw,hle_583,0,0.134971278034071,3833,1208.1168682575226,4,0.13497127803407147,3833
zeroclaw,hle_59,0,0.37707192120632266,1611,275.22322702407837,5,0.37707192120632316,1611
zeroclaw,hle_591,1,0.24008197884718566,4391,325.5926775932312,3,0.24008197884718638,4391
zeroclaw,hle_592,0,0.28079748223365925,1782,467.20960235595703,5,0.2807974822336592,1782
zeroclaw,hle_593,0,0.355431830861845,1183,126.18523716926575,3,0.35543183086184454,1183
zeroclaw,hle_598,1,0.45950279633198615,1367,125.19641757011414,3,0.45950279633198654,1367
zeroclaw,hle_60,0,0.20199917310871612,1608,224.2706654071808,3,0.20199917310871637,1608
zeroclaw,hle_603,1,0.36079189156479496,1356,224.4186372756958,3,0.3607918915647948,1356
zeroclaw,hle_604,0,0.32991851583639287,1783,224.2845220565796,3,0.32991851583639253,1783
zeroclaw,hle_607,0,0.4134228927423653,934,143.4181911945343,3,0.41342289274236516,934
zeroclaw,hle_614,0,0.31566537531489847,1707,234.26873111724854,3,0.31566537531489874,1707
zeroclaw,hle_625,0,0.34040068139972945,1404,609.0723595619202,20,0.34040068139972957,1404
zeroclaw,hle_633,1,0.5190359434298547,1432,113.18294954299927,3,0.5190359434298553,1432
zeroclaw,hle_636,0,0.2937040179514337,1214,254.70795488357544,6,0.2937040179514339,1214
zeroclaw,hle_643,1,0.1879927374970273,6668,457.2365291118622,3,0.18799273749702755,6668
zeroclaw,hle_647,0,0.2892279841453215,2919,264.786128282547,3,0.28922798414532186,2919
zeroclaw,hle_653,0,0.3314107726052885,1246,123.16114354133606,3,0.33141077260528823,1246
zeroclaw,hle_654,0,0.4838246298177822,1084,315.5602283477783,3,0.4838246298177817,1084
zeroclaw,hle_655,0,0.28975972891219604,1308,264.9229996204376,8,0.2897597289121957,1308
zeroclaw,hle_660,0,0.09683384754991549,4035,1207.620971918106,4,0.0968338475499156,4035
zeroclaw,hle_661,0,0.2537095309732221,4292,497.6254708766937,3,0.253709530973222,4292
zeroclaw,hle_668,0,0.567509520666991,1409,143.19776034355164,3,0.5675095206669912,1409
zeroclaw,hle_677,1,0.3766311188323378,1310,315.70778489112854,5,0.3766311188323382,1310
zeroclaw,hle_678,0,0.31975959037559387,1293,113.16168475151062,3,0.31975959037559354,1293
zeroclaw,hle_68,0,0.49998039403301625,1420,578.6981582641602,10,0.49998039403301625,1420
zeroclaw,hle_681,0,0.42087581085117975,1397,123.15950322151184,3,0.42087581085117975,1397
zeroclaw,hle_687,1,0.26742720163471845,2635,238.05186772346497,3,0.26742720163471817,2635
zeroclaw,hle_688,0,0.3478392047632855,1528,611.0183157920837,12,0.34783920476328545,1528
zeroclaw,hle_690,0,0.2637186036326303,771,609.2995510101318,8,0.2637186036326299,771
zeroclaw,hle_692,0,0.33669296287867867,3126,305.406672000885,3,0.3366929628786789,3126
zeroclaw,hle_694,0,0.4554188987676622,1224,213.9578287601471,5,0.4554188987676623,1224
zeroclaw,hle_696,0,0.0,0,2401.8445093631744,3,nan,0
zeroclaw,hle_697,0,0.41292919129888034,1022,133.20212697982788,3,0.41292919129888145,1022
zeroclaw,hle_698,1,0.16814093650557024,2651,339.0031361579895,4,0.16814093650556972,2651
zeroclaw,hle_699,0,0.41969752619286915,2673,264.8787705898285,3,0.41969752619287,2673
zeroclaw,hle_70,0,0.33756111623053026,979,123.21713876724243,3,0.3375611162305303,979
zeroclaw,hle_700,0,0.24480264274778496,6759,528.458654165268,3,0.24480264274778524,6759
zeroclaw,hle_705,0,0.4053413114575381,350,608.8587777614594,5,0.4053413114575381,350
zeroclaw,hle_707,0,0.532988502758791,2160,315.2638828754425,5,0.5329885027587914,2160
zeroclaw,hle_708,0,0.3858766952073512,1754,183.8308093547821,3,0.38587669520735146,1754
zeroclaw,hle_711,0,0.1775434710395858,5762,1207.5995705127716,4,0.17754347103958612,5762
zeroclaw,hle_72,0,0.2753126970211451,2174,396.47891879081726,4,0.27531269702114497,2174
zeroclaw,hle_724,1,0.242444527662526,5237,396.39102721214294,3,0.2424445276625258,5237
zeroclaw,hle_728,0,0.3591590617702347,2097,175.6425859928131,3,0.35915906177023404,2097
zeroclaw,hle_747,0,0.12981786071740925,3281,609.0107307434082,4,0.12981786071740906,3281
zeroclaw,hle_75,1,0.5026398015801976,1926,183.78976440429688,3,0.5026398015801984,1926
zeroclaw,hle_752,0,0.2631660598206338,1416,122.95563459396362,3,0.2631660598206337,1416
zeroclaw,hle_773,1,0.27530006226689385,4139,407.38816142082214,3,0.27530006226689435,4139
zeroclaw,hle_779,0,0.23399948547602567,1907,214.2393982410431,3,0.2339994854760259,1907
zeroclaw,hle_787,1,0.34829081508292264,1845,305.19122433662415,7,0.34829081508292364,1845
zeroclaw,hle_790,0,0.35373618705207077,2917,295.5225067138672,3,0.3537361870520699,2917
zeroclaw,hle_791,0,0.0,0,2402.108996152878,3,nan,0
zeroclaw,hle_792,0,0.23194860302744358,4073,325.561439037323,3,0.23194860302744352,4073
zeroclaw,hle_800,0,0.327219814727567,2622,456.99299907684326,6,0.327219814727566,2622
zeroclaw,hle_801,0,0.25965244925786635,1141,143.31018829345703,3,0.2596524492578663,1141
zeroclaw,hle_805,0,0.39977389637196137,1289,157.07219290733337,3,0.39977389637196153,1289
zeroclaw,hle_807,0,0.4107827337740341,1617,173.81442141532898,3,0.4107827337740341,1617
zeroclaw,hle_808,0,0.5698598442501365,1589,234.32583832740784,3,0.5698598442501364,1589
zeroclaw,hle_810,0,0.0,0,2401.6592054367065,3,nan,0
zeroclaw,hle_812,0,0.5046079939973623,1326,1976.7733364105225,3,0.504607993997363,1326
zeroclaw,hle_814,0,0.329668810250977,1653,609.135048866272,10,0.3296688102509767,1653
zeroclaw,hle_819,0,0.18074683808291614,3424,396.6931948661804,5,0.18074683808291633,3424
zeroclaw,hle_822,1,0.3693375888427623,692,74.49195766448975,3,0.3693375888427625,692
zeroclaw,hle_825,0,0.4200985226257874,486,135.37836384773254,3,0.420098522625788,486
zeroclaw,hle_827,0,0.3305189411774325,1953,274.998113155365,3,0.3305189411774324,1953
zeroclaw,hle_829,1,0.14602722990829697,6884,457.39445328712463,3,0.1460272299082966,6884
zeroclaw,hle_830,0,0.0,0,2401.828782081604,3,nan,0
zeroclaw,hle_831,0,0.4388089310509053,2414,862.5964508056641,3,0.4388089310509047,2414
zeroclaw,hle_834,0,0.08279089348322052,3177,609.3110191822052,9,0.08279089348322066,3177
zeroclaw,hle_835,0,0.37433592413599004,1956,284.8763003349304,6,0.37433592413598904,1956
zeroclaw,hle_84,0,0.0,0,2402.5293617248535,3,nan,0
zeroclaw,hle_85,0,0.38641730475325226,2031,163.76102495193481,3,0.38641730475325337,2031
zeroclaw,hle_855,0,0.0,0,2402.1035618782043,3,nan,0
zeroclaw,hle_867,0,0.2508198795851671,4658,2402.573743581772,4,0.2508198795851666,4658
zeroclaw,hle_87,0,0.4607983644369028,1470,163.7429440021515,3,0.460798364436903,1470
zeroclaw,hle_875,0,0.27561094244711687,5945,589.23730301857,3,0.27561094244711665,5945
zeroclaw,hle_876,0,0.0,0,2402.0988914966583,3,nan,0
zeroclaw,hle_877,1,0.3746032578468609,1162,183.7177872657776,3,0.3746032578468608,1162
zeroclaw,hle_88,0,0.28138814536941287,2691,173.75933074951172,3,0.2813881453694122,2691
zeroclaw,hle_880,0,0.10391815889048127,4483,609.3542003631592,4,0.10391815889048155,4483
zeroclaw,hle_883,0,0.23006996768348076,2690,609.100932598114,7,0.2300699676834799,2690
zeroclaw,hle_885,0,0.306556737753321,3688,457.55453634262085,3,0.30655673775332076,3688
zeroclaw,hle_892,1,0.3926999662220307,2178,236.10369110107422,3,0.3926999662220309,2178
zeroclaw,hle_893,0,0.0,0,2401.6130821704865,3,nan,0
zeroclaw,hle_894,0,0.3640051156988481,1678,244.70688104629517,5,0.36400511569884814,1678
zeroclaw,hle_897,1,0.13745682643069385,13605,832.2389464378357,3,0.13745682643069423,13605
zeroclaw,hle_905,0,0.42309822914663625,1102,113.17056918144226,3,0.4230982291466365,1102
zeroclaw,hle_911,0,0.0,0,2411.6226930618286,3,nan,0
zeroclaw,hle_917,0,0.4070651419678025,419,609.1562135219574,5,0.40706514196780264,419
zeroclaw,hle_921,0,0.36549460210489515,1048,609.1373329162598,16,0.3654946021048949,1048
zeroclaw,hle_923,0,0.30035780930835426,1796,206.02218747138977,3,0.3003578093083543,1796
zeroclaw,hle_926,0,0.35469284072589796,1197,214.25966572761536,7,0.3546928407258978,1197
zeroclaw,hle_930,0,0.18520607137706258,2844,1206.5860035419464,5,0.1852060713770625,2844
zeroclaw,hle_931,1,0.23490420457226704,4252,386.2873294353485,3,0.23490420457226782,4252
zeroclaw,hle_934,1,0.3857689723993616,1779,183.72832918167114,3,0.38576897239936164,1779
zeroclaw,hle_935,0,0.38757037565563224,1149,153.5486204624176,3,0.3875703756556323,1149
zeroclaw,hle_936,0,0.2817642813236838,2566,609.1540479660034,17,0.28176428132368275,2566
zeroclaw,hle_937,0,0.38044641176083266,1307,194.19417357444763,4,0.3804464117608323,1307
zeroclaw,hle_938,0,0.30202215375530844,1950,609.990843296051,13,0.30202215375530816,1950
zeroclaw,hle_942,0,0.0,0,2419.860417366028,3,nan,0
zeroclaw,hle_945,1,0.3781710540062303,1371,183.71903228759766,3,0.3781710540062296,1371
zeroclaw,hle_948,0,0.24418801528404516,1593,274.90938663482666,3,0.24418801528404474,1593
zeroclaw,hle_95,0,0.4636973098561996,279,609.1228489875793,4,0.4636973098561996,279
zeroclaw,hle_966,1,0.39705103623661153,1109,406.50558066368103,9,0.3970510362366112,1109
zeroclaw,hle_967,0,0.39334129338439816,1364,335.52398920059204,5,0.3933412933843983,1364
zeroclaw,hle_969,0,0.1445562814066596,5313,507.6511342525482,3,0.14455628140665971,5313
zeroclaw,hle_970,0,0.2958797412290941,2262,234.26861310005188,3,0.29587974122909394,2262
zeroclaw,hle_971,0,0.2257349978270323,1018,113.1608304977417,3,0.2257349978270322,1018
zeroclaw,hle_978,1,0.3673249146907269,1295,133.19009375572205,3,0.3673249146907267,1295
zeroclaw,hle_98,0,0.31045895806826806,1788,179.81289792060852,3,0.3104589580682683,1788
zeroclaw,hle_980,0,0.25832761536702253,3896,316.84754848480225,3,0.2583276153670227,3896
zeroclaw,hle_981,1,0.3046251809663243,6329,569.102062702179,3,0.3046251809663243,6329
zeroclaw,hle_988,0,0.3013369626274165,1089,82.62563633918762,3,0.3013369626274167,1089
zeroclaw,hle_997,0,0.0,0,2402.092716217041,3,nan,0
zeroclaw,hle_999,1,0.19205677259890983,3236,274.9092490673065,3,0.19205677259891,3236
